geo,Country_Code,Year,log_prod,laglog_gfcf_pw,lag_Edu,zlog_prod,zlaglog_gfcf_pw,zlag_Edu,HTC_Spliced,Bartik_HTC_IV,lag_HTC,lag_Bartik,zlag_HTC,zlag_Bartik
AT11,AT,2000,11.041557221016326,NA,NA,0.417111939580197,NA,NA,NA,NA,NA,NA,NA,NA
AT11,AT,2001,11.053388847895974,9.489296815683208,11,0.4380862883215711,0.2615104396667278,-1.4468780039782685,NA,NA,NA,NA,NA,NA
AT11,AT,2002,11.076450120119503,9.545030903739088,11.2,0.47896783157477335,0.3490757373107288,-1.4266061856800714,NA,NA,NA,NA,NA,NA
AT11,AT,2003,11.057934960920123,9.484246444303619,11.6,0.4461453457070128,0.25357566781537777,-1.386062549083677,NA,NA,NA,NA,NA,NA
AT11,AT,2004,11.091011327343182,9.483277595410302,12.6,0.5047810051570312,0.2520534837324465,-1.2847034575926912,NA,NA,NA,NA,NA,NA
AT11,AT,2005,11.071630578021075,9.637316024242182,12.6,0.47042405667598536,0.4940673273204871,-1.2847034575926912,NA,NA,NA,NA,NA,NA
AT11,AT,2006,11.080918752567502,9.521381605201766,12.7,0.4868895363677614,0.3119196998168321,-1.2745675484435928,NA,NA,NA,NA,NA,NA
AT11,AT,2007,11.108233435310332,9.579398901942346,14.9,0.5353112527923726,0.4030722069233557,-1.0515775471634239,NA,NA,NA,NA,NA,NA
AT11,AT,2008,11.082139064563286,9.614270547261446,13.2,0.4890528271504416,0.4578599698206602,-1.2238880026980998,NA,NA,NA,NA,NA,NA
AT11,AT,2010,11.115207861204448,9.514884795128772,15.1,0.5476750673769664,0.3017123899348105,-1.0313057288652268,2.526002971768202,NA,NA,NA,NA,NA
AT11,AT,2011,11.111838860573311,9.518240150628559,14.8,0.5417027192910975,0.3069840775731853,-1.0617134563125223,3.440538519072551,NA,2.526002971768202,NA,-0.5156555065695577,NA
AT11,AT,2012,11.119842783324755,9.561991184933897,14.8,0.5558915598280294,0.37572248300539896,-1.0617134563125223,3.052866716306775,NA,3.440538519072551,NA,-0.051044644331004245,NA
AT11,AT,2014,11.109412235014217,9.623637067061361,15.8,0.537400953248363,0.47257595644173245,-0.9603543648215366,2.3238380809595203,NA,3.052866716306775,NA,-0.24799328244516647,NA
AT11,AT,2015,11.131665045558881,9.648910464830724,25.7,0.5768493075268757,0.512283659130446,0.043100640939222896,2.6335590669676447,NA,2.3238380809595203,NA,-0.6183611963700726,NA
AT11,AT,2016,11.138263266017109,9.639353476072783,28.5,0.5885462092607702,0.4972684216992632,0.3269060971139833,3.0007501875468865,NA,2.6335590669676447,NA,-0.4610138578365807,NA
AT11,AT,2017,11.14133272750347,9.609008196363504,27.9,0.593987553576139,0.4495921513497909,0.2660906422193916,3.249630723781389,NA,3.0007501875468865,NA,-0.2744700065434087,NA
AT11,AT,2018,11.13739873971194,9.724164096789506,28,0.5870136325149734,0.6305166276981922,0.27622655136849034,3.741746148202494,NA,3.249630723781389,NA,-0.14803139967335313,NA
AT11,AT,2019,11.13931673495122,9.697017542556889,28.4,0.5904137313722282,0.5878659594212695,0.31677018796488454,2.785923753665689,NA,3.741746148202494,NA,0.10197765938959799,NA
AT11,AT,2020,11.092984631972412,9.734923266418344,30.7,0.5082791529508591,0.6474206432444203,0.549896098394152,2.4193548387096775,NA,2.785923753665689,NA,-0.3836081313231126,NA
AT11,AT,2021,11.114834233339758,9.73074374347407,33.1,0.5470127238790508,0.6408540843683104,0.7931579179725181,2.7716994894237783,NA,2.4193548387096775,NA,-0.5698358839234008,NA
AT11,AT,2022,11.139540539602326,9.881323839365706,31.4,0.5908104778932236,0.877434449741709,0.620847462437842,3.558718861209965,NA,2.7716994894237783,NA,-0.39083447445829506,NA
AT11,AT,2023,11.152789239195087,9.857319046937478,31.4,0.6142969221882413,0.8397198864074581,0.620847462437842,3.835227272727273,NA,3.558718861209965,NA,0.008994433233509937,NA
AT12,AT,2000,11.160273527855708,NA,NA,0.6275645887607053,NA,NA,3.7548741235179364,3.488670773750778,NA,NA,NA,NA
AT12,AT,2001,11.14666029101045,9.672557620575882,13,0.603431916221605,0.5494363300269839,-1.244159820996297,3.4680606910620932,3.5076309409994235,3.7548741235179364,3.488670773750778,0.10864705561889991,0.009173629865964218
AT12,AT,2002,11.152243959489038,9.640986696633425,13.3,0.6133302853231164,0.49983441765433306,-1.2137520935490012,3.7327792628581005,3.747003052513573,3.4680606910620932,3.5076309409994235,-0.03706257431040214,0.01833097513083368
AT12,AT,2003,11.161313315373958,9.572450797637982,13.8,0.62940785733624,0.3921558567560547,-1.1630725478035082,3.7012562140509866,3.6474621744581843,3.7327792628581005,3.747003052513573,0.09742221882336441,0.1339424590998108
AT12,AT,2004,11.208166419493846,9.611843698129666,12.6,0.7124660331410295,0.4540470830582838,-1.2847034575926912,2.7101401426842844,2.758704334677925,3.7012562140509866,3.6474621744581843,0.08140758611736294,0.0858663964592462
AT12,AT,2005,11.216103762966268,9.664461644594898,17.3,0.7265368462053787,0.5367165283540336,-0.8083157275850578,3.2897529865892055,3.11894751240219,2.7101401426842844,2.758704334677925,-0.4221084268506127,-0.3433841628315112
AT12,AT,2006,11.227770129913148,9.635005931332758,17.1,0.7472182327448422,0.4904378793425068,-0.8285875458832549,3.224050432858622,3.033626759783285,3.2897529865892055,3.11894751240219,-0.12764811421982675,-0.16939460279899102
AT12,AT,2007,11.257428703609637,9.609065101469696,15.1,0.7997950486138385,0.4496815564649538,-1.0313057288652268,2.980501078869582,2.990966383473833,3.224050432858622,3.033626759783285,-0.16102693719725936,-0.2106026564909037
AT12,AT,2008,11.254539326087183,9.663268908726959,15,0.7946729455913302,0.534842589532571,-1.0414416380143252,3.5233160621761654,2.5785827458157926,2.980501078869582,2.990966383473833,-0.28475714723450074,-0.23120668333685995
AT12,AT,2009,11.223999738242494,9.74290453635751,16.1,0.7405343243866509,0.6599602272257633,-0.9299466373742408,3.8138925294888595,2.70419385383807,3.5233160621761654,2.5785827458157926,-0.00899122629961032,-0.4303789428477714
AT12,AT,2010,11.234267221220437,9.703836466879894,17.6,0.7587358592107365,0.5985793515083019,-0.777908000137762,3.4179181771103053,2.839285045484669,3.8138925294888595,2.70419385383807,0.1386301356281128,-0.36971153046801064
AT12,AT,2011,11.25202283291886,9.616744876658629,17.9,0.7902118680189377,0.46174745408193263,-0.7475002726904666,3.354324636936126,2.7373741465231993,3.4179181771103053,2.839285045484669,-0.06253644102954449,-0.3044654454558156
AT12,AT,2012,11.252194234809428,9.692337702779824,17.2,0.7905157182894279,0.5805133395561328,-0.8184516367341566,3.3252334058063693,2.7800345228326515,3.354324636936126,2.7373741465231993,-0.09484382330704798,-0.3536861762544892
AT12,AT,2013,11.242115434456847,9.670107788835823,17.2,0.7726486679133425,0.5455873346817858,-0.8184516367341566,3.4235158353635082,2.9885963625677525,3.3252334058063693,2.7800345228326515,-0.1096230213585802,-0.333082149408533
AT12,AT,2014,11.243900290870602,9.73574302906551,17.6,0.7758127468059729,0.6487085939887585,-0.777908000137762,4.240731335703402,3.166347930523804,3.4235158353635082,2.9885963625677525,-0.0596926665746278,-0.2323513514949685
AT12,AT,2015,11.247656987355347,9.686236234063564,29.1,0.7824723772175832,0.5709271609203729,0.3877215520085749,4.310128172907766,3.1142074705900282,4.240731335703402,3.166347930523804,0.35547675944361823,-0.14650123963681727
AT12,AT,2016,11.260480898741358,9.714939058701775,30.3,0.8052057842439114,0.6160229267315683,0.5093524617977578,4.694718441753029,3.4341602929109225,4.310128172907766,3.1142074705900282,0.3907323867018313,-0.17168393911520854
AT12,AT,2017,11.273276118029834,9.70255424810773,30.2,0.8278883277612779,0.5965648237328273,0.49921655264865905,4.943105346873853,3.455490481065648,4.694718441753029,3.4341602929109225,0.5861155152674068,-0.0171537377705354
AT12,AT,2018,11.277342077014584,9.708579184907963,32,0.8350961988834621,0.6060307610541631,0.6816629173324337,3.877675840978593,3.4934108155629398,4.943105346873853,3.455490481065648,0.7123033430638336,-0.006851724347557607
AT12,AT,2019,11.294834468990013,9.761626716444377,31.9,0.8661055886610058,0.6893751388002984,0.6715270081833349,3.2230496886827007,3.4483804183474067,3.877675840978593,3.4934108155629398,0.1710339272959431,0.011462966182181743
AT12,AT,2020,11.220035574559576,9.847362947867449,32.4,0.7335069094420138,0.8240775962247212,0.7222065539288278,2.9332681495966755,3.5787315681818446,3.2230496886827007,3.4483804183474067,-0.16153534456953206,-0.010285728821883253
AT12,AT,2021,11.243150709612253,9.752349724376373,33,0.7744839372616446,0.6747998115631976,0.7830220088234194,4.120811934458303,3.822843721508156,2.9332681495966755,3.5787315681818446,-0.3087528596594816,0.05267101987409443
AT12,AT,2022,11.26916781233078,9.817582795432292,33.9,0.8206053871019202,0.7772892122602492,0.8742451911653065,4.245055475156778,4.460379345243862,4.120811934458303,3.822843721508156,0.2945541888821541,0.1705718401592893
AT12,AT,2023,11.26455856598512,9.829845326226375,34.1,0.812434411016198,0.7965551982359407,0.894517009463504,4.898446833930705,4.38690869715536,4.245055475156778,4.460379345243862,0.3576735490225409,0.4784875746905258
AT13,AT,2000,11.369893206636592,NA,NA,0.9991649012560231,NA,NA,8.181914641301228,7.873700116893848,NA,NA,NA,NA
AT13,AT,2001,11.371657410973985,10.226233002856663,19.2,1.002292369473194,1.4193303453190775,-0.6157334537521849,7.829681851159118,7.853800285090411,8.181914641301228,7.873700116893848,2.3577133911976595,2.127046703723663
AT13,AT,2002,11.397049007584426,10.143411175003754,20,1.047304962231998,1.2892067843111559,-0.5346461805593962,9.229307819080756,8.278330030230432,7.829681851159118,7.853800285090411,2.178768810181657,2.1174355210717843
AT13,AT,2003,11.395820625338484,10.17998808738265,20.5,1.0451273650278103,1.3466737373210504,-0.4839666348139033,7.7627338659158,8.689593220834828,9.229307819080756,8.278330030230432,2.8898198236543293,2.3224740843118807
AT13,AT,2004,11.405175783634762,10.204705343645882,21.2,1.0617115892120965,1.3855076714021626,-0.41301527077021327,6.164887034494886,6.4541787815819,7.7627338659158,8.689593220834828,2.1447572714932868,2.5211051924507255
AT13,AT,2005,11.42059799249833,10.284747365036267,24.2,1.0890510912397675,1.5112638050640126,-0.10893799629725583,6.902242618978643,7.4359038172182,6.164887034494886,6.4541787815819,1.3330042496891432,1.441449007889587
AT13,AT,2006,11.429011520211734,10.224860302134276,23.3,1.1039660531635345,1.417173658962042,-0.20016117863914293,6.518543778743096,7.283338440058505,6.902242618978643,7.4359038172182,1.7076024978307238,1.9156006853823122
AT13,AT,2007,11.435768174504469,10.195939021228915,23.7,1.1159438162304631,1.3717346707402447,-0.15961754204274872,5.8239072161376395,7.3695710445400735,6.518543778743096,7.283338440058505,1.5126722411258484,1.841914951717902
AT13,AT,2008,11.435148763103724,10.209163964187471,22.6,1.1148457634549858,1.3925127278841936,-0.2711125426828329,5.662378994828273,6.188847690869386,5.8239072161376395,7.3695710445400735,1.1597765081542546,1.8835634098760476
AT13,AT,2009,11.410522462713178,10.159873769299146,24.1,1.0711898387157055,1.3150716009745798,-0.1190739054463542,6.651649662117398,6.168947859065948,5.662378994828273,6.188847690869386,1.0777154374833409,1.3132999058645256
AT13,AT,2010,11.417560123404023,10.099149876127779,26,1.0836657518893325,1.2196666887362728,0.07350836838651871,6.758169934640524,6.268447018083141,6.651649662117398,6.168947859065948,1.5802939310927868,1.3036887232126466
AT13,AT,2011,11.41397901620032,10.08740483860515,27.3,1.0773173948852839,1.201213750106006,0.20527518732480035,6.177956223287139,6.228647354476262,6.758169934640524,6.268447018083141,1.6344093515471707,1.3517446364720447
AT13,AT,2012,11.39087762234338,10.16434743186131,26.6,1.0363647265755025,1.3221002903723853,0.13432382328111034,5.7950620442625045,6.500611722456591,6.177956223287139,6.228647354476262,1.339643780641685,1.3325222711682845
AT13,AT,2013,11.383481988949397,10.13220278579021,27.5,1.0232542223695604,1.2715969880118099,0.22554700562299745,6.917368884417054,6.4873451679209655,5.7950620442625045,6.500611722456591,1.1451223154158439,1.463875100743973
AT13,AT,2014,11.373071455222147,10.1030048155744,30.6,1.0047990963585491,1.2257232859071907,0.5397601892450536,7.458912768647282,7.163939449237875,6.917368884417054,6.4873451679209655,1.715287084010566,1.45746764564272
AT13,AT,2015,11.374812162840595,10.106892500994316,39.1,1.0078849111004662,1.2318313311415534,1.4013124669184331,6.263982102908278,7.6481686897882115,7.458912768647282,7.163939449237875,1.9904072493599059,1.7842478558066255
AT13,AT,2016,11.387352999275905,10.074801276109604,39.3,1.0301165010228281,1.18141196021773,1.4215842852166298,6.495231196426415,8.537027843675133,6.263982102908278,7.6481686897882115,1.3833474488297803,2.018119967002361
AT13,AT,2017,11.372063781847842,10.068515806400509,39.9,1.0030127576762138,1.1715366927627855,1.4823997401112214,6.813317479191438,8.55029439821076,6.495231196426415,8.537027843675133,1.5008287660383177,2.4474194587863156
AT13,AT,2018,11.379553746665025,10.097367325736256,42.1,1.0162904865747167,1.2168660767402062,1.7053897413913905,6.999306999307,7.8604335623582235,6.813317479191438,8.55029439821076,1.6624259205035796,2.453826913887569
AT13,AT,2019,11.376856840767298,10.141152657701475,42.3,1.0115095848950928,1.285658368131638,1.7256615596895872,6.645279560036664,7.5553028080388325,6.999306999307,7.8604335623582235,1.756914047906536,2.1206392486224104
AT13,AT,2020,11.336040345606735,10.166868758002074,42.9,0.9391527220049283,1.3260616124586504,1.7864770145841788,7.212043412300151,7.508869867164143,6.645279560036664,7.5553028080388325,1.5770577325338555,1.9732677812935902
AT13,AT,2021,11.374613849172716,10.127733969046545,42.7,1.0075333533584436,1.2645759120074247,1.7662051962859822,7.8732927809021,8.384462466515439,7.212043412300151,7.508869867164143,1.8649903808184947,1.9508416884392046
AT13,AT,2022,11.361186711051031,10.168211428982687,44.5,0.9837305846920941,1.3281711182953193,1.9486515609697563,8.565780803865582,9.64478514739988,7.8732927809021,8.384462466515439,2.2009244406879134,2.373733725121906
AT13,AT,2023,11.352937932244174,10.116334569848945,45.6,0.9691076790557533,1.2466660148776854,2.060146561609841,8.203463203463203,9.96981573352271,8.565780803865582,9.64478514739988,2.552728652549635,2.982441959740946
AT21,AT,2000,11.137631051105949,NA,NA,0.5874254592437979,NA,NA,4.1836969341809525,4.083765693825921,NA,NA,NA,NA
AT21,AT,2001,11.13921146699746,9.73532128074067,11.3,0.5902271191002292,0.6480459740575161,-1.4164702765309727,4.631331602584752,4.015743421709844,4.1836969341809525,4.083765693825921,0.3265016118436019,0.29659143462648374
AT21,AT,2002,11.155886950767538,9.789676344772923,12.8,0.619788346443053,0.7334446506389081,-1.264431639294494,4.399912235793169,4.326702379954768,4.631331602584752,4.015743421709844,0.553913143159121,0.2637381679174406
AT21,AT,2003,11.159526004799863,9.669311397121303,14.8,0.6262394278656749,0.5443361026269397,-1.0617134563125223,3.606322574044708,4.295120610758017,4.399912235793169,4.326702379954768,0.43634532213711746,0.413924530015925
AT21,AT,2004,11.177551783674238,9.63677467526374,14.4,0.658194371703228,0.4932167996437997,-1.1022570929089168,3.311595562584484,3.1776118545653214,3.606322574044708,4.295120610758017,0.033178514575233846,0.39867122761529733
AT21,AT,2005,11.174741373944887,9.72285339277453,16.7,0.6532122577159319,0.6284573460054603,-0.8691311824796495,3.9367784697184893,3.636762191348842,3.311595562584484,3.1776118545653214,-0.11655144542812125,-0.14106101117613168
AT21,AT,2006,11.190995402488127,9.758128829901151,16,0.6820263562829356,0.6838795168754288,-0.9400825465233394,3.5282738310066555,3.578457386677919,3.9367784697184893,3.636762191348842,0.20105979494028742,0.08069853910991201
AT21,AT,2007,11.225631929527639,9.774541604987833,15.9,0.7434277683378078,0.7096660612643562,-0.950218455672438,4.058650696977249,3.452130309890918,3.5282738310066555,3.578457386677919,-0.006472534426010748,0.05253859621644611
AT21,AT,2008,11.223263508095407,9.828137868640818,16,0.7392291828354515,0.7938725665304776,-0.9400825465233394,3.6575875486381326,3.0755784463912055,4.058650696977249,3.452130309890918,0.26297445835225186,-0.008474613386063352
AT21,AT,2009,11.175283865518436,9.795890070685163,16.2,0.654173951958712,0.7432071995199081,-0.9198107282251423,3.4523342487249904,3.2650690615717064,3.6575875486381326,3.0755784463912055,0.05922262419863174,-0.19034091123969699
AT21,AT,2010,11.192594524819869,9.578369498131353,17.2,0.6848611777159683,0.40145488341004987,-0.8184516367341566,3.4847298355520753,3.3355207005490723,3.4523342487249904,3.2650690615717064,-0.04505206794542063,-0.0988210968359328
AT21,AT,2011,11.21330832073817,9.602292421774223,16.6,0.7215812656436422,0.4390408205335257,-0.8792670916287478,3.916960438699569,3.197046789455629,3.4847298355520753,3.3355207005490723,-0.028594160351975408,-0.06479449917299474
AT21,AT,2012,11.209993880319052,9.74652142570068,16.3,0.7157056383997961,0.6656428175924068,-0.9096748190760436,3.8147138964577665,3.24320475982011,3.916960438699569,3.197046789455629,0.1909916543341501,-0.13167436354497636
AT21,AT,2013,11.197352716940879,9.728957403051133,17.2,0.6932961953124229,0.6380475177537969,-0.8184516367341566,3.699376947040498,3.4812827122263803,3.8147138964577665,3.24320475982011,0.1390474141218389,-0.10938107542098263
AT21,AT,2014,11.212626498123502,9.716086831291115,17.3,0.7203725742738692,0.6178262225585742,-0.8083157275850578,3.1739811912225706,3.860263942587382,3.699376947040498,3.4812827122263803,0.08045286339642206,0.005605358060669814
AT21,AT,2015,11.207758078177427,9.700016595764176,28.8,0.7117421518639067,0.5925778511181955,0.3573138245612791,3.2182103610675035,3.8262528065293435,3.1739811912225706,3.860263942587382,-0.18646357943246233,0.1886449868681982
AT21,AT,2016,11.205921914490924,9.723831200737553,28.3,0.708487118731209,0.6299936059194104,0.30663427881578614,3.8699690402476783,4.190657835722614,3.2182103610675035,3.8262528065293435,-0.1639938648343582,0.17221835351367643
AT21,AT,2017,11.223867715819072,9.693456711985084,29.4,0.7403002835080209,0.5822714444707894,0.41812927945587036,4.216634429400387,4.258680107838691,3.8699690402476783,4.190657835722614,0.16711864664529458,0.3482179965978379
AT21,AT,2018,11.241645979440703,9.742097369494747,29.7,0.7718164481918145,0.6586920660509469,0.44853700690316617,4.311331552842426,4.076477593242055,4.216634429400387,4.258680107838691,0.34323482478320466,0.38107126330688146
AT21,AT,2019,11.24931763016555,9.792832834482557,30.6,0.7854162582062544,0.7384038949824624,0.5397601892450536,4.666160849772382,3.8772695106164012,4.311331552842426,4.076477593242055,0.39134373897861374,0.2930714417648004
AT21,AT,2020,11.221264831014306,9.818252953392971,30.8,0.73568605638743,0.7783421151306881,0.5600320075432507,4.552590266875981,3.9695854513453632,4.666160849772382,3.8772695106164012,0.5716074215441023,0.19685830354545897
AT21,AT,2021,11.2443306507521,9.90043813160531,32.1,0.7765756611820486,0.9074654190748243,0.6917988264815323,5.283605283605284,4.406871486377288,4.552590266875981,3.9695854513453632,0.513910236781888,0.24144487979344667
AT21,AT,2022,11.29831180699986,9.974027524212644,33.6,0.8722699902984209,1.0230836572460813,0.843837463718011,6.583427922814983,5.004495734254252,5.283605283605284,4.406871486377288,0.8852872906679122,0.45264445149444094
AT21,AT,2023,11.327234470572112,10.036016425318774,33.3,0.9235422319321847,1.1204760568586933,0.8134297362707149,5.563966691900076,5.1356815447638295,6.583427922814983,5.004495734254252,1.5456352880098179,0.7412838661524662
AT22,AT,2000,11.124182241293335,NA,NA,0.5635842723947265,NA,NA,3.124582938063823,3.326799228366454,NA,NA,NA,NA
AT22,AT,2001,11.131706741343393,9.761534324673807,11.6,0.5769232231374928,0.6892299796495518,-1.386062549083677,2.7854426922675795,3.32889023982363,3.124582938063823,3.326799228366454,-0.21155933985513106,-0.06900677910422247
AT22,AT,2002,11.135684243450019,9.757240363357129,13.1,0.5839742835835773,0.6824836236243167,-1.2340239118471983,3.2715639200891715,3.527536328255316,2.7854426922675795,3.32889023982363,-0.3838525246128257,-0.06799686639538136
AT22,AT,2003,11.150541218392048,9.704108389358577,14.2,0.6103117751936287,0.5990065760958493,-1.122528911207114,4.113673115345595,3.3142531596233997,3.2715639200891715,3.527536328255316,-0.1368886931068963,0.027944840944499463
AT22,AT,2004,11.170619346898594,9.660281348021403,14.9,0.6459049927328683,0.5301487540086234,-1.0515775471634239,2.7132077108224735,2.546851954839938,4.113673115345595,3.3142531596233997,0.29092745954058064,-0.0750662553572678
AT22,AT,2005,11.166259558888976,9.732321756432802,15.9,0.6381762403742659,0.6433333422020234,-0.950218455672438,2.8299799500208396,2.952508177532013,2.7132077108224735,2.546851954839938,-0.420550012328771,-0.44570421950186123
AT22,AT,2006,11.192622742147503,9.614949921400315,16.6,0.6849111995833207,0.45892735247204697,-0.8792670916287478,2.686557342750556,2.893959856731095,2.8299799500208396,2.952508177532013,-0.361226292327514,-0.24978115398673562
AT22,AT,2007,11.219459070420557,9.622195401198697,16.3,0.7324849199062017,0.47031091713148426,-0.9096748190760436,3.0100193651595526,2.766408157843381,2.686557342750556,2.893959856731095,-0.434089180407437,-0.27805870983427944
AT22,AT,2008,11.209554230170374,9.664820461815614,15.9,0.7149262548343429,0.53728027556562,-0.950218455672438,2.8660760812923396,2.4987586913248983,3.0100193651595526,2.766408157843381,-0.2697609926449802,-0.3396633850735715
AT22,AT,2009,11.173722584951483,9.73614182410748,15.6,0.6514062139774931,0.6493351514111046,-0.9806261831197338,3.164000703111267,2.61794634438391,2.8660760812923396,2.4987586913248983,-0.34288839969670243,-0.46893221180520084
AT22,AT,2010,11.177280289846825,9.667415269230226,16.6,0.6577130848713153,0.5413570460218179,-0.8792670916287478,3.2432432432432434,2.6681306193561256,3.164000703111267,2.61794634438391,-0.1915339599120646,-0.4113671874012721
AT22,AT,2011,11.195608743638768,9.690917765484233,15.5,0.6902045913761098,0.5782824385714507,-0.9907620922688324,2.542955326460481,2.6514025276987203,3.2432432432432434,2.6681306193561256,-0.15127642699799587,-0.3871292823890916
AT22,AT,2012,11.211429630745156,9.722436883299045,16.8,0.718250844604235,0.627802956968793,-0.8589952733305507,2.6365672927795973,2.676494665184828,2.542955326460481,2.6514025276987203,-0.5070432135277297,-0.3952085840598185
AT22,AT,2013,11.190173935213874,9.726940366851185,17.9,0.6805701118234816,0.6348784989115022,-0.7475002726904666,3.0401923737547234,2.824956478644299,2.6365672927795973,2.676494665184828,-0.459485590955737,-0.38308963155372827
AT22,AT,2014,11.195913017149762,9.75704568417356,17.5,0.6907439879271718,0.6821777580176672,-0.7880439092868607,3.1540847983453983,3.1093340368201865,3.0401923737547234,2.824956478644299,-0.25443221993510073,-0.3113858292260275
AT22,AT,2015,11.192720200812888,9.722403390687951,25.7,0.6850839680501128,0.627750335842987,0.043100640939222896,3.7709976002742547,3.004783463961404,3.1540847983453983,3.1093340368201865,-0.19657153015930673,-0.1740377008236715
AT22,AT,2016,11.205921914490924,9.736643811317839,26.7,0.708487118731209,0.650123836774439,0.1444597324302087,4.0861308918277395,3.312162148166225,3.7709976002742547,3.004783463961404,0.1168382543755988,-0.22453333626571426
AT22,AT,2017,11.223867715819072,9.80622732856346,27.4,0.7403002835080209,0.7594483383724612,0.21541109647389872,3.881048387096774,3.41043968665348,4.0861308918277395,3.312162148166225,0.2769352027559035,-0.07607616806610826
AT22,AT,2018,11.212400411344241,9.844479351373796,27.8,0.7199717821425533,0.8195471016197178,0.25595473307029326,3.8161606105856976,3.2640688846511847,3.881048387096774,3.41043968665348,0.17274727957024888,-0.028610270750588182
AT22,AT,2019,11.228264220967716,9.8536981210562,28.7,0.7480941256540693,0.8340309541291877,0.34717791541218035,3.4454604833442195,3.1532452774208757,3.8161606105856976,3.2640688846511847,0.13978238730070766,-0.09930416036944807
AT22,AT,2020,11.176030989190158,9.892212956490676,30.1,0.6554984048512043,0.894542629230936,0.4890806434995607,3.7892637527006814,3.182519437821334,3.4454604833442195,3.1532452774208757,-0.048544142222685084,-0.15282953393801327
AT22,AT,2021,11.194773683230148,9.829352655880973,31.1,0.6887242498804992,0.7957811508451907,0.5904397349905465,3.5547396528704938,3.632086901114098,3.7892637527006814,3.182519437821334,0.1261179951725945,-0.13869075601424166
AT22,AT,2022,11.224367487575414,9.974354386222116,30.2,0.7411862468007475,1.023597198781365,0.49921655264865905,4.781199351701783,4.05447121546358,3.5547396528704938,3.632086901114098,0.006972878770068951,0.07844047638654221
AT22,AT,2023,11.211859333984268,9.954847148078937,32.2,0.719012594926833,0.9929488617617077,0.701934735630631,4.69551282051282,4.115110547721672,4.781199351701783,4.05447121546358,0.6300503521984573,0.28244284357239535
AT31,AT,2000,11.182414653732922,NA,NA,0.6668149556290338,NA,NA,3.193874329017998,3.490227074489971,NA,NA,NA,NA
AT31,AT,2001,11.206083711481252,9.763847377403739,13.3,0.7087739420510253,0.6928640778796986,-1.2137520935490012,3.558883487533322,3.3852746288719118,3.193874329017998,3.490227074489971,-0.17635728238254794,0.009925289016322185
AT31,AT,2002,11.215869655369248,9.751246452871062,13.5,0.7261218352831403,0.6730664325645521,-1.193480275250804,3.7629513343799053,3.63314104299116,3.558883487533322,3.3852746288719118,0.009078068230823615,-0.04076444216132161
AT31,AT,2003,11.223617198710112,9.745938398749757,14.8,0.7398561828562301,0.6647268085524672,-1.0617134563125223,3.3118576468783547,3.6152767969285113,3.7629513343799053,3.63314104299116,0.11275051547250918,0.07894960381141257
AT31,AT,2004,11.23787157390776,9.774185876641981,14.5,0.7651254243161815,0.7091071670656441,-1.0921211837598181,2.5247524752475243,2.7108993400069266,3.3118576468783547,3.6152767969285113,-0.11641829892538182,0.07032156446202618
AT31,AT,2005,11.258933465165233,9.76564097495678,15.5,0.8024625933192904,0.6956820463629744,-0.9907620922688324,2.84551597051597,3.1128448764165193,2.5247524752475243,2.7108993400069266,-0.5162907954529815,-0.3664729276006539
AT31,AT,2006,11.27379052025661,9.711278433054806,15.4,0.8288002270129594,0.6102716211029786,-1.000898001417931,2.9543071161048684,3.003426369282797,2.84551597051597,3.1128448764165193,-0.35333353856930905,-0.172342042239463
AT31,AT,2007,11.29113152714476,9.731196304846037,15.9,0.8595412510241451,0.6415651154916459,-0.950218455672438,2.640752625437573,2.972163938673162,2.9543071161048684,3.003426369282797,-0.29806444804028126,-0.22518878325445382
AT31,AT,2008,11.297587579655696,9.7642417644643,16.4,0.8709861265458645,0.693483709806041,-0.8995389099269453,2.6619217081850532,2.619345078935852,2.640752625437573,2.972163938673162,-0.4573593192971789,-0.24028785211587977
AT31,AT,2009,11.25328440778767,9.779365675493258,16.6,0.792448306974538,0.7172452858358542,-0.8792670916287478,2.146229789669481,2.8627454315394396,2.6619217081850532,2.619345078935852,-0.44660480481483145,-0.4106916292662588
AT31,AT,2010,11.265833687188271,9.719114760927747,16.4,0.8146948640438739,0.6225834827762518,-0.8995389099269453,2.282716574507302,2.9051730159382303,2.146229789669481,2.8627454315394396,-0.7085914138834438,-0.2931345931308706
AT31,AT,2011,11.296046447833378,9.664965298217144,17.3,0.8682541069659259,0.5375078318610947,-0.8083157275850578,2.3360540388404165,2.791288447288845,2.282716574507302,2.9051730159382303,-0.6392521268818806,-0.272642999676078
AT31,AT,2012,11.290036587992589,9.691943388534781,16.9,0.8576002131717996,0.5798938220321752,-0.8488593641814524,2.595590287468602,2.784589355015352,2.3360540388404165,2.791288447288845,-0.6121551317279246,-0.32764675052841585
AT31,AT,2013,11.296686524731845,9.771020930653561,17.2,0.8693887942093882,0.7041346368391638,-0.8184516367341566,2.7230833682446587,2.976630000188824,2.595590287468602,2.784589355015352,-0.4803031106526062,-0.33088226528443543
AT31,AT,2014,11.294791898166991,9.775773717177026,17.2,0.8660301218382822,0.7116018652640431,-0.8184516367341566,2.7881297446514837,3.27808915249602,2.7230833682446587,2.976630000188824,-0.41553288891173323,-0.23813084227853318
AT31,AT,2015,11.300969103046583,9.7674827402231,26.7,0.8769806741764684,0.6985756924126598,0.1444597324302087,2.793065492570171,3.2468267218863835,2.7881297446514837,3.27808915249602,-0.38248742324673257,-0.09253267825763944
AT31,AT,2016,11.303777704494683,9.77599184352953,27.5,0.8819595825588239,0.7119445693370308,0.22554700562299745,3.3459255261737724,3.5214895050996065,2.793065492570171,3.2468267218863835,-0.37997991864174185,-0.10763174711906603
AT31,AT,2017,11.316813828328517,9.826880545344347,29.1,0.905069186192192,0.7918971526943374,0.3877215520085749,3.135558859305312,3.639840135264653,3.3459255261737724,3.5214895050996065,-0.09911081774464707,0.025024357877748347
AT31,AT,2018,11.329179358843396,9.87808953983952,29.2,0.9269900050304971,0.8723529563404646,0.39785746115767323,3.0339481422079655,3.492460105247803,3.135558859305312,3.639840135264653,-0.20598325017015176,0.08218511856743235
AT31,AT,2019,11.338369407781451,9.911964175477433,29,0.9432815339417616,0.9255742909973071,0.37758564285947616,3.2223983095615423,3.293720367800837,3.0339481422079655,3.492460105247803,-0.2576044725736205,0.011003793934995804
AT31,AT,2020,11.288946441864269,9.962118275825892,31.8,0.8556676720845069,1.0043727225904944,0.6613910990342365,3.4367477935276813,3.3339149214417967,3.2223983095615423,3.293720367800837,-0.16186626425441214,-0.08498314382692669
AT31,AT,2021,11.314894614471093,9.927977872314417,31.1,0.9016669270469075,0.9507338330087484,0.5904397349905465,3.434557750961411,3.7760550114923492,3.4367477935276813,3.3339149214417967,-0.052970444010527695,-0.06557005529080734
AT31,AT,2022,11.330758400027136,10.00695080095886,30.5,0.929789227893224,1.074810286823436,0.5296242800959549,3.6516129032258067,4.356643008528429,3.434557750961411,3.7760550114923492,-0.05408304982235549,0.14797391860650294
AT31,AT,2023,11.305791153818472,9.984213600499018,32.4,0.8855288962905535,1.0390872707069587,0.7222065539288278,3.6461676723584544,4.414701808232037,3.6516129032258067,4.356643008528429,0.056187329217728614,0.428385197461557
AT32,AT,2000,11.200498329166216,NA,NA,0.6988725347702569,NA,NA,2.4877279102384295,3.0633266792433442,NA,NA,NA,NA
AT32,AT,2001,11.20957411642102,9.879219309236712,15.5,0.7149615079031266,0.8741279668768351,-0.9907620922688324,2.995130295149495,2.9990236119239504,2.4877279102384295,3.0633266792433442,-0.5351003596340425,-0.19625824627194813
AT32,AT,2002,11.226091209440787,9.897763524642274,15.7,0.7442419502898133,0.9032632734406465,-0.9704902739706353,2.9292999617084976,3.2276567401706835,2.995130295149495,2.9990236119239504,-0.27732507659523575,-0.22731521857138295
AT32,AT,2003,11.238604989675604,9.844791748757203,15.2,0.7664255767164938,0.8200379173989915,-1.021169819716128,3.428093645484951,3.1258435502483097,2.9292999617084976,3.2276567401706835,-0.31076881541066614,-0.11689042817339278
AT32,AT,2004,11.265138700248102,9.847373173443724,16.5,0.8134628358027792,0.8240936618976582,-0.8894030007778465,2.037702953034761,2.379213490817571,3.428093645484951,3.1258435502483097,-0.057367004861469666,-0.16606396764749798
AT32,AT,2005,11.268207101950564,9.956509737854956,19.3,0.818902301401274,0.9955610004666788,-0.6055975446030862,2.67386132469055,2.7114460053011054,2.037702953034761,2.379213490817571,-0.7637262277170932,-0.526669923790935
AT32,AT,2006,11.291621601899681,9.954092946894386,18.9,0.8604100240951374,0.9917639163627194,-0.6461411811994807,2.2257964096710596,2.6775082753269808,2.67386132469055,2.7114460053011054,-0.4405391296907015,-0.3662089002438555
AT32,AT,2007,11.31954252897754,9.96700227363535,17.8,0.9099064515662265,1.012046100531998,-0.7576361818395649,2.37656595431098,2.6042742264354493,2.2257964096710596,2.6775082753269808,-0.6681692388971299,-0.3826000800685572
AT32,AT,2008,11.297587579655696,9.945929990596484,18.1,0.8709861265458645,0.9789388801449549,-0.7272284543922691,2.5316455696202533,2.3113380308693223,2.37656595431098,2.6042742264354493,-0.5915738913013565,-0.41797052074291335
AT32,AT,2009,11.264762295632355,9.977280438318884,17.8,0.812795569858811,1.028194396505646,-0.7576361818395649,2.436239055957366,2.443516558136965,2.5316455696202533,2.3113380308693223,-0.5127889014812871,-0.5594522834403384
AT32,AT,2010,11.299170107455863,9.884354911381068,19.4,0.8737915302584107,0.8821966470335982,-0.5954616354539878,2.4667931688804554,2.4953162512553657,2.436239055957366,2.443516558136965,-0.5612582067004717,-0.49561295149150025
AT32,AT,2011,11.312068152364644,9.86312079675644,19.5,0.8966563564357828,0.8488351687683018,-0.5853257263048891,2.3845007451564832,2.4149374171061226,2.4667931688804554,2.4953162512553657,-0.545735821822187,-0.4705948349169554
AT32,AT,2012,11.318796740167851,9.896520900498492,19.8,0.9085843650314729,0.9013109538314917,-0.5549179988575933,2.6937269372693726,2.429226987621544,2.3845007451564832,2.4149374171061226,-0.5875427849903133,-0.5094160502912494
AT32,AT,2013,11.292792944212714,9.91728465241046,20.5,0.8624865045672634,0.9339334328169685,-0.4839666348139033,2.8236156949028235,2.5917708522344562,2.6937269372693726,2.429226987621544,-0.4304468162575614,-0.5025145008913747
AT32,AT,2014,11.289689846283096,9.90293344880584,21.8,0.8569855317241801,0.9113858778282099,-0.35219981587562166,2.5411061285500742,2.8614864957130246,2.8236156949028235,2.5917708522344562,-0.36445952045801505,-0.42400937646780335
AT32,AT,2015,11.307130551990632,9.953066539202949,29.8,0.8879032954033894,0.9901513001319722,0.4586729160522649,2.8867505551443373,2.8204039804811893,2.5411061285500742,2.8614864957130246,-0.507982660264531,-0.2937426315451741
AT32,AT,2016,11.326519558330878,9.973516156896611,30.2,0.9222748813962316,1.0222802345509983,0.49921655264865905,3.187250996015936,3.102622998160751,2.8867505551443373,2.8204039804811893,-0.3323851610297986,-0.31358458606981315
AT32,AT,2017,11.335571705399074,10.03680116065824,31.5,0.9383219467235834,1.1217089752748544,0.6309833715869407,2.942231790455687,3.179429439681139,3.187250996015936,3.102622998160751,-0.17972212967148213,-0.17727898542229373
AT32,AT,2018,11.341729437997685,10.025630246045225,31.2,0.9492379798518392,1.1041580563100801,0.6005756441396449,2.640845070422535,3.0651128755577712,2.942231790455687,3.179429439681139,-0.3041990673869148,-0.1401831573979685
AT32,AT,2019,11.353942581244421,10.084653582989514,32.3,0.9708886563218728,1.1968911797494897,0.712070644779729,2.76707530647986,2.9293619556612738,2.640845070422535,3.0651128755577712,-0.45731235453533936,-0.19539555259696412
AT32,AT,2020,11.322809722620104,10.114970869463734,32.8,0.915698322757045,1.24452346918808,0.762750190525222,2.801418439716312,2.9847340414085295,2.76707530647986,2.9293619556612738,-0.39318369492441624,-0.26096027189577065
AT32,AT,2021,11.346265494168462,10.016937644399128,32.5,0.9572792090931013,1.090500880298193,0.7323424630779265,2.8073916133617627,3.3419733042940503,2.801418439716312,2.9847340414085295,-0.3757363766741924,-0.23421676797125737
AT32,AT,2022,11.409929302612762,10.066577491802827,33.6,1.0701383225605594,1.1684913555087952,0.843837463718011,2.856159669649002,3.84210827233378,2.8073916133617627,3.3419733042940503,-0.37270182939399815,-0.06167803297439758
AT32,AT,2023,11.380743245324512,10.064876596971208,33.2,1.0183991534525065,1.1658190347193629,0.8032938271216169,3.8238306589279616,3.838535879704925,2.856159669649002,3.84210827233378,-0.34792622745255486,0.17987619602120647
AT33,AT,2000,11.169558645631387,NA,NA,0.6440246496054931,NA,NA,3.1305790608926496,3.0245713024092007,NA,NA,NA,NA
AT33,AT,2001,11.18666562562415,9.967842483969942,12.2,0.674350805757114,1.0133661771780607,-1.3252470941890857,3.1036293145226423,2.9963042808913585,3.1305790608926496,3.0245713024092007,-0.20851313371716193,-0.2149762439502508
AT33,AT,2002,11.205542541213399,9.958322329345982,13.4,0.7078145901341776,0.99840881082754,-1.2036161843999025,2.9671581551280797,3.220673764189237,3.1036293145226423,2.9963042808913585,-0.2222043947457641,-0.22862859586538847
AT33,AT,2003,11.20498837887662,9.929085341288786,15.5,0.7068322067114087,0.9524738067618841,-0.9907620922688324,3.2838299639104456,3.1376393884805727,2.9671581551280797,3.220673764189237,-0.2915357435641845,-0.12026305253898034
AT33,AT,2004,11.204810711646873,9.972024628204894,14.9,0.7065172496497542,1.019936854433181,-1.0515775471634239,3.5278075764821444,2.2913954317901477,3.2838299639104456,3.1376393884805727,-0.1306571833390628,-0.16036683628969858
AT33,AT,2005,11.23536599576132,9.883913997669783,16,0.7606836961940241,0.8815039158575659,-0.9400825465233394,3.2026363659016712,2.6765335999707593,3.5278075764821444,2.2913954317901477,-0.006709405389959881,-0.5690841217491442
AT33,AT,2006,11.252577603617416,9.966086747301802,14.7,0.7911953299064183,1.0106076929309316,-1.071849365461621,3.1689088191330343,2.612932801555612,3.2026363659016712,2.6765335999707593,-0.17190591083828283,-0.3830708269053878
AT33,AT,2007,11.260404896282683,9.953438821039976,14.9,0.8050710519632481,0.9907362019578358,-1.0515775471634239,2.6656647002088745,2.5775990246583085,3.1689088191330343,2.612932801555612,-0.18904049312057505,-0.4137886187144488
AT33,AT,2008,11.238278805215401,9.962150889012722,16.2,0.7658473378409862,1.0044239620296154,-0.9198107282251423,3.0556356298645144,2.215427811460945,2.6656647002088745,2.5775990246583085,-0.4447032551630267,-0.43085405860837117
AT33,AT,2009,11.222512749120915,9.99127787238047,16.7,0.7378982855115338,1.05018613482253,-0.8691311824796495,3.1241124680488492,2.3355626529117783,3.0556356298645144,2.215427811460945,-0.24658659320348827,-0.6057748175210775
AT33,AT,2010,11.222536881434946,9.885806167478288,17,0.7379410657289615,0.8844767538146272,-0.8387234550323537,2.80215114633456,2.4079968955512507,3.1241124680488492,2.3355626529117783,-0.21179835241178735,-0.5477523218817405
AT33,AT,2011,11.232135813876143,9.872895316392075,17.1,0.7549574370711707,0.8641921747062709,-0.8285875458832549,2.978364709187974,2.3143623867733956,2.80215114633456,2.4079968955512507,-0.37536414023715575,-0.5127681700991994
AT33,AT,2012,11.238324386945278,9.935755275862487,18.8,0.7659281422061336,0.9629531171190667,-0.6562770903485791,3.3940397350993385,2.3143623867733956,2.978364709187974,2.3143623867733956,-0.2858424856478164,-0.5579915858180944
AT33,AT,2013,11.239375706715727,9.938237930414095,19.5,0.7677918544181899,0.9668536812503186,-0.5853257263048891,3.339668748303014,2.4821978270355882,3.3940397350993385,2.3143623867733956,-0.07466738942660722,-0.5579915858180944
AT33,AT,2014,11.230422997927121,9.926968535533076,19.1,0.7519210668906366,0.9491480373356856,-0.6258693629012833,3.6472509526401744,2.713634065712928,3.339668748303014,2.4821978270355882,-0.10228944428348057,-0.4769307463219622
AT33,AT,2015,11.247656987355347,9.935498967687364,27,0.7824723772175832,0.9625504245762061,0.17486745987750454,3.821313240043057,2.6765335999707593,3.6472509526401744,2.713634065712928,0.05397133047540949,-0.3651521150167693
AT33,AT,2016,11.251591951324112,9.937223141391586,26.4,0.7894480287831002,0.9652593194171656,0.1140520049829129,3.8840117052407557,2.96627057052865,3.821313240043057,2.6765335999707593,0.1424000740839452,-0.3830708269053878
AT33,AT,2017,11.257076386815726,9.96915853752184,28.2,0.7991704840143875,1.0154338636695281,0.29649836966668747,3.507383966244726,3.054605012771909,3.8840117052407557,2.96627057052865,0.17425273203956038,-0.24313421977522287
AT33,AT,2018,11.263951736955,10.029153794990327,29,0.8113586634597911,1.1096939971122646,0.37758564285947616,3.2676348547717837,2.941536926700537,3.507383966244726,3.054605012771909,-0.01708519798807228,-0.2004706200404166
AT33,AT,2019,11.275921375683525,10.003261023914757,29.9,0.832577670748822,1.0690131806649397,0.46880882520136324,3.556701030927835,2.7931350637318615,3.2676348547717837,2.941536926700537,-0.1388847734454724,-0.2550800277009688
AT33,AT,2020,11.22494355987177,10.007992186841781,29.9,0.7422074707936037,1.076446435686387,0.46880882520136324,3.5704909425045943,2.8514357956124123,3.556701030927835,2.7931350637318615,0.007969316309411266,-0.32675487525544344
AT33,AT,2021,11.218044788481176,9.958216693709051,31.9,0.7299777716571114,0.9982428438885921,0.6715270081833349,3.7725823591923486,3.194173431516259,3.5704909425045943,2.8514357956124123,0.014974995560214028,-0.29859689943047135
AT33,AT,2022,11.278977155292404,10.008137085262607,31.4,0.8379947607099372,1.076674089422016,0.620847462437842,3.770739064856712,3.6817795526990507,3.7725823591923486,3.194173431516259,0.11764335835383798,-0.13306213245942236
AT33,AT,2023,11.27680361694522,10.028102951824927,31.9,0.8341416514325461,1.1080429896630504,0.6715270081833349,3.321678321678322,3.7595138618731183,3.770739064856712,3.6817795526990507,0.1167069108060483,0.1024409380767091
AT34,AT,2000,11.254565550436492,NA,NA,0.7947194344346242,NA,NA,2.781979924837068,2.0391644600975463,NA,NA,NA,NA
AT34,AT,2001,11.252206318216903,9.767134614477566,14.1,0.790537138978648,0.6980287428600872,-1.1326648203562126,2.3133553563001414,2.0309277888796107,2.781979924837068,2.0391644600975463,-0.38561171195810023,-0.6909061533795708
AT34,AT,2002,11.275688150580159,9.821974956236856,14.7,0.8321642242546909,0.7841898520942825,-1.071849365461621,1.7591931877646163,2.195661213238327,2.3133553563001414,2.0309277888796107,-0.6236867277361952,-0.6948842850693764
AT34,AT,2003,11.275916698112962,9.756292639787182,15.1,0.8325693786519477,0.6809946300948371,-1.0313057288652268,2.2908683054491075,2.1368278473959283,1.7591931877646163,2.195661213238327,-0.9052173513431017,-0.615321651273264
AT34,AT,2004,11.302410095045332,9.766564639724145,15.4,0.8795351723044708,0.6971332404723405,-1.000898001417931,2.1125415093481332,1.5837942084773786,2.2908683054491075,2.1368278473959283,-0.6351108086435983,-0.6437368776290183
AT34,AT,2005,11.31772959863167,9.772817378927224,16.2,0.906692605008617,0.7069570841648932,-0.9198107282251423,2.3407103337497768,1.825011008431214,2.1125415093481332,1.5837942084773786,-0.7257060476596492,-0.9108400053731108
AT34,AT,2006,11.332031140237559,9.777602697486437,15.9,0.9320454600498093,0.7144754245302852,-0.950218455672438,2.0934761441090552,1.7908876562426226,2.3407103337497768,1.825011008431214,-0.6097895974421863,-0.7943375773145174
AT34,AT,2007,11.351247458827292,9.76031299896842,16.2,0.9661109162821817,0.6873111225794356,-0.9198107282251423,2.3120284450611397,1.7438209635687039,2.0934761441090552,1.7908876562426226,-0.7353918119896748,-0.8108184086008551
AT34,AT,2008,11.350915320007855,9.808067129573429,16.2,0.9655221219007949,0.762338898327117,-0.9198107282251423,2.4022346368715084,1.549670856288787,2.3120284450611397,1.7438209635687039,-0.6243608375361738,-0.8335505896854585
AT34,AT,2009,11.321603651765146,9.804334260495127,16.2,0.9135602777547811,0.7564740891356598,-0.9198107282251423,2.6227678571428577,1.6296842338344502,2.4022346368715084,1.549670856288787,-0.5785334482347886,-0.9273208366594485
AT34,AT,2010,11.323462800024908,9.784564193373294,16.6,0.9168560564637287,0.7254128145665045,-0.8792670916287478,2.602436323366556,1.6649842533398895,2.6227678571428577,1.6296842338344502,-0.4664961087081513,-0.8886761288156222
AT34,AT,2011,11.347205143660931,9.72284523143378,15.5,0.958944959403704,0.6284445235074727,-0.9907620922688324,2.6129559063690797,1.609680889448034,2.602436323366556,1.6649842533398895,-0.47682512376533864,-0.8716269930021694
AT34,AT,2012,11.33920561179906,9.703757991195385,16.8,0.9447639027539841,0.5984560562878803,-0.8589952733305507,2.4704618689581093,1.6320375684681458,2.6129559063690797,1.609680889448034,-0.47148086728061395,-0.898337305776579
AT34,AT,2013,11.34966234070961,9.79111132960601,18.4,0.963300920621001,0.7356991932071468,-0.6968207269449737,2.354200107009096,1.7461742982023998,2.4704618689581093,1.6320375684681458,-0.543872014656465,-0.8875395197613921
AT34,AT,2014,11.35526683058864,9.862649363671864,19,0.9732362005648334,0.848094487798895,-0.636005272050382,2.4671916010498687,1.9097310552442688,2.354200107009096,1.7461742982023998,-0.6029363972534253,-0.8324139806312283
AT34,AT,2015,11.3975146134589,9.878031375579411,25.6,1.048130358442223,0.8722615729353291,0.03296473179012453,2.5906735751295336,1.8909043781747008,2.4671916010498687,1.9097310552442688,-0.5455334066024393,-0.7534196513622308
AT34,AT,2016,11.368240556909884,9.830136567609534,26.5,0.9962351898927502,0.7970127752645096,0.12418791413201162,2.402402402402402,2.0909378220388573,2.5906735751295336,1.8909043781747008,-0.48280094462523504,-0.7625125237960724
AT34,AT,2017,11.386516507014322,9.87341555830667,27.7,1.028633621230188,0.8650095405175264,0.24581882392119453,2.705410821643287,2.1274145088611442,2.402402402402402,2.0909378220388573,-0.578448218428039,-0.6659007541865068
AT34,AT,2018,11.424385159961755,9.9325214698793,28.1,1.0957647386466602,0.9578723991362613,0.28636246051758907,2.2806147744174514,2.0532844678997217,2.705410821643287,2.1274145088611442,-0.4245110605515524,-0.6482833138459392
AT34,AT,2019,11.37901201401528,9.911895875478198,27.6,1.0153301377033492,0.9254669830647525,0.23568291477209616,2.0659124446630592,1.9732710903540596,2.2806147744174514,2.0532844678997217,-0.6403199029293801,-0.6840864990541898
AT34,AT,2020,11.342590587367454,9.946858080057911,28.4,0.9507645701833015,0.9803970260080148,0.31677018796488454,2.117183653372723,2.0085711098594987,2.0659124446630592,1.9732710903540596,-0.7493949791752874,-0.7227312068980158
AT34,AT,2021,11.436820460975309,9.878275415797498,29.2,1.1178092421469263,0.8726449909669021,0.39785746115767323,2.9791459781529297,2.2239012288426787,2.117183653372723,2.0085711098594987,-0.723347702438124,-0.7056820710845633
AT34,AT,2022,11.512049560027194,9.950009168969853,28.6,1.2511705605069423,0.9853477850156842,0.337042006263082,3.2555879494655007,2.5498380756095687,2.9791459781529297,2.2239012288426787,-0.2854455781153338,-0.6016823426225016
AT34,AT,2023,11.371560444342176,10.089405736719902,29.9,1.002120473251946,1.2043574139764548,0.46880882520136324,3.3396946564885495,2.57807809121392,3.2555879494655007,2.5498380756095687,-0.14500495442493921,-0.44426198861162164
BE10,BE,2003,11.529324253350351,NA,37.3,1.2817940280863207,NA,1.218866102234658,6.285730724369335,5.919653709568597,NA,NA,NA,NA
BE10,BE,2004,11.57112884236157,10.374630659111821,38.6,1.3559025203359716,1.6524818221428574,1.3506329211729402,5.727742045627462,5.6284649848027755,6.285730724369335,5.919653709568597,1.394396385964379,1.183285112341423
BE10,BE,2005,11.572927359435564,10.428244556735894,40.4,1.3590908159702888,1.7367160326066575,1.5330792858567144,4.927907137292031,6.1256164661102765,5.727742045627462,5.6284649848027755,1.110921783021102,1.0426473397443392
BE10,BE,2006,11.600270614571736,10.456239531313232,41.5,1.407563183699951,1.7806996764933753,1.644574286496799,5.517711511236068,6.310272730595919,4.927907137292031,6.1256164661102765,0.704582207150521,1.2827606100320434
BE10,BE,2007,11.604080372363306,10.558399586864434,41,1.4143168777906612,1.9412060377475435,1.593894740751306,5.777768212530237,6.580154963305705,5.517711511236068,6.310272730595919,1.0042201157456854,1.3719455389960475
BE10,BE,2008,11.584143277738885,10.506730638593849,41,1.3789736760656564,1.8600275885778,1.593894740751306,6.382441977800202,6.019084005830097,5.777768212530237,6.580154963305705,1.1363365420293192,1.5022927428665152
BE10,BE,2009,11.582533910499395,10.491711610314928,40.4,1.3761206931177168,1.8364307966064521,1.5330792858567144,5.75682382133995,6.150474040175651,6.382441977800202,6.019084005830097,1.443528537226437,1.2313077663989636
BE10,BE,2010,11.602891255844439,10.437908662744059,42.4,1.4122088883472348,1.7518995647785605,1.735797468838686,7.127166219184769,6.459418174988169,5.75682382133995,6.150474040175651,1.125696177443532,1.2947662735464285
BE10,BE,2011,11.598819399341638,10.389184200685236,42.1,1.4049905624835712,1.6753472756579968,1.7053897413913905,6.37004619499149,6.448764928960151,7.127166219184769,6.459418174988169,1.821870279042284,1.4439795200823586
BE10,BE,2012,11.609446706452296,10.388482089919634,42.4,1.423829970435495,1.6742441708918918,1.735797468838686,7.003334921391138,6.530439815174955,6.37004619499149,6.448764928960151,1.437231116250453,1.4388342357190504
BE10,BE,2013,11.596368255322385,10.359161168148772,42.7,1.40064533168834,1.6281772963520622,1.7662051962859822,5.563654033041788,6.235700008399793,7.003334921391138,6.530439815174955,1.7589603503800237,1.478281415837745
BE10,BE,2014,11.613918121481408,10.373950258230295,41.5,1.4317566080096857,1.6514128263489665,1.644574286496799,6.3329452852153665,6.0830034819982055,5.563654033041788,6.235700008399793,1.027560263356662,1.3359285484528916
BE10,BE,2015,11.638676670275789,10.420074607397533,43.5,1.4756469742311682,1.7238800094383455,1.8472924694787705,6.228373702422145,6.090105646016883,6.3329452852153665,6.0830034819982055,1.4183827666901456,1.2621794725788118
BE10,BE,2016,11.630430397939493,10.42250101754315,43.4,1.4610285119049662,1.7276922064979678,1.8371565603296718,5.837277439711517,6.05459482592349,6.228373702422145,6.090105646016883,1.3652573377328823,1.26560966215435
BE10,BE,2017,11.63663161996025,10.384294256572668,44.1,1.4720216402895139,1.6676645553226386,1.908107924373362,6.13238875359752,6.519786569146937,5.837277439711517,6.05459482592349,1.1665689735989184,1.248458714276657
BE10,BE,2018,11.633113866032101,10.392964596107342,46.6,1.465785591906155,1.6812867547433437,2.1615056531008268,7.405803378085752,6.970773984333027,6.13238875359752,6.519786569146937,1.316494170498125,1.4731361314744371
BE10,BE,2019,11.649369174851007,10.411537061462793,47.5,1.4946019600636857,1.710466445549487,2.252728835442714,6.5967016491754125,7.613519828023438,7.405803378085752,6.970773984333027,1.9634261223665503,1.6909531695211397
BE10,BE,2020,11.591330320516938,10.436152660415841,47.1,1.3917144042156764,1.7491406631458686,2.2121851988463197,6.646783127396677,7.546049269845992,6.5967016491754125,7.613519828023438,1.5523787300418044,2.0013853261073855
BE10,BE,2021,11.626981340747994,10.428575254330015,49.3,1.454914244687168,1.73723560033028,2.435175200126488,7.602339181286549,8.55455656049835,6.646783127396677,7.546049269845992,1.577821588820939,1.9687985251397684
BE10,BE,2022,11.625982354132203,10.403872232981591,52.2,1.4531433053327831,1.6984240310997567,2.7291165654503473,6.887052341597796,8.962930991572367,7.602339181286549,8.55455656049835,2.0632720706788046,2.455885444866253
BE10,BE,2023,11.633783475798102,10.369623655710301,53.5,1.4669726331216708,1.6446151868671708,2.8608833843886288,7.0085470085470085,8.490637084330244,6.887052341597796,8.962930991572367,1.6998853917079924,2.653121345459724
BE21,BE,2003,11.409128671288585,NA,27.4,1.0687190147360843,NA,0.21541109647389872,6.26748407832867,6.2504224728294755,NA,NA,NA,NA
BE21,BE,2004,11.437921336379556,9.982205784010231,28.4,1.119760803405946,1.0359327371963563,0.31677018796488454,5.608572762663116,6.005307866051851,6.26748407832867,6.2504224728294755,1.385126554983065,1.343039176126389
BE21,BE,2005,11.465347087039424,10.062863332519363,29.4,1.168379413905195,1.1626559417701223,0.41812927945587036,5.530618530471229,6.46595428223739,5.608572762663116,6.005307866051851,1.0503802945315475,1.2246541927931973
BE21,BE,2006,11.461299498651394,10.121283710786317,29.6,1.161204108997794,1.2544417409078408,0.4384010977540678,5.681872462383569,6.702616661195098,5.530618530471229,6.46595428223739,1.010777259810182,1.4471363166435074
BE21,BE,2007,11.487198991949306,10.04489430126115,31.7,1.2071170684057448,1.1344243222104342,0.6512551898851378,5.518116137588576,7.087193027001374,5.681872462383569,6.702616661195098,1.0876186903372964,1.5614390591721068
BE21,BE,2008,11.474070380508469,10.139297170962815,30.6,1.1838435086788242,1.2827431639143836,0.5397601892450536,4.71584038694075,6.749103914204648,5.518116137588576,7.087193027001374,1.004425677791991,1.7471810157810814
BE21,BE,2009,11.435876453743875,10.1624691774948,32.2,1.116135766716381,1.31914931533374,0.701934735630631,5.434486515935712,6.613868269085957,4.71584038694075,6.749103914204648,0.5968460824878373,1.5838913835973676
BE21,BE,2010,11.453996829906007,10.089909235218544,32,1.1482584065541208,1.2051484737647238,0.6816629173324337,5.8807805399625765,7.06183634354162,5.434486515935712,6.613868269085957,0.9619393788839283,1.518575530723882
BE21,BE,2011,11.471779293925971,10.018985872976437,35.2,1.1797820174344846,1.093718906308328,1.0060120101035885,5.34586971121558,7.099871368731251,5.8807805399625765,7.06183634354162,1.188669823562893,1.734934293367303
BE21,BE,2012,11.470670193874627,10.120671839936465,33.5,1.1778158760489756,1.2534804144565448,0.8337015545689124,5.742073008260059,7.192845874750351,5.34586971121558,7.099871368731251,0.9169194448078787,1.7533043769879708
BE21,BE,2013,11.476942219648473,10.078005830717908,35.3,1.1889345207825943,1.1864467205929474,1.0161479192526865,5.341482859420675,6.689938319465221,5.742073008260059,7.192845874750351,1.1182023320659862,1.7982090258384924
BE21,BE,2014,11.491554225776058,10.036877052092192,35.4,1.2148377474012648,1.1218282103109793,1.0262838284017852,5.255493778130792,6.711068889015016,5.341482859420675,6.689938319465221,0.9146907955214171,1.5553156979652178
BE21,BE,2015,11.50085288373596,10.125271970090223,38.1,1.2313218114155897,1.2607078004274266,1.2999533754274473,4.761281883584042,6.850530648043665,5.255493778130792,6.711068889015016,0.8710058219641257,1.5655212999766999
BE21,BE,2016,11.502120949296122,10.107236921579098,37.6,1.2335697566522281,1.232372459418217,1.2492738296819543,5.020532520863691,6.698390547285138,4.761281883584042,6.850530648043665,0.6199316946317075,1.6328782732524816
BE21,BE,2017,11.499205383074187,10.266178054514194,34.9,1.2284012279841525,1.4820890708999057,0.9756042826562923,5.466321243523317,7.146358621740801,5.020532520863691,6.698390547285138,0.7516386167709598,1.55939793876981
BE21,BE,2018,11.504364883287794,10.192536412882843,38.2,1.2375476588099528,1.3663887429071564,1.310089284576546,5.828258978501304,7.759145138684866,5.466321243523317,7.146358621740801,0.978112353545442,1.7757567014132316
BE21,BE,2019,11.506766897841626,10.163729980079069,40,1.2418057960421698,1.3211301955708228,1.4925356492603201,6.412898533155534,8.126817048851306,5.828258978501304,7.759145138684866,1.1619873309812063,2.0717191597462126
BE21,BE,2020,11.470160321419538,10.153472373820584,40,1.1769120068858052,1.3050141994817042,1.4925356492603201,5.701211971308434,8.350801086079139,6.412898533155534,8.126817048851306,1.4590013600009772,2.2492966347460017
BE21,BE,2021,11.508204960418691,10.09406053658029,41,1.244355101079432,1.211670692967213,1.593894740751306,5.8765432098765435,9.707383651176004,5.701211971308434,8.350801086079139,1.097443727694605,2.357476016067713
BE21,BE,2022,11.549349128111286,10.202152054861294,43.5,1.317292840803334,1.3814961319620738,1.8472924694787705,5.8035194033329445,10.041246650062769,5.8765432098765435,9.707383651176004,1.1865171356868842,3.0126756652048656
BE21,BE,2023,11.545943571945488,10.183038759226237,47.1,1.3112556894118659,1.3514667284206812,2.2121851988463197,6.081315880922044,9.445364588758538,5.8035194033329445,10.041246650062769,1.1494189017011558,3.173924176986282
BE22,BE,2003,11.204828207775854,NA,24.2,0.7065482656642557,NA,-0.10893799629725583,3.4108266714257978,3.8107913229556023,NA,NA,NA,NA
BE22,BE,2004,11.213805810260167,9.61751898819482,23,0.7224631831378037,0.4629636811602032,-0.23056890608643874,4.5524625051181085,3.52000804931642,3.4108266714257978,3.8107913229556023,-0.06613913376287811,0.16475079578936513
BE22,BE,2005,11.207663210473038,9.653093126946235,27.4,0.711573976486472,0.5188551500413907,0.21541109647389872,4.280379201378914,3.7911142593258838,4.5524625051181085,3.52000804931642,0.5138453300643072,0.024308847200897942
BE22,BE,2006,11.232076901260802,9.63422196182985,25.1,0.7548530005678907,0.48920616415238544,-0.017714813955368374,3.740468856360707,3.974766853203262,4.280379201378914,3.7911142593258838,0.375619037249784,0.1552472052833789
BE22,BE,2007,11.25181395870934,9.799107810450677,27.1,0.7898415892265022,0.7482626754438286,0.18500336902660325,3.855717838054134,4.15841944708064,3.740468856360707,3.974766853203262,0.1013287576977042,0.24394738333925295
BE22,BE,2008,11.253228326182539,9.771622768748815,27.8,0.7923488891044557,0.7050802005647514,0.25595473307029326,3.143093465674111,4.0097482996560965,3.855717838054134,4.15841944708064,0.15987861824115523,0.332647561395127
BE22,BE,2009,11.181673568777978,9.75633393429738,27.8,0.6655012077860621,0.6810595089903705,0.25595473307029326,3.236423477783873,4.0359843844957215,3.143093465674111,4.0097482996560965,-0.20215544930231852,0.26084265534989587
BE22,BE,2010,11.197920096869558,9.674159548758857,28.6,0.6943020100337643,0.551953161701091,0.337042006263082,3.3098209441128588,4.348631062167925,3.236423477783873,4.0359843844957215,-0.15474106773250004,0.2735141093578776
BE22,BE,2011,11.215891807135343,9.65532783290686,29.3,0.7261611045123026,0.5223661555931947,0.40799337030677196,2.914438502673797,4.304904254101883,3.3098209441128588,4.348631062167925,-0.11745300362416572,0.4245156029529966
BE22,BE,2012,11.205389058112011,9.69545406059617,28.8,0.707542505143064,0.5854095316222868,0.3573138245612791,3.288043478260869,4.398916891443874,2.914438502673797,4.304904254101883,-0.31831887217618776,0.4033965129396935
BE22,BE,2013,11.217744184739033,9.722582180287702,30.7,0.7294448806367287,0.6280312369048676,0.549896098394152,2.9587404994571123,4.101574596594785,3.288043478260869,4.398916891443874,-0.12851659455476117,0.44880255646829553
BE22,BE,2014,11.231047738703243,9.671847994764553,28.7,0.7530285672407254,0.5483214181740699,0.34717791541218035,2.891434806328423,4.108133617804691,2.9587404994571123,4.101574596594785,-0.29581215935889377,0.3051927443778328
BE22,BE,2015,11.222573163962569,9.7109622333806,31.1,0.7380053850652041,0.6097748314442153,0.5904397349905465,3.0502885408079146,4.097201915788181,2.891434806328423,4.108133617804691,-0.33000542413712675,0.3083606078798281
BE22,BE,2016,11.222344056351455,9.630698153664966,32.1,0.7375992377970655,0.48366981608315635,0.6917988264815323,2.814614343707713,4.066593150141951,3.0502885408079146,4.097201915788181,-0.2493030711625746,0.30308083537650254
BE22,BE,2017,11.231166511852086,9.6302153991371,32.9,0.753239120655762,0.48291134769520716,0.7728860996743208,3.0255196001052354,4.368308125797644,2.814614343707713,4.066593150141951,-0.3690324706865757,0.2882974723671901
BE22,BE,2018,11.234337746074733,9.714233613123824,35.4,0.7588608811459265,0.6149145825537103,1.0262838284017852,2.5091479351803447,4.829625950894393,3.0255196001052354,4.368308125797644,-0.26188641899473675,0.4340191934589831
BE22,BE,2019,11.23576732534978,9.759357842041062,35.8,0.7613951475298557,0.6858104503058184,1.0668274649981795,3.4679089026915118,5.067937054854324,2.5091479351803447,4.829625950894393,-0.524218359162034,0.6568255930993336
BE22,BE,2020,11.188819424306205,9.836145188977502,36.7,0.6781689218231176,0.8064530789793334,1.1580506473400674,4.647478214945868,4.9433156518661034,3.4679089026915118,5.067937054854324,-0.0371396872514371,0.7719246336718371
BE22,BE,2021,11.240009775640408,9.778223959105238,37.7,0.7689158911113348,0.7154515050666823,1.259409738831053,4.564315352697096,5.677926027375617,4.647478214945868,4.9433156518661034,0.5621160954811405,0.7117352271339226
BE22,BE,2022,11.271009176185956,9.854794640735262,39.2,0.8238696387598775,0.8357537251553033,1.4114483760675318,4.387933183744702,5.8987464081091305,4.564315352697096,5.677926027375617,0.5198669240306519,1.0665359393574187
BE22,BE,2023,11.268158801449902,9.889242811862706,43.7,0.8188166773737775,0.8898761565664309,1.867564287776968,4.1380999020568066,5.664807984955805,4.387933183744702,5.8987464081091305,0.4302596126013391,1.1731873439246003
BE23,BE,2003,11.27248685624967,NA,27.9,0.8264891751346944,NA,0.2660906422193916,3.552026137331446,3.5746885970138473,NA,NA,NA,NA
BE23,BE,2004,11.29022645689517,9.66752614832074,27.6,0.857936800575914,0.5415312510891652,0.23568291477209616,2.649509472600357,3.518729163748133,3.552026137331446,3.5746885970138473,0.0055943333455517556,0.05071835340255219
BE23,BE,2005,11.291875145522452,9.677128617602126,29.7,0.8608594899563615,0.5566179441718424,0.44853700690316617,3.7567337287302984,3.57021184235259,2.649509472600357,3.518729163748133,-0.4529105842832314,0.023691173498473092
BE23,BE,2006,11.30977163884884,9.672695711347808,30.1,0.8925852446723956,0.5496532880856413,0.4890806434995607,3.881455698307302,3.702276104859676,3.7567337287302984,3.57021184235259,0.10959178957012304,0.04855617901022574
BE23,BE,2007,11.341509901069639,9.771997232338707,30.6,0.948848798876366,0.7056685302001607,0.5397601892450536,3.380567187683053,3.9843116485188776,3.881455698307302,3.702276104859676,0.17295420560311953,0.1123403235838523
BE23,BE,2008,11.321262884227679,9.82198016893912,31.3,0.9129561869358859,0.7841980419084742,0.6107115532887436,3.651336233685519,3.834340367366763,3.380567187683053,3.9843116485188776,-0.08151183838223325,0.24855731030041123
BE23,BE,2009,11.314822039705309,9.805531379316136,31.5,0.9015382711602004,0.7583549141304425,0.6309833715869407,3.5619434463365103,3.8858230459712204,3.651336233685519,3.834340367366763,0.05604677298232907,0.17612446815747929
BE23,BE,2010,11.328298375502671,9.749435567010277,33.8,0.9254282543083299,0.6702213019644079,0.8641092820162078,3.9763901832867354,4.152189948316021,3.5619434463365103,3.8858230459712204,0.010632616987462217,0.20098947366923217
BE23,BE,2011,11.341389594114894,9.755522993135154,34.7,0.9486355264286711,0.6797854179139907,0.9553324643580956,3.896910417637013,4.089515383058422,3.9763901832867354,4.152189948316021,0.22118370641637652,0.32963885001264853
BE23,BE,2012,11.329558905727334,9.812836154259562,35.1,0.9276628413858344,0.7698316389582041,0.9958761009544898,3.7329615861214376,4.235009909549279,3.896910417637013,4.089515383058422,0.1808056559864279,0.2993684085200804
BE23,BE,2013,11.338870180506067,9.828752032945285,34.9,0.9441692716867983,0.7948374962888884,0.9756042826562923,4.2841896630583935,3.814194971391106,3.7329615861214376,4.235009909549279,0.09751484438486925,0.3696390762706859
BE23,BE,2014,11.346146208988957,9.812399700778109,37.3,0.9570677479829718,0.7691459153670519,1.218866102234658,4.0797686101385295,3.8432938766892772,4.2841896630583935,3.814194971391106,0.3775548634641374,0.1663946833920109
BE23,BE,2015,11.355101379776661,9.806628366042572,36.7,0.9729428999845086,0.7600784189470206,1.1580506473400674,3.951600551386124,3.865677649995563,4.0797686101385295,3.8432938766892772,0.27370297718507536,0.18044881694213197
BE23,BE,2016,11.35143647744535,9.840020596751762,37.5,0.9664459963564697,0.8125418344803595,1.2391379205328557,4.024814646693903,3.800764707407335,3.951600551386124,3.865677649995563,0.20858984684922452,0.19125968890376358
BE23,BE,2017,11.357978954227864,9.859726780500697,39.6,0.9780440792798611,0.8435027401952392,1.451992012663926,4.583396570040978,4.053701345768364,4.024814646693903,3.800764707407335,0.24578475310434753,0.15990816021503224
BE23,BE,2018,11.347666431381736,9.911868363787299,42.6,0.9597627006682565,0.9254237587206164,1.7560692871368835,4.418434528163862,4.483469793249052,4.583396570040978,4.053701345768364,0.5295607416945286,0.28207101338146967
BE23,BE,2019,11.348088850980641,9.896380595335238,42.8,0.9605115390209832,0.9010905166841382,1.7763411054350802,4.992826398852223,4.709545903642539,4.418434528163862,4.483469793249052,0.44575518953303045,0.48963975504479706
BE23,BE,2020,11.30336643884813,9.928261940589831,41.5,0.8812305172169312,0.9511801401783021,1.644574286496799,5.112910097997443,4.649109715715567,4.992826398852223,4.709545903642539,0.7375630947478111,0.5988295618572769
BE23,BE,2021,11.364140393980223,9.887186163549536,44.1,0.9889666842123455,0.8866449020869248,1.908107924373362,5.773450356555129,5.264663481638428,5.112910097997443,4.649109715715567,0.7985691334579594,0.5696402075608713
BE23,BE,2022,11.389146382201982,9.883844028089479,50,1.0332956951692462,0.8813939848021013,2.506126564170178,5.675857431069267,5.4885012147012855,5.773450356555129,5.264663481638428,1.1341429446415194,0.8669391865057422
BE23,BE,2023,11.38975051203631,9.954199394580957,49.6,1.0343666577645971,0.9919311591343024,2.465582927573784,5.863236289776574,5.208704048372713,5.675857431069267,5.4885012147012855,1.0845628781345154,0.9750479061220582
BE24,BE,2003,11.394070207414384,NA,34.7,1.0420243364792696,NA,0.9553324643580956,4.887753740492992,5.967563982572504,NA,NA,NA,NA
BE24,BE,2004,11.416978162534313,9.710106417572023,36.9,1.0826340890115826,0.6084302366258447,1.178322465638264,6.0942409812086185,5.385362618419091,4.887753740492992,5.967563982572504,0.6841831047169445,1.2064247242381627
BE24,BE,2005,11.425039363551331,9.783805652465439,39.9,1.096924468781426,0.7242210509136238,1.4823997401112214,5.783886078957194,5.8444060016938995,6.0942409812086185,5.385362618419091,1.297113984047932,0.9252342244227307
BE24,BE,2006,11.451555207176716,9.80686721640208,39.7,1.1439300544906261,0.7604536830547203,1.4621279218130248,6.246044534885985,6.012348702891999,5.783886078957194,5.8444060016938995,1.1394445974833334,1.146942118507976
BE24,BE,2007,11.466120928223052,9.786163490313998,40.6,1.1697512298879804,0.72792551222639,1.5533511041549117,6.479175413254014,6.273592904755711,6.246044534885985,6.012348702891999,1.3742346385405955,1.2280547626855043
BE24,BE,2008,11.449579360500174,9.856604317090625,40.5,1.1404274003184796,0.8385969554695367,1.543215195005813,6.335508314039149,6.1467028638504795,6.479175413254014,6.273592904755711,1.4926719576062863,1.35422998696166
BE24,BE,2009,11.462825946433426,9.90771095896958,40.8,1.1639100976535814,0.9188919502172621,1.5736229224531084,6.673662119622245,6.142970803823855,6.335508314039149,6.1467028638504795,1.4196848604526788,1.2929448780275272
BE24,BE,2010,11.466532606600987,9.790822870157566,44.2,1.170481026893576,0.735245986949677,1.918243833522461,6.965589155370178,6.631870667311659,6.673662119622245,6.142970803823855,1.5914769046704258,1.291142374823582
BE24,BE,2011,11.4794589806002,9.837890378393986,44.6,1.1933960730642157,0.8091949921608385,1.958787470118855,6.604938271604939,6.55722946677917,6.965589155370178,6.631870667311659,1.739784394947187,1.5272702945403882
BE24,BE,2012,11.486721902885133,9.89053158301618,42.1,1.2062713155338491,0.8919009789612249,1.7053897413913905,7.123683667148462,6.672923327604528,6.604938271604939,6.55722946677917,1.5565631756439415,1.4912202304614866
BE24,BE,2013,11.491632935058478,9.92863624709629,43.6,1.2149772781653303,0.9517682230157793,1.8574283786278691,6.177685950413222,6.292253204888833,7.123683667148462,6.672923327604528,1.8201010405373965,1.547097829783784
BE24,BE,2014,11.494648606790808,9.93234322724599,44.3,1.2203232674571487,0.9575923574278026,1.928379742671559,6.079836233367451,6.299717324942082,6.177685950413222,6.292253204888833,1.3395064741002825,1.363242502981385
BE24,BE,2015,11.506907392644665,9.91426072298088,45.8,1.2420548562116016,0.9291824574302315,2.080418379908038,6.020888797870161,6.310913505021955,6.079836233367451,6.299717324942082,1.2897959499545162,1.3668475093892758
BE24,BE,2016,11.516892266616434,9.952170438880271,44.7,1.2597553999282733,0.988743413249613,1.9689233792679537,6.517311608961303,6.135506683770607,6.020888797870161,6.310913505021955,1.2598489250259894,1.3722550190011107
BE24,BE,2017,11.509879914321106,10.057160937603225,47.3,1.2473243518538453,1.153696758521001,2.232457017144516,6.952303961196443,6.602014187098662,6.517311608961303,6.135506683770607,1.512046262762918,1.2875373684156923
BE24,BE,2018,11.508174411704461,10.02442334663501,50.7,1.2443009462795567,1.1022618647732971,2.5770779282138685,6.513635471846185,7.363354432530053,6.952303961196443,6.602014187098662,1.7330351269299304,1.5128502689088268
BE24,BE,2019,11.515142935643809,10.004092539013087,48.7,1.2566542982575428,1.070319595995675,2.374359745231897,6.476633701764591,7.904503136390598,6.513635471846185,7.363354432530053,1.5101786773641916,1.8805609225136242
BE24,BE,2020,11.446993262138005,10.113147829168554,49.2,1.135842931125918,1.241659242435066,2.42503929097739,6.9447176864056654,7.777613095485365,6.476633701764591,7.904503136390598,1.4913806936743996,2.1419238870856607
BE24,BE,2021,11.534684883583159,10.040627111246783,51.4,1.2912970093010065,1.1277200272852719,2.6480292922575583,7.5019794140934275,8.934551703738949,6.9447176864056654,7.777613095485365,1.7291810769893776,2.080638778151527
BE24,BE,2022,11.507453884225871,10.077369084668293,53.2,1.2430236414112223,1.1854463120583667,2.830475656941333,7.856583072100314,9.229384445842278,7.5019794140934275,8.934551703738949,2.0122863674908897,2.6394147713745038
BE24,BE,2023,11.543645600807864,10.087154403891248,51.6,1.3071819936700697,1.2008202855131846,2.6683011105557557,7.193257546060369,8.930819643712324,7.856583072100314,9.229384445842278,2.192435418870187,2.781812524486164
BE25,BE,2003,11.208155997868529,NA,25,0.7124475583525594,NA,-0.0278507231044671,2.6829704742022074,2.5280300437610173,NA,NA,NA,NA
BE25,BE,2004,11.228287157454877,9.72861066187129,25.2,0.748134785986373,0.6375027435289461,-0.007578904806270009,2.4484813253887516,2.4109360156058166,2.6829704742022074,2.5280300437610173,-0.43591141475786405,-0.45479479006666795
BE25,BE,2005,11.2329011430629,9.802822134093894,24.9,0.7563141635322301,0.7540983474124522,-0.03798663225356583,2.339587131682644,2.597085496262803,2.4484813253887516,2.4109360156058166,-0.5550387750195072,-0.5113486395243051
BE25,BE,2006,11.25914622322902,9.890579600138897,28,0.8028397571592935,0.8919764199308253,0.27622655136849034,2.215909090909091,2.7096759079504973,2.339587131682644,2.597085496262803,-0.6103602170123241,-0.421442519873702
BE25,BE,2007,11.284982103678146,9.879085044827951,28.1,0.8486399477917884,0.8739170205183994,0.28636246051758907,2.4072035453185423,2.8222663196381905,2.215909090909091,2.7096759079504973,-0.6731922866165608,-0.36706381847212727
BE25,BE,2008,11.263235557658783,9.928364862876846,28.5,0.8100890667700866,0.9513418441015388,0.3269060971139833,2.603123748498198,2.7291915793096972,2.4072035453185423,2.8222663196381905,-0.5760090971094927,-0.3126851170705529
BE25,BE,2009,11.236788037092852,10.012065835820936,29.9,0.7632045997954977,1.0828466531798395,0.46880882520136324,2.319483662767245,2.7757289494739443,2.603123748498198,2.7291915793096972,-0.47647589165065696,-0.3576381768958545
BE25,BE,2010,11.263846543281977,9.873774930645343,29.5,0.8111721828679137,0.8655741598895953,0.4282651886049691,2.350385147145961,2.9904013344251466,2.319483662767245,2.7757289494739443,-0.6205733684357988,-0.3351616469832035
BE25,BE,2011,11.275260515528439,9.924748528236218,30.2,0.8314061402819588,0.9456601252427078,0.49921655264865905,2.6020106445890003,2.9213458819233615,2.350385147145961,2.9904013344251466,-0.6048745086769135,-0.23147958964420154
BE25,BE,2012,11.273349986170457,9.924573408260464,31.6,0.8280192764598856,0.9453849896240007,0.6411192807360394,2.6541608461384953,3.0024109783385007,2.6020106445890003,2.9213458819233615,-0.4770413810605961,-0.26483185983716706
BE25,BE,2013,11.289108670947003,9.982025294115779,32.1,0.8559552613900081,1.0356491647565667,0.6917988264815323,2.8464123344534498,2.7637193055605898,2.6541608461384953,3.0024109783385007,-0.4505475501983149,-0.22567919482803353
BE25,BE,2014,11.30840588100611,9.918470226482341,32.8,0.8901641168274181,0.9357961195515069,0.762750190525222,2.257557911268159,2.807254264746498,2.8464123344534498,2.7637193055605898,-0.3528781594174548,-0.34096204179937173
BE25,BE,2015,11.310809280848094,9.891955817463499,33,0.89442470980956,0.8941386313144714,0.7830220088234194,2.445226917057903,2.792242209854806,2.257557911268159,2.807254264746498,-0.6520334651849806,-0.3199356105907629
BE25,BE,2016,11.315026113749509,9.9166246686734425,32.8,0.9019000405276473,0.9328965149380176,0.762750190525222,2.669524551831644,2.742702428712221,2.445226917057903,2.792242209854806,-0.5566921098353367,-0.32718610411097265
BE25,BE,2017,11.313169620075053,10.019857393065399,35.2,0.8986089676971494,1.0950881745363499,1.0060120101035885,2.791145332050048,2.954372402685085,2.669524551831644,2.742702428712221,-0.44274233740990737,-0.35111273272766536
BE25,BE,2018,11.312455525338684,10.035357603702609,37.4,0.897343066381352,1.119440964818505,1.229002011383757,2.557352388115833,3.256114706008104,2.791145332050048,2.954372402685085,-0.38095541646412856,-0.24888077409270518
BE25,BE,2019,11.321450205899579,10.05366692183633,37.3,0.913288258772939,1.1482072180750489,1.218866102234658,2.8200371057513913,3.452772625089276,2.557352388115833,3.256114706008104,-0.4997290842419835,-0.10314585433648538
BE25,BE,2020,11.284014668187181,10.095624553401924,37.3,0.8469249402464447,1.214127961100304,1.218866102234658,2.5616877001318517,3.4542738305784453,2.8200371057513913,3.452772625089276,-0.3662775486321469,-0.008164389221735135
BE25,BE,2021,11.334788181967696,10.042587281709427,38.7,0.9369329666734232,1.1307997028659016,1.3607688303220389,3.270416744533732,3.900131860861713,2.5616877001318517,3.4542738305784453,-0.49752661867378045,-0.007439339869714052
BE25,BE,2022,11.359436482615687,10.04343993221409,39.5,0.9806278920570568,1.132139324591699,1.4418561035148272,2.8948332722609016,4.0772741085836834,3.270416744533732,3.900131860861713,-0.1374714919117353,0.20790031768052153
BE25,BE,2023,11.385268209596811,10.061652332610599,39.8,1.0264207196880613,1.1607533078317778,1.4722638309621228,2.8386633129716135,3.9061366828183894,2.8948332722609016,4.0772741085836834,-0.32827890383747155,0.2934561412189983
BE31,BE,2003,11.459470426149435,NA,41.6,1.1579616466619223,NA,1.6547101956458976,10.701124670973917,9.651393621741141,NA,NA,NA,NA
BE31,BE,2004,11.48966789590259,9.81992077626445,43,1.2114937828721395,0.7809624756901375,1.7966129237332775,9.279341111873714,9.209969068742252,10.701124670973917,9.651393621741141,3.6375459220339095,2.9856337080216098
BE31,BE,2005,11.520583215514682,9.860888188007234,43.8,1.266298477238428,0.8453274582007423,1.877700196926066,8.504952775858097,9.874830741160332,9.279341111873714,9.209969068742252,2.915238202823613,2.7724353228391014
BE31,BE,2006,11.479318004154072,10.02381215241273,45.5,1.1931461590688306,1.1013016013894512,2.050010652460742,11.0663082437276,10.120066603937492,8.504952775858097,9.874830741160332,2.521826231507467,3.093548940027571
BE31,BE,2007,11.516881536379783,9.95696547070769,45.5,1.2597363780534383,0.9962770143872038,2.050010652460742,10.301464254952625,10.637786758689277,11.0663082437276,10.120066603937492,3.8230698801922904,3.211992487351186
BE31,BE,2008,11.497975901362024,10.094232341636468,47.6,1.226221681716815,1.211940620428229,2.2628647445918126,9.91105463786531,9.765837024370484,10.301464254952625,10.637786758689277,3.4345067170105574,3.462039976145487
BE31,BE,2009,11.502491202825858,10.055984064839071,47,1.2342261183457133,1.1518477426408291,2.202049289697221,9.073233959818534,9.940226971234242,9.91105463786531,9.765837024370484,3.2361671889781976,3.0409073634392976
BE31,BE,2010,11.586954663581626,10.067639962053981,48.6,1.3839575204441188,1.1701606305795018,2.3642238360827985,8.89453621346887,10.741330789639632,9.073233959818534,9.940226971234242,2.8105297287657733,3.1251338859805355
BE31,BE,2011,11.496794192601746,9.991890179470024,49.5,1.2241268242723633,1.0511481466615429,2.4554470184246853,10.101651842439644,10.457947125986024,8.89453621346887,10.741330789639632,2.719746036151172,3.5120494739043457
BE31,BE,2012,11.514981240199537,10.142628730666129,55.7,1.2563676549520586,1.2879774653484892,3.083873385668798,9.21630094043887,10.82307607723202,10.101651842439644,10.457947125986024,3.332996155133265,3.3751813747748343
BE31,BE,2013,11.533454429911815,10.200868121397829,51.2,1.2891157400068185,1.3794789101898124,2.6277574739593614,7.739938080495357,10.13641566145597,9.21630094043887,10.82307607723202,2.883211948084428,3.5515306563455518
BE31,BE,2014,11.557512193567856,10.260152457061956,51.2,1.331763799313636,1.4726220956107587,2.6277574739593614,8.21406347230865,10.098267860579522,7.739938080495357,10.13641566145597,2.1331763443758933,3.2198887238394276
BE31,BE,2015,11.534686956751742,10.4068929824973,51.9,1.2913006844812072,1.7031700104398304,2.6987088380030513,8.66093366093366,10.049220688024091,8.21406347230865,10.098267860579522,2.374045939602527,3.2014641720335315
BE31,BE,2016,11.566473441226572,10.712354489594045,54.1,1.3476497240020697,2.183088651270441,2.9216988392832204,7.225964482547459,10.060120059703076,8.66093366093366,10.049220688024091,2.6010690927842113,3.1777754625688086
BE31,BE,2017,11.572546510755181,10.32037868756114,52.2,1.3584156718737674,1.5672451168818655,2.7291165654503473,6.666666666666667,10.904821364824407,7.225964482547459,10.060120059703076,1.8720626925180779,3.183039620227636
BE31,BE,2018,11.650577927350856,10.33429693196063,57.1,1.4967447589138976,1.5891124382292838,3.2257761137561776,7.819905213270141,11.84216732921711,6.666666666666667,10.904821364824407,1.587923009538607,3.5910118387867573
BE31,BE,2019,11.726540290564381,10.357024892321327,58.4,1.6314059609164793,1.6248209369819704,3.357542932694459,8.662790697674419,12.550626488351126,7.819905213270141,11.84216732921711,2.1738019915896625,4.043729397445911
BE31,BE,2020,11.697113401150416,10.400961883193558,55.7,1.5792398600733177,1.6938515036874169,3.083873385668798,8.837485172004746,12.468881200758739,8.662790697674419,12.550626488351126,2.6020125218765804,4.385899645269688
BE31,BE,2021,11.61820585563302,10.406375622248135,59.7,1.4393576279134581,1.7023571720892332,3.489309751632741,9.913544668587896,14.17463286851988,8.837485172004746,12.468881200758739,2.6907624349730836,4.346418462828482
BE31,BE,2022,11.695769743487944,10.369457392664025,59.7,1.5768579100094433,1.6443539666042717,3.489309751632741,11.154273029966705,14.567010248963333,9.913544668587896,14.17463286851988,3.237432197565814,5.170259136434966
BE31,BE,2023,11.735633984342279,10.409072483097935,60.7,1.6475266775841912,1.706594281392618,3.590668843123727,8.791208791208792,14.169183182680388,11.154273029966705,14.567010248963333,3.867758569769908,5.359768812152749
BE32,BE,2003,11.14472428370615,NA,21.5,0.5999998867315536,NA,-0.38260754332291746,5.259679065048571,4.632277991008537,NA,NA,NA,NA
BE32,BE,2004,11.175816105717425,9.40083233390337,22.9,0.6551174732226375,0.12252155605555154,-0.24070481523553747,3.1095050004202034,4.598791644085584,5.259679065048571,4.632277991008537,0.8731320703853234,0.5615108533983166
BE32,BE,2005,11.171887037307755,9.35611107956703,24.1,0.6481522729258891,0.05225881230977869,-0.1190739054463542,4.127621597501117,4.799709725623304,3.1095050004202034,4.598791644085584,-0.21921937409877523,0.5453376816951724
BE32,BE,2006,11.175635590355851,9.392270184185158,23.2,0.6547974671756801,0.10906933651270981,-0.21029708778824163,4.264114224985681,4.9810941047893005,4.127621597501117,4.799709725623304,0.29801369729295457,0.64237671191404
BE32,BE,2007,11.192929025103497,9.4662211612286,22.9,0.685454158349509,0.22525566954073298,-0.24070481523553747,4.6480867270636566,5.176431128506528,4.264114224985681,4.9810941047893005,0.3673559525303061,0.7299813919727399
BE32,BE,2008,11.19251390148337,9.4875960838094,24.9,0.6847182538396804,0.2588383749046155,-0.03798663225356583,3.951302862024776,4.919702468763886,4.6480867270636566,5.176431128506528,0.5624252374719159,0.824324893574417
BE32,BE,2009,11.145816258887125,9.606374941187253,24.5,0.6019356702459989,0.44545497459990224,-0.07853026884996,3.3517089305402425,5.056438385365945,3.951302862024776,4.919702468763886,0.20843861192865448,0.7003305771836417
BE32,BE,2010,11.173930940499535,9.54175404663138,24,0.6517755733201683,0.34392738056923977,-0.12920981459545292,3.3916612659321665,5.452693490620892,3.3517089305402425,5.056438385365945,-0.0961726788201404,0.7663710283048154
BE32,BE,2011,11.188492832947228,9.53606094294562,28.8,0.6775899616235791,0.334982795017539,0.3573138245612791,3.731343283582089,5.310376516198342,3.3916612659321665,5.452693490620892,-0.075875721474306,0.95775356012536
BE32,BE,2012,11.17395789932243,9.555394752112642,26.1,0.6518233641910948,0.36535865319261596,0.08364427753561744,3.67537709793924,5.469436664082369,3.731343283582089,5.310376516198342,0.0966926992638997,0.8890175803869956
BE32,BE,2013,11.17577998564,9.542392823869122,27.2,0.6550534418676781,0.34493098035712794,0.19513927817570162,3.2450896669513236,5.115039492481114,3.67537709793924,5.469436664082369,0.06826023663915959,0.9658401459769321
BE32,BE,2014,11.196961275784432,9.4900475172511225,28,0.692602273554193,0.2626898867255974,0.27622655136849034,3.4587774635631936,5.0955057901093905,3.2450896669513236,5.115039492481114,-0.15033838963728588,0.7946740787853187
BE32,BE,2015,11.195471234184778,9.594277820507385,28.1,0.6899608234418626,0.42644886882302063,0.28636246051758907,3.5891891891891894,5.075972087737668,3.4587774635631936,5.0955057901093905,-0.04177872596282672,0.7852397286251506
BE32,BE,2016,11.187627619393684,9.60484837233108,27.2,0.676056166567972,0.4430565419543223,0.19513927817570162,3.380222548813773,5.031323625173731,3.5891891891891894,5.075972087737668,0.02447425290465031,0.775805378464983
BE32,BE,2017,11.18148309170544,9.48501726466415,30,0.6651635422572821,0.25478672404064984,0.478944734350462,3.2127659574468086,5.475017721902861,3.380222548813773,5.031323625173731,-0.08168692502888049,0.7542411495274572
BE32,BE,2018,11.196116533254536,9.569017384104955,31.1,0.6911047682154142,0.38676153008019576,0.5904397349905465,4.2485732403297405,5.871272827157808,3.2127659574468086,5.475017721902861,-0.16675978144420645,0.9685356745941232
BE32,BE,2019,11.189364016256421,9.607818610931758,31.4,0.6791343394788446,0.4477231622618318,0.620847462437842,4.059117402164863,6.298223750425462,4.2485732403297405,5.871272827157808,0.35946067683291466,1.1599182064146678
BE32,BE,2020,11.139586684338445,9.567066659962538,32,0.5908922803197022,0.3836966958627462,0.6816629173324337,3.75131717597471,6.303804808245954,4.059117402164863,6.298223750425462,0.2632115582662655,1.3661261456297615
BE32,BE,2021,11.183470365224743,9.488432633917169,32.4,0.6686864532028645,0.26015270087165104,0.7222065539288278,5.080879303193695,7.054457085102158,3.75131717597471,6.303804808245954,0.10684002201603256,1.3688216742469521
BE32,BE,2022,11.19828992295819,9.57947782541743,33.5,0.6949576139870965,0.4031962056793745,0.8337015545689124,5.0900062073246435,7.333509976126767,5.080879303193695,7.054457085102158,0.782296550904093,1.7313702732591114
BE32,BE,2023,11.198083092824119,9.589141643726354,34.2,0.6945909588004193,0.4183792858394029,0.9046529186126027,4.4673539518900345,7.085152903114865,5.0900062073246435,7.333509976126767,0.7869332857039019,1.866146704118649
BE33,BE,2003,11.157037543939506,NA,26,0.6218280441696441,NA,0.07350836838651871,2.574088853418463,2.552286675765098,NA,NA,NA,NA
BE33,BE,2004,11.175816105717425,9.373288145360267,28.5,0.6551174732226375,0.07924615401217167,0.3269060971139833,2.1982275275818415,2.450725095241574,2.574088853418463,2.552286675765098,-0.49122646933761954,-0.4430793683981107
BE33,BE,2005,11.188307767520081,9.468759327724824,26.9,0.6772618895124125,0.22924344995420404,0.1647315507284058,2.5920502092050213,2.586140535939607,2.1982275275818415,2.450725095241574,-0.6821750390173978,-0.4921313860466467
BE33,BE,2006,11.204254395661502,9.443343721016456,29.6,0.705531048376991,0.18931231904577808,0.4384010977540678,2.4319536705842277,2.6950616512836767,2.5920502092050213,2.586140535939607,-0.4821015741669903,-0.42672869584859835
BE33,BE,2007,11.22355929105174,9.459204887408118,29.6,0.7397535278761639,0.21423221644634938,0.4384010977540678,3.0163599182004095,2.7877917900225473,2.4319536705842277,2.6950616512836767,-0.5634353080707868,-0.3741221841675595
BE33,BE,2008,11.224071741891082,9.620537227202254,30.5,0.7406619678334487,0.4677057161744238,0.5296242800959549,2.946317103620475,2.6935897443195675,3.0163599182004095,2.7877917900225473,-0.26653980586436243,-0.3293355593580262
BE33,BE,2009,11.238236263269217,9.647289243581525,29,0.7657719222092657,0.5097365156104782,0.37758564285947616,3.836571998006976,2.664151605037387,2.946317103620475,2.6935897443195675,-0.3021236085623768,-0.37483308297406004
BE33,BE,2010,11.241405208809296,9.495446281365561,30.4,0.7713896254698686,0.27117202760348535,0.5194883709468562,3.107133979617201,2.92320723072058,3.836571998006976,2.664151605037387,0.15015197034998123,-0.3890510591040704
BE33,BE,2011,11.264478739925151,9.499970726130003,31.4,0.8122929005005726,0.2782805022604134,0.620847462437842,3.602058319039451,2.8422523476945822,3.107133979617201,2.92320723072058,-0.22042392215917114,-0.2639328691599779
BE33,BE,2012,11.260122280072906,9.637226408925045,32.3,0.8045700480857492,0.49392653032905376,0.712070644779729,3.2494502809675057,2.943813928218107,3.602058319039451,2.8422523476945822,0.03101214805111429,-0.30303230351750676
BE33,BE,2013,11.268489383744267,9.609849061788402,31.6,0.8194027124474218,0.4509132572255331,0.6411192807360394,2.925402242808386,2.7451064880633846,3.2494502809675057,2.943813928218107,-0.1481230699114211,-0.25398028586897053
BE33,BE,2014,11.276897288339168,9.550793808767404,31.9,0.834307706067614,0.35812998959512354,0.6715270081833349,3.4241439640089975,2.7200840696735304,2.925402242808386,2.7451064880633846,-0.3127489708505309,-0.3499516247465415
BE33,BE,2015,11.268302881978894,9.594649040146642,33.1,0.819072094088035,0.42703210180191636,0.7931579179725181,3.9721946375372394,2.6862302094990222,3.4241439640089975,2.7200840696735304,-0.05937355881283802,-0.3620369044570506
BE33,BE,2016,11.262220722299656,9.584503020190185,33.9,0.8082900317807372,0.41109142189883197,0.8742451911653065,2.58320914058619,2.7377469532428393,3.9721946375372394,2.6862302094990222,0.21905224620798955,-0.37838757700656267
BE33,BE,2017,11.260081159771627,9.615148875518734,33.4,0.8044971526548704,0.4592399345417383,0.8235656454198136,2.3976023976023977,2.968836346607961,2.58320914058619,2.7377469532428393,-0.4865930961490642,-0.3535061187790442
BE33,BE,2018,11.266320791927784,9.645375045578962,35.6,0.8155583720621745,0.5067290685759824,1.0465556466999828,3.507498790517659,3.1793190424755555,2.3976023976023977,2.968836346607961,-0.5808867615502311,-0.24189500615846143
BE33,BE,2019,11.270689597742848,9.642270462321484,35.9,0.8233031106074813,0.5018513758302232,1.0769633741472782,3.682584937039677,3.380970296558495,3.507498790517659,3.1793190424755555,-0.017026863892026973,-0.1402364768288863
BE33,BE,2020,11.211320373597042,9.659702661791098,37.5,0.7180571605445236,0.5292395647894802,1.2391379205328557,3.9331135186057464,3.341228808527551,3.682584937039677,3.380970296558495,0.07192203015741226,-0.04284334033831456
BE33,BE,2021,11.257401518352276,9.538236114700524,39.7,0.7997468563344243,0.33840026480647845,1.4621279218130248,4.373383494004233,3.807823316150121,3.9331135186057464,3.341228808527551,0.19919789235861887,-0.0620376081138285
BE33,BE,2022,11.282631071391942,9.666835196970533,42.4,0.8444721886514193,0.5404456791753004,1.735797468838686,5.273069679849341,3.9005534548889917,4.373383494004233,3.807823316150121,0.42286794377496223,0.16331731354683826
BE33,BE,2023,11.288159468156572,9.643148592516074,41.5,0.8542725756059382,0.5032310293697647,1.644574286496799,4.2219541616405305,3.804879502221903,5.273069679849341,3.9005534548889917,0.8799348951708966,0.2081039383563715
BE34,BE,2005,11.124420500068831,9.576088682064736,26.6,0.5640066422597324,0.3978714330529838,0.13432382328111034,2.6414591931833318,NA,NA,NA,NA,NA
BE34,BE,2006,11.15773438002661,9.602089460429388,27.3,0.6230633504597414,0.43872194260458475,0.20527518732480035,2.905795969379785,NA,2.6414591931833318,NA,-0.4570003621734731,NA
BE34,BE,2007,11.16453595060228,9.618772083090949,32.3,0.6351207382301891,0.46493245164489566,0.712070644779729,3.085521782405635,NA,2.905795969379785,NA,-0.32270953239436306,NA
BE34,BE,2008,11.15200992254856,9.762718517026821,29.2,0.6129153996562606,0.6910904955290874,0.39785746115767323,2.8917910447761193,NA,3.085521782405635,NA,-0.2314035517765573,NA
BE34,BE,2009,11.116828722013873,9.725146147145377,30.9,0.5505484253879915,0.6320595529475841,0.5701679166923491,3.243744207599629,NA,2.8917910447761193,NA,-0.329824444564671,NA
BE34,BE,2010,11.124153946629947,9.522945783897141,32.3,0.5635341134315135,0.31437722227403275,0.712070644779729,3.2200357781753133,NA,3.243744207599629,NA,-0.1510219224221408,NA
BE34,BE,2011,11.12512321901464,9.581634436372672,32.2,0.5652523773041587,0.4065845141057874,0.701934735630631,2.59391771019678,NA,3.2200357781753133,NA,-0.16306649944226997,NA
BE34,BE,2012,11.121823979765969,9.616324178364572,31,0.559403697719622,0.46108648388178297,0.5803038258414478,3.180212014134275,NA,2.59391771019678,NA,-0.4811528289284156,NA
BE34,BE,2013,11.128987824133242,9.489600586177293,33.8,0.572103301215958,0.2619877015123574,0.8641092820162078,2.7753686036426717,NA,3.180212014134275,NA,-0.18329813877354462,NA
BE34,BE,2014,11.139884444648994,9.443217078141373,31.4,0.5914201306870535,0.18911334708018318,0.620847462437842,2.990325417766051,NA,2.7753686036426717,NA,-0.3889704568966852,NA
BE34,BE,2015,11.136047813713976,9.487031302013614,35.1,0.5846187976124423,0.25795103130975233,0.9958761009544898,2.753108348134991,NA,2.990325417766051,NA,-0.2797660951326263,NA
BE34,BE,2016,11.13461660342718,9.501258764943799,36.9,0.5820816398755683,0.2803041740569976,1.178322465638264,2.264808362369338,NA,2.753108348134991,NA,-0.4002793191224988,NA
BE34,BE,2017,11.130613018033806,9.463999038374729,35.1,0.5749843406528435,0.22176443364026138,0.9958761009544898,3.448275862068965,NA,2.264808362369338,NA,-0.6483500235214318,NA
BE34,BE,2018,11.141399750415465,9.439132378656499,37.1,0.5941063674927841,0.18269576784535846,1.1985942839364614,2.8475711892797317,NA,3.448275862068965,NA,-0.04711384731431592,NA
BE34,BE,2019,11.152758622149808,9.517524913733926,38.8,0.6142426462554677,0.30586034999910644,1.370904739471137,2.70935960591133,NA,2.8475711892797317,NA,-0.35228942720071904,NA
BE34,BE,2020,11.112667158425202,9.478667756966024,40.7,0.5431710725601797,0.2448108448099395,1.5634870133040104,3.074433656957929,NA,2.70935960591133,NA,-0.42250496240809876,NA
BE34,BE,2021,11.17601691457016,9.444602653274883,42.5,0.6554734542682259,0.19129026076453837,1.7459333779877846,4.3478260869565215,NA,3.074433656957929,NA,-0.2370366444868984,NA
BE34,BE,2022,11.207391237204536,9.568813991965307,44.6,0.7110918397321679,0.38644197531814684,1.958787470118855,4.4996121024049645,NA,4.3478260869565215,NA,0.40988403193028994,NA
BE34,BE,2023,11.200247595833691,9.619261565883987,42.1,0.6984280508112075,0.465701490987945,1.7053897413913905,3.8338658146964857,NA,4.4996121024049645,NA,0.4869957764886309,NA
BE35,BE,2003,11.146492630762891,NA,25.2,0.6031346988956919,NA,-0.007578904806270009,4.429097605893185,3.9150015922903223,NA,NA,NA,NA
BE35,BE,2004,11.165663734253407,9.468530741237895,26.3,0.6371200007022196,0.22888431168777723,0.10391609583381453,5.080091533180778,3.6795293211407647,4.429097605893185,3.9150015922903223,0.45117234554466945,0.2150820720871122
BE35,BE,2005,11.16857028468176,9.548976582954992,28.3,0.6422725467500952,0.35527489812954466,0.30663427881578614,3.812817617165443,3.983222530660756,5.080091533180778,3.6795293211407647,0.781896340648706,0.10135412554837543
BE35,BE,2006,11.191635931702292,9.585657545304667,29.7,0.6831618453626359,0.4129053267964176,0.44853700690316617,3.741573033707865,4.137269810852056,3.812817617165443,3.983222530660756,0.1380840486631114,0.24803129024319526
BE35,BE,2007,11.202217017569968,9.65898399933894,30.3,0.7019193152616247,0.5281104552315076,0.5093524617977578,4.163503253796096,4.315524520787703,3.741573033707865,4.137269810852056,0.10188971215249772,0.3224327505956401
BE35,BE,2008,11.210668711763741,9.739442132490657,30.4,0.7169019362721456,0.6545203530708155,0.5194883709468562,4.052573932092004,4.12406575826423,4.163503253796096,4.315524520787703,0.31624263034962635,0.40852586900346916
BE35,BE,2009,11.183203790958746,9.76153288227636,29.3,0.6682138874536773,0.6892277134608289,0.40799337030677196,3.967391304347826,4.161477240596403,4.052573932092004,4.12406575826423,0.2598872836860766,0.31605548256543053
BE35,BE,2010,11.20530020416718,9.695765219519078,31.5,0.7073849905725919,0.5858984016235642,0.6309833715869407,4.789781798829164,4.447565046665959,3.967391304347826,4.161477240596403,0.21661201216642564,0.33412440865102433
BE35,BE,2011,11.200120870942348,9.66985677405478,33.1,0.6982034010574346,0.5451929587301598,0.7931579179725181,5.085653104925053,4.363939380276397,4.789781798829164,4.447565046665959,0.6344104868829129,0.4722985493055644
BE35,BE,2012,11.202572154840897,9.677892744475121,33.2,0.7025488798217064,0.5578184840820779,0.8032938271216169,4.13396127681842,4.520187335899002,5.085653104925053,4.363939380276397,0.7847217820994244,0.4319091851142377
BE35,BE,2013,11.217744184739033,9.68148320058782,34.3,0.7294448806367287,0.5634595445022459,0.9147888277617007,4.975662520281233,4.165878591459012,4.13396127681842,4.520187335899002,0.30123444019639917,0.5073735234717177
BE35,BE,2014,11.221620059447684,9.569966802428107,33.5,0.736315782554449,0.38825318628119354,0.8337015545689124,3.494347379239465,4.218694801810314,4.975662520281233,4.165878591459012,0.7288433413760248,0.3362501646610943
BE35,BE,2015,11.215866230705851,9.60018918329122,36.7,0.7261157642596752,0.4357363670077813,1.1580506473400674,3.5135135135135136,4.225296828104227,3.494347379239465,4.218694801810314,-0.0237081662772934,0.36175923678193245
BE35,BE,2016,11.211789868672764,9.664578484089384,35.3,0.7188894512810986,0.5369000979694731,1.0161479192526865,4.789781798829164,4.12406575826423,3.5135135135135136,4.225296828104227,-0.013971208324053599,0.3649478707970372
BE35,BE,2017,11.200075924782055,9.604596806507148,34.9,0.6981237233892538,0.44266130024466,0.9756042826562923,5.544147843942506,4.412354239765091,4.789781798829164,4.12406575826423,0.6344104868829129,0.31605548256543053
BE35,BE,2018,11.203878538590024,9.549386166187455,40.2,0.7048647530843575,0.35591840516288165,1.5128074675585177,5.93958013312852,4.81727851912508,5.544147843942506,4.412354239765091,1.017650547585505,0.45529250122500586
BE35,BE,2019,11.19830976281488,9.61741541793139,39.2,0.6949927848116508,0.46280095918410735,1.4114483760675318,5.9095580678314485,5.142978482958114,5.93958013312852,4.81727851912508,1.2185417402539713,0.6508620541514326
BE35,BE,2020,11.155397290365087,9.567524445332332,37.7,0.6189203079095261,0.3844159345470288,1.259409738831053,5.395864851235501,5.127573754938984,5.9095580678314485,5.142978482958114,1.2032896511635376,0.8081679988966016
BE35,BE,2021,11.207921461088906,9.51520440507323,40.8,0.7120317866029499,0.302214537559231,1.5736229224531084,6.316861946001019,5.829589217525052,5.395864851235501,5.127573754938984,0.9423184412502362,0.8007278528613574
BE35,BE,2022,11.220889754875431,9.648981935945077,42.8,0.7350211454819939,0.5123959492857096,1.7763411054350802,7.003501750875437,6.016646629185915,6.316861946001019,5.829589217525052,1.4102119589811628,1.1397859364674994
BE35,BE,2023,11.227967920866655,9.608005643493362,43.3,0.7475688638523769,0.4480170140587701,1.827020651180573,6.686478454680535,5.776773007173747,7.003501750875437,6.016646629185915,1.7590451046476687,1.2301305668954676
BG31,BG,2003,9.097972390585042,NA,NA,-3.0283505024473985,NA,NA,NA,NA,NA,NA,NA,NA
BG31,BG,2004,9.082907080487638,7.218266583265822,18.8,-3.0550573172492945,-3.30656513485005,-0.6562770903485791,NA,NA,NA,NA,NA,NA
BG31,BG,2005,9.140137480171008,7.275847466707294,18.2,-2.9536029379168927,-3.2160982882031344,-0.7170925452431707,NA,NA,NA,NA,NA,NA
BG31,BG,2006,9.090767052709054,7.497220364003678,17.5,-3.0411236629728,-2.8682934829529367,-0.7880439092868607,NA,NA,NA,NA,NA,NA
BG31,BG,2007,9.091300983005095,7.256182498780043,18.4,-3.0401771456132987,-3.246994438652084,-0.6968207269449737,NA,NA,NA,NA,NA,NA
BG31,BG,2008,9.134340880650887,7.304659992713765,17.4,-2.9638787775022526,-3.1708301676751263,-0.7981798184359594,2.4233983286908076,NA,NA,NA,NA,NA
BG31,BG,2009,9.120714104038589,7.490576994384275,17.4,-2.9880354524713386,-2.87873105640886,-0.7981798184359594,2.0515826494724503,NA,2.4233983286908076,NA,-0.5677816725019604,NA
BG31,BG,2010,9.184560601747366,7.316788529766036,17.1,-2.874852479201384,-3.1517747028058785,-0.8285875458832549,1.7185473411154346,NA,2.0515826494724503,NA,-0.756674935125425,NA
BG31,BG,2011,9.22366837993025,7.520459167758829,18.5,-2.8055247200984406,-2.8317823846521977,-0.6866848177958749,1.9835841313269493,NA,1.7185473411154346,NA,-0.9258666327338093,NA
BG31,BG,2012,9.233222634443731,7.344679875404156,18.2,-2.7885875509189177,-3.1079538730823364,-0.7170925452431707,2.1463757916959887,NA,1.9835841313269493,NA,-0.7912201753182717,NA
BG31,BG,2013,9.211883228233697,7.312478225914788,18.7,-2.8264166806181485,-3.158546735018772,-0.6664129994976778,2.28631727048892,NA,2.1463757916959887,NA,-0.7085172405747908,NA
BG31,BG,2014,9.239388204784845,7.61974267524445,19.4,-2.7776576235438037,-2.6757954440315443,-0.5954616354539878,1.8246869409660107,NA,2.28631727048892,NA,-0.6374228677900831,NA
BG31,BG,2015,9.239899174217728,7.663391988756425,20.6,-2.7767518097288075,-2.6072168548241597,-0.47383072566480455,1.5346181299072092,NA,1.8246869409660107,NA,-0.8719446051542514,NA
BG31,BG,2016,9.26381857205422,7.896728474746438,21.5,-2.734349036466134,-2.2406157394271506,-0.38260754332291746,2.2072577628133185,NA,1.5346181299072092,NA,-1.0193080628260525,NA
BG31,BG,2017,9.304586412295468,7.414011753986264,19.9,-2.662078425894106,-2.9990247276341666,-0.544782089708495,2.2950819672131146,NA,2.2072577628133185,NA,-0.677587414851798,NA
BG31,BG,2018,9.374337616110719,7.378409557925712,19.9,-2.538427968621124,-3.0549602780947143,-0.544782089708495,2.155644866642309,NA,2.2950819672131146,NA,-0.6329701449688757,NA
BG31,BG,2019,9.359757105547324,7.5211067182072995,20.6,-2.5642753619250818,-2.8307650010412377,-0.47383072566480455,1.694277108433735,NA,2.155644866642309,NA,-0.703808278833875,NA
BG31,BG,2020,9.413810303283304,7.461304820937227,19.3,-2.4684533222822407,-2.924721341169735,-0.6055975446030862,1.644479248238058,NA,1.694277108433735,NA,-0.9381966222746339,NA
BG31,BG,2021,9.504372149217355,7.4425855166247326,20.8,-2.3079110943532326,-2.954131734539206,-0.4535589073666075,1.6613924050632909,NA,1.644479248238058,NA,-0.9634953947841827,NA
BG31,BG,2022,9.517203638059788,7.414906849155733,19.8,-2.2851642544985036,-2.9976184199745592,-0.5549179988575933,1.7829457364341086,NA,1.6613924050632909,NA,-0.9549030154076681,NA
BG31,BG,2023,9.565997148467957,7.5075167660736994,18.8,-2.1986662509672024,-2.8521165337397414,-0.6562770903485791,2.0800627943485086,NA,1.7829457364341086,NA,-0.8931503604533277,NA
BG32,BG,2003,8.977828078742979,NA,NA,-3.2413346272428276,NA,NA,NA,NA,NA,NA,NA,NA
BG32,BG,2004,8.967394193365793,7.118361374033103,18.8,-3.259831149560064,-3.463528847504289,-0.6562770903485791,NA,NA,NA,NA,NA,NA
BG32,BG,2005,8.964246813707344,7.1802071199292605,20.3,-3.2654106222098793,-3.3663613628226967,-0.5042384531121004,NA,NA,NA,NA,NA,NA
BG32,BG,2006,8.97298401705267,7.344579050146671,20,-3.249921868900357,-3.1081122823070966,-0.5346461805593962,NA,NA,NA,NA,NA,NA
BG32,BG,2007,9.017193010851374,7.352723637544971,18.5,-3.171551002165684,-3.0953161059526075,-0.6866848177958749,NA,NA,NA,NA,NA,NA
BG32,BG,2008,9.041559147199921,7.487345508580796,19.3,-3.1283562795419155,-2.8838081290960518,-0.6055975446030862,2.221627408993576,NA,NA,NA,NA,NA
BG32,BG,2009,9.070070371219835,7.685206967233963,20.2,-3.0778134115390565,-2.5729427660193362,-0.5143743622611991,1.8077239112571895,NA,2.221627408993576,NA,-0.6702872134309225,NA
BG32,BG,2010,9.075361309782375,7.336121240335885,20.5,-3.0684339752443917,-3.121400570665835,-0.4839666348139033,2.117362371445856,NA,1.8077239112571895,NA,-0.8805623214173579,NA
BG32,BG,2011,9.13665700294062,7.244042292023383,19.7,-2.9597729045629966,-3.2660682381020867,-0.565053908006692,2.051600870376127,NA,2.117362371445856,NA,-0.7232569084189077,NA
BG32,BG,2012,9.2021320473737,7.436444769144752,20.1,-2.843702948185426,-2.9637796250779735,-0.5245102714102975,1.7604526878340143,NA,2.051600870376127,NA,-0.7566656783723192,NA
BG32,BG,2013,9.211883228233697,7.487386931486328,20.8,-2.8264166806181485,-2.883743048475219,-0.4535589073666075,1.8789808917197455,NA,1.7604526878340143,NA,-0.9045774883930421,NA
BG32,BG,2014,9.239388204784845,7.455382536791529,22,-2.7776576235438037,-2.9340259981945427,-0.3319279975774245,1.6002510197678066,NA,1.8789808917197455,NA,-0.8443616868648703,NA
BG32,BG,2015,9.210340371976184,7.559752023904014,22.7,-2.829151757166122,-2.770048340664856,-0.26097663353373457,2.2879804758999387,NA,1.6002510197678066,NA,-0.9859646311363577,NA
BG32,BG,2016,9.226431039982598,7.980908950954358,23.5,-2.8006272536738126,-2.108357570107691,-0.17988936034094583,1.6528925619834711,NA,2.2879804758999387,NA,-0.6365779106942425,NA
BG32,BG,2017,9.243961790479032,7.39044398493132,24.4,-2.7695498643722014,-3.0360526720051615,-0.08866617799905874,1.3201320132013201,NA,1.6528925619834711,NA,-0.9592211848149128,NA
BG32,BG,2018,9.279779033485706,7.3989919613501245,23,-2.7060553548327917,-3.022622720507327,-0.23056890608643874,2.407463135720734,NA,1.3201320132013201,NA,-1.1282732965063116,NA
BG32,BG,2019,9.300037870845701,7.611363899369638,25.2,-2.6701417882366174,-2.6889595600862406,-0.007578904806270009,2.7881040892193307,NA,2.407463135720734,NA,-0.5758772175768199,NA
BG32,BG,2020,9.287769582387938,7.581934864527677,26.6,-2.691890222597367,-2.735196293927266,0.13432382328111034,2.4123512383403023,NA,2.7881040892193307,NA,-0.3825004569582037,NA
BG32,BG,2021,9.353026520317705,7.5929455356420075,26.3,-2.576206911430112,-2.717897137755197,0.10391609583381453,2.65396393331065,NA,2.4123512383403023,NA,-0.573393918180222,NA
BG32,BG,2022,9.384355538936399,7.665466033393029,26.6,-2.5206688380174174,-2.603958268521481,0.13432382328111034,2.658486707566462,NA,2.65396393331065,NA,-0.4506475876861967,NA
BG32,BG,2023,9.416057001177041,7.732804418868526,26.3,-2.4644705204563304,-2.498161152739907,0.10391609583381453,3.0811365970558025,NA,2.658486707566462,NA,-0.44834988580583024,NA
BG33,BG,2003,9.078924195614348,NA,NA,-3.0621179199186392,NA,NA,NA,NA,NA,NA,NA,NA
BG33,BG,2004,9.118625163089717,7.546125707097487,18.5,-2.9917385929107256,-2.7914570068613616,-0.6866848177958749,NA,NA,NA,NA,NA,NA
BG33,BG,2005,9.123876959299228,7.649434780002369,19,-2.9824285456672333,-2.6291453940980603,-0.636005272050382,NA,NA,NA,NA,NA,NA
BG33,BG,2006,9.181738830914782,7.927718285711213,19.2,-2.879854733423301,-2.191926829000535,-0.6157334537521849,NA,NA,NA,NA,NA,NA
BG33,BG,2007,9.212253593422759,8.018446845633125,20,-2.825760120982178,-2.0493807924275798,-0.5346461805593962,NA,NA,NA,NA,NA,NA
BG33,BG,2008,9.275752534700715,8.127248115957801,20.3,-2.713193273445523,-1.8784402432528358,-0.5042384531121004,1.42224294707391,NA,NA,NA,NA,NA
BG33,BG,2009,9.192173068020734,8.176873748146354,20.5,-2.8613575875838815,-1.8004721019421628,-0.4839666348139033,1.4173998044965785,NA,1.42224294707391,NA,-1.0763979493201188,NA
BG33,BG,2010,9.229511989609632,8.1234219214913,21.2,-2.7951655439200027,-1.8844516784263534,-0.41301527077021327,1.679152673727719,NA,1.4173998044965785,NA,-1.0788584076975223,NA
BG33,BG,2011,9.303711087603787,7.762153375979401,21.5,-2.663630145326437,-2.45205023113699,-0.38260754332291746,2.2151054176674676,NA,1.679152673727719,NA,-0.9458802783887622,NA
BG33,BG,2012,9.339603038002302,7.870953409058137,22.3,-2.6000031993177264,-2.281111625832018,-0.3015202701301287,1.456844420010995,NA,2.2151054176674676,NA,-0.6736005761782398,NA
BG33,BG,2013,9.329666263890081,7.849035306885662,22.5,-2.617618474690591,-2.3155477349973825,-0.28124845183193165,1.0549093859886394,NA,1.456844420010995,NA,-1.0588193869302713,NA
BG33,BG,2014,9.325565901025898,7.75880577067557,25.2,-2.6248873348020845,-2.457309742237821,-0.007578904806270009,1.106821106821107,NA,1.0549093859886394,NA,-1.2630141645651558,NA
BG33,BG,2015,9.341368634382587,7.878417829236341,27,-2.596873263376263,-2.269384078159775,0.17486745987750454,1.4063656550703183,NA,1.106821106821107,NA,-1.236641488896778,NA
BG33,BG,2016,9.368261235421818,8.12263068356427,25.4,-2.5491997863052664,-1.8856948132295672,0.012692913491927083,1.8527791687531296,NA,1.4063656550703183,NA,-1.0844640790069806,NA
BG33,BG,2017,9.38527532354561,7.886228688316851,25.5,-2.5190383028968646,-2.2571122311789034,0.022828822641025807,1.9431624969638086,NA,1.8527791687531296,NA,-0.8576729300806617,NA
BG33,BG,2018,9.411242173046169,7.797327952006087,26.9,-2.4730059387359926,-2.396786525804803,0.1647315507284058,1.894685039370079,NA,1.9431624969638086,NA,-0.8117555502962116,NA
BG33,BG,2019,9.436449726335578,8.036379425488635,25.3,-2.428319606164239,-2.0212064426293357,0.0025570043428287167,1.6279690419001867,NA,1.894685039370079,NA,-0.8363835195841678,NA
BG33,BG,2020,9.400565076533283,7.836348304020694,23.2,-2.491933610144546,-2.3354806202536627,-0.21029708778824163,1.368738023542294,NA,1.6279690419001867,NA,-0.9718830635030039,NA
BG33,BG,2021,9.537524356534254,7.722398228682582,23.3,-2.2491409890343195,-2.514510592961458,-0.20016117863914293,1.4949714596357708,NA,1.368738023542294,NA,-1.1035800186549911,NA
BG33,BG,2022,9.531455660766989,7.656112472892946,25.9,-2.259899183382628,-2.6186538944443405,0.06337245923741999,2.0402825006539365,NA,1.4949714596357708,NA,-1.0394497333319126,NA
BG33,BG,2023,9.527282636287266,7.719752205217644,28.7,-2.267296853342501,-2.5186678303069043,0.34717791541218035,2.0664399686110384,NA,2.0402825006539365,NA,-0.7624157419223494,NA
BG34,BG,2003,8.998881487940812,NA,NA,-3.2040124946906428,NA,NA,NA,NA,NA,NA,NA,NA
BG34,BG,2004,9.007399527979493,7.464470033454143,18.5,-3.188912260024555,-2.9197483921932954,-0.6866848177958749,NA,NA,NA,NA,NA,NA
BG34,BG,2005,9.17188617848559,7.854255586874281,17.9,-2.897320883275685,-2.3073460152432155,-0.7475002726904666,NA,NA,NA,NA,NA,NA
BG34,BG,2006,9.137287068343948,7.955012059342963,17.8,-2.9586559650555473,-2.1490448604376704,-0.7576361818395649,NA,NA,NA,NA,NA,NA
BG34,BG,2007,9.133265182104127,8.161951306918061,17.6,-2.965785706844248,-1.8239171434474712,-0.777908000137762,NA,NA,NA,NA,NA,NA
BG34,BG,2008,9.183733635980463,8.142886684054131,17.7,-2.876318471035697,-1.853870075912731,-0.7677720909886636,1.259069568928724,NA,NA,NA,NA,NA
BG34,BG,2009,9.21490131909829,8.319783695895008,17.3,-2.821066402843921,-1.5759425088796049,-0.8083157275850578,1.3183915622940012,NA,1.259069568928724,NA,-1.1592948078816843,NA
BG34,BG,2010,9.272529374693324,8.223411526769866,16.9,-2.7189070846341226,-1.727355368915642,-0.8488593641814524,1.462857142857143,NA,1.3183915622940012,NA,-1.1291574965782682,NA
BG34,BG,2011,9.284293001746686,7.912120239493082,17.4,-2.698053281620345,-2.2164333313476465,-0.7981798184359594,1.4437869822485205,NA,1.462857142857143,NA,-1.0557647474969714,NA
BG34,BG,2012,9.348735521565576,7.869151686133343,19.1,-2.5838137186081487,-2.283942360301441,-0.6258693629012833,1.304244723737254,NA,1.4437869822485205,NA,-1.0654529480152737,NA
BG34,BG,2013,9.366033908060956,8.051032191819553,19.6,-2.5531482492937565,-1.9981850944772235,-0.5751898171557903,1.4680694886224614,NA,1.304244723737254,NA,-1.136344505196111,NA
BG34,BG,2014,9.40490264326242,8.28610586344227,20.5,-2.48424425024575,-1.6288546408547817,-0.4839666348139033,1.395007342143906,NA,1.4680694886224614,NA,-1.05311672307906,NA
BG34,BG,2015,9.400960731584833,8.370202186085534,20.9,-2.4912322182635385,-1.496728687423192,-0.4434229982175091,1.7606471567927673,NA,1.395007342143906,NA,-1.0902344348754547,NA
BG34,BG,2016,9.470310489775986,8.157154450709157,21.9,-2.3682934180269193,-1.8314536109189938,-0.34206390672652326,1.4981273408239701,NA,1.7606471567927673,NA,-0.9044786924622866,NA
BG34,BG,2017,9.481289976785199,7.772423275902557,21.8,-2.3488296881548476,-2.4359149201466392,-0.35219981587562166,1.2080536912751678,NA,1.4981273408239701,NA,-1.0378464531922902,NA
BG34,BG,2018,9.446833118148872,7.874998007109919,21.7,-2.409912595596235,-2.2747570510177764,-0.3623357250247204,0.9782125389061807,NA,1.2080536912751678,NA,-1.1852123689588234,NA
BG34,BG,2019,9.429715694154234,8.047938208889846,21.5,-2.440257266204051,-2.003046132768074,-0.38260754332291746,0.950834879406308,NA,0.9782125389061807,NA,-1.3019784107981138,NA
BG34,BG,2020,9.352774412696935,7.825028488448024,21.3,-2.5766538316391574,-2.3532654814485245,-0.40287936162111454,1.1884550084889645,NA,0.950834879406308,NA,-1.3158870642384337,NA
BG34,BG,2021,9.559030561755218,7.688529601533412,22.9,-2.2110161687541945,-2.5677224875229565,-0.24070481523553747,1.0699178900223938,NA,1.1884550084889645,NA,-1.1951690742338428,NA
BG34,BG,2022,9.731697447794515,7.725716603087636,22.7,-1.9049233954852025,-2.509297007297664,-0.26097663353373457,1.3556039699830549,NA,1.0699178900223938,NA,-1.2553894046303593,NA
BG34,BG,2023,9.615389903797533,7.781479617927058,21.8,-2.111105944500647,-2.4216862620201036,-0.35219981587562166,1.318312559923298,NA,1.3556039699830549,NA,-1.1102525028102894,NA
BG41,BG,2000,9.234803844154557,NA,NA,-2.785784483830556,NA,NA,NA,NA,NA,NA,NA,NA
BG41,BG,2001,9.26422399428257,7.357609559349875,25.8,-2.7336303299609823,-3.0876397051710462,0.05323655008832163,NA,NA,NA,NA,NA,NA
BG41,BG,2002,9.38355569061056,7.5944984897643,29.3,-2.5220867577926938,-2.7154572505211996,0.40799337030677196,NA,NA,NA,NA,NA,NA
BG41,BG,2003,9.445168590569232,8.212840108041107,29.5,-2.4128633632548286,-1.743964404064383,0.4282651886049691,NA,NA,NA,NA,NA,NA
BG41,BG,2004,9.50639069409848,8.236400211394015,30.1,-2.3043327475445063,-1.7069485034803027,0.4890806434995607,NA,NA,NA,NA,NA,NA
BG41,BG,2005,9.523862601642767,8.26001645798574,31.1,-2.273359671251735,-1.669844394771012,0.5904397349905465,NA,NA,NA,NA,NA,NA
BG41,BG,2006,9.572605139601793,8.531631792319697,31.5,-2.186952028406704,-1.2431023698224497,0.6309833715869407,NA,NA,NA,NA,NA,NA
BG41,BG,2007,9.630297483737783,8.647924763074254,31.9,-2.084678743597738,-1.0603914122516,0.6715270081833349,NA,NA,NA,NA,NA,NA
BG41,BG,2008,9.655242156405619,8.67341973803484,33.2,-2.0404584289194077,-1.0203355837860535,0.8032938271216169,5.904059040590405,NA,NA,NA,NA,NA
BG41,BG,2009,9.646245875194275,8.914761837154275,33.6,-2.056406458841377,-0.6411566381786037,0.843837463718011,5.354224742862637,NA,5.904059040590405,NA,1.2004959841535834,NA
BG41,BG,2010,9.695386225513356,8.708278758121674,33.7,-1.9692935997772811,-0.9655676567245857,0.8539733728671098,5.672784375306703,NA,5.354224742862637,NA,0.9211640457629878,NA
BG41,BG,2011,9.734494003696241,8.555650269987517,33.6,-1.8999658406743374,-1.2053663052468575,0.843837463718011,5.574136008918618,NA,5.672784375306703,NA,1.0830016757386538,NA
BG41,BG,2012,9.75420062967374,8.492636878749106,32.8,-1.8650311989743968,-1.3043683083623843,0.762750190525222,6.127049180327869,NA,5.574136008918618,NA,1.032885414319304,NA
BG41,BG,2013,9.753480510666442,8.49320966642139,33,-1.866307779731041,-1.303468386523527,0.7830220088234194,6.662541254125412,NA,6.127049180327869,NA,1.3137815107790893,NA
BG41,BG,2014,9.75221183121351,8.397167720228685,35.1,-1.8685568132373798,-1.4543624245894464,0.9958761009544898,6.726548943554149,NA,6.662541254125412,NA,1.5858271790555474,NA
BG41,BG,2015,9.798127036878302,8.284257007960175,37.5,-1.7871612836165238,-1.6317594265297184,1.2391379205328557,7.68306120404688,NA,6.726548943554149,NA,1.6183449612927052,NA
BG41,BG,2016,9.798217363538276,8.202700601902622,38.6,-1.78700115831117,-1.7598948499360259,1.3506329211729402,7.9944039172579195,NA,7.68306120404688,NA,2.104281224130372,NA
BG41,BG,2017,9.808666647921926,8.272924749700127,39.4,-1.7684773376236296,-1.6495638367593222,1.4317201943657285,7.563266871165644,NA,7.9944039172579195,NA,2.2624524476142995,NA
BG41,BG,2018,9.821526567590283,8.31787774855624,39.2,-1.7456800974254842,-1.5789369930783181,1.4114483760675318,7.942204174142978,NA,7.563266871165644,NA,2.0434221919633906,NA
BG41,BG,2019,9.904774094061594,8.254635916179678,39.8,-1.5981042255840925,-1.6782979060989702,1.4722638309621228,7.58348570878645,NA,7.942204174142978,NA,2.235933448184753,NA
BG41,BG,2020,9.899318119065004,8.48840802512305,39.5,-1.6077762278764853,-1.3110123719754332,1.4418561035148272,8.361570659756827,NA,7.58348570878645,NA,2.0536939540705643,NA
BG41,BG,2021,9.928390665221267,8.60617706912096,42.7,-1.5562382840177194,-1.12598231674986,1.7662051962859822,8.899627504278667,NA,8.361570659756827,NA,2.4489839141281626,NA
BG41,BG,2022,9.933771159972258,8.449917818897086,43.1,-1.5467000882601654,-1.3714853514772465,1.8067488328823764,9.695836204350822,NA,8.899627504278667,NA,2.722332561103668,NA
BG41,BG,2023,9.978469993733526,8.531540352496599,43.2,-1.4674608646793192,-1.2432460333433828,1.816884742031475,10.220440881763528,NA,9.695836204350822,NA,3.1268299168956277,NA
BG42,BG,2003,8.977828078742979,NA,NA,-3.2413346272428276,NA,NA,NA,NA,NA,NA,NA,NA
BG42,BG,2004,9.026817613836593,7.209651126588563,16.4,-3.154489123730647,-3.320101106364051,-0.8995389099269453,NA,NA,NA,NA,NA,NA
BG42,BG,2005,9.073446105672337,7.2108702044371356,16.1,-3.0718291261668687,-3.3181857809611404,-0.9299466373742408,NA,NA,NA,NA,NA,NA
BG42,BG,2006,9.090767052709054,7.647449409017243,15.6,-3.0411236629728,-2.63226466288509,-0.9806261831197338,NA,NA,NA,NA,NA,NA
BG42,BG,2007,9.062313446131844,7.634207926580863,16.6,-3.091564390471303,-2.6530687056394444,-0.8792670916287478,NA,NA,NA,NA,NA,NA
BG42,BG,2008,9.055352469332256,7.774055331738713,16.6,-3.1039043633643226,-2.4333507541209682,-0.8792670916287478,1.6796640671865628,NA,NA,NA,NA,NA
BG42,BG,2009,9.002931068382205,7.808622452952479,17.5,-3.1968336583988957,-2.379041437087829,-0.7880439092868607,1.7837584102644344,NA,1.6796640671865628,NA,-0.9456204755231907,NA
BG42,BG,2010,9.075361309782375,7.606975977892762,18.1,-3.0684339752443917,-2.6958535394005874,-0.7272284543922691,1.7448754870404881,NA,1.7837584102644344,NA,-0.8927374983287889,NA
BG42,BG,2011,9.113667484715922,7.515446142060664,19,-3.000527246932467,-2.839658481717187,-0.636005272050382,1.6129032258064515,NA,1.7448754870404881,NA,-0.9124911629497893,NA
BG42,BG,2012,9.159114662290008,7.683809051070683,19.1,-2.9199614074713063,-2.575139069021482,-0.6258693629012833,2.027146130794994,NA,1.6129032258064515,NA,-0.9795369396440352,NA
BG42,BG,2013,9.15839454328271,7.740426724817614,19.3,-2.9212379882279507,-2.4861855465633727,-0.6055975446030862,2.0488304592794946,NA,2.027146130794994,NA,-0.7690894028257858,NA
BG42,BG,2014,9.122854388528895,7.7677925011287705,20.5,-2.9842412934970857,-2.443190452689351,-0.4839666348139033,1.8085282893645263,NA,2.0488304592794946,NA,-0.7580731284076465,NA
BG42,BG,2015,9.20029003612268,7.786820729005547,21.4,-2.8469683475051832,-2.413294701349574,-0.3927434524720162,1.8940663761314112,NA,1.8085282893645263,NA,-0.8801536737632375,NA
BG42,BG,2016,9.226431039982598,7.7351763270505565,21.5,-2.8006272536738126,-2.4944345851546355,-0.38260754332291746,1.8556005398110662,NA,1.8940663761314112,NA,-0.8366978186418698,NA
BG42,BG,2017,9.216810801413082,7.971698071131545,21.5,-2.817681395152812,-2.1228290266503924,-0.38260754332291746,1.8538884524744699,NA,1.8556005398110662,NA,-0.8562395908914016,NA
BG42,BG,2018,9.271480230671012,7.722624723256979,22.2,-2.7207669398195287,-2.514154741354055,-0.31165617927922745,1.9779869197639177,NA,1.8538884524744699,NA,-0.8571093814381205,NA
BG42,BG,2019,9.322852548611872,7.731928960801705,22.7,-2.629697391810216,-2.499536608028943,-0.26097663353373457,2.6380873866446826,NA,1.9779869197639177,NA,-0.7940637228414893,NA
BG42,BG,2020,9.324403715567719,7.7912974534261386,22.5,-2.6269475825896427,-2.406261201385132,-0.28124845183193165,2.929519214199552,NA,2.6380873866446826,NA,-0.4587133387197003,NA
BG42,BG,2021,9.346469119771546,7.644859817658362,22,-2.58783145024384,-2.6363332382583775,-0.3319279975774245,3.245831855267826,NA,2.929519214199552,NA,-0.3106574287191188,NA
BG42,BG,2022,9.384355538936399,7.801785507619228,22.6,-2.5206688380174174,-2.3897831424599816,-0.2711125426828329,2.95402901590631,NA,3.245831855267826,NA,-0.14996133621963595,NA
BG42,BG,2023,9.344961079493311,7.7849082151980165,22.8,-2.590504807258348,-2.416299502300776,-0.25084072438463584,3.554175293305728,NA,2.95402901590631,NA,-0.29820573109201376,NA
CY00,CY,2000,10.702098914638846,NA,NA,-0.18465795846864255,NA,NA,2.211410704198458,2.0466160509792286,NA,NA,NA,NA
CY00,CY,2001,10.7207229230865,9.171655334884257,25.1,-0.15164251163982684,-0.23754447951225155,-0.017714813955368374,2.385966501362439,2.32752413640775,2.211410704198458,2.0466160509792286,-0.6754775989091995,-0.6873071982869677
CY00,CY,2002,10.735946776690866,9.103481144410816,26.8,-0.12465464108460553,-0.34465475059913653,0.15459564157930744,2.4661548162160156,2.4479133158771162,2.385966501362439,2.32752413640775,-0.586798137877702,-0.5516347491873329
CY00,CY,2003,10.725442605251537,9.219070693766682,29.1,-0.14327576202163078,-0.16304895696465263,0.3877215520085749,2.7323969889916278,2.8090808542852157,2.4661548162160156,2.4479133158771162,-0.5460601236852605,-0.493489413858918
CY00,CY,2004,10.73632865747994,9.177751031348626,29.5,-0.12397766733204231,-0.22796736981387827,0.4282651886049691,2.919324656171521,3.0899889397137374,2.7323969889916278,2.8090808542852157,-0.41080129659849085,-0.31905340787367287
CY00,CY,2005,10.747480311687026,9.21524636543153,29.4,-0.10420873050180887,-0.16905746020992182,0.41812927945587036,2.7831719559476693,3.049859213223948,2.919324656171521,3.0899889397137374,-0.31583656299061375,-0.1833809587740378
CY00,CY,2006,10.776749552215694,9.269740289147531,28.8,-0.05232209948410295,-0.08344061751220354,0.3573138245612791,2.673176027415178,3.0097294867341593,2.7831719559476693,3.049859213223948,-0.3850061252165634,-0.20276273721684313
CY00,CY,2007,10.781848272521547,9.441385162144297,30.5,-0.043283415377724,0.18623517547751908,0.5296242800959549,3.0995388400529156,3.6919348370605687,2.673176027415178,3.0097294867341593,-0.44088728079203254,-0.22214451565964805
CY00,CY,2008,10.783511873752792,9.453388064683816,33.1,-0.04033428989010968,0.20509325264586103,0.7931579179725181,2.86540483701367,4.3741401873869785,3.0995388400529156,3.6919348370605687,-0.22428247566448434,0.10734571786803683
CY00,CY,2009,10.763753221953703,9.540140481710397,34.5,-0.07536115962738538,0.34139226610872886,0.9350606460598981,2.4671916010498687,3.7721942900401464,2.86540483701367,4.3741401873869785,-0.34322941146382785,0.4368359513957219
CY00,CY,2010,10.779083229052935,9.370022105544798,34.1,-0.048185106969730385,0.07411479260419647,0.894517009463504,2.140672782874618,3.370897025142259,2.4671916010498687,3.7721942900401464,-0.5455334066024393,0.14610927475364688
CY00,CY,2011,10.781671448007868,9.317454512449423,35.7,-0.04359687852642202,-0.008475541182374365,1.0566915558490815,2.554375316135559,4.053102375468669,2.140672782874618,3.370897025142259,-0.7114145362060664,-0.04770850967440272
CY00,CY,2012,10.781284805230515,9.148820453049206,37.7,-0.044282294026170545,-0.2734209654170183,1.259409738831053,2.948851774530272,4.534659093346134,2.554375316135559,4.053102375468669,-0.5012415240632441,0.28178172385328215
CY00,CY,2013,10.77033185904494,8.939859835137035,39.3,-0.06369897402956942,-0.6017245107268104,1.4215842852166298,2.64026402640264,3.852453743019724,2.948851774530272,4.534659093346134,-0.30083592145129306,0.514363065166942
CY00,CY,2014,10.773466190597535,8.830573325847752,39.3,-0.05814263222434454,-0.7734274316536807,1.4215842852166298,2.904564315352697,4.213621281427823,2.64026402640264,3.852453743019724,-0.45760754192731967,0.18487283163925694
CY00,CY,2015,10.791378809888585,8.761827304965609,40.3,-0.026388290433173627,-0.8814361205973309,1.5229433767076157,2.943650126156434,4.213621281427823,2.904564315352697,4.213621281427823,-0.32333524873878683,0.35930883762450183
CY00,CY,2016,10.809415497374737,8.772741239418945,40.5,0.005585991491189643,-0.8642889499480985,1.543215195005813,2.961527816219208,4.2938807344074,2.943650126156434,4.213621281427823,-0.3034785112808016,0.35930883762450183
CY00,CY,2017,10.813385933438317,9.163866350781856,41.9,0.012624525709684887,-0.24978195813731321,1.685117923093193,3.095238095238095,4.6951779993052885,2.961527816219208,4.2938807344074,-0.2943961207500213,0.39807239451011167
CY00,CY,2018,10.815135612960551,9.31698488592469,42.5,0.015726245266790714,-0.009213383817900307,1.7459333779877846,3.210433910208177,5.136604990692966,3.095238095238095,4.6951779993052885,-0.2264673800813455,0.5918901789381616
CY00,CY,2019,10.827141231837977,9.211918887660502,44.1,0.03700903585447497,-0.17428534841241258,1.908107924373362,2.863905325443787,4.855696905264444,3.210433910208177,5.136604990692966,-0.1679445297916221,0.805089741809017
CY00,CY,2020,10.797906548161553,9.216583229679603,44.6,-0.01481633499354024,-0.1669570774840985,1.958787470118855,3.296703296703297,5.65829143506022,2.863905325443787,4.855696905264444,-0.3439912072906535,0.6694172927093818
CY00,CY,2021,10.876596981061521,9.279778112465797,45,0.12468101385311145,-0.06766992820478082,1.9993311067152493,3.8896426956128445,6.902312956243673,3.296703296703297,5.65829143506022,-0.12411715297457866,1.057052861565482
CY00,CY,2022,10.919598619692493,9.274342807122695,47,0.2009115588382672,-0.07620947997205085,2.202049289697221,4.699288639793059,8.748280374773957,3.8896426956128445,6.902312956243673,0.17711344018780528,1.6578879932924369
CY00,CY,2023,10.926688409144555,9.36824850745836,48,0.2134798825339925,0.07132824581107132,2.303408381188207,6.294142085583715,12.159307126406006,4.699288639793059,8.748280374773957,0.5884373098201041,2.5494498016614666
CZ01,CZ,2000,10.415826348060683,NA,NA,-0.6921435906285892,NA,NA,7.65411603708403,7.130427200406976,NA,NA,NA,NA
CZ01,CZ,2001,10.476392579989529,9.500234097029795,25.5,-0.5847756619955674,0.27869429123652195,0.022828822641025807,8.244411618701,8.100426453307337,7.65411603708403,7.130427200406976,2.0895762309566375,1.768062174049589
CZ01,CZ,2002,10.522224098305337,9.490497051112222,25.8,-0.5035284879356757,0.263396161246654,0.05323655008832163,7.426861933419139,7.77864785498943,8.244411618701,8.100426453307337,2.389463687446503,2.2365505554539578
CZ01,CZ,2003,10.563530590175354,9.492728015950625,27.1,-0.43030299032851366,0.2669012890225362,0.18500336902660325,7.66467001284815,7.456869256671522,7.426861933419139,7.77864785498943,1.9741244856830802,2.0811385443150088
CZ01,CZ,2004,10.628710930828609,9.417886285739353,26.2,-0.3147554658968068,0.1493154701683486,0.09378018668471581,8.147934476076708,7.251677107019522,7.66467001284815,7.456869256671522,2.0949379599722735,1.9257265331760596
CZ01,CZ,2005,10.667751707632993,9.545194707364828,26.6,-0.2455464825373104,0.34933309351307257,0.13432382328111034,7.703007047044137,8.053791873840973,8.147934476076708,7.251677107019522,2.340450471335761,1.8266232217251355
CZ01,CZ,2006,10.69322920608664,9.584827064345363,27.1,-0.200381608504322,0.4116005362288184,0.18500336902660325,6.918454780033896,8.328935892692519,7.703007047044137,8.053791873840973,2.114414296967558,2.2140270755787474
CZ01,CZ,2007,10.786043023818765,9.695145056311064,27.5,-0.03584722951029011,0.5849240468293646,0.22554700562299745,7.645882228293847,8.82792589298261,6.918454780033896,8.328935892692519,1.715838750810538,2.346915606842487
CZ01,CZ,2008,10.739639427513078,9.873995575859709,27.7,-0.11810854671288315,0.8659208214129761,0.24581882392119453,7.581171353114804,6.640764116010159,7.645882228293847,8.82792589298261,2.0853932147657517,2.587916841507235
CZ01,CZ,2009,10.68136055928241,9.871815508556066,30.8,-0.22142158379194007,0.8624956600981263,0.5600320075432507,8.061566595550136,6.738696732889523,7.581171353114804,6.640764116010159,2.0525181935577015,1.5315656353598834
CZ01,CZ,2010,10.740436019227982,9.748101312002449,30.3,-0.11669640004845226,0.6681250186848406,0.5093524617977578,7.975460122699387,7.340282808005613,8.061566595550136,6.738696732889523,2.296573056663969,1.578864943097825
CZ01,CZ,2011,10.740139504458412,9.718456448879069,34.7,-0.11722204240069896,0.6215491913309996,0.9553324643580956,8.49146110056926,7.811292060615884,7.975460122699387,7.340282808005613,2.252828444753117,1.8694178334880345
CZ01,CZ,2012,10.715369730344834,9.740224213217358,37.5,-0.16113230814757742,0.655749100754756,1.2391379205328557,7.558859975216851,7.746003649362976,8.49146110056926,7.811292060615884,2.5149720650319645,2.096904980227656
CZ01,CZ,2013,10.72658496808724,9.692842514106617,37.5,-0.1412506545069215,0.5813064619633824,1.2391379205328557,8.518518518518519,8.016484210267881,7.558859975216851,7.746003649362976,2.0411833596592786,2.065372108402362
CZ01,CZ,2014,10.764539758933397,9.74637370264689,38.4,-0.07396683735218997,0.6654107260013328,1.3303611028747426,9.4847593996596,8.249657107599699,8.518518518518519,8.016484210267881,2.5287180263785825,2.196008291678579
CZ01,CZ,2015,10.81777628173961,9.720196430006213,40.3,0.020407453391913515,0.6242829216315762,1.5229433767076157,8.43783867471745,8.147061032773701,9.4847593996596,8.249657107599699,3.0195967136426645,2.3086256910546292
CZ01,CZ,2016,10.852334675123391,9.861996048193031,40.5,0.0816703551167697,0.8470680465964837,1.543215195005813,9.694032111481368,8.3009551450127,8.43783867471745,8.147061032773701,2.4877303010745466,2.2590740353291676
CZ01,CZ,2017,10.887248838686808,9.820694123108924,43.3,0.14356394338164102,0.7821775013410551,1.827020651180573,9.181432127690732,8.44085888341179,9.694032111481368,8.3009551450127,3.1259133848416183,2.333401518917361
CZ01,CZ,2018,10.900968845604789,9.817236333800784,45.6,0.1678858910528264,0.7767448772411698,2.060146561609841,9.711360727996588,9.023791126741335,9.181432127690732,8.44085888341179,2.8654975692350777,2.4009719585429905
CZ01,CZ,2019,10.933600994166296,9.96470484767629,46.4,0.2257340695891808,1.008436553934259,2.1412338348026294,10.280242219405718,8.618070285383972,9.711360727996588,9.023791126741335,3.1347168299173935,2.682515456983116
CZ01,CZ,2020,10.902637616547612,9.97093594763586,45.5,0.1708441810733178,1.0182263996398584,2.050010652460742,10.438772583882994,8.916531593968697,10.280242219405718,8.618070285383972,3.4237253009541027,2.486561182068789
CZ01,CZ,2021,10.929218057522672,9.963895779564476,45.9,0.21796428081796268,1.0071654056568498,2.0905542890571365,13.15677666052967,9.536771500871332,10.438772583882994,8.916531593968697,3.5042633724898473,2.6307114532701323
CZ01,CZ,2022,10.969999195901693,9.969261577720204,49.8,0.2902584654751191,1.015595752846398,2.485854745871981,11.244266903388075,9.392204304525604,13.15677666052967,9.536771500871332,4.88508910566221,2.930273735610426
CZ01,CZ,2023,10.89831847738928,10.058743709008212,51.5,0.1631874883893044,1.1561834924752936,2.658165201406657,12.728088543224647,8.781291313516244,11.244266903388075,9.392204304525604,3.913478095106823,2.8604509479972746
CZ02,CZ,2000,10.165248025812279,NA,NA,-1.1363527574091234,NA,NA,2.586269408760954,3.3449530577941853,NA,NA,NA,NA
CZ02,CZ,2001,10.167845369073786,9.100830266230561,8.1,-1.1317483539807467,-0.3488196153160269,-1.7408193693021272,3.54457375279927,3.6653508602648928,2.586269408760954,3.3449530577941853,-0.48503839022259765,-0.060238877335784265
CZ02,CZ,2002,10.16925973376314,9.146590302911092,8.9,-1.1292410590378168,-0.27692481319576007,-1.659732096109339,3.57847129302306,3.43100275331489,3.54457375279927,3.6653508602648928,0.001808303580570592,0.09450623966941102
CZ02,CZ,2003,10.209449681413668,8.983590565826088,8.5,-1.0579948993596597,-0.5330180048423472,-1.7002757327057332,3.329246693064921,3.355938125307467,3.57847129302306,3.43100275331489,0.019029247520434795,-0.01867876019724594
CZ02,CZ,2004,10.231409133359605,9.0809430584485,9.1,-1.0190665923762965,-0.3800649326700714,-1.6394602778111413,2.8779463108255974,3.38340079409067,3.329246693064921,3.355938125307467,-0.1075841538054241,-0.054933330467034476
CZ02,CZ,2005,10.268151718977226,9.204071258500583,9.9,-0.9539316948475877,-0.1866149658361165,-1.5583730046183528,3.8401164671627304,3.5408534284477042,2.8779463108255974,3.38340079409067,-0.3368579751881392,-0.04166946329516088
CZ02,CZ,2006,10.331508646941332,9.264669080552324,10.5,-0.8416165993988667,-0.0914081272633089,-1.4975575497237614,3.394518766445213,3.6214105902117675,3.8401164671627304,3.5408534284477042,0.15195266456628267,0.03437670849024975
CZ02,CZ,2007,10.375894066398173,9.203012330369058,10.7,-0.7629329765809981,-0.18827867578912943,-1.4772857314255643,3.0997250080879977,3.9363158589258345,3.394518766445213,3.6214105902117675,-0.07442402746292832,0.07328405219441296
CZ02,CZ,2008,10.377407198509479,9.227456201091039,11,-0.7602505930916322,-0.1498742649518024,-1.4468780039782685,3.6573146292585172,3.0996198833309005,3.0997250080879977,3.9363158589258345,-0.22418789684624627,0.22537639576523358
CZ02,CZ,2009,10.308380906318733,9.098671621286462,12.7,-0.8826159735637888,-0.35221111939604843,-1.2745675484435928,4.1278295605858855,3.1600377546539486,3.6573146292585172,3.0996198833309005,0.05908397315476748,-0.178729424071191
CZ02,CZ,2010,10.34136070921859,8.976458768639015,13.8,-0.8241514957299544,-0.5442229597488769,-1.1630725478035082,4.155585106382978,3.376077415748483,4.1278295605858855,3.1600377546539486,0.2981193486352267,-0.14954891629306827
CZ02,CZ,2011,10.395299018166682,8.95335394633407,15.3,-0.7285331235563586,-0.5805235562548376,-1.0110339105670294,4.901639344262295,3.502405692151219,4.155585106382978,3.376077415748483,0.3122199793900392,-0.04520649454099357
CZ02,CZ,2012,10.38662617109528,9.053046457602145,16.9,-0.7439077901940552,-0.4238940189900606,-0.8488593641814524,4.735152487961477,3.394385861603952,4.901639344262295,3.502405692151219,0.691237398406211,0.01580729444962615
CZ02,CZ,2013,10.366799601734114,9.024001554061293,18.6,-0.77905505982622,-0.4695272339992663,-0.6765489086467762,4.988807163415414,3.5866245430863763,4.735152487961477,3.394385861603952,0.6066571958265429,-0.0363639164264111
CZ02,CZ,2014,10.422870455612534,8.989679312102282,19.9,-0.6796562488735507,-0.5234518147681643,-0.544782089708495,4.965997153250039,3.7861866029109885,4.988807163415414,3.5866245430863763,0.7355212053457646,0.056483153776706034
CZ02,CZ,2015,10.439980923050696,9.010616977311638,21.7,-0.6493239104025613,-0.49055609600822897,-0.3623357250247204,4.657618753855645,3.6433807252383303,4.965997153250039,3.7861866029109885,0.7239330516410314,0.15286725522565628
CZ02,CZ,2016,10.475749077529942,8.981338391864698,21.6,-0.5859164218539201,-0.536556454831471,-0.37247163417381873,4.636880085981883,3.8777288321883336,4.657618753855645,3.6433807252383303,0.5672677864573112,0.0838951459319121
CZ02,CZ,2017,10.488752399894738,9.063417585406992,21.4,-0.5628649665595613,-0.40759966620142507,-0.3927434524720162,4.686795853988283,3.8905447442871623,4.636880085981883,3.8777288321883336,0.5567319353458824,0.19708014579856928
CZ02,CZ,2018,10.500393722790816,9.058117084154107,21.9,-0.5422279765059526,-0.41592742370246977,-0.34206390672652326,4.448372367064369,4.24023606012662,4.686795853988283,3.8905447442871623,0.5820906084790497,0.20326995047877727
CZ02,CZ,2019,10.578666694705348,9.259105395715226,23.6,-0.40347067570033024,-0.10014937944401042,-0.1697534511918471,4.459244244968872,4.156017209191462,4.448372367064369,4.24023606012662,0.46096448914541,0.3721631924673044
CZ02,CZ,2020,10.513320494847429,9.350080799075137,23.2,-0.519312224684702,0.042784479373352835,-0.21029708778824163,4.816314723748915,4.223758458856698,4.459244244968872,4.156017209191462,0.46648772176578435,0.33148733314022427
CZ02,CZ,2021,10.536331731621367,9.13884120800108,24.2,-0.47851938106510383,-0.28909962085721125,-0.10893799629725583,5.736636245110822,4.719917341539907,4.816314723748915,4.223758458856698,0.647889990398126,0.3642048721641801
CZ02,CZ,2022,10.539216279809239,9.222896917745977,25.6,-0.4734058391769806,-0.1570374754228049,0.03296473179012453,6.063675832127351,4.311638998962948,5.736636245110822,4.719917341539907,1.115440297039574,0.6038387390693681
CZ02,CZ,2023,10.5782812146651,9.33780323885227,24.9,-0.4041540299743643,0.023494880265181557,-0.03798663225356583,5.524779158556671,4.329947444818417,6.063675832127351,4.311638998962948,1.281585992477833,0.40664924711417627
CZ03,CZ,2000,9.999998452916971,NA,NA,-1.4292965940028373,NA,NA,3.04849085752496,2.9716917423265214,NA,NA,NA,NA
CZ03,CZ,2001,10.025670880293244,8.974311051296448,9.3,-1.3837861624869654,-0.5475972951855395,-1.6191884595129444,3.3261853157105,3.3423108938638433,3.04849085752496,2.9716917423265214,-0.25021634695878303,-0.24051591260302058
CZ03,CZ,2002,10.027379146527696,8.919866809156717,10,-1.3807578577484054,-0.6331360818467235,-1.5482370954692544,3.330275334564178,3.14352425803928,3.3261853157105,3.3423108938638433,-0.10913942322766526,-0.06151498461053706
CZ03,CZ,2003,10.070723471912041,8.808658634205113,10.7,-1.3039198196815802,-0.8078581824455512,-1.4772857314255643,2.9307829469930295,3.1014084453645836,3.330275334564178,3.14352425803928,-0.10706157377525154,-0.15752457326105085
CZ03,CZ,2004,10.117885307062618,8.887678963080464,10.5,-1.22031434532091,-0.6837072568762758,-1.4975575497237614,3.2340331850203934,3.032338512578083,2.9307829469930295,3.1014084453645836,-0.31001541542116945,-0.1778655878056516
CZ03,CZ,2005,10.142110998081861,8.929865922323467,11.2,-1.177368595162711,-0.6174262110806568,-1.4266061856800714,2.85217883418223,3.338941628849867,3.2340331850203934,3.032338512578083,-0.15595540651366208,-0.21122485165879618
CZ03,CZ,2006,10.211778191000553,8.94334413574701,10.8,-1.0538670670150672,-0.5962502340204672,-1.4671498222764656,3.409557066092588,3.296825816175172,2.85217883418223,3.338941628849867,-0.34994860854435433,-0.0631422657741054
CZ03,CZ,2007,10.15626545719141,9.048838168011214,11.7,-1.1522764785308162,-0.43050577390444184,-1.3759266399345786,3.7546725737228304,3.505720247041662,3.409557066092588,3.296825816175172,-0.0667841304831303,-0.08348328031870547
CZ03,CZ,2008,10.175703978433138,8.992441580026169,12.7,-1.117817115698648,-0.5191119426833269,-1.2745675484435928,3.8047138047138054,2.840290406781471,3.7546725737228304,3.505720247041662,0.10854466241574426,0.017408151822512256
CZ03,CZ,2009,10.180703188945671,8.910341563131563,12.7,-1.1089548361670152,-0.6481014474321205,-1.2745675484435928,3.7151702786377716,2.961583947284595,3.8047138047138054,2.840290406781471,0.13396707442228187,-0.30397987798217374
CZ03,CZ,2010,10.205095829698406,8.904780198782257,14.1,-1.0657131282366383,-0.6568390538331706,-1.1326648203562126,3.5265363128491622,3.1873247032209635,3.7151702786377716,2.961583947284595,0.08847633873607087,-0.2453977560937245
CZ03,CZ,2011,10.225835616316097,8.893268732701594,14,-1.0289469656652503,-0.6749250222024996,-1.142800729505311,3.9283851903354776,3.345680158877819,3.5265363128491622,3.1873247032209635,-0.007355244575099598,-0.1363699181346664
CZ03,CZ,2012,10.217392249056692,8.823162426455669,15.1,-1.0439148252209711,-0.7850708914054009,-1.0313057288652268,3.2867132867132867,3.303564346203123,3.9283851903354776,3.345680158877819,0.19679576301430654,-0.05988770344696894
CZ03,CZ,2013,10.226570260425465,8.775519747164875,17,-1.0276446357399223,-0.8599235630499658,-0.8387234550323537,2.867570385818561,3.547836059716357,3.2867132867132867,3.303564346203123,-0.12919237084764162,-0.08022871799156966
CZ03,CZ,2014,10.243583802513735,8.851912427576394,18,-0.9974841203082486,-0.7399010053766283,-0.7373643635413678,3.002070393374741,3.719668575429115,2.867570385818561,3.547836059716357,-0.34212924920067084,0.037749166367112334
CZ03,CZ,2015,10.268130666124037,8.758079327177166,17.6,-0.9539690159944826,-0.887324667482301,-0.777908000137762,3.39097999321804,3.524251204618528,3.002070393374741,3.719668575429115,-0.27379930328882246,0.12074050570908183
CZ03,CZ,2016,10.281789816655778,8.787316099813893,18.7,-0.9297549506188695,-0.841390001869433,-0.6664129994976778,3.8558256496227994,3.6893451903033343,3.39097999321804,3.524251204618528,-0.07622182798056802,0.026358198222136368
CZ03,CZ,2017,10.331123455691154,8.748815577817615,19.1,-0.8422994417244015,-0.9018791887504198,-0.6258693629012833,3.7985136251032205,3.7179839429221277,3.8558256496227994,3.6893451903033343,0.15993338967789664,0.10609497523696963
CZ03,CZ,2018,10.359167293944493,8.755256482996748,20,-0.7925851252102439,-0.8917597125235532,-0.5346461805593962,3.9980256663376115,4.001002204096082,3.7985136251032205,3.7179839429221277,0.13081720145846032,0.1199268651272981
CZ03,CZ,2019,10.377029348612101,8.80055255198598,20.1,-0.7609204211381136,-0.8205938622961557,-0.5245102714102975,3.81516197993751,3.9521478613934353,3.9980256663376115,4.001002204096082,0.23217516592261908,0.2566184828670125
CZ03,CZ,2020,10.354965719395654,8.882059446036724,20.3,-0.8000334069002131,-0.6925362285113245,-0.5042384531121004,3.929045092838196,4.048171914291741,3.81516197993751,3.9521478613934353,0.13927505366246928,0.23302290599527617
CZ03,CZ,2021,10.358997716338452,8.853974089094065,19.8,-0.7928857415062113,-0.7366618745191362,-0.5549179988575933,3.941292875989446,4.607469906611699,3.929045092838196,4.048171914291741,0.19713101282683176,0.27940041915696484
CZ03,CZ,2022,10.374324358150568,8.93865818862617,21.6,-0.7657156546135603,-0.6036124492947005,-0.37247163417381873,4.026512013256007,4.263804875186182,3.941292875989446,4.607469906611699,0.20335324563908935,0.5495290923092578
CZ03,CZ,2023,10.37708211760545,9.055081279880977,21.7,-0.7608268756535835,-0.42069705596951373,-0.3623357250247204,3.8244835239883894,4.228427592539438,4.026512013256007,4.263804875186182,0.24664706506617193,0.3835464136253184
CZ04,CZ,2000,9.976281926299656,NA,NA,-1.4713397301890645,NA,NA,1.7942936579246274,1.8685320019676728,NA,NA,NA,NA
CZ04,CZ,2001,9.968512466453296,8.609247433127708,7.4,-1.4851129299364272,-1.1211583867726311,-1.8117707333458177,2.030353355147409,2.089122585533301,1.7942936579246274,1.8685320019676728,-0.8873852837388512,-0.7733178912085323
CZ04,CZ,2002,9.977368725953035,8.769488358421563,7,-1.4694131215177595,-0.8693996371894622,-1.8523143699422118,1.9121861744812565,1.9803245149059097,2.030353355147409,2.089122585533301,-0.7674600388539201,-0.666777473637384
CZ04,CZ,2003,10.028163857493245,8.691112202523671,7.2,-1.3793667725138872,-0.9925384855816806,-1.8320425516440146,2.0423525023147993,1.9154449315042543,1.9121861744812565,1.9803245149059097,-0.8274924300052827,-0.7193245574168192
CZ04,CZ,2004,10.050062710723857,8.87676290844338,6.5,-1.340545891043638,-0.7008577586021867,-1.9029939156877047,2.117906558353043,1.8884949507066435,2.0423525023147993,1.9154449315042543,-0.7613641204087587,-0.7506599743495099
CZ04,CZ,2005,10.096301462050567,8.68236148808539,6.8,-1.258576800439509,-1.0062869641360896,-1.872586188240409,2.4693051649633033,2.0212485598208,2.117906558353043,1.8884949507066435,-0.7229804455204316,-0.7636762244600123
CZ04,CZ,2006,10.143724727755538,8.690080686335786,7.5,-1.1745078787714407,-0.994159127906108,-1.8016348241967188,2.23290553266532,2.056183720113999,2.4693051649633033,2.0212485598208,-0.544459654187772,-0.6995591405823529
CZ04,CZ,2007,10.16933753875876,8.73514688309848,8,-1.1291031313353475,-0.9233544360045953,-1.750955278451226,2.128339449807791,2.21987989977356,2.23290553266532,2.056183720113999,-0.6645575960540944,-0.6826862237724425
CZ04,CZ,2008,10.144932319766385,8.904669757073506,7.3,-1.1723671371616489,-0.6570125717184795,-1.821906642494916,2.4254090471607315,1.782691322390098,2.128339449807791,2.21987989977356,-0.7176802308828276,-0.603624556434577
CZ04,CZ,2009,10.168961371068988,8.861596650944763,6.8,-1.129769977272156,-0.7246858662888225,-1.872586188240409,2.552021986650962,1.8405838737331137,2.4254090471607315,1.782691322390098,-0.5667601685869033,-0.8147770582271693
CZ04,CZ,2010,10.148795785009874,8.810916115635571,8.4,-1.1655182339472898,-0.804311393751607,-1.7104116418548319,2.3522435263886146,1.9713411879733727,2.552021986650962,1.8405838737331137,-0.5024370844153733,-0.7868162246564606
CZ04,CZ,2011,10.157340381067332,8.986914583424625,9,-1.1503709224755614,-0.5277955530082389,-1.6495961869602402,2.2794846382556986,2.093115175281095,2.3522435263886146,1.9713411879733727,-0.6039303975542343,-0.7236633074536534
CZ04,CZ,2012,10.177603998998281,8.96261422300843,9.9,-1.1144488811900317,-0.565974491014135,-1.5583730046183528,1.8484663822872232,2.054187425240102,2.2794846382556986,2.093115175281095,-0.6408940452228171,-0.6648491402876802
CZ04,CZ,2013,10.159878885926792,8.922143511123908,11.9,-1.1458708239899016,-0.6295590952599184,-1.3556548216363813,1.7446471054718478,2.1789558548586694,1.8484663822872232,2.054187425240102,-0.8598639520092044,-0.6836503904472945
CZ04,CZ,2014,10.140241451012145,8.8102958827301,12.5,-1.1806828082145193,-0.8052858580493214,-1.29483936674179,2.3090586145648313,2.2608039446884503,1.7446471054718478,2.1789558548586694,-0.9126071874803153,-0.6233899732690436
CZ04,CZ,2015,10.19241884438834,8.780049078189418,14.3,-1.0881860741457057,-0.852807411460751,-1.1123930020580153,2.158132234647832,2.1779577074217213,2.3090586145648313,2.2608039446884503,-0.6258695984713384,-0.5838591396001106
CZ04,CZ,2016,10.172333223775949,8.800170275136772,13.4,-1.1237925732093221,-0.8211944675496191,-1.2036161843999025,2.0265151515151514,2.3087150216619805,2.158132234647832,2.1779577074217213,-0.7025446229845677,-0.6238720566064693
CZ04,CZ,2017,10.194101658126863,8.746989098255199,14.2,-1.0852028899583086,-0.904748819027016,-1.122528911207114,1.7987633501967395,2.33666314989654,2.0265151515151514,2.3087150216619805,-0.7694099587933766,-0.560719139403662
CZ04,CZ,2018,10.197969368601832,8.785431993293125,14.3,-1.0783464610700537,-0.8443501713821847,-1.1123930020580153,2.258305337812617,2.4923741500605123,1.7987633501967395,2.33666314989654,-0.8851145490619892,-0.5472208059557337
CZ04,CZ,2019,10.255582695202651,8.708852731319864,13.9,-0.9762132534758458,-0.9646658722746675,-1.1529366386544095,2.022850721108822,2.4654241692629015,2.258305337812617,2.4923741500605123,-0.6516537505940013,-0.47201580531727627
CZ04,CZ,2020,10.223347470649092,8.74774462280443,15.2,-1.0333577906067362,-0.9035617944548298,-1.021169819716128,2.06909643128322,2.5263111629167625,2.022850721108822,2.4654241692629015,-0.7712715968409256,-0.4850320554277786
CZ04,CZ,2021,10.24586801620771,8.807146175485018,13.7,-0.9934348128795565,-0.8102344462836996,-1.173208456952607,2.881844380403458,2.818768361942686,2.06909643128322,2.5263111629167625,-0.747777420652484,-0.45562497184479206
CZ04,CZ,2022,10.281602618100345,8.825953023708871,15.1,-0.9300868042029499,-0.7806865103631164,-1.0313057288652268,2.4815820085304385,2.641098118165845,2.881844380403458,2.818768361942686,-0.33487764159369987,-0.31437455397897107
CZ04,CZ,2023,10.249072550165236,8.921820338754864,15.6,-0.9877540207566801,-0.6300668399036851,-0.9806261831197338,2.170481452249408,2.619138874552977,2.4815820085304385,2.641098118165845,-0.5382226578325102,-0.4001853880408009
CZ05,CZ,2000,9.992155275455946,NA,NA,-1.4432004756060508,NA,NA,3.0886421326892326,3.249976181519896,NA,NA,NA,NA
CZ05,CZ,2001,10.004617471095411,8.748316656721897,9.4,-1.4211082950391505,-0.9026630568600686,-1.6090525503638458,3.465924524101079,3.6403523292709745,3.0886421326892326,3.249976181519896,-0.2298183223778512,-0.10611062713717848
CZ05,CZ,2002,9.996416920923728,8.635017458371024,9.2,-1.435645704046519,-1.0806704195439945,-1.629324368662043,3.358107734348206,3.4337940763347246,3.465924524101079,3.6403523292709745,-0.038147809735714654,0.08243249704764148
CZ05,CZ,2003,10.00935452553575,8.761004170939096,9.4,-1.4127107489663062,-0.8827293682047961,-1.6090525503638458,3.545571044919155,3.2954568977627408,3.358107734348206,3.4337940763347246,-0.09292189894255522,-0.017330612351122376
CZ05,CZ,2004,10.050062710723857,8.766918784234283,10,-1.340545891043638,-0.873436763055807,-1.5482370954692544,3.674939789007112,3.2480811516764443,3.545571044919155,3.2954568977627408,0.0023149572072002898,-0.08414443791176233
CZ05,CZ,2005,10.085830162183271,8.80534508312366,9.4,-1.277139648763434,-0.813064190058255,-1.6090525503638458,3.324958941808336,3.5967666428715823,3.674939789007112,3.2480811516764443,0.06803807088451008,-0.10702588502157084
CZ05,CZ,2006,10.143724727755538,8.727737047781806,10.7,-1.1745078787714407,-0.9349962239593387,-1.4772857314255643,3.4629378643130257,3.6043467622453895,3.324958941808336,3.5967666428715823,-0.10976245711387218,0.061381565706617916
CZ05,CZ,2007,10.16933753875876,8.68193807089853,11.6,-1.1291031313353475,-1.0069522060605238,-1.386062549083677,3.4572090785848597,3.8980763879804234,3.4629378643130257,3.6043467622453895,-0.039665120444337044,0.06504259724418716
CZ05,CZ,2008,10.179484701273045,8.77753989880803,11,-1.111114892906691,-0.8567496494525725,-1.4468780039782685,3.4434095399379054,3.16090977887766,3.4572090785848597,3.8980763879804234,-0.04257551149976244,0.20690756932499793
CZ05,CZ,2009,10.161056191561874,8.819754315894283,11.7,-1.143783772123191,-0.7904254639142795,-1.3759266399345786,3.2763119744853584,3.312512166353807,3.4434095399379054,3.16090977887766,-0.049586081584384864,-0.14912774770361797
CZ05,CZ,2010,10.19038968230871,8.70180551698965,12.8,-1.091783242442497,-0.9757379368210103,-1.264431639294494,3.887438352190311,3.4603244941430504,3.2763119744853584,3.312512166353807,-0.13447654231246273,-0.07590711695223146
CZ05,CZ,2011,10.218842580825125,8.736740444169481,13.5,-1.0413437701487274,-0.9208507501210802,-1.193480275250804,4.1151664970190485,3.6555125680185894,3.887438352190311,3.4603244941430504,0.17599356912185066,-0.004517001969629676
CZ05,CZ,2012,10.199502684305918,8.701635117164699,14.8,-1.075628297402855,-0.976005656486134,-1.0617134563125223,5.020491803278688,3.422423897274014,4.1151664970190485,3.6555125680185894,0.29168614120035835,0.0897545601227802
CZ05,CZ,2013,10.204830273789058,8.671043874176187,15,-1.06618388870852,-1.0240683662393335,-1.0414416380143252,4.546114742193174,3.710468433478692,5.020491803278688,3.422423897274014,0.7516179310443827,-0.022822159657476145
CZ05,CZ,2014,10.214061363247412,8.579173049897062,16.8,-1.0498196057969809,-1.1684090445103323,-0.8589952733305507,4.444444444444445,3.9227117759452983,4.546114742193174,3.710468433478692,0.5106204804512628,0.11629703877015754
CZ05,CZ,2015,10.247077256926206,8.70624607597304,17.9,-0.9912911485466646,-0.9687612573300598,-0.7475002726904666,4.398375122566186,3.748369030347729,4.444444444444445,3.9227117759452983,0.4589689893306367,0.2188059218220987
CZ05,CZ,2016,10.271705697589152,8.80569157158433,18.2,-0.9476314296698425,-0.8125198128871721,-0.7170925452431707,4.216037475888675,4.006093089057179,4.398375122566186,3.748369030347729,0.435564423566415,0.13460219645800423
CZ05,CZ,2017,10.331123455691154,8.701073195293445,18.9,-0.8422994417244015,-0.9768885067780365,-0.6461411811994807,4.932367809810083,3.9340819550060093,4.216037475888675,4.006093089057179,0.3429315549030886,0.2590772687353613
CZ05,CZ,2018,10.34786773869056,8.762222238868109,20.3,-0.8126162515235739,-0.8808156295131767,-0.5042384531121004,4.46162191483591,4.337723311661249,4.932367809810083,3.9340819550060093,0.7068483595279597,0.2242974691284527
CZ05,CZ,2019,10.369018624866023,8.731041043431109,20.6,-0.7751213180418254,-0.9298052291384389,-0.47383072566480455,4.162724692526018,4.301717744635665,4.46162191483591,4.337723311661249,0.46769564774558847,0.4192473985040184
CZ05,CZ,2020,10.344183943792366,8.772464834007746,20.1,-0.8191466466815994,-0.8647232177893127,-0.5245102714102975,4.16324294713777,4.426789714303486,4.162724692526018,4.301717744635665,0.3158470984055017,0.4018574987005645
CZ05,CZ,2021,10.348997633003869,8.71933791775653,20.5,-0.810613247405096,-0.9481923189573696,-0.4839666348139033,4.266777133388566,5.05025453279914,4.16324294713777,4.426789714303486,0.3161103869378449,0.46226451907045807
CZ05,CZ,2022,10.36128069495854,8.88492988721383,20.9,-0.7888386235372378,-0.6880264025715728,-0.4434229982175091,4.318658280922431,4.6712485641087715,4.266777133388566,5.05025453279914,0.36870878804640345,0.7633843630355344
CZ05,CZ,2023,10.369299977163395,8.94330814069016,22.9,-0.7746225547471145,-0.5963067868048889,-0.24070481523553747,4.216867469879518,4.623872818022476,4.318658280922431,4.6712485641087715,0.3950659315830153,0.580332786157068
CZ06,CZ,2000,9.976281926299656,NA,NA,-1.4713397301890645,NA,NA,3.352844067393575,3.2580127430344437,NA,NA,NA,NA
CZ06,CZ,2001,10.032591323137817,8.868046329857423,12.3,-1.371518045587801,-0.7145526054175042,-1.3151111850399868,4.2186713607281,3.5741911948901075,3.352844067393575,3.2580127430344437,-0.09559599602881531,-0.10222914404866137
CZ06,CZ,2002,10.051476698106756,8.829820163002976,12.2,-1.338039264965374,-0.7746107456896265,-1.3252470941890857,3.5744214103950642,3.472071446464676,4.2186713607281,3.5741911948901075,0.3442696455982938,0.05047811907746255
CZ06,CZ,2003,10.088423049011443,8.825866195954802,12.9,-1.272543145414048,-0.7808229277405968,-1.2542957301453954,2.7704096669613905,3.5172397967297706,3.5744214103950642,3.472071446464676,0.016971788447023985,0.001156518564677342
CZ06,CZ,2004,10.117885307062618,8.989526147912388,13.2,-1.22031434532091,-0.52369245507187,-1.2238880026980998,3.347640777938608,3.369951698039244,2.7704096669613905,3.5172397967297706,-0.3914897420727153,0.02297184186840921
CZ06,CZ,2005,10.156926083867,8.891726041764878,13.6,-1.1511053619614167,-0.6773487846745945,-1.1833443661017053,4.004702999224429,3.5427697338361286,3.347640777938608,3.369951698039244,-0.09823941957563612,-0.048165081948108084
CZ06,CZ,2006,10.216154565600352,9.066574951907747,14.3,-1.0461089110139707,-0.40263904430818437,-1.1123930020580153,3.669149220859644,3.640961799629813,4.004702999224429,3.5427697338361286,0.2355674467356971,0.03530224199660557
CZ06,CZ,2007,10.252372767368751,9.033679643936944,14.5,-0.9819036075165638,-0.45432173140385135,-1.0921211837598181,3.917693567554131,3.874658916218782,3.669149220859644,3.640961799629813,0.06509629254929263,0.08272685787428376
CZ06,CZ,2008,10.266181563399254,9.138192081277401,15.3,-0.9574242602054613,-0.2901194809957802,-1.0110339105670294,3.6006128702757914,3.201061344874107,3.917693567554131,3.874658916218782,0.19136410527960981,0.19559744366315798
CZ06,CZ,2009,10.237429170346449,9.093047212678512,15.4,-1.0083946571908469,-0.36104777629680995,-1.000898001417931,3.7686809616634176,3.3071087759312867,3.6006128702757914,3.201061344874107,0.03027781771438218,-0.1297354212577145
CZ06,CZ,2010,10.268721525578616,8.974728498483833,16.9,-0.9529215782766145,-0.5469414328849429,-0.8488593641814524,4.556105180942463,3.424939254883707,3.7686809616634176,3.3071087759312867,0.11566133406271571,-0.07851683610982184
CZ06,CZ,2011,10.30614631273571,8.969017466312328,17.6,-0.8865773176445599,-0.5559141863540739,-0.777908000137762,4.7805642633228835,3.625251069102824,4.556105180942463,3.424939254883707,0.5156959161466061,-0.021607297056608354
CZ06,CZ,2012,10.292512879524802,8.98548981886028,19.2,-0.9107457930044187,-0.5300340382423446,-0.6157334537521849,4.540723393182409,3.534914368572634,4.7805642633228835,3.625251069102824,0.6297277086881115,0.07513891933385548
CZ06,CZ,2013,10.289090617406798,8.9441586784078,20.8,-0.9168125596357167,-0.5949704845345799,-0.4535589073666075,5.2724743962574285,3.6409617996298125,4.540723393182409,3.534914368572634,0.5078815171382417,0.03150827272639132
CZ06,CZ,2014,10.282804515667015,8.790147585935557,22.6,-0.9279561573383072,-0.8369413792460612,-0.2711125426828329,5.953582240161453,3.7509369133187387,5.2724743962574285,3.6409617996298125,0.8796324736589827,0.08272685787428355
CZ06,CZ,2015,10.31559720336296,8.903321142410961,23.3,-0.869823385328326,-0.6591314158308011,-0.20016117863914293,5.339805825242718,3.6586363714726753,5.953582240161453,3.7509369133187387,1.225655221015767,0.135842427657283
CZ06,CZ,2016,10.314687520162837,8.923141130416044,24.3,-0.8714360133191894,-0.627991709243596,-0.0988020871481571,4.994504823543778,3.9492848862219816,5.339805825242718,3.6586363714726753,0.9138388130066631,0.09126328873226544
CZ06,CZ,2017,10.361155742790029,8.901390617858633,25.6,-0.7890601307217521,-0.6621645139388064,0.03296473179012453,4.5735775809778,4.045513110699792,4.994504823543778,3.9492848862219816,0.7384157836842274,0.23164015173019323
CZ06,CZ,2018,10.381390430729203,8.877416507849599,25.5,-0.7531893746688231,-0.6998308713139602,0.022828822641025807,5.270740785208308,4.27921022728876,4.5735775809778,4.045513110699792,0.5245724074647652,0.2781162752903178
CZ06,CZ,2019,10.4135869443459,8.885870998903053,25.8,-0.6961134618022145,-0.6865477971425122,0.05323655008832163,5.145654250238778,4.216367305180802,5.270740785208308,4.27921022728876,0.8787517484354611,0.3909868610791916
CZ06,CZ,2020,10.412273064652961,9.019671719360144,26,-0.6984426233929427,-0.47632995164623543,0.07350836838651871,5.772699939867709,4.241897242287161,5.145654250238778,4.216367305180802,0.8152041224979797,0.36063510691747763
CZ06,CZ,2021,10.456115397764567,8.937958782272888,27.7,-0.620721749190925,-0.6047113050871866,0.24581882392119453,5.820170109356015,4.899784083104844,5.772699939867709,4.241897242287161,1.1337617109702773,0.3729655070456742
CZ06,CZ,2022,10.451205402486526,9.026908204595577,27.7,-0.6294258736809628,-0.46496051858218707,0.24581882392119453,5.291197481535296,4.589497155196803,5.820170109356015,4.899784083104844,1.1578779483779769,0.6907104334261174
CZ06,CZ,2023,10.453540592051171,9.096555181605936,27.2,-0.6252861995005388,-0.35553631367185684,0.19513927817570162,5.804455445544554,4.448100580453898,5.291197481535296,4.589497155196803,0.8891443497367978,0.5408486472526547
CZ07,CZ,2000,9.943758734594097,NA,NA,-1.528994757004386,NA,NA,3.0694921215961566,2.6468125671277365,NA,NA,NA,NA
CZ07,CZ,2001,9.968512466453296,8.766908184001784,10,-1.4851129299364272,-0.8734534173610323,-1.5482370954692544,3.1345111834734802,3.0004171772795263,3.0694921215961566,2.6468125671277365,-0.23954708928260113,-0.39742543442561046
CZ07,CZ,2002,9.944792555518422,8.944261213582838,10.3,-1.5271620656236062,-0.5948093888131953,-1.5178293680219586,2.531417460994925,2.8885169841935174,3.1345111834734802,3.0004171772795263,-0.20651550019915124,-0.2266421570449304
CZ07,CZ,2003,9.977197413901218,8.875753416092124,9.5,-1.469716812527877,-0.7024437986952531,-1.5989166412147473,2.971274259197023,2.7482687421923853,2.531417460994925,2.8885169841935174,-0.5129047873486109,-0.2806874979881833
CZ07,CZ,2004,10.032363133624457,8.751069252933956,10.1,-1.3719225653111673,-0.8983383802571073,-1.538101186320156,2.4605891836943212,2.784076803979908,2.971274259197023,2.7482687421923853,-0.28944464205788184,-0.34842432530372747
CZ07,CZ,2005,10.069914706877372,8.813125221700684,11,-1.3053535464259698,-0.8008406088717176,-1.4468780039782685,2.6102424947236935,3.001909179854006,2.4605891836943212,2.784076803979908,-0.5488876281299256,-0.3311298162018865
CZ07,CZ,2006,10.110308730835694,8.756274791156208,12.4,-1.2337456133676121,-0.8901598216813976,-1.3049752758908884,2.8690662493479384,2.989973159258165,2.6102424947236935,3.001909179854006,-0.472859359924106,-0.22592155249902063
CZ07,CZ,2007,10.09755785636463,8.791013119279294,12.2,-1.2563495452388584,-0.8355815169515691,-1.3252470941890857,2.8197457783455677,3.222725560877064,2.8690662493479384,2.989973159258165,-0.3413693066853429,-0.23168638886630094
CZ07,CZ,2008,10.16809937904792,8.83590483341508,12.6,-1.1312980614017585,-0.7650509593131574,-1.2847034575926912,2.713915298184961,2.6184645182126145,2.8197457783455677,3.222725560877064,-0.3664255514928475,-0.11927207970433457
CZ07,CZ,2009,10.145055850215433,8.822440199721218,13,-1.1721481503101467,-0.7862056009014148,-1.244159820996297,2.9715302491103204,2.6960486520855813,2.713915298184961,2.6184645182126145,-0.4201905372098832,-0.4111169207979011
CZ07,CZ,2010,10.197769789606333,8.848170927860481,12.8,-1.0787002619036694,-0.745779374390765,-1.264431639294494,3.1359527762405457,2.8706129532997555,2.9715302491103204,2.6960486520855813,-0.2893145916790945,-0.3736454844105787
CZ07,CZ,2011,10.229313880692422,8.867898262665447,13.6,-1.022780921824802,-0.7147852376931714,-1.1833443661017053,3.418181818181818,3.0198132107477678,3.1359527762405457,2.8706129532997555,-0.20578312882170466,-0.289334752539104
CZ07,CZ,2012,10.203106291809217,8.81359591021222,15.7,-1.0692400533118207,-0.8001010977206798,-0.9704902739706353,3.988501616960115,2.875088961023196,3.418181818181818,3.0198132107477678,-0.062402503638135216,-0.2172742979480999
CZ07,CZ,2013,10.197477299483799,8.73481731622557,15.9,-1.0792187696199667,-0.9238722272222617,-0.950218455672438,3.919089759797724,3.0645732879821717,3.988501616960115,2.875088961023196,0.22733666969759628,-0.28717293890137385
CZ07,CZ,2014,10.21779968535802,8.68388578008046,16.2,-1.0431925482965139,-1.0038921087271164,-0.9198107282251423,3.507825148407987,3.263009630388027,3.919089759797724,3.0645732879821717,0.19207341186048407,-0.19565616157079857
CZ07,CZ,2015,10.232791299678729,8.80626000599456,18.7,-1.0166163766375174,-0.8116267305732932,-0.6664129994976778,3.686797752808989,3.1063493600676146,3.507825148407987,3.263009630388027,-0.01686106451848624,-0.09981575696476364
CZ07,CZ,2016,10.237338054084944,8.836333612143603,20.1,-1.0085561822511155,-0.7643772937290201,-0.5245102714102975,4.257528556593978,3.243613596919786,3.686797752808989,3.1063493600676146,0.0740622640420344,-0.17547923428531764
CZ07,CZ,2017,10.290682486132644,8.788636705612634,19.1,-0.9139905969296563,-0.8393151632227294,-0.6258693629012833,3.7751964468739323,3.3062777050479513,4.257528556593978,3.243613596919786,0.3640102399673497,-0.1091836160615939
CZ07,CZ,2018,10.277250171476606,8.774644539845175,19.7,-0.9378025422238611,-0.861298624383577,-0.565053908006692,4.406098173898475,3.513666062900688,3.7751964468739323,3.3062777050479513,0.11897139151262298,-0.07891822513337207
CZ07,CZ,2019,10.327973191622908,8.744542216694432,19.5,-0.847884027670775,-0.9085931792676163,-0.5853257263048891,3.9245667686034658,3.501730042304847,4.406098173898475,3.513666062900688,0.4394879599988521,0.021245806748123448
CZ07,CZ,2020,10.31392028615254,8.879794985530937,20,-0.8727961165291627,-0.6960939822148298,-0.5346461805593962,3.7571751608975474,3.6166142405398167,3.9245667686034658,3.501730042304847,0.1948558928599646,0.015480970380843123
CZ07,CZ,2021,10.333807467509894,8.830221570038326,22.3,-0.8375413978404229,-0.7739800844955017,-0.3015202701301287,3.914715134568332,4.103007079820336,3.7571751608975474,3.6166142405398167,0.10981605004906224,0.07096752041591643
CZ07,CZ,2022,10.348064643567012,8.935240283793895,24.5,-0.8122671911965715,-0.6089824098412308,-0.07853026884996,3.848181338956246,3.812066577796712,3.914715134568332,4.103007079820336,0.18985097402765286,0.3058846023825894
CZ07,CZ,2023,10.331484526166578,9.041021550222322,24,-0.841659359160203,-0.4427866685441365,-0.12920981459545292,3.4153247212882674,3.79117854175399,3.848181338956246,3.812066577796712,0.1560498558114708,0.1653667159301314
CZ08,CZ,2000,9.968249754602391,NA,NA,-1.4855786486440417,NA,NA,2.1891811750751895,2.10932493654595,NA,NA,NA,NA
CZ08,CZ,2001,9.997500003326547,8.699726130906756,9.8,-1.433725685078423,-0.9790049152110188,-1.5685089137674515,1.875700370657702,2.413268833144662,2.1891811750751895,2.10932493654595,-0.6867708512311693,-0.6570201808372307
CZ08,CZ,2002,9.970937835622744,8.855378866798452,10.2,-1.4808133911406192,-0.7344547911685487,-1.5279652771710572,2.4084838635748076,2.2315880829221237,1.875700370657702,2.413268833144662,-0.8460282877134873,-0.510221939777251
CZ08,CZ,2003,10.028163857493245,8.769262936100102,9.7,-1.3793667725138872,-0.8697538041519611,-1.5786448229165502,2.5214166986318887,2.160744016797612,2.4084838635748076,2.2315880829221237,-0.5753586579103422,-0.5979697605612239
CZ08,CZ,2004,10.117885307062618,8.670292357251471,10,-1.22031434532091,-1.0252490943268058,-1.5482370954692544,1.590489678554569,2.214448389504903,2.5214166986318887,2.160744016797612,-0.5179854677423135,-0.6321858919361063
CZ08,CZ,2005,10.185913620740253,8.678942249557974,9.9,-1.0997181171034094,-1.0116590200862794,-1.5583730046183528,2.1454220893787497,2.345852705703595,1.590489678554569,2.214448389504903,-0.9909236785687455,-0.6062478568615988
CZ08,CZ,2006,10.233471015611814,8.782860539143277,10.6,-1.0154114198576412,-0.8483902509073684,-1.487421640574663,2.7738435416407836,2.3161439037804126,2.1454220893787497,2.345852705703595,-0.7090017493040986,-0.5427824518920583
CZ08,CZ,2007,10.256348915748392,8.90342232147412,11.4,-0.9748549468707914,-0.6589724507326032,-1.4063343673818742,3.445530220774521,2.4326938190175125,2.7738435416407836,2.3161439037804126,-0.38974523309182924,-0.5571311521460413
CZ08,CZ,2008,10.259237091046444,8.930907254704136,11.7,-0.96973497507454,-0.6157901462765061,-1.3759266399345786,2.991377793418969,1.9904897288532206,3.445530220774521,2.4326938190175125,-0.048508713564151006,-0.5008400973034928
CZ08,CZ,2009,10.203781136228216,9.07283552854746,11.9,-1.0680437324394478,-0.3928028870119547,-1.3556548216363813,3.0166995869994615,2.063619087433362,2.991377793418969,1.9904897288532206,-0.27923145745676736,-0.7144149818531627
CZ08,CZ,2010,10.251449939069957,8.836086529174796,14.1,-0.9835395382946558,-0.7647654923066058,-1.1326648203562126,3.9587552936844044,2.1470322620638354,3.0166995869994615,2.063619087433362,-0.2663672441590594,-0.6790951043048967
CZ08,CZ,2011,10.29645318353005,8.870044496060885,15.4,-0.9037606749649663,-0.7114132337250328,-1.000898001417931,3.663952627683198,2.301289502818821,3.9587552936844044,2.1470322620638354,0.21222466563576262,-0.6388083689764062
CZ08,CZ,2012,10.27926765277478,8.925270874092272,15.4,-0.9342260808667241,-0.6246456127087902,-1.000898001417931,3.189528023598821,2.257868946161862,3.663952627683198,2.301289502818821,0.062456270908222346,-0.564305502273033
CZ08,CZ,2013,10.237265549542212,8.901159945027898,16.2,-1.0086847136509027,-0.6625269301150875,-0.9198107282251423,3.8072466433695054,2.3584218142095565,3.189528023598821,2.257868946161862,-0.17856533292176216,-0.5852766795673159
CZ08,CZ,2014,10.265167374180908,8.838059092980005,17.6,-0.9592221497579042,-0.7616663452181717,-0.777908000137762,3.372835004557885,2.5103937625089126,3.8072466433695054,2.3584218142095565,0.13525383069458266,-0.5367118479384503
CZ08,CZ,2015,10.295529640312152,8.758424363363952,16.7,-0.9053978731057591,-0.8867825720170698,-0.8691311824796495,3.310294652600946,2.410983540689033,3.372835004557885,2.5103937625089126,-0.08544001403309753,-0.4633127274084604
CZ08,CZ,2016,10.291773260639962,8.95980618280385,18.8,-0.9120569418924063,-0.5703862771379837,-0.6562770903485791,3.1645569620253164,2.559527550304945,3.310294652600946,2.410983540689033,-0.11721234582825098,-0.5113256859506342
CZ08,CZ,2017,10.303300950091856,8.72477394126977,19.8,-0.8916213939152982,-0.9396516388540286,-0.5549179988575933,3.6667240488896544,2.54124521065991,3.1645569620253164,2.559527550304945,-0.19125136408028298,-0.43958218468071936
CZ08,CZ,2018,10.333561343039323,8.760691211442053,21.6,-0.8379777115048125,-0.8832210671356477,-0.37247163417381873,4.048307535295118,2.7194980221990037,3.6667240488896544,2.54124521065991,0.06386423410894573,-0.4484121540677856
CZ08,CZ,2019,10.325175987001845,8.635625977239245,21.1,-0.8528427324896422,-1.0797143594795624,-0.4231511799193116,3.9730523406460527,2.6829333429089335,4.048307535295118,2.7194980221990037,0.25771982906903534,-0.362319952543888
CZ08,CZ,2020,10.268198036814445,8.760595805371384,20.3,-0.9538495855585897,-0.8833709621328847,-0.5042384531121004,4.112248499823509,2.750349470350001,3.9730523406460527,2.6829333429089335,0.2194879845257674,-0.3799798913180207
CZ08,CZ,2021,10.338896537017364,8.770059552859363,21.1,-0.8285198220499983,-0.8685022185233776,-0.4231511799193116,4.459629563028232,3.1148536170228924,4.112248499823509,2.750349470350001,0.2902037131011714,-0.34741937920321325
CZ08,CZ,2022,10.343620191806588,8.874880181623288,22.5,-0.8201460300186191,-0.7038157604307701,-0.28124845183193165,4.634102701735552,2.8737552629539893,4.459629563028232,3.1148536170228924,0.4666834746332622,-0.17137186454857603
CZ08,CZ,2023,10.313060258840519,9.023966775400636,22.4,-0.8743207177486665,-0.46958187567150556,-0.2913843609810304,4.12827128639882,2.8680420318149156,4.634102701735552,2.8737552629539893,0.5553209427461315,-0.2878170858405148
DE11,DE,2000,11.231635135478458,NA,NA,0.7540698665428617,NA,NA,5.080951456790179,4.145013219361123,NA,NA,NA,NA
DE11,DE,2001,11.267881939818247,9.790171065062317,25.8,0.8183258748430271,0.734221918750802,0.05323655008832163,4.760536863015118,4.443938974379626,5.080951456790179,4.145013219361123,0.7823332070458631,0.3261726472070226
DE11,DE,2002,11.251462400582703,9.850268231336628,24.9,0.7892183695437023,0.8286421638097112,-0.03798663225356583,4.858776520821844,4.721939926546836,4.760536863015118,4.443938974379626,0.6195532023468168,0.4705472358574355
DE11,DE,2003,11.264190269294458,9.812132565225959,23.8,0.8117815182814285,0.7687262116462007,-0.14948163289365002,4.209535544691773,4.662970027602276,4.858776520821844,4.721939926546836,0.669461827827958,0.6048156033023202
DE11,DE,2004,11.254200614126722,9.75950630370355,24.7,0.7940724987674185,0.6860437023445236,-0.058258450551762916,4.59124392242889,4.537692961180884,4.209535544691773,4.662970027602276,0.33962838328935246,0.5763344344503748
DE11,DE,2005,11.245875837702485,9.76629822780883,26.1,0.7793148694327523,0.6967146736764327,0.08364427753561744,4.608299918086777,4.661067772797612,4.59124392242889,4.537692961180884,0.5335474267063737,0.5158283568432469
DE11,DE,2006,11.311216165858614,9.7085945163372,26.5,0.8951460094410555,0.6060548486675303,0.12418791413201162,4.299490839596693,4.889338349357197,4.608299918086777,4.661067772797612,0.5422123723963532,0.5754156870680537
DE11,DE,2007,11.342231100339621,9.816463327939546,26.6,0.9501272946533629,0.7755303873180199,0.13432382328111034,4.456799323505742,5.061084783149646,4.299490839596693,4.889338349357197,0.3853283096092087,0.6856653729465512
DE11,DE,2008,11.309772755384735,9.847137900583714,26.3,0.8925872239955672,0.8237240184938999,0.10391609583381453,4.49781878353307,4.067836024429073,4.456799323505742,5.061084783149646,0.4652456300040826,0.7686151366075155
DE11,DE,2009,11.20767969845988,9.860036478821602,28.3,0.7116032053312958,0.843989315406135,0.30663427881578614,5.156667843988092,4.1912108360458005,4.49781878353307,4.067836024429073,0.4860847179411579,0.28889775341000695
DE11,DE,2010,11.30220188674093,9.737703137199416,30.3,0.8791660739858881,0.6517881716430622,0.5093524617977578,4.697389757807187,4.17952555653144,5.156667843988092,4.1912108360458005,0.8207993509210816,0.3484850836348137
DE11,DE,2011,11.337114828109309,9.830020151030165,30.3,0.9410574956218394,0.796829870102181,0.5093524617977578,4.500537606881369,4.2781710556875465,4.697389757807187,4.17952555653144,0.5874726221167714,0.3428413497148428
DE11,DE,2012,11.334287464594464,9.890876248445252,30.8,0.9360453270517671,0.8924424919192198,0.5600320075432507,4.584281020975486,4.33904320943677,4.500537606881369,4.2781710556875465,0.48746595988834157,0.39048496396947907
DE11,DE,2013,11.325844419201234,9.925228830152468,31.8,0.9210780380797423,0.9464147402677753,0.6613910990342365,4.273250049573667,4.206157123796725,4.584281020975486,4.33904320943677,0.5300100686917141,0.41988488020374565
DE11,DE,2014,11.33299206001885,9.898886841605593,32.5,0.9337489169632399,0.9050281463877554,0.7323424630779265,4.541286617441243,4.224092669097836,4.273250049573667,4.206157123796725,0.37199721918374085,0.35570381306733406
DE11,DE,2015,11.364425456651784,9.873231020701661,30.8,0.9894720250202725,0.8647196086127849,0.5600320075432507,4.380392528681141,4.159144255052907,4.541286617441243,4.224092669097836,0.508167651569322,0.36436628838635937
DE11,DE,2016,11.362350137449546,9.897018393444469,32.4,0.9857930323390313,0.9020925781373664,0.7222065539288278,4.283079760258183,4.276812302255645,4.380392528681141,4.159144255052907,0.426428738819285,0.3329976277614061
DE11,DE,2017,11.388193701122432,9.894295417269584,33.1,1.0316068432974752,0.8978144383570531,0.7931579179725181,4.514806378132119,4.348282732773705,4.283079760258183,4.276812302255645,0.3769910003113856,0.38982871583925033
DE11,DE,2018,11.3968415353058,9.969218743465786,32.6,1.0469371686926696,1.0155284548180594,0.7424783722270253,4.610821499191084,4.432253694865267,4.514806378132119,4.348282732773705,0.49471491388847444,0.4243473674893034
DE11,DE,2019,11.369410292761078,10.032279837782644,32.7,0.998308822532437,1.1146054054999408,0.752614281376124,4.585569204842787,4.494484602046391,4.610821499191084,4.432253694865267,0.5434934095025975,0.4649035019374651
DE11,DE,2020,11.3268139815131,9.985033515427338,34.3,0.9227968159166727,1.040375460704238,0.9147888277617007,5.723675201971792,5.222504690859638,4.585569204842787,4.494484602046391,0.5306645038518044,0.49495966630196
DE11,DE,2021,11.397326794075932,9.946212647960936,34.7,1.0477974042949318,0.9793829705950332,0.9553324643580956,6.241768579492003,5.605944909342464,5.723675201971792,5.222504690859638,1.1088557072485206,0.8465774144787386
DE11,DE,2022,11.408843336194275,10.031012784389537,35.5,1.0682131909945924,1.1126147044520107,1.036419737550884,5.815239021801618,5.7507880251832475,6.241768579492003,5.605944909342464,1.372062327876076,1.0317706368294046
DE11,DE,2023,11.403048292534063,9.98090584363448,36.2,1.057940109537818,1.0338903665414703,1.1073711015945744,6.644591611479028,6.083954366685689,5.815239021801618,5.7507880251832475,1.1553728113746367,1.1017266875118321
DE12,DE,2000,11.145505981748519,NA,NA,0.6013856308492365,NA,NA,6.117078423813136,5.583382462444415,NA,NA,NA,NA
DE12,DE,2001,11.165934396756661,9.69084157817724,26.2,0.6375998138160222,0.578162738681379,0.09378018668471581,6.662906644453081,5.9119007449622485,6.117078423813136,5.583382462444415,1.3087160742357693,1.0208734694386223
DE12,DE,2002,11.171291281994062,9.716726771468275,25.8,0.6470961561432157,0.6188316494712967,0.05323655008832163,5.933860901042636,6.329690299903408,6.662906644453081,5.9119007449622485,1.5860128080512623,1.1795406003444773
DE12,DE,2003,11.176359555921426,9.619990017562628,24,0.656080866863954,0.46684598065817295,-0.12920981459545292,5.83739312483112,6.192569625461182,5.933860901042636,6.329690299903408,1.2156362027288339,1.381323799431272
DE12,DE,2004,11.179515840895695,9.5747642631626,27.3,0.6616761262860837,0.39579060353883366,0.20527518732480035,6.161575395338261,6.047593079045702,5.83739312483112,6.192569625461182,1.1666277450303026,1.31509751870535
DE12,DE,2005,11.19180861643221,9.618681179568144,25.6,0.6834679697683881,0.4647896307195162,0.03296473179012453,6.479741227352233,6.190427114923021,6.161575395338261,6.047593079045702,1.3313218399364355,1.2450770239795048
DE12,DE,2006,11.237000301381325,9.556813122013187,26.2,0.7635808883023163,0.36758709160154784,0.09378018668471581,6.281078478178498,6.475381016498274,6.479741227352233,6.190427114923021,1.49295940775168,1.3140627330690067
DE12,DE,2007,11.244113244381097,9.612986223288186,26.1,0.776190257121355,0.45584213450814653,0.08364427753561744,6.244471377132928,6.713913856413398,6.281078478178498,6.475381016498274,1.3920329085463148,1.4516892227025644
DE12,DE,2008,11.243411079685648,9.662963614332208,26.4,0.7749455046163924,0.5343629334463598,0.1140520049829129,6.511314251461113,5.355205090130396,6.244471377132928,6.713913856413398,1.373435428294215,1.5668953568820332
DE12,DE,2009,11.169882304251663,9.693666101616113,27.3,0.6445984108340952,0.5826004220499379,0.20527518732480035,6.105761882928321,5.586953313341347,6.511314251461113,5.355205090130396,1.5089994293757094,0.9106687991681421
DE12,DE,2010,11.218353914263053,9.61126897433283,29.3,0.7305257700025622,0.4531441193230095,0.40799337030677196,6.520385932150638,5.513393784864528,6.105761882928321,5.586953313341347,1.3029669397887274,1.0225981121658596
DE12,DE,2011,11.239115614096127,9.612027255901983,29.1,0.767330778915722,0.4543354755220072,0.3877215520085749,6.2665958576739245,5.640516076795342,6.520385932150638,5.513393784864528,1.5136081090487263,0.9870704719847662
DE12,DE,2012,11.227661926630052,9.684996715329817,30.6,0.747026416909395,0.5689797203029343,0.5397601892450536,6.244397968329848,5.726930668501121,6.2665958576739245,5.640516076795342,1.3846753128575118,1.0484677530744233
DE12,DE,2013,11.216308532132928,9.712997335983859,31.1,0.726899847841306,0.6129722348898722,0.5904397349905465,5.816148707522509,5.548745208744164,6.244397968329848,5.726930668501121,1.3733981344707045,1.0902041070735726
DE12,DE,2014,11.220977979180937,9.604611860601251,31,0.735177543868282,0.4426849521294734,0.5803038258414478,5.704332680165469,5.605878823095092,5.816148707522509,5.548745208744164,1.155834958382913,1.004144434984418
DE12,DE,2015,11.23453343942554,9.642629818424155,29.9,0.7592077937580262,0.5024159696934793,0.46880882520136324,5.742347121657466,5.509108763788209,5.704332680165469,5.605878823095092,1.0990291392591265,1.031738718620219
DE12,DE,2016,11.237799130102687,9.658660133856042,31.2,0.7649970005882167,0.5276016216182596,0.6005756441396449,5.639362752009023,5.665869118163567,5.742347121657466,5.509108763788209,1.1183415897058844,0.9850009007120815
DE12,DE,2017,11.255134712254431,9.67316634645354,32.2,0.7957284079748789,0.5503927153294096,0.701934735630631,5.6107214776751615,5.779065091596342,5.639362752009023,5.665869118163567,1.0660225115459474,1.06071271643781
DE12,DE,2018,11.262696833861073,9.727954237030643,31.4,0.8091340517984861,0.6364714171260709,0.620847462437842,5.548325227755326,5.90118819227145,5.6107214776751615,5.779065091596342,1.0514719047345558,1.1153838908912406
DE12,DE,2019,11.265849957607399,9.772590713429704,31.2,0.8147237071986169,0.7066009640156581,0.6005756441396449,6.014079785450888,5.954750955725444,5.548325227755326,5.90118819227145,1.0197727809977508,1.1743666721627648
DE12,DE,2020,11.21304173886904,9.782630267668438,33,0.7211086864161068,0.7223743728179409,0.7830220088234194,7.413185024416712,6.919951953166431,6.014079785450888,5.954750955725444,1.2563897471510164,1.200236313071328
DE12,DE,2021,11.245520781207928,9.741501806941207,34.5,0.7786854480678387,0.6577563619946772,0.9350606460598981,8.03833226060216,7.438796588490792,7.413185024416712,6.919951953166431,1.967176215052041,1.6664072422436405
DE12,DE,2022,11.252353474013844,9.817350232034958,34.2,0.7907980073305463,0.7769238257648555,0.9046529186126027,8.777113208906824,7.591271921789831,8.03833226060216,7.438796588490792,2.2847693335331,1.9169978305112567
DE12,DE,2023,11.231418275669961,9.817639159114172,36.2,0.7536854313931008,0.7773777667293774,1.1073711015945744,8.815523138130802,8.080835579759343,8.777113208906824,7.591271921789831,2.6600917082718234,1.9906400749643007
DE13,DE,2000,11.029705107296126,NA,NA,0.3961012730828003,NA,NA,5.231665832876028,5.143063804446161,NA,NA,NA,NA
DE13,DE,2001,11.037016342410128,9.644754179166782,22.3,0.4090621614349384,0.5057536089591451,-0.3015202701301287,5.265508441952728,5.470670145004796,5.231665832876028,5.143063804446161,0.8589005273992281,0.8082092073054893
DE13,DE,2002,11.03177972563198,9.687943568025215,22.7,0.39977902331310056,0.5736095983970527,-0.26097663353373457,5.860232965702371,5.780812771456653,5.265508441952728,5.470670145004796,0.8760935647063883,0.9664358902304594
DE13,DE,2003,11.035777605300236,9.530063727443395,22.4,0.4068662077925487,0.32556041135960595,-0.2913843609810304,5.777516837140695,5.651775328334347,5.860232965702371,5.780812771456653,1.178231053607932,1.1162279819629832
DE13,DE,2004,11.041126139120095,9.46618357501768,25.1,0.4163477452627448,0.22519661685213221,-0.017714813955368374,4.995063632827804,5.571571604288403,5.777516837140695,5.651775328334347,1.1362088359638471,1.0539057248187942
DE13,DE,2005,11.050537599468614,9.51884977664087,26.4,0.4330317781116001,0.3079418771009363,0.1140520049829129,4.965459323138461,5.720659978422193,4.995063632827804,5.571571604288403,0.7386996751787064,1.0151690837868173
DE13,DE,2006,11.094364141763885,9.49994938190003,24.4,0.510724659367924,0.2782469677770165,-0.08866617799905874,5.5563014043625305,5.940896817435452,4.965459323138461,5.720659978422193,0.7236598181810366,1.0871755011889996
DE13,DE,2007,11.103614653722166,9.555994649835934,23.5,0.5271233732407393,0.366301168348572,-0.17988936034094583,5.510561963377286,6.15660602686547,5.5563014043625305,5.940896817435452,1.0238249124887175,1.193545067893743
DE13,DE,2008,11.105909354816026,9.53775391287753,25.3,0.531191272058831,0.3376426647877504,0.0025570043428287167,5.135404401775203,4.947728928140717,5.510561963377286,6.15660602686547,1.000587935886657,1.2977278887337769
DE13,DE,2009,11.036571006268725,9.550770730698655,25.9,0.4082726981065262,0.35809373103183667,0.06337245923741999,5.350686912509038,5.126893698791737,5.135404401775203,4.947728928140717,0.8099968990647158,0.7138667428566428
DE13,DE,2010,11.087733731845988,9.421186115056127,27.2,0.4989706942259497,0.15449991915418249,0.19513927817570162,5.1522888929418205,5.08161740295935,5.350686912509038,5.126893698791737,0.9193667242527587,0.8003994006458168
DE13,DE,2011,11.122565950105212,9.461398353321373,26.8,0.5607190151150525,0.21767842867060877,0.15459564157930744,5.1406488721128785,5.190603915070168,5.1522888929418205,5.08161740295935,0.8185747154464894,0.7785319419987333
DE13,DE,2012,11.109878890973668,9.531682988176554,27.9,0.5382282109818378,0.32810447466104864,0.2660906422193916,5.4389228452475855,5.25851835881875,5.1406488721128785,5.190603915070168,0.812661243706927,0.8311700388849274
DE13,DE,2013,11.11048300832908,9.589801135895982,28.8,0.5392991514553679,0.41941543140384624,0.3573138245612791,5.527638190954774,5.08161740295935,5.4389228452475855,5.25851835881875,0.9641931641991512,0.8639712268555529
DE13,DE,2014,11.12375862110681,9.566615377833463,29.7,0.5628333057173238,0.38298767459170097,0.44853700690316617,5.555555555555556,5.125276688226295,5.527638190954774,5.08161740295935,1.009263159984773,0.7785319419987333
DE13,DE,2015,11.119882876860622,9.57796490725413,27,0.5559626350750863,0.4008192199978728,0.17486745987750454,5.376715284370414,5.0470133768588825,5.555555555555556,5.125276688226295,1.0234459994346221,0.7996184199798496
DE13,DE,2016,11.125042452819391,9.615322638642338,27.7,0.5651092001770499,0.45951293837419804,0.24581882392119453,5.56822982678496,5.177021026320452,5.376715284370414,5.0470133768588825,0.9325899000263247,0.7618189557470338
DE13,DE,2017,11.137666488500537,9.611707197946114,29,0.5874882803824415,0.453832624015027,0.37758564285947616,5.643605870020965,5.277599083490971,5.56822982678496,5.177021026320452,1.0298849006905608,0.8246098012908024
DE13,DE,2018,11.14014785790516,9.718661866980842,28.9,0.5918870928008962,0.6218719291356477,0.3674497337103774,5.750665778961385,5.383028172357816,5.643605870020965,5.277599083490971,1.0681781398579566,0.8731867987139669
DE13,DE,2019,11.147617180544739,9.71520269789847,29.5,0.6051282285718246,0.6164371372360266,0.4282651886049691,5.612118202135585,5.463878700629937,5.750665778961385,5.383028172357816,1.1225677114285806,0.924106738135033
DE13,DE,2020,11.100060819171523,9.727092992862287,30.9,0.5208233634455887,0.6351182936682944,0.5701679166923491,5.574944071588367,6.41920854269332,5.612118202135585,5.463878700629937,1.052181481697179,0.9631557714333967
DE13,DE,2021,11.12627297306173,9.765522356183782,33.6,0.5672905874840235,0.6954956812760763,0.843837463718011,5.994644553856785,6.876175728487348,5.574944071588367,6.41920854269332,1.0332959338391208,1.4245591488868625
DE13,DE,2022,11.113028594582707,9.758641335597279,33.6,0.5438118033820994,0.6846847281095416,0.843837463718011,5.8908289540600105,7.044344827293359,5.994644553856785,6.876175728487348,1.2465160798721906,1.6452642850892143
DE13,DE,2023,11.105627320620416,9.730731257279649,33.2,0.5306912999386911,0.6408344669785029,0.8032938271216169,6.46294631914372,7.4712356165701594,5.8908289540600105,7.044344827293359,1.1937747124342988,1.7264862743498104
DE14,DE,2000,11.05897548959624,NA,NA,0.44798992815964217,NA,NA,3.865384855172757,5.055582917342785,NA,NA,NA,NA
DE14,DE,2001,11.076907671437429,9.697534274279137,24.8,0.4797789491841152,0.5886778102766276,-0.04812254140266419,5.113091755567451,5.336656837877039,3.865384855172757,5.055582917342785,0.16478974626892529,0.7659578559973984
DE14,DE,2002,11.069448962725096,9.684316905880216,26.7,0.4665566291021742,0.567911653723361,0.1444597324302087,5.756853839582747,5.645213541752422,5.113091755567451,5.336656837877039,0.7986614208277422,0.9017103998187895
DE14,DE,2003,11.076448645031164,9.674178944212667,25.2,0.4789652166328409,0.5519836344107928,-0.007578904806270009,5.639711888319596,5.527787103840332,5.756853839582747,5.645213541752422,1.1257114275906803,1.0507365257027173
DE14,DE,2004,11.09529100233743,9.587214599188568,27.4,0.5123677383038898,0.4153516552741512,0.21541109647389872,4.709056009646378,5.4440895363923545,5.639711888319596,5.527787103840332,1.0661998830245871,0.9940221296173354
DE14,DE,2005,11.10566266571901,9.664702225750375,26.7,0.5307539574609189,0.5370945117609889,0.1444597324302087,4.781925852341293,5.586188018440227,4.709056009646378,5.4440895363923545,0.5933994199783476,0.9535980387905214
DE14,DE,2006,11.143651942171504,9.600994032837013,26.4,0.5980989084851701,0.43700088738470555,0.1140520049829129,4.6626598278963485,5.832283851085775,4.781925852341293,5.586188018440227,0.6304194358164034,1.0222284915002244
DE14,DE,2007,11.158038635609854,9.704495579764373,25.9,0.623602715229639,0.5996149011678309,0.06337245923741999,4.802686567164179,6.04121546534957,4.6626598278963485,5.832283851085775,0.5698287998192995,1.1410873854238428
DE14,DE,2008,11.16604119586065,9.72383000269825,26,0.6377891404128727,0.6299917236482216,0.07350836838651871,4.834038761416797,4.819480824094011,4.802686567164179,6.04121546534957,0.6409664874241633,1.2419967763310766
DE14,DE,2009,11.07457212444734,9.79816283314522,27.4,0.47563864138280487,0.746777996643017,0.21541109647389872,5.319148936170213,4.9875005677022655,4.834038761416797,4.819480824094011,0.6568943210088886,0.6519257191874297
DE14,DE,2010,11.150505743457838,9.633949258576736,29.3,0.610248887507154,0.4887777128695114,0.40799337030677196,5.2167025008487045,4.9397180012114426,5.319148936170213,4.9875005677022655,0.9033445079231355,0.7330755731606613
DE14,DE,2011,11.189972778436529,9.714335487913457,29.8,0.6802135139994755,0.6150746407261476,0.4586729160522649,5.286295197274426,5.040904612603775,5.2167025008487045,4.9397180012114426,0.8512987161676489,0.709997640711025
DE14,DE,2012,11.178660769739086,9.766736843684605,31.4,0.6601603110207918,0.6974037946624091,0.620847462437842,5.63642333369815,5.108986962244294,5.286295197274426,5.040904612603775,0.8866538456507679,0.7588685564867262
DE14,DE,2013,11.177924289124611,9.842621165119233,32.5,0.6588547254570839,0.816627656121738,0.7323424630779265,5.785212017898998,4.933471914088459,5.63642333369815,5.108986962244294,1.0645292008923373,0.7917508393234629
DE14,DE,2014,11.182084188059664,9.7845540569397,33.1,0.6662291272938036,0.7253968889479876,0.7931579179725181,4.832993233809472,5.007800350851962,5.785212017898998,4.933471914088459,1.1401182133278382,0.706980917514994
DE14,DE,2015,11.188579408146856,9.75764237791943,30.5,0.6777434365808122,0.6831152393200792,0.5296242800959549,5.01852832186342,4.9203551311301945,4.832993233809472,5.007800350851962,0.6563631623409012,0.7428799235477621
DE14,DE,2016,11.211447144114263,9.786084341508015,30.6,0.718281891180925,0.7278011594470453,0.5397601892450536,5.215350071443152,5.045589177946012,5.01852832186342,4.9203551311301945,0.7506204249375661,0.7006457988033294
DE14,DE,2017,11.221840984154968,9.773964062079925,30.8,0.736707423695882,0.7087586683492249,0.5600320075432507,5.1093419328832015,5.148337311119089,5.215350071443152,5.045589177946012,0.8506116423911481,0.7611310988837493
DE14,DE,2018,11.225192438402617,9.77054834580653,30.9,0.7426486666792861,0.7033921463053477,0.5701679166923491,5.187203552326168,5.25358387914136,5.1093419328832015,5.148337311119089,0.7967564010002394,0.8107561954584577
DE14,DE,2019,11.225477502317013,9.890068847993517,30.6,0.7431540096904317,0.8911739637466002,0.5397601892450536,5.673900059725264,5.310110967604359,5.187203552326168,5.25358387914136,0.8363123857307575,0.8615879813115783
DE14,DE,2020,11.189156253879682,9.91732571858182,31.9,0.6787660316722015,0.9339979529633211,0.6715270081833349,5.357142857142858,6.22203968755994,5.673900059725264,5.310110967604359,1.0835684761229816,0.8888893262356579
DE14,DE,2021,11.226607687901442,9.814332639878078,32.2,0.745157530155658,0.7721828070346225,0.701934735630631,6.0356520054253044,6.662388829730271,5.357142857142858,6.22203968755994,0.9226465333446247,1.3293309128561717
DE14,DE,2022,11.222401151730494,9.849802218112249,33.1,0.7377004528204669,0.8279099981257964,0.7931579179725181,6.165812938721305,6.816667181667962,6.0356520054253044,6.662388829730271,1.267349067160234,1.5420098981763506
DE14,DE,2023,11.212410311624785,9.851899731757676,35,0.7199893327244704,0.8312054572080382,0.9857401918053911,6.731317741015403,7.240776497318537,6.165812938721305,6.816667181667962,1.3334746361735776,1.6165229611183145
DE21,DE,2000,11.312424390405779,NA,NA,0.8972878723706343,NA,NA,6.890305750331598,6.480460219155512,NA,NA,NA,NA
DE21,DE,2001,11.329049400696235,10.006692456855385,28.7,0.926759623568331,1.0744043955797737,0.34717791541218035,7.140768534006395,6.8854621402015495,6.890305750331598,6.480460219155512,1.701538218699225,1.4541423662741695
DE21,DE,2002,11.34970985083926,9.98885487799863,27.2,0.963385143529494,1.0463793043595853,0.19513927817570162,7.425254250398199,7.31966886573447,7.140768534006395,6.8854621402015495,1.8287806536431883,1.649749418433423
DE21,DE,2003,11.326756125286197,9.974357564156547,26.2,0.9226942521110135,1.0236021917180769,0.09378018668471581,6.847111658345461,7.208003436814034,7.425254250398199,7.31966886573447,1.9733077355887105,1.8594617511301414
DE21,DE,2004,11.348556270097749,9.992980780259302,29,0.9613401496313689,1.0528616183636028,0.37758564285947616,6.438420092486529,7.090754736447578,6.847111658345461,7.208003436814034,1.6795943539905827,1.8055297961339523
DE21,DE,2005,11.35678484176439,10.012248598356047,30.2,0.9759272333464935,1.083133796225387,0.49921655264865905,7.012982407365122,7.234201864368444,6.438420092486529,7.090754736447578,1.4719670601548935,1.748901243387954
DE21,DE,2006,11.389423119007647,9.961992626988916,30.5,1.033786276416494,1.004175312384421,0.5296242800959549,7.182280262822659,7.533551110358992,7.012982407365122,7.234201864368444,1.7638615560138768,1.8181830624984425
DE21,DE,2007,11.403091302666784,10.198024527250661,29.9,1.058016355140581,1.3750112643278078,0.46880882520136324,7.455179353471461,7.789093149619218,7.182280262822659,7.533551110358992,1.8498698285529953,1.9627621880074555
DE21,DE,2008,11.37456739126311,10.038248504466054,30.8,1.0074509957581075,1.123982935354679,0.5600320075432507,7.419914210094003,6.115829645488402,7.455179353471461,7.789093149619218,1.9885105650275743,2.0861833927102724
DE21,DE,2009,11.338239320695246,10.045841647194894,32.4,0.9430509239047333,1.1359127224257017,0.7222065539288278,7.6923076923076925,6.335724643977873,7.419914210094003,6.115829645488402,1.970594838602438,1.2780337901519998
DE21,DE,2010,11.36707547238155,9.990196749499555,33.4,0.9941698028196949,1.048487554112603,0.8235656454198136,8.07631160572337,6.227495074408837,7.6923076923076925,6.335724643977873,2.1089787111730547,1.3842382553752635
DE21,DE,2011,11.407470794031205,10.039629091635703,34.2,1.0657800363419563,1.1261520123172841,0.9046529186126027,7.970051391104023,6.36621789572153,8.07631160572337,6.227495074408837,2.3040639539948553,1.3319657451481886
DE21,DE,2012,11.402690191478865,10.162350590987197,35.5,1.0573052909712097,1.3189630009398543,1.036419737550884,7.787204571032811,6.474447465290567,7.970051391104023,6.36621789572153,2.2500806505776514,1.3989658277011456
DE21,DE,2013,11.405117600095743,10.147663042151088,36.4,1.0616084451685244,1.295887005075255,1.127642919892771,7.362637362637363,6.269584351463462,7.787204571032811,6.474447465290567,2.157189106906915,1.4512383379282212
DE21,DE,2014,11.4035265765026,10.141631423338644,37,1.0587879806594773,1.2864105694680696,1.1884583747873627,7.019510170195102,6.3537629055727125,7.362637362637363,6.269584351463462,1.9414965213619824,1.352293943569829
DE21,DE,2015,11.41751528016557,10.122181249291575,37.1,1.0835862566743837,1.2558518873568343,1.1985942839364614,7.0392350807781074,6.236514205206256,7.019510170195102,6.3537629055727125,1.7671778508543183,1.3929503404131096
DE21,DE,2016,11.424661726162897,10.142255844127803,37.1,1.0962550174571604,1.2873916134604453,1.1985942839364614,7.1408613738873585,6.38983942876239,7.0392350807781074,6.236514205206256,1.7771986835497353,1.3363217876671114
DE21,DE,2017,11.439762591488027,10.116018482891027,38.4,1.1230248622847228,1.2461694023104586,1.3303611028747426,6.878098685763752,6.54702999408885,7.1408613738873585,6.38983942876239,1.8288278190237706,1.4103745104888008
DE21,DE,2018,11.423312112073164,10.161977045465802,39.5,1.0938625082213405,1.3183761137061074,1.4418561035148272,7.282857820279776,6.65397111640111,6.878098685763752,6.54702999408885,1.6953366721207612,1.4862941086757442
DE21,DE,2019,11.423079141661745,10.218893173457044,40.6,1.093449513228747,1.4077985455094268,1.5533511041549117,6.619723759043603,6.812450128984342,7.282857820279776,6.65397111640111,1.9009661755782548,1.537944327114401
DE21,DE,2020,11.379713523995866,10.245955308979436,40.5,1.0165737295718231,1.4503165813212744,1.543215195005813,8.290051133389701,7.908059779661372,6.619723759043603,6.812450128984342,1.5640746366120175,1.6144862170897611
DE21,DE,2021,11.428037478991866,10.235396352932508,41.8,1.1022393354059687,1.4337271266210885,1.6749820139440943,9.36407808370983,8.486143115534082,8.290051133389701,7.908059779661372,2.412649898561171,2.1436416678408263
DE21,DE,2022,11.4346750308078,10.279230362931921,43.2,1.1140059612463928,1.5025958973575961,1.816884742031475,9.080279021007218,8.686281922753015,9.36407808370983,8.486143115534082,2.9582870680801974,2.4228432502441724
DE21,DE,2023,11.427418515137225,10.25497622190004,42.3,1.1011420760114985,1.4644895758470189,1.7256615596895872,9.27320221266134,9.224852876084649,9.080279021007218,8.686281922753015,2.8141088263339826,2.5195059080450335
DE22,DE,2000,10.976847275431682,NA,NA,0.3023983013346946,NA,NA,3.092059639389736,2.391330956938709,NA,NA,NA,NA
DE22,DE,2001,11.019420580519748,9.663986849119466,18.2,0.3778695241067738,0.5359705646435566,-0.7170925452431707,2.7096235794848513,2.546002161288496,3.092059639389736,2.391330956938709,-0.22808212880997167,-0.5208174532113548
DE22,DE,2002,11.00256635316608,9.560713434906564,18.8,0.34799143161128254,0.3737149761929463,-0.6562770903485791,2.567841691140459,2.702282999742207,2.7096235794848513,2.546002161288496,-0.42237085609592384,-0.44611465116379556
DE22,DE,2003,11.018650640507436,9.516574779484491,16.9,0.3765046238701091,0.3043675689874202,-0.8488593641814524,2.6144244105409156,2.6436045201355234,2.567841691140459,2.702282999742207,-0.49440021087350944,-0.3706344311195256
DE22,DE,2004,11.046676569650744,9.492285473854306,17.1,0.4261871922634658,0.26620599944777257,-0.8285875458832549,2.950109173519231,2.5863893442596795,2.6144244105409156,2.6436045201355234,-0.47073482412079515,-0.3989748508177955
DE22,DE,2005,11.054187238556162,9.49564146364786,18,0.43950162404074006,0.27147868364183714,-0.7373643635413678,2.679728723982506,2.6588228789362596,2.950109173519231,2.5863893442596795,-0.30019712591167724,-0.4266085268826922
DE22,DE,2006,11.076788996942376,9.44539707224706,18.7,0.47956857065618713,0.19253839339179094,-0.6664129994976778,2.6778176445757707,2.772375248449442,2.679728723982506,2.6588228789362596,-0.437558318882233,-0.3916247170307129
DE22,DE,2007,11.093393099650628,9.44042249755935,18.9,0.5090032582340663,0.1847227077247918,-0.6461411811994807,2.5617128871744166,2.874660179235158,2.6778176445757707,2.772375248449442,-0.43852920323285965,-0.33678141108094406
DE22,DE,2008,11.071834507931523,9.534486791312663,20.4,0.4707855705323675,0.33250960381472555,-0.494102543963002,2.433294176875315,2.3004597952535457,2.5617128871744166,2.874660179235158,-0.49751382291794805,-0.2873800311081493
DE22,DE,2009,11.022386371276768,9.528489199735333,20.5,0.38312708760708114,0.32308662929526266,-0.4839666348139033,2.852802160702228,2.381673152315165,2.433294176875315,2.3004597952535457,-0.5627542915858902,-0.5647062328438376
DE22,DE,2010,11.094356272606483,9.319687157720379,21.6,0.5107107094307487,-0.0049677732345303075,-0.37247163417381873,2.808610830810629,2.357528640756305,2.852802160702228,2.381673152315165,-0.34963194040305995,-0.5254819611916187
DE22,DE,2011,11.136728263917716,9.31109944948614,22,0.5858250560602077,-0.018460148436885343,-0.3319279975774245,2.3210199411572408,2.411524548424301,2.808610830810629,2.357528640756305,-0.37208243119581574,-0.5371432311422784
DE22,DE,2012,11.10352966329501,9.48655103732671,21.9,0.5269727076664281,0.25719647477669194,-0.34206390672652326,2.600163532297629,2.445912186099041,2.3210199411572408,2.411524548424301,-0.6197928939867539,-0.511064391070803
DE22,DE,2013,11.102700867887025,9.512413996768814,22.9,0.5255034723618369,0.2978304533793735,-0.24070481523553747,2.4843724955922424,2.368357088364521,2.600163532297629,2.445912186099041,-0.47797976824179983,-0.4944559156865301
DE22,DE,2014,11.138662026609385,9.486878920686168,23.2,0.5892531064450534,0.2577116209819146,-0.21029708778824163,2.6173857868020307,2.388111688730861,2.4843724955922424,2.368357088364521,-0.5368050086184675,-0.5319133282553159
DE22,DE,2015,11.133128103610641,9.533528104632724,21.1,0.5794429229373884,0.33100338585361017,-0.4231511799193116,2.7581883717285693,2.349041479117434,2.6173857868020307,2.388111688730861,-0.46923035818489467,-0.5223722892047761
DE22,DE,2016,11.139493571357567,9.535646099808801,21.1,0.5907272156034851,0.3343310240095584,-0.4231511799193116,2.4311432528081247,2.4157681292437374,2.7581883717285693,2.349041479117434,-0.39769851824607416,-0.5412423442158433
DE22,DE,2017,11.160076389900121,9.614487975520921,21.9,0.6272151152459728,0.4582015771012542,-0.34206390672652326,2.6399635867091487,2.4609842145266927,2.4311432528081247,2.4157681292437374,-0.5638470240536575,-0.5090148345340202
DE22,DE,2018,11.144300113005926,9.625441655652264,22.1,0.5992479441387997,0.4754111932348577,-0.32179208842832585,2.479087452471483,2.512931496971512,2.6399635867091487,2.4609842145266927,-0.4577601740972283,-0.487176456262785
DE22,DE,2019,11.15568174038147,9.60372537994571,21.5,0.6194245626416754,0.4412921789602001,-0.38260754332291746,2.7327327327327327,2.544831518303824,2.479087452471483,2.512931496971512,-0.5394899654236366,-0.46208705727803256
DE22,DE,2021,11.163817835836761,9.69962528615969,24.4,0.6338477104647318,0.5919630542643686,-0.08866617799905874,3.4925956971221015,3.176247078161279,2.7327327327327327,2.544831518303824,-0.41063072893766484,-0.4466800460704941
DE22,DE,2022,11.175130103390378,9.620594151372575,27.4,0.6539013723270263,0.4677951512417445,0.21541109647389872,2.736175115207373,3.261265024923082,3.4925956971221015,3.176247078161279,-0.02459807213312919,-0.1417201682699098
DE22,DE,2023,11.16660077559349,9.67341476033248,27.2,0.6387811274476725,0.5507830049350555,0.19513927817570162,3.827751196172249,3.4611523145558247,2.736175115207373,3.261265024923082,-0.40888189774743733,-0.10065836317092033
DE23,DE,2000,10.995462083873914,NA,NA,0.3353974389843827,NA,NA,3.6849772902562337,3.320265954309847,NA,NA,NA,NA
DE23,DE,2001,10.989388293420873,9.678658949580386,17.2,0.32463021310412443,0.5590222891579159,-0.8184516367341566,3.5896572999046494,3.530095376529551,3.6849772902562337,3.320265954309847,0.07313741570912746,-0.07216220729542881
DE23,DE,2002,11.000588113153974,9.581227449388155,16.5,0.3444845346874609,0.4059450861061627,-0.8894030007778465,3.6283437677859984,3.745414522005003,3.5896572999046494,3.530095376529551,0.024712066868004784,0.02918080517885044
DE23,DE,2003,11.018650640507436,9.59563951640318,15.5,0.3765046238701091,0.42858826520636845,-0.9907620922688324,3.719357565511411,3.6618487346675046,3.6283437677859984,3.745414522005003,0.044365926417037745,0.13317523367716627
DE23,DE,2004,11.039269128372883,9.572316577349607,17.7,0.4130557557988522,0.3919449797163218,-0.7677720909886636,3.6218504104763793,3.589669040008595,3.719357565511411,3.6618487346675046,0.09060360319346257,0.09281478975572359
DE23,DE,2005,11.059636843323727,9.520509903822246,19.1,0.4491623335999783,0.3105501467584271,-0.6258693629012833,3.753609239653513,3.6838076276904963,3.6218504104763793,3.589669040008595,0.04106711058933417,0.05795357906931938
DE23,DE,2006,11.08209404917207,9.494868391591632,19.2,0.4889730267541236,0.2702640897179891,-0.6157334537521849,4.267232006958034,3.8338600633476103,3.753609239653513,3.6838076276904963,0.10800445754317328,0.10342045385186883
DE23,DE,2007,11.110371436185046,9.561337900591163,18.9,0.5391013635194741,0.3746960907217337,-0.6461411811994807,4.284112748238308,3.973339698660321,4.267232006958034,3.8338600633476103,0.36893987715162513,0.1758924918421966
DE23,DE,2008,11.104232908488774,9.877295516871161,19.8,0.5282193756094534,0.871105445885269,-0.5549179988575933,4.414199006805223,3.1771265034933047,4.284112748238308,3.973339698660321,0.37751578848123035,0.2432580989714174
DE23,DE,2009,11.04707898386714,9.752873001493318,21.5,0.4269005663580874,0.6756219460610241,-0.38260754332291746,4.617657923900998,3.292817338031107,4.414199006805223,3.1771265034933047,0.4436034205435498,-0.14129542510734044
DE23,DE,2010,11.104208569049494,9.438954390878658,21.7,0.5281762282136793,0.18241612654705658,-0.3623357250247204,4.941969299887681,3.25601585990924,4.617657923900998,3.292817338031107,0.5469665136246455,-0.08541928741561064
DE23,DE,2011,11.136728263917716,9.725837942106013,22.9,0.5858250560602077,0.6331464502800739,-0.24070481523553747,4.8150860490662755,3.326162323732688,4.941969299887681,3.25601585990924,0.7117261978983507,-0.10319359483600285
DE23,DE,2012,11.131789000609412,9.723491673882924,23.9,0.5770690470846345,0.6294601663114283,-0.13934572374455165,4.343891402714932,3.3820761717079,4.8150860490662755,3.326162323732688,0.6472657876480037,-0.0693143900844267
DE23,DE,2013,11.127393480477396,9.723007010466764,26.1,0.5692769511128432,0.6286986988186686,0.08364427753561744,4.485020386456302,3.270858445008115,4.343891402714932,3.3820761717079,0.4078850970135337,-0.04230922687664861
DE23,DE,2014,11.16060877433409,9.550886373361095,26.7,0.6281588922004127,0.35827542027284004,0.1444597324302087,4.6230809039158185,3.297290445869124,4.485020386456302,3.270858445008115,0.4795827571167421,-0.0960249515117561
DE23,DE,2015,11.154820928221902,9.708377165541402,25.2,0.6178985700948144,0.6057133630921641,-0.007578904806270009,4.800552581592125,3.243206505645828,4.6230809039158185,3.297290445869124,0.5497215464148032,-0.08325887435898831
DE23,DE,2016,11.15656368712917,9.740680101324077,25,0.6209880212298945,0.6564653585989181,-0.0278507231044671,5.566218809980806,3.323925769813679,4.800552581592125,3.243206505645828,0.6398823602083771,-0.10938023222542088
DE23,DE,2017,11.180639143196633,9.829809810670103,24.8,0.6636674445081269,0.7964993988075402,-0.04812254140266419,5.283018867924529,3.392242325885211,5.566218809980806,3.323925769813679,1.028863245212971,-0.07039459661273798
DE23,DE,2018,11.170204765337969,9.821993029705519,24.4,0.6451700491513357,0.784218247798207,-0.08866617799905874,5.14817950889077,3.4629987589592965,5.283018867924529,3.392242325885211,0.8849893743147766,-0.037399197202507374
DE23,DE,2019,11.166334304497678,9.909239315091678,24.9,0.6383087445919648,0.9212931908835366,-0.03798663225356583,4.8954614992350844,3.514439499096492,5.14817950889077,3.4629987589592965,0.8164870279062342,-0.003225390670483154
DE23,DE,2020,11.138264646583293,9.858083117568604,26.1,0.5885486566398921,0.8409203379546065,0.08364427753561744,6.502740334765219,4.073171332681516,4.8954614992350844,3.514439499096492,0.6880988720653497,0.021619359480672836
DE23,DE,2021,11.176444266209574,9.67315512803102,29.7,0.6562310358258104,0.5503750897695178,0.44853700690316617,6.828780812791472,4.380799158086955,6.502740334765219,4.073171332681516,1.5046436284004685,0.291474590371486
DE23,DE,2022,11.176310044530227,9.836200217406036,31.1,0.6559930962474335,0.8065395355966665,0.5904397349905465,5.081230556515727,4.510315962305899,6.828780812791472,4.380799158086955,1.6702817471886886,0.4400520883110062
DE23,DE,2023,11.176595306318486,9.96965462929029,30.4,0.6564987900366632,1.0162132865483848,0.5194883709468562,4.927385892116183,4.80005135635927,5.081230556515727,4.510315962305899,0.7824749978866017,0.5026058663595678
DE24,DE,2000,10.929830068914972,NA,NA,0.21904921533342564,NA,NA,2.5857209530678924,2.3846546914124804,NA,NA,NA,NA
DE24,DE,2001,10.960520309420021,9.453101139217786,20.5,0.27345490390503013,0.20464245646867457,-0.4839666348139033,2.468918539645456,2.5361353217001046,2.5857209530678924,2.3846546914124804,-0.4853170217894122,-0.524041943148699
DE24,DE,2002,10.953973797929214,9.500692848040847,19.3,0.2618496685097358,0.2794150470652892,-0.6055975446030862,2.720148380077037,2.6874702975355294,2.468918539645456,2.5361353217001046,-0.5446560711808761,-0.4508801184510336
DE24,DE,2003,10.95934472654859,9.346937434678663,17.4,0.27137090604314734,0.03784585655593467,-0.7981798184359594,2.6646211428820132,2.630082443368871,2.720148380077037,2.6874702975355294,-0.417023948922728,-0.37778864166173126
DE24,DE,2004,10.987780158414802,9.32246726487737,17.3,0.321779414580502,-5.998734594410882e-4,-0.8083157275850578,2.298004644649355,2.582016474142991,2.6646211428820132,2.630082443368871,-0.4452334128707916,-0.4055057175568086
DE24,DE,2005,10.988312062501796,9.256849122110465,18.1,0.32272234000665534,-0.10369427049110391,-0.7272284543922691,2.447075461662172,2.649891448868022,2.298004644649355,2.582016474142991,-0.6314853391702391,-0.42872052731664445
DE24,DE,2006,11.035154024290799,9.167907722858384,19.1,0.4057607634024007,-0.24343245173798764,-0.6258693629012833,2.6627717543958207,2.759860560278749,2.447075461662172,2.649891448868022,-0.5557529949972012,-0.39593840201942154
DE24,DE,2007,11.031590558331933,9.323676150574489,19.8,0.3994436796649279,0.0012994387851531597,-0.5549179988575933,2.7033780969641037,2.859925168939901,2.6627717543958207,2.759860560278749,-0.4461729564256776,-0.3428257312052511
DE24,DE,2008,11.011101561357359,9.338814674274511,21.1,0.36312210087639213,0.025083973168386207,-0.4231511799193116,3.015842718075969,2.2879401351519206,2.7033780969641037,2.859925168939901,-0.4255437442658953,-0.294496718159774
DE24,DE,2009,10.995235382210817,9.387810644487462,23.2,0.334995556826467,0.10206283592024665,-0.21029708778824163,3.389170237631476,2.369943591740317,3.015842718075969,2.2879401351519206,-0.26680255868624503,-0.5707529543018237
DE24,DE,2010,11.02959770525832,9.32638914727808,25.2,0.39591087764357774,0.0055618995545658615,-0.007578904806270009,2.9522488607093322,2.3492606595279684,3.389170237631476,2.369943591740317,-0.07714123686083847,-0.5311470818933761
DE24,DE,2011,11.057076104970097,9.393413931959289,24.4,0.4446228210028704,0.11086630884624946,-0.08866617799905874,3.234348401740117,2.396161393136252,2.9522488607093322,2.3492606595279684,-0.2991101021068136,-0.5411364848809419
DE24,DE,2012,11.054580250777443,9.370796774906625,26.3,0.44019833088187144,0.07533189609705332,0.10391609583381453,2.4776453055141583,2.4384011842741473,3.234348401740117,2.396161393136252,-0.1557952671813262,-0.5184844583880108
DE24,DE,2013,11.049761482592805,9.423223933953128,26.1,0.431655927927778,0.15770159024067423,0.08364427753561744,3.21626617375231,2.354649874259355,2.4776453055141583,2.4384011842741473,-0.5402226183459777,-0.49808356496270034
DE24,DE,2014,11.061819321666519,9.333277307364634,26.1,0.45303129112778595,0.01638406977817958,0.08364427753561744,2.8640059127864004,2.3785372044200956,3.21626617375231,2.354649874259355,-0.1649815689728445,-0.5385336122715058
DE24,DE,2015,11.086747315264523,9.406443799395015,24.4,0.49722203822163297,0.13133787768446742,-0.08866617799905874,3.032572070385623,2.340230083491591,2.8640059127864004,2.3785372044200956,-0.34394010597248204,-0.5269965552999509
DE24,DE,2016,11.093997831137433,9.503620281518359,23.5,0.5100752874003127,0.2840144151133369,-0.17988936034094583,2.489700877664338,2.407376785955624,3.032572070385623,2.340230083491591,-0.25830355739078825,-0.5454980551994565
DE24,DE,2017,11.110385543229645,9.377487110118341,23.2,0.5391263715827052,0.08584325843539024,-0.21029708778824163,2.5202520252025202,2.454568828468307,2.489700877664338,2.407376785955624,-0.534098034355794,-0.5130676694440492
DE24,DE,2018,11.116287076778251,9.461091805348504,24.8,0.5495882314787692,0.21719680305471056,-0.04812254140266419,2.6114762835317107,2.503654378859585,2.5202520252025202,2.454568828468307,-0.5185771559799551,-0.4902749471343919
DE24,DE,2019,11.123025777407417,9.572570156716138,24.7,0.5615341674432448,0.39234338495593685,-0.058258450551762916,3.028181340801681,2.534387468273709,2.6114762835317107,2.503654378859585,-0.4722325590484016,-0.46656770201601383
DE24,DE,2021,11.131536143106004,9.495862985102374,27.7,0.5766207975317784,0.2718267218492539,0.24581882392119453,3.6718610066272617,3.1681299897943354,3.028181340801681,2.534387468273709,-0.2605341767077351,-0.4517242933513913
DE24,DE,2022,11.120538016604838,9.611452126606048,30.6,0.5571240247647125,0.45343187469638924,0.5397601892450536,4.604486422668241,3.2341114566407714,3.6718610066272617,3.1681299897943354,0.0664739591992253,-0.14564054406337054
DE24,DE,2023,11.120930738760302,9.69613882323632,27.4,0.5578202173957812,0.5864853802903424,0.21541109647389872,3.7783802100982715,3.447640883565442,4.604486422668241,3.2341114566407714,0.540275004953643,-0.11377294157486834
DE25,DE,2000,11.07234722656213,NA,NA,0.47169448521281887,NA,NA,3.71092030718872,3.8305553283823928,NA,NA,NA,NA
DE25,DE,2001,11.061898008786864,9.756481015394321,23,0.45317078260434757,0.6812905919860861,-0.23056890608643874,4.348127031757939,4.055658629356017,3.71092030718872,3.8305553283823928,0.08631722867714171,0.17429637727798855
DE25,DE,2002,11.098594923805898,9.716600056216798,23.9,0.5182247182271642,0.6186325637932367,-0.13934572374455165,3.9250720755198363,4.321603457510511,4.348127031757939,4.055658629356017,0.4100369207098295,0.2830163384600066
DE25,DE,2003,11.08725956113538,9.656244057569182,22,0.4981301148239435,0.5238056603570408,-0.3319279975774245,4.320475759534583,4.2164127799458315,3.9250720755198363,4.321603457510511,0.19511260358356855,0.41146186221935316
DE25,DE,2004,11.117881015942535,9.739577276933668,21.8,0.5524138645252045,0.6547326820743025,-0.35219981587562166,4.603317276396303,4.122857188612912,4.320475759534583,4.2164127799458315,0.3959892639866391,0.36065707023239724
DE25,DE,2005,11.107391274619626,9.695341737950748,24.1,0.5338183243724001,0.5852330585477008,-0.1190739054463542,4.459362795477904,4.239445501669925,4.603317276396303,4.122857188612912,0.5396810443808807,0.315471769909913
DE25,DE,2006,11.131975412509668,9.660917727965328,23.7,0.5773995061369078,0.5311485873448865,-0.15961754204274872,4.459590519915623,4.419908063631903,4.459362795477904,4.239445501669925,0.46654794889898044,0.371781370057983
DE25,DE,2007,11.136951073989758,9.818044842523861,23.4,0.5862200394552761,0.7780151466481625,-0.19002526949004456,4.49517631158619,4.582086918658259,4.459590519915623,4.419908063631903,0.4666636395877387,0.4589408326089681
DE25,DE,2008,11.140480698881115,9.793766216120773,24.7,0.5924771319202944,0.7398703555242385,-0.058258450551762916,4.789567279193835,3.671463332968544,4.49517631158619,4.582086918658259,0.484742264743685,0.5372696654014981
DE25,DE,2009,11.10954654671917,9.812449490837302,26.4,0.5376390524183572,0.7692241418439729,0.1140520049829129,5.380007048044168,3.7961249711659626,4.789567279193835,3.671463332968544,0.6343015046207896,0.09745843002909381
DE25,DE,2010,11.139525240974395,9.697095811975943,26.7,0.590783357467542,0.587988930572588,0.1444597324302087,4.8065650644783116,3.767868333174548,5.380007048044168,3.7961249711659626,0.9342622124512011,0.15766726929128735
DE25,DE,2011,11.165983622066506,9.736437614063696,27.5,0.6376870772858796,0.6497998748229267,0.22554700562299745,4.992453268315337,3.844802372747812,4.8065650644783116,3.767868333174548,0.6429368777349833,0.14401993239185693
DE25,DE,2012,11.172734826471538,9.815013921028054,27.8,0.6496551791416809,0.7732531858415227,0.25595473307029326,4.797979797979798,3.907489367955657,4.992453268315337,3.844802372747812,0.7373735334989553,0.18117738747938197
DE25,DE,2013,11.172110319259192,9.738082669557798,29.1,0.6485480928384608,0.652384464954508,0.3877215520085749,5.093398306067989,3.7757042075755285,4.797979797979798,3.907489367955657,0.638575310727359,0.21145383236551382
DE25,DE,2014,11.182084188059664,9.818555728330908,28.9,0.6662291272938036,0.778817812831762,0.3674497337103774,5.184594348222425,3.80633535296118,5.093398306067989,3.7757042075755285,0.7886565712848611,0.14780448800262336
DE25,DE,2015,11.191341840842766,9.873254590497638,27.8,0.68264049996254,0.8647566397417055,0.25595473307029326,6.15752333257455,3.725127200078291,5.184594348222425,3.80633535296118,0.8349868335726486,0.16259865993561956
DE25,DE,2016,11.204749195430134,9.830938888639976,28.4,0.7064081976490223,0.7982733230241897,0.31677018796488454,5.030959752321981,3.8495513875362852,6.15752333257455,3.725127200078291,1.329263273290184,0.12337690178767666
DE25,DE,2017,11.217927084833832,9.832535022157197,29.4,0.7297691141856881,0.8007810505458984,0.41812927945587036,4.980297723292469,3.926722877848973,5.030959752321981,3.8495513875362852,0.7569359559644737,0.18347105754651333
DE25,DE,2018,11.223917740970617,9.965922230623327,30.1,0.7403889648859086,1.0103492164326073,0.4890806434995607,5.134634252698136,4.004606720379932,4.980297723292469,3.926722877848973,0.7311981603593314,0.22074319613739501
DE25,DE,2019,11.221725152698461,9.864130168954405,30.7,0.7365020851242131,0.8504210200853582,0.549896098394152,4.998903749177812,4.064444306714692,5.134634252698136,4.004606720379932,0.8096056407611947,0.25835938523834645
DE25,DE,2020,11.186608481800883,9.927150850954252,30.9,0.6742495048548973,0.9494344779087217,0.5701679166923491,6.852569713642616,4.730968532276891,4.998903749177812,4.064444306714692,0.7406505668348395,0.28725962808419897
DE25,DE,2021,11.217015288210002,10.06250974411505,33.8,0.7281527396529244,1.1621004096900773,0.8641092820162078,7.139364303178485,5.074797202962341,6.852569713642616,4.730968532276891,1.682367206052191,0.6091762220060609
DE25,DE,2022,11.205364964577926,10.010328205668717,32.8,0.7074997936722364,1.0801166165580567,0.762750190525222,6.842047087432297,5.1901982623222365,7.139364303178485,5.074797202962341,1.828067263225877,0.775237934866358
DE25,DE,2023,11.203844948765862,10.018922889100557,33.5,0.7048052071999845,1.0936199506775712,0.8337015545689124,6.860371267150928,5.5119440142412905,6.842047087432297,5.1901982623222365,1.6770214035287125,0.8309741174976452
DE26,DE,2000,11.021752779105631,NA,NA,0.3820038960720182,NA,NA,2.8184812842768405,2.791835772981813,NA,NA,NA,NA
DE26,DE,2001,11.054307839520188,9.657890906299608,19,0.4397154176892178,0.5263930678895686,-0.636005272050382,2.973808946864628,2.964935748613328,2.8184812842768405,2.791835772981813,-0.3670679515409359,-0.3273824042134749
DE26,DE,2002,11.052673173220258,9.561090113284466,19.8,0.4368175861907041,0.3743067855402889,-0.5549179988575933,3.1896329449803686,3.1419698146001056,2.973808946864628,2.964935748613328,-0.2881569464333405,-0.24377890950740816
DE26,DE,2003,11.06734940117605,9.482992185598786,19.1,0.46283466114446264,0.25160506884009426,-0.6258693629012833,3.019751281776346,3.0762876104079098,3.1896329449803686,3.1419698146001056,-0.17851202978478525,-0.15827533537620295
DE26,DE,2004,11.075769530592408,9.499759512328747,19.6,0.477761326143507,0.27794865867924706,-0.5751898171557903,2.9828302259540935,3.0150526387912273,3.019751281776346,3.0762876104079098,-0.2648168937699942,-0.1899984005611139
DE26,DE,2005,11.102196457742522,9.401094003622223,20.9,0.5246092864322853,0.12293267226136084,-0.4434229982175091,2.399071065466409,3.1065630014027494,2.9828302259540935,3.0150526387912273,-0.28357387225037894,-0.21957354987412975
DE26,DE,2006,11.121857282344083,9.351056281877652,22.3,0.5594627343926384,0.044317086166222056,-0.3015202701301287,2.864705373717792,3.2309144661103706,2.399071065466409,3.1065630014027494,-0.5801406352299895,-0.1753760502024443
DE26,DE,2007,11.128720574853244,9.438239435250562,22.5,0.5716295388452725,0.18129284087826233,-0.28124845183193165,2.9787740745072875,3.346884607887216,2.864705373717792,3.2309144661103706,-0.34358475931876914,-0.11531701793830282
DE26,DE,2008,11.110921896639569,9.528412350223949,22.8,0.5400771844829767,0.3229658889983841,-0.25084072438463584,2.915140415140415,2.6811681008142334,2.9787740745072875,3.346884607887216,-0.28563451606747875,-0.05930598097119468
DE26,DE,2009,11.048819628344924,9.488513580629627,24.7,0.4299862691682906,0.26027987838934197,-0.058258450551762916,3.2994526974198592,2.776783601187768,2.915140415140415,2.6811681008142334,-0.31796228007072763,-0.3808324645640929
DE26,DE,2010,11.097651168503335,9.361894690869928,26.1,0.5165516893999512,0.06134559676900656,0.08364427753561744,2.6526447967352063,2.7554026753439542,3.2994526974198592,2.776783601187768,-0.12272037682812212,-0.3346522733183504
DE26,DE,2011,11.1460595913466,9.326796881424697,27.9,0.6023670344123159,0.006202501440296797,0.2660906422193916,2.870667277446939,2.81099308253787,2.6526447967352063,2.7554026753439542,-0.45131774772921956,-0.3449787919332303
DE26,DE,2012,11.136422213530901,9.457372702020674,26.6,0.5852825095777345,0.211353621597364,0.13432382328111034,3.1746031746031744,2.849991891276986,2.870667277446939,2.81099308253787,-0.34055593748636825,-0.31812984353454254
DE26,DE,2013,11.127393480477396,9.46312590203837,27.9,0.5692769511128432,0.2203926260832695,0.2660906422193916,3.4795539033457246,2.7548895331237024,3.1746031746031744,2.849991891276986,-0.1861475936453465,-0.2992942735810018
DE26,DE,2014,11.138662026609385,9.399758764686064,28.4,0.5892531064450534,0.1208348431060082,0.31677018796488454,2.8643141886903885,2.786533303372547,3.4795539033457246,2.7548895331237024,-0.031223685614683,-0.3452266283799875
DE26,DE,2015,11.147642146494896,9.411195228009516,25.7,0.60517248660587,0.13880297266271213,0.043100640939222896,3.197158081705151,2.7389821242959056,2.8643141886903885,2.786533303372547,-0.34378349277796877,-0.3299433808299652
DE26,DE,2016,11.166388327557689,9.493297712517998,26.9,0.6384045132053835,0.2677963543448355,0.1647315507284058,2.628873549713614,2.8202296425023974,3.197158081705151,2.7389821242959056,-0.1746890397736593,-0.35290955822945785
DE26,DE,2017,11.180639143196633,9.468481564581996,27.2,0.6636674445081269,0.22880704894497156,0.19513927817570162,2.926190129567623,2.8720570067478017,2.628873549713614,2.8202296425023974,-0.463394237929892,-0.3136687874929146
DE26,DE,2018,11.16885796378759,9.533437365721973,27.7,0.6427825258047637,0.33086082355457563,0.24581882392119453,3.396546844041891,2.924226465806707,2.926190129567623,2.8720570067478017,-0.31234870128459175,-0.28863730637044593
DE26,DE,2019,11.16500892325661,9.625115976525228,27.4,0.6359591937949172,0.4748995101574075,0.21541109647389872,3.262251094478181,2.9663041278673323,3.396546844041891,2.924226465806707,-0.07339370460269999,-0.2634406009501392
DE26,DE,2021,11.14586863600678,9.69117292688335,31.3,0.6020285210419954,0.5786833293842432,0.6107115532887436,3.9197070391970708,3.7060841620632847,3.262251094478181,2.9663041278673323,-0.14161988146775695,-0.24311801231605568
DE26,DE,2022,11.154855109528967,9.547739108922315,30.8,0.6179591645221155,0.353330669995956,0.5600320075432507,4.205352266521027,3.79194996025204,3.9197070391970708,3.7060841620632847,0.19238700788725197,0.114179531758786
DE26,DE,2023,11.16660077559349,9.521352706040965,29.8,0.6387811274476725,0.31187429558209,0.4586729160522649,4.492415402567095,4.034153088210762,4.205352266521027,3.79194996025204,0.33750315537052195,0.15565083051614312
DE27,DE,2000,11.003625394513074,NA,NA,0.3498688321386449,NA,NA,3.1215616060175653,3.154271656961881,NA,NA,NA,NA
DE27,DE,2001,11.031185422099334,9.781871267157538,21.6,0.39872548015468817,0.7211818870705777,-0.37247163417381873,3.226507419908265,3.3509525130804567,3.1215616060175653,3.154271656961881,-0.2130942650871336,-0.15233381511304062
DE27,DE,2002,11.041330896616323,9.706260194835714,20.5,0.41671072621007976,0.6023873345087002,-0.4839666348139033,3.7312580094632994,3.5453034873891394,3.226507419908265,3.3509525130804567,-0.15977871576397737,-0.05734127191189441
DE27,DE,2003,11.043296437714265,9.609885540562376,19,0.420195111313928,0.45097056999070184,-0.636005272050382,3.413703447372851,3.475212876274819,3.7312580094632994,3.5453034873891394,0.09664937751224738,0.03652598943494459
DE27,DE,2004,11.05585937063308,9.619387486051638,22.4,0.44246587246402624,0.46589932748880775,-0.2913843609810304,3.322764727324337,3.4066755197004284,3.413703447372851,3.475212876274819,-0.06467764726607952,0.0026737603178526334
DE27,DE,2005,11.072238270201732,9.582558465766693,22.3,0.47150133437026576,0.4080362810897223,-0.3015202701301287,3.270072120768691,3.500841576183656,3.322764727324337,3.4066755197004284,-0.11087718238218125,-0.030428280896367288
DE27,DE,2006,11.108205193175756,9.536585945422383,21.2,0.5352611869488652,0.3358076402737407,-0.41301527077021327,3.609076290870109,3.643546837039681,3.270072120768691,3.500841576183656,-0.13764657088498633,0.015051860715238018
DE27,DE,2007,11.100219064721028,9.547954521910292,20.3,0.5211038909990563,0.35366911103027743,-0.5042384531121004,3.3507078154171897,3.781786491093409,3.609076290870109,3.643546837039681,0.034577483431481724,0.08397537429158781
DE27,DE,2008,11.09749887630743,9.69855745774566,21,0.5162817155696413,0.5902853608424606,-0.43328708906841035,3.2938522278623803,3.023798275607801,3.3507078154171897,3.781786491093409,-0.0966812746444281,0.15074209764718147
DE27,DE,2009,11.045335304262313,9.678005239790659,22,0.4238094830694678,0.5579952284432439,-0.3319279975774245,3.2404260140493997,3.1373800138401475,3.2938522278623803,3.023798275607801,-0.1255655795080078,-0.21534959895427494
DE27,DE,2010,11.086071221072375,9.508825721594206,24,0.49602350183163596,0.29219281948863807,-0.12920981459545292,3.1953195319531953,3.1053441389541008,3.2404260140493997,3.1373800138401475,-0.1527076619989026,-0.16049210855677176
DE27,DE,2011,11.117800254032197,9.561000861132987,24.6,0.5522706949941095,0.37416655912801117,-0.06839435970086129,3.50974930362117,3.166115222828844,3.1953195319531953,3.1053441389541008,-0.17562307693387955,-0.17596473405350355
DE27,DE,2012,11.1193277801716,9.662323162550257,26.2,0.5549785952926327,0.5333567027378397,0.09378018668471581,3.4678226075358447,3.215625211289097,3.50974930362117,3.166115222828844,-0.015883537274944053,-0.14661363235364272
DE27,DE,2013,11.11820505442299,9.616883084564487,25.2,0.5529882991455511,0.46196459617280244,-0.007578904806270009,3.47275308507153,3.1107805298438542,3.4678226075358447,3.215625211289097,-0.037183527719748755,-0.12270139294960311
DE27,DE,2014,11.132727291089571,9.626191506725354,26.2,0.5787323882254384,0.4765893040588471,0.09378018668471581,3.7141615986099055,3.134273504760288,3.47275308507153,3.1107805298438542,-0.034678700623793204,-0.17333907639345206
DE27,DE,2015,11.146200185177994,9.716266455078637,25.2,0.6026162701328601,0.6181084342348926,-0.007578904806270009,3.339735381988903,3.0901999071897883,3.7141615986099055,3.134273504760288,0.08796389971841753,-0.16199248436251562
DE27,DE,2016,11.162189581011338,9.762129132670129,25.6,0.6309612448167153,0.6901644982010482,0.03296473179012453,3.2502819645237366,3.174463965980965,3.339735381988903,3.0901999071897883,-0.10225559241807602,-0.18327906610650374
DE27,DE,2017,11.16422290586197,9.75518360598673,24.4,0.6345657926067602,0.6792521978021179,-0.08866617799905874,3.4639466774389005,3.232516854410831,3.2502819645237366,3.174463965980965,-0.1477005502889646,-0.1425813723757067
DE27,DE,2018,11.152553254762646,9.729715763496703,25.9,0.6138785841326292,0.6392389978776156,0.06337245923741999,3.1677825522134504,3.304354876882571,3.4639466774389005,3.232516854410831,-0.03915261380899435,-0.11454309950587174
DE27,DE,2019,11.170299940891024,9.777936468938442,26.7,0.645338770263126,0.7149998216732087,0.1444597324302087,3.5376428852975956,3.3422154562933533,3.1677825522134504,3.304354876882571,-0.18961266972558624,-0.0798469089980495
DE27,DE,2020,11.138264646583293,9.687595029096547,27.9,0.5885486566398921,0.5730619996815466,0.2660906422193916,4.455909943714822,3.8825538793713363,3.5376428852975956,3.3422154562933533,-0.001712780247724121,-0.06156107886554844
DE27,DE,2021,11.147161461009086,9.736444671525769,32.4,0.6043203582285259,0.6498109629879716,0.7222065539288278,3.557350254783194,4.1910690623648374,4.455909943714822,3.8825538793713363,0.4647937990033795,0.19941053784599164
DE27,DE,2022,11.143952518190751,9.69519458909728,30.4,0.598631750360182,0.5850018690979154,0.5194883709468562,3.9983554322129717,4.288535784745416,3.557350254783194,4.1910690623648374,0.008299141056096507,0.3484166100539099
DE27,DE,2023,11.13944978652754,9.827207851487982,29.8,0.5906495966670615,0.7924113920205358,0.4586729160522649,4.62869792714832,4.549676704271068,3.9983554322129717,4.288535784745416,0.232342696652441,0.39549090095911793
DE30,DE,2000,11.081790167362412,NA,NA,0.4884343245860467,NA,NA,6.584974639609956,6.728048935445425,NA,NA,NA,NA
DE30,DE,2001,11.09169537159181,9.599687216027696,33.6,0.5059936348968961,0.43494771298344387,0.843837463718011,7.288523031691159,7.129455238806817,6.584974639609956,6.728048935445425,1.5464210654745316,1.5737222902811434
DE30,DE,2002,11.093194370625897,9.515556253335806,32,0.5086509641740736,0.3027673356566363,0.6816629173324337,7.710286206613107,7.562528990407809,7.288523031691159,7.129455238806817,1.9038442690174486,1.7675927378974639
DE30,DE,2003,11.08725956113538,9.35554674084128,30.4,0.4981301148239435,0.05137216483394991,0.5194883709468562,7.125610680441982,7.432435689531622,7.710286206613107,7.562528990407809,2.118112323374164,1.976757869014433
DE30,DE,2004,11.07217886246168,9.245472401503555,32.5,0.4713960201416768,-0.12156853668808298,0.7323424630779265,6.8798938035988035,7.292499803391776,7.125610680441982,7.432435689531622,1.8210800197695178,1.9139256557144741
DE30,DE,2005,11.089969231172963,9.310823994008768,34.2,0.5029336439514636,-0.01889292381197595,0.9046529186126027,7.066679959984444,7.481220677360191,6.8798938035988035,7.292499803391776,1.696248644594244,1.8463396894345838
DE30,DE,2006,11.10992193179481,9.422914320722908,34.6,0.5383045109870633,0.1572151487180004,0.9451965552089969,7.013384262414498,7.812873006896523,7.066679959984444,7.481220677360191,1.7911414865710873,1.9374877357019582
DE30,DE,2007,11.115409230215004,9.420833205033302,34.1,0.5480320414343863,0.15394545289720882,0.894517009463504,7.315446765424699,8.07947868599476,7.013384262414498,7.812873006896523,1.7640657101569672,2.0976685426344197
DE30,DE,2008,11.130724523935749,9.44377367739093,34.5,0.57518201115901,0.18998783486056905,0.9350606460598981,6.710561319499868,6.357882141833906,7.315446765424699,8.07947868599476,1.917522314864319,2.2264332429169005
DE30,DE,2009,11.098023785482388,9.440082036318177,33.8,0.5172122408646921,0.18418780007743504,0.8641092820162078,6.941206941206941,6.578698402531645,6.710561319499868,6.357882141833906,1.6102227796903608,1.3949398412532996
DE30,DE,2010,11.117195764576305,9.37027180484928,35.4,0.5511990948847307,0.07450710177585583,1.0262838284017852,7.442390139335477,6.49054307364844,6.941206941206941,6.578698402531645,1.727397515531666,1.5015892559334931
DE30,DE,2011,11.1460595913466,9.446441668872582,36,0.6023670344123159,0.19417958673723681,1.0870992832963768,7.2089209576910465,6.642889175990289,7.442390139335477,6.49054307364844,1.9820132694062202,1.4590121640262845
DE30,DE,2012,11.125577800516771,9.414145480045994,36.8,0.5660582302146726,0.14343819155137383,1.1681865564891651,7.389445472528876,6.72548130450708,7.2089209576910465,6.642889175990289,1.8634040823607552,1.5325919927591305
DE30,DE,2013,11.119742333741877,9.501989948740912,37.2,0.5557134892546732,0.28145295623070876,1.20873019308556,7.036620422447193,6.510656182665483,7.389445472528876,6.72548130450708,1.9551158269082725,1.5724821808081184
DE30,DE,2014,11.132727291089571,9.485002420234453,36.9,0.5787323882254384,0.25476340156512295,1.178322465638264,7.019576751844848,6.562008801432398,7.036620422447193,6.510656182665483,1.775870360484365,1.4687263548983178
DE30,DE,2015,11.151955596748616,9.555232036573166,36.1,0.61281909436492,0.36510300651133815,1.0972351924454755,6.627928091519884,6.476421103487538,7.019576751844848,6.562008801432398,1.7672116762838372,1.493528544358828
DE30,DE,2016,11.163591122936628,9.60784131986966,36.6,0.6334458083865195,0.4477588408738968,1.1479147381909685,7.104518958850349,6.605658527384276,6.627928091519884,6.476421103487538,1.5682426779715168,1.452191561924644
DE30,DE,2017,11.175196952893947,9.59611979688393,39.1,0.6540198788363416,0.4293428465535549,1.4013124669184331,7.168478870081829,6.724197489037906,7.104518958850349,6.605658527384276,1.8103648070217262,1.514610405400261
DE30,DE,2018,11.183573948420102,9.568358008888001,40.5,0.6688700788433044,0.38572556826318893,1.543215195005813,7.466666666666666,6.831610049958705,7.168478870081829,6.724197489037906,1.8428583165343422,1.571862126071605
DE30,DE,2019,11.187304928811981,9.612584725619051,42.1,0.6754841214160215,0.45521133091688865,1.7053897413913905,7.354520077302985,6.933887349002813,7.466666666666666,6.831610049958705,1.9943464568134757,1.6237400390265053
DE30,DE,2020,11.169887835013805,9.61296651856085,43.1,0.6446082154142382,0.4558111758906404,1.8067488328823764,10.753631131816936,7.92114144479677,7.354520077302985,6.933887349002813,1.937372702501843,1.6731377330353547
DE30,DE,2021,11.208545788096428,9.598380237328616,42.9,0.7131385534506218,0.4328942842328989,1.7864770145841788,10.251604475492702,8.623388506434344,10.753631131816936,7.92114144479677,3.664220743058938,2.1499598254136614
DE30,DE,2022,11.193844099821751,9.63814851905585,46.7,0.6870763440776682,0.49537528190786373,2.1716415622499254,10.221956261560223,8.814677011341105,10.251604475492702,8.623388506434344,3.4091764876999737,2.489129766286137
DE30,DE,2023,11.18320325987852,9.797401764389717,48.2,0.6682129459887374,0.745582261421937,2.3236801994864043,9.820313772325065,9.450593607071413,10.221956261560223,8.814677011341105,3.3941143260599977,2.581517922026537
DE40,DE,2000,10.833425198251465,NA,NA,0.048148848187662595,NA,NA,2.1369426820010475,2.549652137597868,NA,NA,NA,NA
DE40,DE,2001,10.868551820277599,9.79480679177281,32.4,0.11041906917898757,0.7415052314120513,0.7222065539288278,2.5828794811773887,2.7003241014078987,2.1369426820010475,2.549652137597868,-0.7133095367757157,-0.44435179259640084
DE40,DE,2002,10.885277266642978,9.617253346699183,29.3,0.14006886700400675,0.4625463247909954,0.40799337030677196,2.8193055671149057,2.8611978127675672,2.5828794811773887,2.7003241014078987,-0.48676057279075363,-0.3715805360853096
DE40,DE,2003,10.900627652840303,9.502080437146633,28,0.16728104641876598,0.28159512495467487,0.27622655136849034,2.954929594408455,2.795592728525283,2.8193055671149057,2.8611978127675672,-0.366649191700216,-0.2938820590812799
DE40,DE,2004,10.91050595670303,9.390337826702298,29.7,0.18479266948613227,0.10603335863914091,0.44853700690316617,2.6238859655558002,2.747095190173929,2.954929594408455,2.795592728525283,-0.29774821081778446,-0.32556787702048423
DE40,DE,2005,10.932297420947126,9.401932326365214,31.1,0.2234231786536478,0.12424978326240874,0.5904397349905465,2.451448376233188,2.8252562714003826,2.6238859655558002,2.747095190173929,-0.4659280768636323,-0.34899112520999187
DE40,DE,2006,10.9702457490355,9.353658137928823,31.2,0.2906955390461814,0.048404930921468706,0.6005756441396449,2.5530066832039937,2.9424978932400627,2.451448376233188,2.8252562714003826,-0.5535314262289628,-0.3112410358948632
DE40,DE,2007,10.97153499133083,9.370618941132898,29.2,0.2929810250397351,0.07505249675868264,0.39785746115767323,2.4670350764505677,3.051735067002335,2.5530066832039937,2.9424978932400627,-0.5019368297058698,-0.2546159019221705
DE40,DE,2008,10.979293454161134,9.294913547672106,29.7,0.30673472998285506,-0.04389024623558564,0.44853700690316617,2.613682916837362,2.4401010639109906,2.4670350764505677,3.051735067002335,-0.5456129256864783,-0.20185674095162937
DE40,DE,2009,10.926897604098096,9.319979790943805,30.2,0.2138507299208431,-0.004508009448961606,0.49921655264865905,2.823933862650405,2.526894393064061,2.613682916837362,2.4401010639109906,-0.47111152465470874,-0.4972625603513403
DE40,DE,2010,10.960353293083335,9.163113392073006,30.9,0.27315882806298464,-0.2509649514499147,0.5701679166923491,3.1485624326787636,2.4951905006790334,2.823933862650405,2.526894393064061,-0.36429788191703527,-0.4553432844652637
DE40,DE,2011,10.983358529073529,9.24042038498304,30.3,0.31394103387831107,-0.12950589326378986,0.5093524617977578,3.533715806102935,2.542118539407366,3.1485624326787636,2.4951905006790334,-0.19937705377348933,-0.4706555696894725
DE40,DE,2012,10.9942691249665,9.270962631540536,30.4,0.3332826380011585,-0.08152016309732124,0.5194883709468562,3.2290279627163785,2.5874770785126775,3.533715806102935,2.542118539407366,-0.0037078515777433547,-0.4479903554219554
DE40,DE,2013,10.997340352229198,9.364508154811757,29.6,0.3387271125714856,0.06545167898782184,0.4384010977540678,2.944365668529485,2.509159047323922,3.2290279627163785,2.5874770785126775,-0.15849820614263058,-0.426083175076429
DE40,DE,2014,11.029348936635735,9.316560694240348,30,0.39546987659620797,-0.009879842575784168,0.478944734350462,3.0590010056989607,2.530033392310103,2.944365668529485,2.509159047323922,-0.3031149947833934,-0.46390906778375657
DE40,DE,2015,11.02679245379461,9.378564468242544,27.7,0.39093790789853533,0.0875359242366214,0.24581882392119453,3.008834805800967,2.4904820018099705,3.0590010056989607,2.530033392310103,-0.2448768836434743,-0.4538272166212826
DE40,DE,2016,11.030459810333445,9.407553689019467,27.7,0.39743916218815617,0.1330816545848749,0.24581882392119453,3.1516320951921535,2.554360636466931,3.008834805800967,2.4904820018099705,-0.27036278351750276,-0.4729296714554438
DE40,DE,2017,11.05194194735957,9.447348603432323,27.2,0.43552131591724136,0.19560449557557053,0.19513927817570162,2.921184657711604,2.6102348230464845,3.1516320951921535,2.554360636466931,-0.1978175752476614,-0.4420776908304293
DE40,DE,2018,11.050232255122717,9.485486934094036,26.9,0.43249048325315076,0.25552463408559506,0.1647315507284058,2.7780014493920606,2.6667368094752457,2.921184657711604,2.6102348230464845,-0.3148916276932924,-0.4150916832075662
DE40,DE,2019,11.067574472871202,9.538578196678788,28.2,0.463233653799821,0.3389377188366817,0.29649836966668747,2.4997984033545686,2.7094271992214214,2.7780014493920606,2.6667368094752457,-0.3876328940896731,-0.3878024620159072
DE40,DE,2020,11.042820589009173,9.541816511481516,28.8,0.4193515572710014,0.34402552074494125,0.3573138245612791,3.845514950166113,3.140411795703031,2.4997984033545686,2.7094271992214214,-0.5289681953558315,-0.36718393933776455
DE40,DE,2021,11.07484079942946,9.601953200544349,29.2,0.4761149311467057,0.4385078611006687,0.39785746115767323,3.505291005291005,3.3794465882891522,3.845514950166113,3.140411795703031,0.15469525215664465,-0.159027824359164
DE40,DE,2022,11.104195729584198,9.61288167965203,31.3,0.5281534672336806,0.4556778832404568,0.6107115532887436,3.9990206480045707,3.4508588211366154,3.505291005291005,3.3794465882891522,-0.018148483495350913,-0.04357925804000606
DE40,DE,2023,11.096092087469415,9.604446989683368,29.5,0.513787850609722,0.4424259190762578,0.4282651886049691,4.04189167075765,3.6724721679072023,3.9990206480045707,3.4508588211366154,0.23268064577144518,-0.009088714589436525
DE50,DE,2000,11.152535887676777,NA,NA,0.6138477968774747,NA,NA,3.062519441836906,2.8437582522026545,NA,NA,NA,NA
DE50,DE,2001,11.169335760580152,9.760897545339299,19.5,0.6436295332921244,0.6882295188201963,-0.5853257263048891,3.1185083218620946,3.021503938986141,3.062519441836906,2.8437582522026545,-0.24308941496322395,-0.30230498464233563
DE50,DE,2002,11.181258141909455,9.727700280184315,19.7,0.6647647656969419,0.6360724188179783,-0.565053908006692,2.86381644913192,3.2066772880939127,3.1185083218620946,3.021503938986141,-0.21464542292710376,-0.2164577132616461
DE50,DE,2003,11.20065224849047,9.780473475260155,18.1,0.699145393069272,0.718985779305866,-0.7272284543922691,3.379293538935832,3.133437082849794,2.86381644913192,3.2066772880939127,-0.34403635906196606,-0.12702304375717657
DE50,DE,2004,11.193950734679296,9.521938255522656,18.6,0.6872653795089647,0.3127942678367393,-0.6765489086467762,3.2741653637450567,3.07228842092428,3.379293538935832,3.133437082849794,-0.08215888927531191,-0.16239645781491455
DE50,DE,2005,11.213787523150986,9.72612127850691,21.6,0.7224307649243704,0.6335916075822464,-0.37247163417381873,3.2302252610874347,3.155374597156405,3.2741653637450567,3.07228842092428,-0.13556708348375104,-0.19192992143859197
DE50,DE,2006,11.243024415984706,9.646520578741647,21.5,0.7742600520246498,0.5085288459806293,-0.38260754332291746,3.4459954045858048,3.287690628328563,3.2302252610874347,3.155374597156405,-0.15788994347840404,-0.15180111917026196
DE50,DE,2007,11.242639404762798,9.707929159524147,22.7,0.7735775288416765,0.6050094890069205,-0.26097663353373457,3.2386143097425286,3.407742379848993,3.4459954045858048,3.287690628328563,-0.048272386553903035,-0.08789537584897116
DE50,DE,2008,11.237554547572936,9.680939171299434,22,0.7645634203775469,0.562604805719818,-0.3319279975774245,3.111888111888112,2.7252611276803305,3.2386143097425286,3.407742379848993,-0.15362806088620418,-0.029913010825084876
DE50,DE,2009,11.133799958647673,9.687970805278407,24.1,0.5806339444252783,0.5736523915648607,-0.1190739054463542,3.3321517192484933,2.8244117828928874,3.111888111888112,2.7252611276803305,-0.21800868362624057,-0.3595364988961286
DE50,DE,2010,11.182741842474176,9.530269995858472,23.8,0.6673949748295311,0.32588448511394247,-0.14948163289365002,3.5615491009681888,2.794010188263253,3.3321517192484933,2.8244117828928874,-0.10610831536048507,-0.3116489053368324
DE50,DE,2011,11.188490198476305,9.586675064395296,25.8,0.6775852914026167,0.4145039779116932,0.05323655008832163,3.1735313977042536,2.8549861138556447,3.5615491009681888,2.794010188263253,0.010432277982449587,-0.32633220928532747
DE50,DE,2012,11.203461457333615,9.555495955930809,28.5,0.7041253782025778,0.36551765718406176,0.3269060971139833,3.5522788203753355,2.8964428338051462,3.1735313977042536,2.8549861138556447,-0.18669208772280768,-0.2968821735249936
DE50,DE,2013,11.193740578567898,9.847440647012615,27.2,0.6868928282431548,0.824199671403673,0.19513927817570162,3.3277310924369754,2.8054107862493662,3.5522788203753355,2.8964428338051462,0.0057227037377586484,-0.27685948632250024
DE50,DE,2014,11.204494089459248,9.722179725589113,26.5,0.705955962157335,0.6273989296993588,0.12418791413201162,3.567921440261866,2.82873019122096,3.3277310924369754,2.8054107862493662,-0.10835412334530108,-0.32082597030464166
DE50,DE,2015,11.205040685200927,9.551400583901856,26.5,0.7069249320059587,0.3590833100333803,0.12418791413201162,2.9983525535420097,2.7876189439377055,3.567921440261866,2.82873019122096,0.013669613111126442,-0.3095632087532395
DE50,DE,2016,11.207433760800804,9.746627549572459,26.2,0.7111672228343331,0.6658095516100185,0.09378018668471581,3.483353884093712,2.8594772585168404,2.9983525535420097,2.7876189439377055,-0.27568807489036556,-0.32941904022904495
DE50,DE,2017,11.212684608868981,9.667658461334254,27.6,0.7204755892737258,0.5417391315589946,0.23568291477209616,3.614457831325301,2.9149256214492985,3.483353884093712,2.8594772585168404,-0.02929318402071393,-0.29471304907805695
DE50,DE,2018,11.201995521987465,9.537933999509107,28.4,0.7015266621092437,0.33792560365058644,0.31677018796488454,3.547400611620795,2.9745196563767062,3.614457831325301,2.9149256214492985,0.03731146371079211,-0.2679327049447222
DE50,DE,2019,11.17687458653311,9.651950397909781,28.4,0.6569938800760696,0.5170597782735201,0.31677018796488454,3.6533816425120778,3.0145944856612243,3.547400611620795,2.9745196563767062,0.003244430714575162,-0.23915009209113836
DE50,DE,2021,11.206112696871786,9.606714278988987,30.8,0.7088253254909909,0.4459881171818867,0.5600320075432507,4.90566037735849,3.7656520620796856,3.6533816425120778,3.0145944856612243,0.0570859006152996,-0.2197948277953948
DE50,DE,2022,11.226895541318333,9.694100517612187,33.6,0.7456678182177888,0.5832829444940002,0.843837463718011,5.545112781954887,3.852020228641147,4.90566037735849,3.7656520620796856,0.6932802010719133,0.14294952202310585
DE50,DE,2023,11.185396243213528,9.702102740715903,31,0.6721005260925033,0.5958554485455254,0.5803038258414478,5.139902676399026,4.097996767008187,5.545112781954887,3.852020228641147,1.0181407643772533,0.1846634536949669
DE60,DE,2000,11.419872278224528,NA,NA,1.0877645915537861,NA,NA,4.806667064734332,4.642786082103436,NA,NA,NA,NA
DE60,DE,2001,11.456593294710974,9.854401643958253,25.4,1.1528612527111233,0.8351362775401664,0.012692913491927083,4.979218429042793,4.931667996910218,4.806667064734332,4.642786082103436,0.6429886968545766,0.5665860311100306
DE60,DE,2002,11.463138291745128,9.959200681673892,25.8,1.1644638033748667,0.9997888133666065,0.05323655008832163,5.2233803690538965,5.232610588080704,4.979218429042793,4.931667996910218,0.7306498472473598,0.7061096650511447
DE60,DE,2003,11.467314953718176,10.029725235681875,23.2,1.1718679216494412,1.1105918026741162,-0.21029708778824163,5.083734174974332,5.122054388080096,5.2233803690538965,5.232610588080704,0.8546912689381506,0.8514583413635582
DE60,DE,2004,11.478842293061954,9.996548131455066,25.8,1.1923028489773508,1.0584663780385901,0.05323655008832163,4.868471508551268,5.024133182365272,5.083734174974332,5.122054388080096,0.7837469094423604,0.7980621196266506
DE60,DE,2005,11.488969432838536,10.165369484932205,26.2,1.2102555923817304,1.3237060649437946,0.09378018668471581,5.406420430423565,5.145314263924379,4.868471508551268,5.024133182365272,0.6743871657458083,0.7507683232311038
DE60,DE,2006,11.485793931755666,10.212943575445568,25.4,1.2046262678756223,1.3984509749487546,0.012692913491927083,4.806583650409316,5.379923135094501,5.406420430423565,5.145314263924379,0.947680984852231,0.8092961299141553
DE60,DE,2007,11.479261038806657,10.230096041934065,26.5,1.1930451745571473,1.4253996680338212,0.12418791413201162,5.354417225247941,5.561120439511081,4.806583650409316,5.379923135094501,0.6429463199326702,0.9226070731844246
DE60,DE,2008,11.477877149985858,10.307012915049262,26.5,1.1905919052779534,1.5462457987074796,0.12418791413201162,5.633310006997901,4.4173662976866135,5.354417225247941,5.561120439511081,0.9212618324562066,1.0101214002389405
DE60,DE,2009,11.413462741932834,10.342372850679464,27.6,1.0764021769999836,1.601800727407972,0.23568291477209616,5.489614243323442,4.584205654051167,5.633310006997901,4.4173662976866135,1.0629475396798271,0.4577132153607519
DE60,DE,2010,11.427995646143392,9.987270249657401,29.5,1.102165176817157,1.0438896529237223,0.4282651886049691,4.79866967573346,4.5583613475575175,5.489614243323442,4.584205654051167,0.9899458801406165,0.5382929681637215
DE60,DE,2011,11.4181407233559,10.266645677431763,30.4,1.0846950022192983,1.4828237656153014,0.5194883709468562,5.082159624413145,4.648816420285288,4.79866967573346,4.5583613475575175,0.6389257888459109,0.5258107345109375
DE60,DE,2012,11.41092069061538,10.124270452782032,32.2,1.0718957915812164,1.2591342901351352,0.701934735630631,5.095171773444754,4.7194575247012605,5.082159624413145,4.648816420285288,0.7829469916086278,0.5694985522956805
DE60,DE,2013,11.423424747540098,10.099399278770901,31.2,1.0940621811478237,1.220058531815437,0.6005756441396449,5.644338660319619,4.549172260804221,5.095171773444754,4.7194575247012605,0.7895575446909789,0.6036166576132886
DE60,DE,2014,11.418174725739934,10.117179677407943,31.6,1.0847552794633337,1.247993785682344,0.6411192807360394,5.167072361141846,4.599712237947355,5.644338660319619,4.549172260804221,1.0685504188070922,0.5213726069899483
DE60,DE,2015,11.434963923500517,10.117156402387982,33.6,1.1145180916700044,1.2479572176838054,0.843837463718011,5.771560744575393,4.509831483141667,5.167072361141846,4.599712237947355,0.8260851505821555,0.5457823083553913
DE60,DE,2016,11.423582395243223,10.135747698473034,34.9,1.0943416488775999,1.2771664939465324,0.9756042826562923,5.201324361849835,4.646231989635923,5.771560744575393,4.509831483141667,1.1331829663729995,0.502371873540711
DE60,DE,2017,11.451215085219815,10.033580884002204,36.4,1.1433271081155243,1.1166495135752377,1.127642919892771,5.546288573811509,4.726636498727275,5.201324361849835,4.646231989635923,0.8434861708369081,0.5682503289304017
DE60,DE,2018,11.440920024262745,9.835806137245479,35.7,1.1250766848200835,0.8059203858490255,1.0566915558490815,5.57922077922078,4.823983386520016,5.546288573811509,4.726636498727275,1.0187381011018108,0.6070839447390622
DE60,DE,2019,11.450367343210589,9.951870294775377,36.9,1.1418242854923055,0.9882718489198115,1.178322465638264,5.50261297264064,4.892040060286624,5.57922077922078,4.823983386520016,1.0354686266628108,0.6541003581645464
DE60,DE,2020,11.391213912116182,9.995779843005563,37.1,1.0369608795005951,1.0572592997655994,1.1985942839364614,6.659707724425886,5.695510833278053,5.50261297264064,4.892040060286624,0.9965496156147273,0.6869702401168767
DE60,DE,2021,11.469132606939498,9.94338918749931,36.7,1.1750901406175238,0.9749469572981004,1.1580506473400674,7.221147646679562,6.111891326786835,6.659707724425886,5.695510833278053,1.584387662920001,1.0750290152334152
DE60,DE,2022,11.51765583083624,9.949700384321112,41.4,1.2611089975692027,0.9848626452992543,1.6344383773477003,6.982385824280139,6.264372735099361,7.221147646679562,6.111891326786835,1.8696155987200926,1.2761316685282615
DE60,DE,2023,11.416177583975855,9.983772841912119,38.1,1.0812148747267873,1.0383947832509464,1.2999533754274473,7.045454545454547,6.665246644711955,6.982385824280139,6.264372735099361,1.7483175950485885,1.3497768470796845
DE71,DE,2000,11.34617667721067,NA,NA,0.9571217600908781,NA,NA,6.565509259259258,6.251893910808151,NA,NA,NA,NA
DE71,DE,2001,11.36458974388921,9.684126684467667,26.8,0.989763262890313,0.5676127918384876,0.15459564157930744,7.309587803500846,6.599697048218921,6.565509259259258,6.251893910808151,1.5365320817437227,1.3437498484232029
DE71,DE,2002,11.355280895888715,9.809117107869827,26.7,0.973261134626051,0.7639885469578025,0.1444597324302087,6.6662706346033005,7.088578597756454,7.309587803500846,6.599697048218921,1.9145457904861383,1.511731141610519
DE71,DE,2003,11.386965826553963,9.607651816849858,25.1,1.029430146071328,0.44746110767483904,-0.017714813955368374,6.64483097370702,6.932413765835792,6.6662706346033005,7.088578597756454,1.587721813643076,1.7478502160906981
DE71,DE,2004,11.387357123897743,9.583470124684077,28.3,1.0301238128876926,0.4094686124911158,0.30663427881578614,6.957129367327666,6.770948299933487,6.64483097370702,6.932413765835792,1.5768298375307377,1.672426024659582
DE71,DE,2005,11.39247931189436,9.631290414430612,28.3,1.0392040990100297,0.4846003326132682,0.30663427881578614,6.668380522262752,6.979303989519541,6.957129367327666,6.770948299933487,1.7354865746728716,1.5944417431798896
DE71,DE,2006,11.42007686009865,9.716359165061212,27.9,1.0881272611695247,0.618254093336923,0.2660906422193916,6.519107376071774,7.2985652516445505,6.668380522262752,6.979303989519541,1.5887936984129722,1.6950729750892901
DE71,DE,2007,11.426680230063264,9.688960326670804,27.4,1.0998332916178286,0.5752070547570427,0.21541109647389872,6.418211528709077,7.585207227728692,6.519107376071774,7.2985652516445505,1.5129585650873436,1.8492691680150446
DE71,DE,2008,11.415952607425965,9.761335272500322,27,1.0808160507388402,0.6889172435229562,0.17486745987750454,6.255535872453498,6.008472488728162,6.418211528709077,7.585207227728692,1.4617005174612607,1.987710960641872
DE71,DE,2009,11.355024737387259,9.849472803750126,27.7,0.972807033275725,0.8273924465218566,0.24581882392119453,6.690837178642056,6.208673356803999,6.255535872453498,6.008472488728162,1.3790565162073931,1.2261826361924553
DE71,DE,2010,11.379560029043796,9.56181077282036,29,1.0163016235725808,0.3754390327692604,0.37758564285947616,6.3216471897607125,6.174015365385575,6.690837178642056,6.208673356803999,1.6002023380379022,1.3228752680271239
DE71,DE,2011,11.402691812414854,9.625975607989213,30,1.0573081644624958,0.47625009985275785,0.478944734350462,5.986313917775742,6.324471822249086,6.3216471897607125,6.174015365385575,1.4126430030622443,1.306136217709513
DE71,DE,2012,11.38000265121207,9.736275602390949,31,1.0170862757436196,0.6495453340052546,0.5803038258414478,6.476241324079017,6.385632983575716,5.986313917775742,6.324471822249086,1.2422838725796277,1.3788033890883171
DE71,DE,2013,11.380569318890482,9.634402009387502,32.2,1.018090827833401,0.4894890416251467,0.701934735630631,5.93825475165389,6.201334017444804,6.476241324079017,6.385632983575716,1.4911813543098935,1.4083428896488066
DE71,DE,2014,11.392110927418925,9.658771887621032,32.5,1.0385510506560456,0.5277772009097771,0.7323424630779265,6.130573248407643,6.250670687581618,5.93825475165389,6.201334017444804,1.2178684076191295,1.3193305279598655
DE71,DE,2015,11.386227811924272,9.73142218510654,32,1.0281218411039013,0.6419200019342665,0.6816629173324337,5.776696516382835,6.16219087419576,6.130573248407643,6.250670687581618,1.3155718406508559,1.343159058411993
DE71,DE,2016,11.39953752098922,9.701011880624137,32.3,1.0517164390754332,0.5941415694464773,0.712070644779729,5.932629462041226,6.314686036436824,5.776696516382835,6.16219087419576,1.1357920889759967,1.300425247601152
DE71,DE,2017,11.398067615681427,9.76180716434335,33.3,1.049110685288903,0.6896586452598819,0.8134297362707149,6.06210687930266,6.429261278655378,5.932629462041226,6.314686036436824,1.2150105956237567,1.3740770689986386
DE71,DE,2018,11.380616192876674,9.800004317753215,34.4,1.0181739230276048,0.7496712017429961,0.9249247369107995,5.89622641509434,6.579309994443378,6.06210687930266,6.429261278655378,1.280788918458305,1.429414400048622
DE71,DE,2019,11.372648288034853,9.790721908571808,33.9,1.0040489327291084,0.7350873635359652,0.8742451911653065,5.944173938196017,6.662489173847596,5.89622641509434,6.579309994443378,1.1965167808344286,1.501884641423689
DE71,DE,2020,11.330134405150401,9.797656892368604,34.8,0.9286830498256938,0.7459830997273231,0.9654683735071936,7.3533065037014955,7.7438185061024205,5.944173938196017,6.662489173847596,1.2208755278685224,1.5420583621859552
DE71,DE,2021,11.369788082872653,9.844029889462368,32.7,0.9989785445944842,0.8188409401406896,0.752614281376124,6.725267866430876,8.42515384328108,7.3533065037014955,7.7438185061024205,1.936756171543544,2.064316732095408
DE71,DE,2022,11.35705803687675,9.887907916283268,34.1,0.9764115361071675,0.8877788668678902,0.894517009463504,7.008767150428451,8.587842532409917,6.725267866430876,8.42515384328108,1.6176941365668733,2.393386768339259
DE71,DE,2023,11.34687410524926,9.970181018427047,34.6,0.9583581157545751,1.0170403104227237,0.9451965552089969,7.251518833535845,9.133807832518974,7.008767150428451,8.587842532409917,1.7617200819446879,2.471961839830161
DE72,DE,2000,11.043471303060274,NA,NA,0.42050510137592795,NA,NA,5.620861562506541,4.588490141590826,NA,NA,NA,NA
DE72,DE,2001,11.056210789666274,9.656620950606369,22.9,0.4430888455708987,0.5243978069612537,-0.24070481523553747,5.60127965242332,4.876484829292368,5.620861562506541,4.588490141590826,1.0566233650255916,0.5403622817498923
DE72,DE,2002,11.052673173220258,9.408222987023072,22.1,0.4368175861907041,0.13413320635404322,-0.32179208842832585,4.561983132936802,5.190097812771857,5.60127965242332,4.876484829292368,1.04667518077528,0.6794574044429518
DE72,DE,2003,11.063686393417314,9.556822028160827,20.6,0.4563411160930825,0.3676010842853101,-0.47383072566480455,4.973490262867105,5.070170406163003,4.561983132936802,5.190097812771857,0.5186820880371752,0.8309256025661858
DE72,DE,2004,11.079347351940292,9.564539395235188,22.1,0.4841038581932571,0.3797260435062618,-0.32179208842832585,4.7805307301927025,4.972201538792391,4.973490262867105,5.070170406163003,0.7277397709427519,0.7730032934095447
DE72,DE,2005,11.09522778842643,9.51223914600339,23.5,0.5122556767397358,0.29755574072412627,-0.17988936034094583,4.617742846488544,5.108175570229189,4.7805307301927025,4.972201538792391,0.6297106728751538,0.7256864774787682
DE72,DE,2006,11.115054535021331,9.557496430661176,25.2,0.547403260560491,0.3686606558641212,-0.007578904806270009,4.4431567333499915,5.3291685612807145,4.617742846488544,5.108175570229189,0.5470096567881231,0.7913589547620016
DE72,DE,2007,11.130372102891716,9.581442379048305,24.3,0.5745572617516348,0.40628276777136985,-0.0988020871481571,4.48079529752013,5.523135657885172,4.4431567333499915,5.3291685612807145,0.45831479435300954,0.8980937263299896
DE72,DE,2008,11.138861265328812,9.659425246940556,24.6,0.5896063040590881,0.528803710991456,-0.06839435970086129,4.547308319738988,4.403813196202546,4.48079529752013,5.523135657885172,0.4774362881036396,0.991775583158452
DE72,DE,2009,11.050557248243464,9.690689419075836,24.5,0.43306661019853554,0.5779236774987446,-0.07853026884996,5.0552599263200975,4.560056648474643,4.547308319738988,4.403813196202546,0.5112268528272126,0.4511673643631408
DE72,DE,2010,11.072670685534893,9.522720753333815,25.4,0.47226789251912443,0.31402367081308624,0.012692913491927083,5.1888750518887505,4.512198293724632,5.0552599263200975,4.560056648474643,0.7692811565715908,0.5266295277010176
DE72,DE,2011,11.09525501571114,9.608218967164042,26,0.5123039435225396,0.4483521725115088,0.07350836838651871,4.812726540475231,4.612137799232009,5.1888750518887505,4.512198293724632,0.8371615564986864,0.5035149911831095
DE72,DE,2012,11.071164378792977,9.694168222474662,27,0.46959760860653904,0.5833893173914749,0.17486745987750454,4.996953077391835,4.681110134018791,4.812726540475231,4.612137799232009,0.6460670881286952,0.5517835821469766
DE72,DE,2013,11.067721148990998,9.5988684260696715,29.2,0.4634936718108621,0.4336612904567042,0.39785746115767323,4.627967285058847,4.53471987243052,4.996953077391835,4.681110134018791,0.7396595683951414,0.5850957083051386
DE72,DE,2014,11.090167676670774,9.57722812638258,29.4,0.5032854353931283,0.39966164411270044,0.41812927945587036,4.675478398106135,4.574132635165824,4.627967285058847,4.53471987243052,0.5522039712508637,0.5143924201327134
DE72,DE,2015,11.092854204472703,9.429060998017533,25.8,0.5080479394506205,0.16687235574515796,0.05323655008832163,4.267931238885596,4.507975497717278,4.675478398106135,4.574132635165824,0.5763410091865449,0.5334279207945202
DE72,DE,2016,11.098492220725271,9.36444024180741,27.2,0.5180426527976346,0.06534497907315552,0.19513927817570162,4.011406844106464,4.632688739801132,4.267931238885596,4.507975497717278,0.3692951074646804,0.5014754732550589
DE72,DE,2017,11.12483666176782,9.37501856932723,28.1,0.5647443870091372,0.08196486880598897,0.28636246051758907,4.058536585365854,4.725027212495273,4.011406844106464,4.632688739801132,0.23897319641938763,0.5617092360634903
DE72,DE,2018,11.121952814313929,9.486683710420477,28.6,0.5596320873372402,0.25740492097811724,0.337042006263082,4.079231221808198,4.8218700009305895,4.058536585365854,4.725027212495273,0.262916486309155,0.6063066947568663
DE72,DE,2019,11.127166570073449,9.520788678119583,27.5,0.5688746989125455,0.31098813641921336,0.22554700562299745,4.70383275261324,4.878736987162957,4.079231221808198,4.8218700009305895,0.2734299681629019,0.6530796392401623
DE72,DE,2020,11.094482004144483,9.4978372386185,28.8,0.5109335982314722,0.27492852368713383,0.3573138245612791,5.408727719729563,5.688950781107272,4.70383275261324,4.878736987162957,0.5907458523165844,0.6805451473379123
DE72,DE,2021,11.118325911369197,9.528635553081624,30,0.55320254658281,0.3233165689027141,0.478944734350462,5.035677879714577,6.111511901576494,5.408727719729563,5.688950781107272,0.9488531554442361,1.071860653799911
DE72,DE,2022,11.09400455857801,9.502474739247873,31,0.5100872133751811,0.28221462339918374,0.5803038258414478,4.374264417418596,6.264940156510353,5.035677879714577,6.111511901576494,0.75933290296395,1.2759484144668534
DE72,DE,2023,11.104440376860888,9.53767580458659,31.3,0.5285871622235674,0.3375199467890662,0.6107115532887436,4.233950374163056,6.665824257475158,4.374264417418596,6.264940156510353,0.4233154786885255,1.350050899186029
DE73,DE,2000,11.00768219520869,NA,NA,0.3570604680336581,NA,NA,2.8615883015244763,2.435307187470413,NA,NA,NA,NA
DE73,DE,2001,11.029234201968073,9.675297238411286,19.9,0.3952664823414075,0.5537406159596336,-0.544782089708495,2.3841487626319484,2.594128333429152,2.8615883015244763,2.435307187470413,-0.3451683233515342,-0.4995778976132851
DE73,DE,2002,11.039427946470237,9.506087363705952,19.4,0.41333729832839883,0.28789051309222896,-0.5954616354539878,2.6821291437679182,2.748186333492222,2.3841487626319484,2.594128333429152,-0.5877216024290657,-0.4228707647154831
DE73,DE,2003,11.0709990402636,9.595611425006796,19.3,0.46930450707360266,0.42854413007163455,-0.6055975446030862,2.962302197370021,2.6862654368485144,2.6821291437679182,2.748186333492222,-0.43633883527711537,-0.34846412689990164
DE73,DE,2004,11.063145377364012,9.569170545824901,21.3,0.45538203755789497,0.3870021665033012,-0.40287936162111454,3.058286150653427,2.6305961691928736,2.962302197370021,2.6862654368485144,-0.29400271242899867,-0.3783705629687731
DE73,DE,2005,11.068654036973916,9.562146853410704,22.6,0.465147435751307,0.37596705786041007,-0.2711125426828329,2.7616091618017515,2.704722627194234,3.058286150653427,2.6305961691928736,-0.24524005095835888,-0.4052575992422296
DE73,DE,2006,11.09784240614021,9.607105698818865,21.9,0.5168907032083722,0.44660308721373987,-0.34206390672652326,2.544379709203984,2.8230570330397806,2.7616091618017515,2.704722627194234,-0.3959606566286412,-0.3694561445251675
DE73,DE,2007,11.1053081342285,9.630653317293408,22.3,0.530125466789484,0.4835993724757039,-0.3015202701301287,2.425643960307644,2.927102001198317,2.544379709203984,2.8230570330397806,-0.506319585346663,-0.31230321982624265
DE73,DE,2008,11.095808258829521,9.637234366547164,22,0.5132846974139288,0.49393903275931966,-0.3319279975774245,2.609939220593493,2.3398954212477774,2.425643960307644,2.927102001198317,-0.5666408258231802,-0.2620517803739807
DE73,DE,2009,11.041838797203583,9.718122092489407,23,0.4176110997725251,0.6210238751770775,-0.23056890608643874,2.7187612531508822,2.425334350751354,2.609939220593493,2.3398954212477774,-0.4730134320709377,-0.5456596897290219
DE73,DE,2010,11.060796076114181,9.564650765264853,23,0.4512173470877059,0.3799010199010741,-0.23056890608643874,2.8484414188462917,2.3992858966344097,2.7187612531508822,2.425334350751354,-0.41772865005664744,-0.5043945591916851
DE73,DE,2011,11.082140073633314,9.702257994460739,23.4,0.48905461596502114,0.5960993718041834,-0.19002526949004456,2.7280477408354646,2.4503408667036206,2.8484414188462917,2.3992858966344097,-0.3518473250752668,-0.5169753916725807
DE73,DE,2012,11.062906693553996,9.678706202636727,24.8,0.4549589142189728,0.5590965296826538,-0.04812254140266419,2.842069434989789,2.4868087024673424,2.7280477408354646,2.4503408667036206,-0.41301084213434297,-0.49231696001002545
DE73,DE,2013,11.069337964217903,9.655683792553274,24.6,0.4663598580728547,0.5229254131943292,-0.06839435970086129,2.526708495845345,2.410002974899667,2.842069434989789,2.4868087024673424,-0.3550844796314413,-0.4747037945367719
DE73,DE,2014,11.076093949459112,9.562255297009262,26.3,0.478336435088181,0.37613743646202613,0.10391609583381453,2.3712043671102014,2.4330744628318173,2.526708495845345,2.410002974899667,-0.5152970796600979,-0.5117992777375834
DE73,DE,2015,11.089805421623343,9.416352990536836,22.5,0.5026432528957057,0.14690646958238954,-0.28124845183193165,2.375773799564999,2.3945227507387403,2.3712043671102014,2.4330744628318173,-0.5942977347426129,-0.5006562546830763
DE73,DE,2016,11.116270466746556,9.463172989889179,23.1,0.5495587862806642,0.22046660704923468,-0.22043299693734,2.811653116531166,2.4561459507639682,2.375773799564999,2.3945227507387403,-0.5919763291296525,-0.5192758867548013
DE73,DE,2017,11.101613557156808,9.519200588316712,24.1,0.5235759576863164,0.30849304658955,-0.1190739054463542,2.8726198292843073,2.503182016483707,2.811653116531166,2.4561459507639682,-0.3705368608831462,-0.48951323162856875
DE73,DE,2018,11.099094676237879,9.414219810072494,25.6,0.5191106472629043,0.14355497341901355,0.03296473179012453,2.5266611977030355,2.5575116493561905,2.8726198292843073,2.503182016483707,-0.33956398392546056,-0.46679584269163776
DE73,DE,2019,11.118867767258754,9.483264480776526,25.4,0.5541631139258082,0.2520328789849734,0.012692913491927083,2.5388098318240617,2.5923421537182754,2.5266611977030355,2.5575116493561905,-0.5153211085026567,-0.440555820660056
DE73,DE,2021,11.102239773617574,9.579654081456408,28.1,0.5246860740354292,0.4034731261970154,0.28636246051758907,3.957739392923026,3.2329852766858607,2.5388098318240617,2.5923421537182754,-0.509149246303721,-0.4237334503713161
DE73,DE,2022,11.118041136406251,9.596830421565748,26.9,0.5526977158062483,0.43045932775827583,0.1647315507284058,3.267744202389318,3.3179776612617182,3.957739392923026,3.2329852766858607,0.2117085582738518,-0.11431686181260933
DE73,DE,2023,11.105627320620416,9.69746500497281,25.9,0.5306912999386911,0.5885689794401028,0.06337245923741999,3.004081632653061,3.529044563763585,3.267744202389318,3.3179776612617182,-0.13882922165088532,-0.07326740268923075
DE80,DE,2000,10.76357137105055,NA,NA,-0.07568353323673581,NA,NA,2.2491836433196304,1.8473780466194736,NA,NA,NA,NA
DE80,DE,2001,10.787361665547586,9.703818873414336,27.8,-0.03350962608799245,0.5985517099499333,0.25595473307029326,2.3454640593707,1.9638213112922633,2.2491836433196304,1.8473780466194736,-0.6562878387450362,-0.7835347880481387
DE80,DE,2002,10.792186843576967,9.589406868398378,28.6,-0.024955860172541013,0.41879598732602297,0.337042006263082,1.9804435004431762,2.0881781958942724,2.3454640593707,1.9638213112922633,-0.6073745654993681,-0.7272952430908814
DE80,DE,2003,10.80553343243645,9.461967867841807,27,-0.00129588406832011,0.21857320797415403,0.17486745987750454,1.7715365956491507,2.0454446482764914,1.9804435004431762,2.0881781958942724,-0.7928157078562729,-0.6672335931365287
DE80,DE,2004,10.808194581439722,9.43692662738656,27.5,0.0034216300838033043,0.179230253772765,0.22554700562299745,1.8791678387048198,2.0038416177914553,1.7715365956491507,2.0454446482764914,-0.8989465383636613,-0.6878729601208425
DE80,DE,2005,10.80987400573424,9.460573866759646,30.5,0.0063988056824157615,0.21638305605934863,0.5296242800959549,2.0838393160732505,2.0547148887650044,1.8791678387048198,2.0038416177914553,-0.8442667123172058,-0.7079663121055716
DE80,DE,2006,10.828509472356625,9.474506463162347,26.7,0.039434564827972717,0.23827292621804083,0.1444597324302087,2.098351033584622,2.141877759699685,2.0838393160732505,2.0547148887650044,-0.7402876030785585,-0.6833956371242456
DE80,DE,2007,10.84158931486375,9.500508316564103,26.1,0.06262167011935035,0.2791251247888252,0.08364427753561744,2.227257560828107,2.2185268212998315,2.098351033584622,2.141877759699685,-0.7329152252574951,-0.6412978806562404
DE80,DE,2008,10.847390284420072,9.343313815777005,25,0.0729052566244057,0.03215269320222584,-0.0278507231044671,1.8511326860841424,1.7775120878158,2.227257560828107,2.2185268212998315,-0.6674269312843338,-0.6042780636843761
DE80,DE,2009,10.814747006498525,9.360914164344596,26.6,0.01503734867288996,0.05980506565001798,0.13432382328111034,1.9407426575236124,1.8421776678088444,1.8511326860841424,1.7775120878158,-0.8585093915334219,-0.8172785150224928
DE80,DE,2010,10.842334380553586,9.21082037477635,26.5,0.0639424747536424,-0.17601125101568266,0.12418791413201162,1.9271106449921342,1.8236371868318175,1.9407426575236124,1.8421776678088444,-0.8129848996551319,-0.7860464570462297
DE80,DE,2011,10.883850113660626,9.30498482861131,27.1,0.13753890179604128,-0.028066990776313177,0.18500336902660325,2.0084011551588348,1.8618486659186166,1.9271106449921342,1.8236371868318175,-0.8199103615630539,-0.7950011030394241
DE80,DE,2012,10.889500500417993,9.419805185660419,27.4,0.1475555447799841,0.15233030451117813,0.21541109647389872,1.937046004842615,1.891355163083275,2.0084011551588348,1.8618486659186166,-0.7786123998471999,-0.7765457960534502
DE80,DE,2013,10.898900279415946,9.422793153670387,26.7,0.1642188696803017,0.1570247799618448,0.1444597324302087,2.133693450371371,1.82940282420882,1.937046004842615,1.891355163083275,-0.8148629075626179,-0.7622948045642812
DE80,DE,2014,10.915888229412902,9.295434805332043,26.3,0.19433401709507483,-0.043071284559997994,0.10391609583381453,2.2532917062576354,1.8448909089274337,2.133693450371371,1.82940282420882,-0.7149602416756254,-0.7922164265415402
DE80,DE,2015,10.913268627497622,9.370468824481904,24.1,0.18969015495392177,0.07481664452382672,-0.1190739054463542,2.221324717285945,1.8160627220424228,2.2532917062576354,1.8448909089274337,-0.6542008223689285,-0.7847360210472256
DE80,DE,2016,10.920644944326238,9.385944027290655,25.5,0.20276641599257766,0.0991301443462507,0.022828822641025807,1.900990099009901,1.8679534584354425,2.221324717285945,1.8160627220424228,-0.6704409896900186,-0.7986594035366436
DE80,DE,2017,10.973312849122745,9.464221483510487,25.8,0.2961326972247605,0.22211392306767636,0.05323655008832163,1.9470198675496688,1.9043561101098485,1.900990099009901,1.8679534584354425,-0.8331803644915552,-0.7735973150556912
DE80,DE,2018,10.953099474570841,9.465203520497104,26.5,0.26029972417682407,0.22365682731227995,0.12418791413201162,1.9943403853928041,1.9431328477630203,1.9470198675496688,1.9043561101098485,-0.8097958929825592,-0.7560156320690535
DE80,DE,2019,10.991665509685879,9.57982168984561,25.5,0.3286671159398546,0.4037364601637164,0.022828822641025807,2.0410850671582828,1.9691347418161675,1.9943403853928041,1.9431328477630203,-0.7857556829967604,-0.7372873175832872
DE80,DE,2021,10.995376628075212,9.598247187383175,27.3,0.33524594842926414,0.432685245949857,0.20527518732480035,2.658486707566462,2.460118332567552,2.0410850671582828,1.9691347418161675,-0.7620080146156447,-0.7247289725928318
DE80,DE,2022,11.037373233338796,9.507239590337214,27.3,0.40969483476690316,0.2897008067821281,0.20527518732480035,2.416508281292425,2.5209401543092613,2.658486707566462,2.460118332567552,-0.44834988580583024,-0.4875946582730567
DE80,DE,2023,11.025386886796952,9.69296544427646,25.5,0.3884462089387792,0.5814996007997245,0.022828822641025807,2.7157838128529175,2.67830813918744,2.416508281292425,2.5209401543092613,-0.5712820185213829,-0.45821905129538276
DE91,DE,2000,11.223511613956978,NA,NA,0.7396690089826335,NA,NA,3.3621384075612206,3.3542249330704386,NA,NA,NA,NA
DE91,DE,2001,11.231856117561485,10.01425479231419,19.1,0.7544616093963299,1.0862857805352462,-0.6258693629012833,3.03323986975398,3.573565805099628,3.3621384075612206,3.3542249330704386,-0.09087419881496547,-0.055760764772535436
DE91,DE,2002,11.194394619814824,9.945085817195135,18.6,0.688052270587291,0.9776125770200492,-0.6765489086467762,3.564851954492415,3.7819808630145824,3.03323986975398,3.573565805099628,-0.2579642957390688,0.05017606951421555
DE91,DE,2003,11.191005871438666,9.884449905023182,18.7,0.6820449149665202,0.88234589405344,-0.6664129994976778,4.440484937545921,3.6830300936781053,3.564851954492415,3.7819808630145824,0.012110224376399492,0.15083597502540494
DE91,DE,2004,11.192357108844018,9.967211637537845,20,0.6844403019120798,1.0123750376883673,-0.5346461805593962,4.1318146126233914,3.6152075871953953,4.440484937545921,3.6830300936781053,0.45695744377662867,0.1030449219637125
DE91,DE,2005,11.244370946523066,9.844920333001589,20.2,0.7766470949385071,0.8202399395011694,-0.5143743622611991,3.1075174825174816,3.7331239206546964,4.1318146126233914,3.6152075871953953,0.30014387186854286,0.07028813767767761
DE91,DE,2006,11.27552358337766,9.756932371786931,20.2,0.8318724900805406,0.6819997299345308,-0.5143743622611991,3.3674309490084986,3.8856730233817647,3.1075174825174816,3.7331239206546964,-0.2202290914457061,0.12723914257619412
DE91,DE,2007,11.309663771677076,9.727682526087342,21.8,0.892394024673546,0.6360445248873503,-0.35219981587562166,3.8076801517067005,4.019256561986008,3.3674309490084986,3.8856730233817647,-0.08818543264015567,0.20091701604630302
DE91,DE,2008,11.30703677556586,9.797269923674857,21.5,0.8877370545764195,0.7453751229929979,-0.38260754332291746,3.295786399666249,3.221878279082901,3.8076801517067005,4.019256561986008,0.1354740656356142,0.2654349376795876
DE91,DE,2009,11.219479245391035,9.805718440473425,21.7,0.7325206847989728,0.758648810854818,-0.3623357250247204,3.291557636689161,3.3408253497227904,3.295786399666249,3.221878279082901,-0.12458296354282006,-0.1196812982425488
DE91,DE,2010,11.30220188674093,9.720747287734714,21.2,0.8791660739858881,0.6251483887566014,-0.41301527077021327,3.412442072742592,3.3055741381466706,3.291557636689161,3.3408253497227904,-0.12673129907639066,-0.062232469874639706
DE91,DE,2011,11.340943805346408,9.781083462805501,22,0.9478452607120181,0.7199441468477156,-0.3319279975774245,3.3686498234175493,3.3754581189905575,3.412442072742592,3.3055741381466706,-0.0653184625479983,-0.0792580325278676
DE91,DE,2012,11.319000542697559,9.912008349465598,23.9,0.9089456530754538,0.9256436939167185,-0.13934572374455165,3.441268120850833,3.4261703882755015,3.3686498234175493,3.3754581189905575,-0.08756620871625381,-0.04550560130304732
DE91,DE,2013,11.303087432078618,9.891076035250478,25.2,0.8807359119234687,0.8927563822451436,-0.007578904806270009,3.3733952472002184,3.3175306894414947,3.441268120850833,3.4261703882755015,-0.05067398524367015,-0.021012686608930197
DE91,DE,2014,11.328108045426424,9.932888338669587,25.7,0.9250908493651393,0.9584487963814373,0.043100640939222896,3.8829641782882147,3.339794612542202,3.3733952472002184,3.3175306894414947,-0.08515539435058811,-0.0734832802829132
DE91,DE,2015,11.267024926533402,9.98371040511601,25.3,0.8168066166974501,1.038296687151667,0.0025570043428287167,3.4712062774305092,3.291762259926788,3.8829641782882147,3.339794612542202,0.1737205576456041,-0.06273029334403252
DE91,DE,2016,11.411632225872564,9.917376554630795,26.2,1.07315715561659,0.9340778228224124,0.09378018668471581,2.9036920247010904,3.390300734391029,3.4712062774305092,3.291762259926788,-0.03546452424096156,-0.08592886701772853
DE91,DE,2017,11.374874969282152,10.002043442683656,25.1,1.0079962503289441,1.0671002066372637,-0.017714813955368374,3.1937172774869107,3.452557260098562,2.9036920247010904,3.390300734391029,-0.3237783979558513,-0.03833694334379339
DE91,DE,2018,11.40538859588426,9.993255964243973,27.2,1.0620888491090488,1.053293967189342,0.19513927817570162,3.0917121330215642,3.5247088627397427,3.1937172774869107,3.452557260098562,-0.17643706916337823,-0.008268405792478938
DE91,DE,2019,11.399231458902854,9.980119590071757,28.5,1.0511738718527461,1.0326550628046542,0.3269060971139833,4.126089185033317,3.556249420465744,3.0917121330215642,3.5247088627397427,-0.22825867223009969,0.026579237065004948
DE91,DE,2020,11.329028821842652,10.092212018879582,29.2,0.9267231426975143,1.2087664379895338,0.39785746115767323,5.385200202736948,4.132637651850721,4.126089185033317,3.556249420465744,0.297235186845692,0.04181263522841914
DE91,DE,2021,11.318875709775046,10.020448815904807,32,0.9087243572825912,1.0960173745784192,0.6816629173324337,4.710424710424711,4.45072314578027,5.385200202736948,4.132637651850721,0.9369004872417905,0.3201955193127765
DE91,DE,2022,11.283555574883824,10.049898615109326,31.2,0.8461110891042989,1.142286731857832,0.6005756441396449,5.021916092673764,4.550910799733452,4.710424710424711,4.45072314578027,0.5940947600891197,0.47382384196734123
DE91,DE,2023,11.320432527017472,9.974853536236427,32.8,0.9114841829685573,1.024381426551063,0.762750190525222,5.070754716981132,4.845701633381705,5.021916092673764,4.550910799733452,0.7523415118017124,0.5222122831923045
DE92,DE,2000,11.043471303060274,NA,NA,0.42050510137592795,NA,NA,3.3265597546286454,3.270892441293335,NA,NA,NA,NA
DE92,DE,2001,11.056210789666274,9.799689903818878,23,0.4430888455708987,0.7491772177073008,-0.23056890608643874,3.6501722976600703,3.4704826013895653,3.3265597546286454,3.270892441293335,-0.10894919728278217,-0.09600853205103076
DE92,DE,2002,11.045125967584875,9.757843820464876,20.5,0.42343838444358955,0.6834317310231905,-0.4839666348139033,3.64946380284585,3.6852391870250227,3.6501722976600703,3.4704826013895653,0.05545545936749121,3.8914121328738647e-4
DE92,DE,2003,11.058166600193715,9.684053001253488,19.2,0.4465559809439022,0.5674970261947674,-0.6157334537521849,3.464077214187226,3.6079915262785587,3.64946380284585,3.6852391870250227,0.055095523236526535,0.10411186563750811
DE92,DE,2004,11.052196362874342,9.686828291221154,22.1,0.4359723274126461,0.5718573575564897,-0.32179208842832585,3.984866967380841,3.5224528862373172,3.464077214187226,3.6079915262785587,-0.03908629731493133,0.0668029383964042
DE92,DE,2005,11.082914528193072,9.578423305428613,24.1,0.4904275193016422,0.4015394214757885,-0.1190739054463542,3.3847479953137984,3.6330666831700813,3.984866967380841,3.5224528862373172,0.2254901611830405,0.02548964985455359
DE92,DE,2006,11.131975412509668,9.496035928884496,23.1,0.5773995061369078,0.27209843839267334,-0.22043299693734,3.299065621513401,3.791404165799613,3.3847479953137984,3.6330666831700813,-0.07938786557013254,0.07891368964744329
DE92,DE,2007,11.123749562131223,9.57255098357904,22.4,0.562817246546839,0.39231326153389334,-0.2913843609810304,3.5930867826932325,3.921430987422588,3.299065621513401,3.791404165799613,-0.12291702273344694,0.1553872237568262
DE92,DE,2008,11.140480698881115,9.597319322827476,22,0.5924771319202944,0.4312274534421258,-0.3319279975774245,3.3779608650875383,3.1420789337134987,3.5930867826932325,3.921430987422588,0.02645434463963696,0.21818732903439125
DE92,DE,2009,11.0796439865453,9.56155515227469,22.7,0.48462971298207613,0.37503742057919454,-0.26097663353373457,3.7204522096608432,3.252288292631883,3.3779608650875383,3.1420789337134987,-0.08283592664970765,-0.1582226332358034
DE92,DE,2010,11.112345310442556,9.475422182283825,24.7,0.5426005211137573,0.23971163671331477,-0.058258450551762916,3.5444630872483214,3.2233709746037564,3.7204522096608432,3.252288292631883,0.09115971450440193,-0.1049939281405114
DE92,DE,2011,11.13828954448467,9.562700826438489,26,0.5885927940414265,0.3768374195144138,0.07350836838651871,3.602305475504323,3.2905076849907355,3.5444630872483214,3.2233709746037564,0.0017520822371818112,-0.11896035901872558
DE92,DE,2012,11.133335791327712,9.632923575939019,26.2,0.5798110983921628,0.48716623578981194,0.09378018668471581,3.328019131127939,3.344702378917574,3.602305475504323,3.2905076849907355,0.03113771077920125,-0.08653479921755679
DE92,DE,2013,11.105820995223269,9.656807841199594,26.6,0.5310346338439864,0.5246914357079234,0.13432382328111034,3.3676703645007926,3.235504115035138,3.328019131127939,3.344702378917574,-0.10820779124813862,-0.06035994973950489
DE92,DE,2014,11.134214280211149,9.606764657765035,27,0.5813684271005524,0.4460672686074059,0.17486745987750454,3.3421802811363412,3.264825871077644,3.3676703645007926,3.235504115035138,-0.08806380255301925,-0.11310031809080359
DE92,DE,2015,11.130199843831553,9.629818929939523,25.2,0.5742518919459043,0.4822884444684116,-0.007578904806270009,3.0350653177487477,3.2193265944599627,3.3421802811363412,3.264825871077644,-0.10101351199339939,-0.09893855251499195
DE92,DE,2016,11.155152254290762,9.656554394633472,26,0.6184859236841448,0.524293239114538,0.07350836838651871,3.426730450063458,3.299405321307083,3.0350653177487477,3.2193265944599627,-0.2570369146555007,-0.1209137059946995
DE92,DE,2017,11.160076389900121,9.679931392196622,25.4,0.6272151152459728,0.5610214573566285,0.012692913491927083,3.4267013187024733,3.3641154036077854,3.426730450063458,3.299405321307083,-0.058059548089610176,-0.0822374358704136
DE92,DE,2018,11.156654422506861,9.745962021533588,25.7,0.621148871083785,0.6647639229320049,0.043100640939222896,3.4993785256716703,3.4316565520091435,3.4267013187024733,3.3641154036077854,-0.058074347674804246,-0.05098388425482933
DE92,DE,2019,11.162352879198492,9.767120073433668,27.4,0.6312507293619125,0.6980058970420002,0.21541109647389872,3.400726730643809,3.4797846757202913,3.4993785256716703,3.4316565520091435,-0.0211521964313915,-0.018362989756063302
DE92,DE,2020,11.127497382398678,9.856081859499785,28.3,0.569461141770141,0.8377761085508179,0.30663427881578614,4.475679674496023,4.041953515707647,3.400726730643809,3.4797846757202913,-0.07127019970023792,0.004881839258027602
DE92,DE,2021,11.159998607769767,9.78095542430339,28.3,0.6270772280775814,0.7197429821756377,0.30663427881578614,4.360762436076243,4.345079807485001,4.475679674496023,4.041953515707647,0.4748374016731193,0.27639706891841703
DE92,DE,2022,11.136617521979186,9.971064105633179,30.2,0.5856287398593469,1.018427752054011,0.49921655264865905,4.268854877374148,4.45164922427397,4.360762436076243,4.345079807485001,0.4164560764357754,0.4228004247676699
DE92,DE,2023,11.144026453554952,9.989387422829518,30.5,0.5987628182284339,1.0472159996075403,0.5296242800959549,4.5552560646900275,4.729093702138234,4.268854877374148,4.45164922427397,0.36976434288787174,0.474271117584585
DE93,DE,2000,10.962125663606322,NA,NA,0.27630077276984594,NA,NA,2.1875228782094855,1.9140060827735221,NA,NA,NA,NA
DE93,DE,2001,10.964695680830502,9.648900091071464,19.8,0.2808567343531182,0.5122673606433094,-0.5549179988575933,1.9630430061939668,2.0373580874959973,2.1875228782094855,1.9140060827735221,-0.6876133146421249,-0.7513549067537678
DE93,DE,2002,10.953973797929214,9.603752733797771,21,0.2618496685097358,0.4413351553195708,-0.43328708906841035,1.9863055949663802,2.1608272356227674,1.9630430061939668,2.0373580874959973,-0.8016556689275857,-0.691778591759067
DE93,DE,2003,10.949109222654563,9.522959977289098,21.1,0.2532260616865104,0.314399521886974,-0.4231511799193116,2.358355146500042,2.109518424541624,1.9863055949663802,2.1608272356227674,-0.7898375920258083,-0.6321456990673151
DE93,DE,2004,10.960000594307726,9.593332836880498,20.1,0.27253358631089647,0.4249641800904426,-0.5245102714102975,2.681361817770061,2.0633639232494536,2.358355146500042,2.109518424541624,-0.6008255154115834,-0.6569267303756521
DE93,DE,2005,10.970647226321992,9.491614942477536,21.3,0.2914072522116037,0.26515250989345157,-0.40287936162111454,1.9487892232854007,2.1289642296545686,2.681361817770061,2.0633639232494536,-0.4367286593736564,-0.6792183430137454
DE93,DE,2006,11.003226429765359,9.448139727454022,17.9,0.34916157304070233,0.19684745141911006,-0.7475002726904666,2.2385885901395497,2.2154160620241665,1.9487892232854007,2.1289642296545686,-0.8088970084105945,-0.6475348326651866
DE93,DE,2007,11.013207687731398,9.501623272243233,18.2,0.3668557065345033,0.28087686110152826,-0.7170925452431707,2.2143665158371038,2.296245010987612,2.2385885901395497,2.2154160620241665,-0.6616704362919223,-0.6057804922415501
DE93,DE,2008,11.007411520269905,9.5308943980193,18,0.35658063287494635,0.3268654998388555,-0.7373643635413678,2.1736317764264457,1.8389171606205248,2.2143665158371038,2.296245010987612,-0.6739759599646075,-0.5667418812763614
DE93,DE,2009,10.954031051612496,9.474937943990664,19.1,0.26195116416473807,0.23895083714252457,-0.6258693629012833,2.3000126374320735,1.9051031840471138,2.1736317764264457,1.8389171606205248,-0.6946704014835113,-0.7876212105634574
DE93,DE,2010,10.975334846698953,9.298327393213924,20.3,0.29971716474972454,-0.038526663347493495,-0.5042384531121004,2.1189685984171565,1.8874145299985918,2.3000126374320735,1.9051031840471138,-0.6304652199841697,-0.7556548117296437
DE93,DE,2011,11.004980993086695,9.338232998540834,21.3,0.3522719502833987,0.024170087061544627,-0.40287936162111454,2.1578221051311,1.9270090006502505,2.1189685984171565,1.8874145299985918,-0.7224408980404303,-0.7641980439843443
DE93,DE,2012,11.01187521354155,9.443646676481832,22.9,0.36449358181310715,0.18978830037827796,-0.24070481523553747,2.5615268709191357,1.9527805495951172,2.1578221051311,1.9270090006502505,-0.7027021778686825,-0.745074782381107
DE93,DE,2013,11.005983448385217,9.509199415316093,22.8,0.35404903869589843,0.29277993956409176,-0.25084072438463584,2.1576452980793217,1.8938574172348086,2.5615268709191357,1.9527805495951172,-0.4976083246275986,-0.7326276890298874
DE93,DE,2014,11.01103035611205,9.478659183865764,23.2,0.36299587278768414,0.2447973753857114,-0.21029708778824163,2.183725753324387,1.9101403504317922,2.1576452980793217,1.8938574172348086,-0.7027920010330404,-0.7610862706465393
DE93,DE,2015,11.016988453697989,9.4973812657463,21.6,0.37355800577867526,0.2742121326656876,-0.37247163417381873,2.33994536168191,1.878043057655004,2.183725753324387,1.9101403504317922,-0.6895423653740438,-0.7532219707564508
DE93,DE,2016,11.01433042840356,9.46974540737991,23,0.36884602913710035,0.2307927057420053,-0.23056890608643874,2.1549144020112534,1.93134330660916,2.33994536168191,1.878043057655004,-0.6101782256733006,-0.7687242597484241
DE93,DE,2017,11.026940645154154,9.549220408053456,22.5,0.39120061202935025,0.3556579781809959,-0.28124845183193165,2.0580971421851113,1.9700006300264599,2.1549144020112534,1.93134330660916,-0.7041793762757075,-0.7429814075902199
DE93,DE,2018,11.039553282546862,9.542122995799671,23.1,0.4135594860805776,0.344507046351238,-0.22043299693734,2.112343639367477,2.009829387486708,2.0580971421851113,1.9700006300264599,-0.7533653818935168,-0.7243107675633906
DE93,DE,2019,11.054329246121183,9.590180316874804,23.5,0.4397533659375189,0.42001117265358534,-0.17988936034094583,2.2756447660170385,2.0357180798358696,2.112343639367477,2.009829387486708,-0.7258065714092123,-0.7050743505660515
DE93,DE,2020,11.035429572362784,9.600553521417124,24,0.40624923733887663,0.43630878825931074,-0.12920981459545292,3.9945584961662126,2.3603224531368934,2.2756447660170385,2.0357180798358696,-0.6428448128632313,-0.6925706795177808
DE93,DE,2021,11.062262017222599,9.666503619140519,26.9,0.45381607339601726,0.5399247284898199,0.1647315507284058,2.695384615384615,2.546346179157112,3.9945584961662126,2.3603224531368934,0.23041374185593344,-0.5357938809894658
DE93,DE,2022,11.081117782301654,9.723314121907187,26.7,0.48724236350611344,0.6291812097133209,0.1444597324302087,2.955952798224092,2.603395017048703,2.695384615384615,2.546346179157112,-0.42960466718997525,-0.4459484980724811
DE93,DE,2023,11.053272090286487,9.795363144242936,27.7,0.43787930792534246,0.7423793314707563,0.24581882392119453,3.226174190606475,2.7657557754013626,2.955952798224092,2.603395017048703,-0.29722839329026435,-0.4183951596086452
DE94,DE,2000,10.993410801103357,NA,NA,0.3317610565464913,NA,NA,1.8529453500135036,1.667879164897802,NA,NA,NA,NA
DE94,DE,2001,10.999499603025193,9.616537482767773,17.9,0.3425548937951465,0.4614216120628777,-0.7475002726904666,2.3279033161024913,1.7656887883576409,1.8529453500135036,1.667879164897802,-0.8575885051297697,-0.8702288141623199
DE94,DE,2002,10.978565201066536,9.557434866626327,18,0.30544372963831556,0.3685639309831047,-0.7373643635413678,1.611241403028563,1.8853930346421726,2.3279033161024913,1.7656887883576409,-0.6162959377690861,-0.8229889095505813
DE94,DE,2003,10.971490624850698,9.469965378696468,17.2,0.29290237499133603,0.23113830848674166,-0.8184516367341566,1.5571217891179223,1.845184685249163,1.611241403028563,1.8853930346421726,-0.980381194321722,-0.7651743819399804
DE94,DE,2004,10.99751733369266,9.484952496009699,18.6,0.3390408539506853,0.25468496429714665,-0.6765489086467762,2.014580219205856,1.8011908169565576,1.5571217891179223,1.845184685249163,-1.0078755443851564,-0.7845941335220029
DE94,DE,2005,11.007580481367674,9.430515529969831,20.1,0.3568801562646186,0.1691576093086143,-0.5245102714102975,1.6554873697730843,1.8549042608021806,2.014580219205856,1.8011908169565576,-0.7754732542085465,-0.8058422077720526
DE94,DE,2006,11.038844065378253,9.331935518166384,17.6,0.4123022314038465,0.014275949333067861,-0.777908000137762,1.986051986051986,1.9291822802915561,1.6554873697730843,1.8549042608021806,-0.9579029464063249,-0.7798997915365267
DE94,DE,2007,11.040656803569686,9.439122016960566,18.5,0.4155157373224042,0.18267948831123235,-0.6866848177958749,1.7837235228539572,2.0021302525999927,1.986051986051986,1.9291822802915561,-0.7899664327873679,-0.7440251359422566
DE94,DE,2008,11.040141714578523,9.464629290291388,18.5,0.4146026206188951,0.2227546390710497,-0.6866848177958749,1.6453545560225342,1.6044461454991612,1.7837235228539572,2.0021302525999927,-0.8927552221558297,-0.7087928639881043
DE94,DE,2009,10.974845426507768,9.432462369698678,19.7,0.29884955204731245,0.17221634062132016,-0.565053908006692,1.410324640766365,1.6662421837520303,1.6453545560225342,1.6044461454991612,-0.9630507127751909,-0.9008655723833221
DE94,DE,2010,11.017197192059864,9.704724104608992,21,0.37392804374912625,0.599973942586398,-0.43328708906841035,1.6383334801374088,1.6463937873595527,1.410324640766365,1.6662421837520303,-1.0824527982391068,-0.8710194401809265
DE94,DE,2011,11.036562565136993,9.718542101924205,20.3,0.40825773420997113,0.6216837630922524,-0.5042384531121004,1.5200961868773617,1.6825096838881333,1.6383334801374088,1.6463937873595527,-0.9666176251062049,-0.8806057806565303
DE94,DE,2012,11.034309286403824,9.795119944078323,21.3,0.40426326629429377,0.7419972332693815,-0.40287936162111454,1.6464397861325637,1.7065528444666502,1.5200961868773617,1.6825096838881333,-1.0266856355102023,-0.8631625941210244
DE94,DE,2013,11.019658875184893,9.780281912120419,22.2,0.3782919575946453,0.7186848093979733,-0.31165617927922745,1.494632535094963,1.6532486459074702,1.6464397861325637,1.7065528444666502,-0.962499384072185,-0.8515502744727413
DE94,DE,2014,11.022726395875242,9.768466358018072,22.3,0.38372986139141213,0.7001210803070186,-0.3015202701301287,1.7367458866544787,1.665219070535923,1.494632535094963,1.6532486459074702,-1.039621916932214,-0.8772950342036155
DE94,DE,2015,11.021902468500418,9.783287330852428,20.6,0.3822692558235624,0.7234067021388999,-0.47383072566480455,1.4386109962794542,1.6426082684599563,1.7367458866544787,1.665219070535923,-0.9166212382171006,-0.8715135814425556
DE94,DE,2016,11.035248327065242,9.814078775911977,20.8,0.4059279373082853,0.771783954653106,-0.4535589073666075,1.6470029297648268,1.6839420423906835,1.4386109962794542,1.6426082684599563,-1.0680825005910164,-0.8824341033245579
DE94,DE,2017,11.05194194735957,9.782626818530195,20,0.43552131591724136,0.7223689537857586,-0.5346461805593962,1.707259769754875,1.7161701086980574,1.6470029297648268,1.6839420423906835,-0.962213290601766,-0.8624707963547436
DE94,DE,2018,11.04414395625546,9.82069040659226,20.6,0.42169753778736624,0.7821716622235733,-0.47383072566480455,1.6393442622950818,1.7519790712618057,1.707259769754875,1.7161701086980574,-0.931601049813459,-0.8469053466134279
DE94,DE,2019,11.05284666616096,9.782737418247306,21.5,0.43712514334066,0.722542719922175,-0.38260754332291746,1.6562185589350669,1.7760222318403227,1.6393442622950818,1.7519790712618057,-0.9661041181449981,-0.8296104024564107
DE94,DE,2020,11.030968598422158,9.877479039231975,22.8,0.39834110905621273,0.8713937827130447,-0.25084072438463584,2.478667208451849,2.0633124229231976,1.6562185589350669,1.7760222318403227,-0.9575314808815463,-0.8179980828081277
DE94,DE,2021,11.058033681113079,9.841783990930724,25,0.44632035052891306,0.815312349644969,-0.0278507231044671,2.601706852266136,2.214221622298995,2.478667208451849,2.0633124229231976,-0.5397034617025821,-0.6792432165426862
DE94,DE,2022,11.100386201167531,10.03520112922977,26.5,0.5214001797640767,1.1191951236418443,0.12418791413201162,2.686520129205074,2.2647634151746865,2.601706852266136,2.214221622298995,-0.47719571646448883,-0.6063573804523991
DE94,DE,2023,11.07674444647163,10.000178325153712,27.9,0.47948959444103534,1.0641698712294823,0.2660906422193916,2.899674368119088,2.406259972962299,2.686520129205074,2.2647634151746865,-0.4341080859792371,-0.5819468021279232
DEA1,DE,2000,11.156032394735506,NA,NA,0.6200461801744174,NA,NA,3.1503620902868743,3.4192661988922803,NA,NA,NA,NA
DEA1,DE,2001,11.182826690321166,9.639529355264948,19,0.6675453876468747,0.49754475014292343,-0.636005272050382,3.558678193613508,3.615019896453521,3.1503620902868743,3.4192661988922803,-0.19846277496223583,-0.024347258774200457
DEA1,DE,2002,11.182909669947929,9.57366936710821,19.3,0.6676924886033073,0.39407038343232054,-0.6055975446030862,4.105113323272416,3.8146930228869556,3.558678193613508,3.615019896453521,0.008973772902579367,0.07019748716263612
DEA1,DE,2003,11.189389056211759,9.44803133317792,18,0.6791787287045244,0.19667715030930633,-0.7373643635413678,3.532057056535994,3.7661356540814426,4.105113323272416,3.8146930228869556,0.28657883428765896,0.16663523134959848
DEA1,DE,2004,11.200299962357954,9.43592596695028,19.5,0.6985208828243744,0.17765808973456412,-0.5853257263048891,3.7436226313360104,3.676859774214803,3.532057056535994,3.7661356540814426,-0.004550544974195625,0.1431830863619296
DEA1,DE,2005,11.207556973400349,9.408535892825494,19.9,0.7113856462226367,0.13462482092385888,-0.544782089708495,3.78334007038499,3.772668035535098,3.7436226313360104,3.676859774214803,0.10293096781944415,0.10006479288684259
DEA1,DE,2006,11.224842096901517,9.4821769207266,20.3,0.74202760375215,0.25032418466881173,-0.5042384531121004,3.969246795129115,3.9240015392114747,3.78334007038499,3.772668035535098,0.12310859093846402,0.14633808344547197
DEA1,DE,2007,11.252910955084626,9.44293187920776,19.1,0.7917862739919478,0.18866526350367438,-0.6258693629012833,3.95896460865465,4.071633360064112,3.969246795129115,3.9240015392114747,0.21755465586607334,0.21942884921421685
DEA1,DE,2008,11.270770597581466,9.46929866313349,20.5,0.8234467019225595,0.23009081405824103,-0.4839666348139033,3.8630870165745854,3.2598760914230613,3.95896460865465,4.071633360064112,0.21233100377547953,0.2907317833022871
DEA1,DE,2009,11.209162278420104,9.46516909340063,21.9,0.7142314279281547,0.22360273799181474,-0.34206390672652326,3.6775228761004377,3.3961851177560276,3.8630870165745854,3.2598760914230613,0.1636223769134875,-0.1013291876126479
DEA1,DE,2010,11.215434204159719,9.391492934169257,23.1,0.7253498953275084,0.10784817848608329,-0.22043299693734,3.875215412487296,3.3535068922588045,3.6775228761004377,3.3961851177560276,0.069350354835861,-0.035494915136052
DEA1,DE,2011,11.227767974598589,9.426232766209967,23,0.7472144119415256,0.16242884606060995,-0.23056890608643874,3.9425598692979062,3.419701690989191,3.875215412487296,3.3535068922588045,0.16978395750943542,-0.05610756274853272
DEA1,DE,2012,11.20633915716123,9.461835994842067,24.2,0.7092267797571857,0.21836601882158663,-0.10893799629725583,3.852574804160781,3.4782753780236444,3.9425598692979062,3.419701690989191,0.20399691537421255,-0.024136925635297447
DEA1,DE,2013,11.196589583343972,9.440597771650419,24.9,0.6919433610521304,0.18499808547813926,-0.03798663225356583,3.443450235358976,3.381160640412617,3.852574804160781,3.4782753780236444,0.15828186490385732,0.0041528815471374185
DEA1,DE,2014,11.208640605421095,9.385484970219325,24.6,0.7133066395181192,0.09840890765809855,-0.06839435970086129,3.5245451859355876,3.4077256583241535,3.443450235358976,3.381160640412617,-0.04956540711773501,-0.04275140842820098
DEA1,DE,2015,11.214519429155471,9.439843327290774,23.8,0.7237282409131032,0.18381275802033828,-0.14948163289365002,3.2178113841629905,3.3670071472630285,3.5245451859355876,3.4077256583241535,-0.008366795405320555,-0.02992108695512644
DEA1,DE,2016,11.212781367127398,9.415240296881747,24.8,0.7206471161039995,0.14515828719539428,-0.04812254140266419,3.6135662898252825,3.437774613010974,3.2178113841629905,3.3670071472630285,-0.1641965567955022,-0.04958723544254373
DEA1,DE,2017,11.228330299594719,9.416996540822376,26.5,0.7482112656028855,0.1479175684317273,0.12418791413201162,3.375612105643413,3.516816428600218,3.6135662898252825,3.437774613010974,0.036858534498509524,-0.015408100370828688
DEA1,DE,2018,11.230275041466083,9.47436883966329,26.1,0.7516587791728166,0.23805670230412873,0.08364427753561744,3.4559328192498686,3.5884548785419845,3.375612105643413,3.516816428600218,-0.08402916528733372,0.022767364340040737
DEA1,DE,2019,11.212914523016307,9.477907363203965,25.9,0.720883166317495,0.24361617008888578,0.06337245923741999,3.367314175630118,3.6437623748496093,3.4559328192498686,3.5884548785419845,-0.04322388864794221,0.05736716568956158
DEA1,DE,2020,11.178925985628867,9.451841669630614,26.5,0.6606304687278097,0.20266367053853246,0.12418791413201162,4.77977977977978,4.208160132445534,3.367314175630118,3.6437623748496093,-0.08824475693889493,0.08407947433022485
DEA1,DE,2021,11.204893927677658,9.433727586503938,28.9,0.7066647696880634,0.17420415615758061,0.3674497337103774,4.691098630247686,4.528029077626248,4.77977977977978,4.208160132445534,0.6293291680557133,0.35667122234833465
DEA1,DE,2022,11.209936401110507,9.487954281407715,29.3,0.7156037429480834,0.2594011486110833,0.40799337030677196,4.267935863925409,4.656063754117915,4.691098630247686,4.528029077626248,0.5842765449292987,0.5111609128724866
DEA1,DE,2023,11.189767834875026,9.386155412220997,28.7,0.679850203207563,0.09946225679284344,0.34717791541218035,4.703453022828955,4.934778696140595,4.267935863925409,4.656063754117915,0.36929745712046136,0.5729988557099278
DEA2,DE,2000,11.215321559986934,NA,NA,0.7251502069678525,NA,NA,4.298617183751118,4.334763872712903,NA,NA,NA,NA
DEA2,DE,2001,11.217398034386255,9.72682810074007,22.3,0.728831247508338,0.6347021146594576,-0.3015202701301287,4.386235903573182,4.614203155714417,4.298617183751118,4.334763872712903,0.3848844668335954,0.4178180543487214
DEA2,DE,2002,11.239059140799283,9.708699555339242,23.1,0.7672306666797095,0.6062198782176473,-0.22043299693734,4.989950611776072,4.872636122684167,4.386235903573182,4.614203155714417,0.4293973445284632,0.5527811040652391
DEA2,DE,2003,11.218099162094191,9.63776276047737,22.1,0.7300741617083951,0.4947692064175923,-0.32179208842832585,4.881850491211681,4.77119772816235,4.989950611776072,4.872636122684167,0.7361021106264137,0.6775985634964407
DEA2,DE,2004,11.22066088500687,9.534719743132843,24.2,0.7346154196685938,0.3328756005715104,-0.10893799629725583,4.997277148741459,4.667824541374451,4.881850491211681,4.77119772816235,0.6811840810631529,0.628606041987081
DEA2,DE,2005,11.216888300829234,9.521157516674949,24,0.727927624574748,0.31156762841432384,-0.12920981459545292,4.960947754453804,4.789992853032878,4.997277148741459,4.667824541374451,0.7398242061389878,0.5786790582146006
DEA2,DE,2006,11.250503882416,9.526088880216122,25.8,0.7875191700584686,0.31931542390782247,0.05323655008832163,4.9985518633971155,4.997015625503832,4.960947754453804,4.789992853032878,0.7213678090592422,0.6376836754002596
DEA2,DE,2007,11.265964077329206,9.50057099569171,24.7,0.8149260113168761,0.2792236016215221,-0.058258450551762916,5.121681087944298,5.170870530556207,4.9985518633971155,4.997015625503832,0.7404717985447926,0.7376711375542381
DEA2,DE,2008,11.23313952936382,9.5076210591790975,25.9,0.7567367594661212,0.29030014255394426,0.06337245923741999,5.092662347446136,4.105076390839255,5.121681087944298,5.170870530556207,0.8030250534207267,0.8216392466261363
DEA2,DE,2009,11.197239633463198,9.533235586061613,26.4,0.6930957281812425,0.33054380220132035,0.1140520049829129,5.407303370786517,4.247421821843983,5.092662347446136,4.105076390839255,0.7882826827346794,0.30688403425532207
DEA2,DE,2010,11.20956908470732,9.437392073008029,27.5,0.7149525880040306,0.1799615276807573,0.22554700562299745,5.652552352670115,4.1940768350791044,5.407303370786517,4.247421821843983,0.9481295444347922,0.37563375789924597
DEA2,DE,2011,11.219171933128791,9.470160697876262,27.2,0.7319759013447301,0.231445179608362,0.19513927817570162,5.674653215636822,4.283353678214109,5.652552352670115,4.1940768350791044,1.0727232152570223,0.34986929835890174
DEA2,DE,2012,11.20633915716123,9.591349835888485,27.9,0.7092267797571857,0.4218486348621821,0.2660906422193916,5.737418161827177,4.346649025204561,5.674653215636822,4.283353678214109,1.0839511014003704,0.39298805707149864
DEA2,DE,2013,11.206497661568669,9.486820470478394,28.8,0.7095077661973848,0.2576197883168501,0.3573138245612791,5.498555633031179,4.211213566578703,5.737418161827177,4.346649025204561,1.1158375336487527,0.4235583225364669
DEA2,DE,2014,11.219614652453073,9.503243782621453,29.3,0.7327607257477038,0.2834228877533289,0.40799337030677196,5.65063440542933,4.238853456094184,5.498555633031179,4.211213566578703,0.9944883681761748,0.3581459641179761
DEA2,DE,2015,11.229235413787984,9.531741425004558,28.3,0.7498157939516439,0.3281962863048028,0.30663427881578614,5.080887338951856,4.195735228450034,5.65063440542933,4.238853456094184,1.0717488418454084,0.371495425019709
DEA2,DE,2016,11.218100528605,9.516611666820321,28.5,0.7300765841710496,0.3044255236549112,0.3269060971139833,4.902455818223548,4.3115463655199,5.080887338951856,4.195735228450034,0.7823006333047592,0.350670266013006
DEA2,DE,2017,11.234777775185687,9.521683062050863,30.3,0.7596409365113808,0.3123933266337199,0.5093524617977578,4.914578848532038,4.399994011969439,4.902455818223548,4.3115463655199,0.6916521911086392,0.406604507191266
DEA2,DE,2018,11.244120448288136,9.546249991702267,30.3,0.7762030277453843,0.35099107860496404,0.5093524617977578,5.150667339356969,4.481255287144953,4.914578848532038,4.399994011969439,0.6978110458203819,0.44932278207681076
DEA2,DE,2019,11.230458832667216,9.559961324927963,30.5,0.7519845924178902,0.37253331634285297,0.5296242800959549,4.957929973762779,4.554224595465824,5.150667339356969,4.481255287144953,0.8177509186991189,0.4885701971279047
DEA2,DE,2020,11.196760853264902,9.538926460924312,30.9,0.6922469773753152,0.33948488599024657,0.5701679166923491,7.166853303471445,5.2338894786515056,4.957929973762779,4.554224595465824,0.7198346880197847,0.5238127739084794
DEA2,DE,2021,11.218219382274807,9.522789132732749,32.2,0.7302872803284833,0.31413110349260526,0.701934735630631,6.5855606181596125,5.681102891011989,7.166853303471445,5.2338894786515056,1.8420324810523832,0.8520760174820877
DEA2,DE,2022,11.213351316210575,9.60161647720485,34.8,0.7216574852575386,0.43797882616934664,0.9654683735071936,6.954588758335979,5.788898460122365,6.5855606181596125,5.681102891011989,1.5467187597522571,1.0680702948721228
DEA2,DE,2023,11.190857753239051,9.551620964222833,34.4,0.6817823405289329,0.35942955537576193,0.9249247369107995,7.735179109173446,6.128316303372474,6.954588758335979,5.788898460122365,1.7341958708421479,1.1201331923888802
DEA3,DE,2000,10.99750916749564,NA,NA,0.33902637744074043,NA,NA,2.7633907725395,2.5159441663879965,NA,NA,NA,NA
DEA3,DE,2001,11.025320302646936,9.537467289178483,18.8,0.3883281728312104,0.3371923427246403,-0.6562770903485791,2.5950287791895352,2.679581547932565,2.7633907725395,2.5159441663879965,-0.3950555461564691,-0.460632003973182
DEA3,DE,2002,11.01435430891812,9.521033713113193,17.9,0.36888836298058536,0.3113731173688808,-0.7475002726904666,2.7731600051269223,2.840110907035641,2.5950287791895352,2.679581547932565,-0.4805883733156708,-0.38159873483628426
DEA3,DE,2003,11.020568186636707,9.409937954708418,19.4,0.37990392657396405,0.13682763737562312,-0.5954616354539878,2.9255691008056774,2.77406543015393,2.7731600051269223,2.840110907035641,-0.39009248967470644,-0.3040665724256334
DEA3,DE,2004,11.039269128372883,9.403956686654313,19.9,0.4130557557988522,0.1274303091745917,-0.544782089708495,2.476272188723134,2.728222099141919,2.9255691008056774,2.77406543015393,-0.31266420209745016,-0.3359650903583794
DEA3,DE,2005,11.056007075273149,9.426014026031373,20.2,0.44272771376979436,0.162085177589241,-0.5143743622611991,2.446076994351033,2.8021930332494347,2.476272188723134,2.728222099141919,-0.5409202019206267,-0.35810641457052084
DEA3,DE,2006,11.089123955100328,9.39568707022058,19.4,0.5014351927823618,0.11443769640060127,-0.5954616354539878,2.9495216100296937,2.909575208602993,2.446076994351033,2.8021930332494347,-0.5562602456554315,-0.32238007448584544
DEA3,DE,2007,11.106998751706406,9.432513723260357,18.6,0.5331224849451935,0.17229702355828613,-0.6765489086467762,2.9441104568334135,3.015714174979954,2.9495216100296937,2.909575208602993,-0.3004956253853154,-0.2705168370940161
DEA3,DE,2008,11.11258717595863,9.45175650695547,20,0.5430292847769668,0.20252986921052404,-0.5346461805593962,2.753697093319735,2.415244239283646,2.9441104568334135,3.015714174979954,-0.30324464980502114,-0.21925404239268548
DEA3,DE,2009,11.041838797203583,9.436688569439337,20.7,0.4176110997725251,0.17885623464493358,-0.4636948165157062,2.5188485263879365,2.5098835226270864,2.753697093319735,2.415244239283646,-0.39998021931306127,-0.5092678619035809
DEA3,DE,2010,11.074355605899813,9.290031457339195,21.4,0.47525481119858803,-0.05156062729031193,-0.3927434524720162,2.869169315350915,2.477715490357641,2.5188485263879365,2.5098835226270864,-0.5192901745130417,-0.46355916208936343
DEA3,DE,2011,11.091992370076325,9.353182761663387,21.8,0.5065201347479517,0.04765805471647736,-0.35219981587562166,2.810974583403467,2.5311734763513085,2.869169315350915,2.477715490357641,-0.34131694613505964,-0.4790956167060187
DEA3,DE,2012,11.077721779339136,9.403523392279071,23.1,0.4812221474202671,0.1267495489386394,-0.22043299693734,2.5619627806058585,2.574530389410126,2.810974583403467,2.5311734763513085,-0.37088157559920804,-0.45327658101457236
DEA3,DE,2013,11.054691648700665,9.41120283767327,23.3,0.44039580997029165,0.13881492840640247,-0.20016117863914293,2.3383084577114426,2.495431218274147,2.5619627806058585,2.574530389410126,-0.4973868697306256,-0.43233614218342836
DEA3,DE,2014,11.057015469353875,9.383120316999005,24.7,0.44451533007421534,0.09469373853476762,-0.058258450551762916,2.0374764749202194,2.5230926180034285,2.3383084577114426,2.495431218274147,-0.6110098208664696,-0.47053930836641145
DEA3,DE,2015,11.06350846933288,9.372504671563263,22.7,0.4560257036959249,0.0780152176386885,-0.26097663353373457,2.199307177958592,2.4795803038225372,2.0374764749202194,2.5230926180034285,-0.7638412852371484,-0.4571794585028143
DEA3,DE,2016,11.075815512054241,9.354889453451788,24.1,0.47784283912780995,0.050339483257805365,-0.1190739054463542,2.402545743834527,2.5431393627510537,2.199307177958592,2.4795803038225372,-0.6816265449824347,-0.4781949526702702
DEA3,DE,2017,11.095722523919571,9.36217782997149,24.5,0.5131327120683042,0.061790444088981746,-0.07853026884996,2.606559974647441,2.589448897129289,2.402545743834527,2.5431393627510537,-0.5783753967793122,-0.44749732011852195
DEA3,DE,2018,11.083071026769721,9.428962430143347,23.8,0.49070494993375663,0.1667174931549133,-0.14948163289365002,2.778843939510248,2.6377786460944934,2.606559974647441,2.589448897129289,-0.4747301880541679,-0.4251308298974434
DEA3,DE,2019,11.092124442283243,9.465570159073959,24.4,0.5067542638795689,0.2242328628630527,-0.08866617799905874,2.3721387021228373,2.6820679658857585,2.778843939510248,2.6377786460944934,-0.38720488441701223,-0.4017886203043048
DEA3,DE,2020,11.067549121784895,9.430015099438988,25.7,0.4631887130211272,0.16837136968557553,0.043100640939222896,3.397073736056787,3.108488644858499,2.3721387021228373,2.6820679658857585,-0.5938230651716816,-0.3803978494552869
DEA3,DE,2021,11.083139602244154,9.383489739223062,26.6,0.490826516133443,0.09527414754717445,0.13432382328111034,3.148133083868869,3.351846802027344,3.397073736056787,3.108488644858499,-0.07312602801640547,-0.17444600661421622
DEA3,DE,2022,11.078520378243967,9.53809217010279,27.4,0.48263785230217315,0.33817410964749844,0.21541109647389872,3.7002046921744607,3.419912493496024,3.148133083868869,3.351846802027344,-0.1995951755527403,-0.056909349949086294
DEA3,DE,2023,11.060744105125188,9.508313857593913,27.4,0.45112521625407953,0.2913886164397972,0.21541109647389872,3.589621139764406,3.6429131036730955,3.7002046921744607,3.419912493496024,0.08087338218493469,-0.024035112644280293
DEA4,DE,2000,11.03759469457129,NA,NA,0.4100874270257927,NA,NA,2.373142589378575,2.4699334057259033,NA,NA,NA,NA
DEA4,DE,2001,11.040884819188047,9.576191250040818,18.1,0.41591994877587923,0.3980325803089571,-0.7272284543922691,2.4019102912257706,2.6248162215498896,2.373142589378575,2.4699334057259033,-0.5933130610227414,-0.48285419303705546
DEA4,DE,2002,11.037521368199656,9.530262876826377,21.7,0.40995743874047585,0.32587330021461003,-0.3623357250247204,2.6454723999526357,2.7813677063004816,2.4019102912257706,2.6248162215498896,-0.5786982253291002,-0.4080491872849698
DEA4,DE,2003,11.041422022919914,9.464177169990087,17.4,0.41687226907231434,0.22204430092548627,-0.7981798184359594,3.0711467282810525,2.712345491609087,2.6454723999526357,2.7813677063004816,-0.45496153551121393,-0.33243825101057933
DEA4,DE,2004,11.04482984705758,9.393014073263585,18.8,0.42291344097874317,0.11023808028943144,-0.6562770903485791,2.428778115430876,2.6701736769185205,3.0711467282810525,2.712345491609087,-0.23870650059165183,-0.3657744680695403
DEA4,DE,2005,11.063253483793916,9.365878046902248,20.9,0.45557368169821955,0.06760395262911148,-0.4434229982175091,2.680934884324715,2.73676873680758,2.428778115430876,2.6701736769185205,-0.5650485831613327,-0.3861425303605097
DEA4,DE,2006,11.085615179570649,9.473979427883803,20.1,0.49521506072754734,0.2374448871732759,-0.5245102714102975,3.1062879804676706,2.846749188788374,2.680934884324715,2.73676873680758,-0.4369455540769244,-0.3539785758794466
DEA4,DE,2007,11.110371436185046,9.436828128095744,19.1,0.5391013635194741,0.17907549893566432,-0.6258693629012833,3.030244160101904,2.9517236339893516,3.1062879804676706,2.846749188788374,-0.22085371452260072,-0.3008604278184649
DEA4,DE,2008,11.100871560786068,9.491522332101747,18.3,0.5222605941439188,0.26500700728627163,-0.706956636094072,3.046824887748557,2.363593685948612,3.030244160101904,2.9517236339893516,-0.259486204043858,-0.25016007132439716
DEA4,DE,2009,11.048819628344924,9.463720835613884,20.1,0.4299862691682906,0.2213273419355529,-0.5245102714102975,3.312473025463962,2.4480890125048904,3.046824887748557,2.363593685948612,-0.25106270843325995,-0.5342139472311906
DEA4,DE,2010,11.065902470188755,9.41889692095525,20.7,0.46026963475874677,0.15090330584623352,-0.4636948165157062,2.9871977240398295,2.427913288210483,3.312473025463962,2.4480890125048904,-0.11610566856770484,-0.4934045562381332
DEA4,DE,2011,11.096882355370516,9.497300410954242,20.3,0.5151887868229247,0.27408509956656496,-0.5042384531121004,3.361255434206341,2.4734224407542595,2.9871977240398295,2.427913288210483,-0.28135505521541493,-0.5031489889169063
DEA4,DE,2012,11.089094769511407,9.485351760990742,21.3,0.501383454443544,0.2553122600531805,-0.40287936162111454,3.4782608695652173,2.5087678825632596,3.361255434206341,2.4734224407542595,-0.09132277515839302,-0.4811690655813277
DEA4,DE,2013,11.090122085680164,9.404467692695826,23,0.5032046146111484,0.12823316426173592,-0.23056890608643874,3.3233253960037277,2.430037048662526,3.4782608695652173,2.5087678825632596,-0.031880584672828775,-0.46409799179069494
DEA4,DE,2014,11.11015296905103,9.371449389739297,23.2,0.5387140790061966,0.0763572364957794,-0.21029708778824163,3.4990223319954716,2.449150892730912,3.3233253960037277,2.430037048662526,-0.11059234626036,-0.5021232591612459
DEA4,DE,2015,11.101945176173954,9.48559379112974,21.7,0.5241638305955659,0.25569251999641046,-0.3623357250247204,3.172190128711868,2.414412239622496,3.4990223319954716,2.449150892730912,-0.02133315325861421,-0.4928916913603031
DEA4,DE,2016,11.11332928815574,9.412224571149931,22,0.544344853648917,0.1404202008548708,-0.3319279975774245,2.9185564977322027,2.483434454313891,3.172190128711868,2.414412239622496,-0.18737349168231807,-0.5096696995064611
DEA4,DE,2017,11.1190812501972,9.448891780821905,23,0.5545415627770804,0.19802902232660943,-0.23056890608643874,3.189586645468999,2.528943606857667,2.9185564977322027,2.483434454313891,-0.31622680999181507,-0.47633348244750023
DEA4,DE,2018,11.120539386516782,9.488241649802825,22.8,0.5571264532566813,0.2598526406858449,-0.25084072438463584,3.2128514056224895,2.580065554881843,3.189586645468999,2.528943606857667,-0.17853555129355778,-0.4543535591119218
DEA4,DE,2019,11.120255692533602,9.537559566912767,23.5,0.5566235387716684,0.3373373227099662,-0.17988936034094583,3.2859244727807746,2.614955905165405,3.2128514056224895,2.580065554881843,-0.16671637126655198,-0.4296627785649552
DEA4,DE,2020,11.112500509647163,9.492915708608411,24,0.5428756483025119,0.26719617791401895,-0.12920981459545292,3.1924505571729744,3.0573048678909136,3.2859244727807746,2.614955905165405,-0.12959311144477914,-0.4128115040076783
DEA4,DE,2021,11.114328570936578,9.525879593363044,25.9,0.5461163180256902,0.3189866078058278,0.06337245923741999,4.314905092832694,3.2675571526431617,3.1924505571729744,3.0573048678909136,-0.17708060020928207,-0.19916664918585478
DEA4,DE,2022,11.101657657155727,9.58509210822354,26.6,0.5236541353339229,0.4120169536654501,0.13432382328111034,4.209989806320081,3.347046472419624,4.314905092832694,3.2675571526431617,0.39315920203088783,-0.09761940337548176
DEA4,DE,2023,11.088880517753855,9.545220673112167,26.7,0.5010036426791056,0.3493738889844545,0.1444597324302087,4.351527764639107,3.5547199051943923,4.209989806320081,3.347046472419624,0.3398591615105294,-0.05922780394933828
DEA5,DE,2000,10.995462083873914,NA,NA,0.3353974389843827,NA,NA,2.6953508886675195,2.6726423163272828,NA,NA,NA,NA
DEA5,DE,2001,10.997485503653492,9.446887564739955,17.5,0.3389844277001999,0.19488014551027244,-0.7880439092868607,2.917356478569307,2.8356734976232465,2.6953508886675195,2.6726423163272828,-0.4296218013507593,-0.384950231626852
DEA5,DE,2002,11.00256635316608,9.412708388785722,17.9,0.34799143161128254,0.1411803395197573,-0.7475002726904666,2.8687716316684586,3.014907572961945,2.917356478569307,2.8356734976232465,-0.31683645489803997,-0.3062097439250188
DEA5,DE,2003,11.014804481919958,9.305194883252415,16,0.36968640078473003,-0.027736968382272693,-0.9400825465233394,3.00903663236101,2.944583672013584,2.8687716316684586,3.014907572961945,-0.34151898110149576,-0.21964361349052364
DEA5,DE,2004,11.026172589453036,9.267399108184753,18.9,0.3898390521786295,-0.08711890875182375,-0.6461411811994807,2.8371845711077506,2.89196602641089,3.00903663236101,2.944583672013584,-0.2702602497096475,-0.2536085164848592
DEA5,DE,2005,11.046874591709877,9.295365768384341,17.7,0.42653823306021993,-0.04317975033175097,-0.7677720909886636,2.7197800020849674,2.974149777637954,2.8371845711077506,2.89196602641089,-0.3575661336544495,-0.2790216861837095
DEA5,DE,2006,11.07323659533801,9.29647139002468,17.6,0.47327110109622567,-0.041442678973899055,-0.777908000137762,2.7308083647950316,3.1024366088216633,2.7197800020849674,2.974149777637954,-0.41721109573952436,-0.23932873541598187
DEA5,DE,2007,11.088242873674313,9.27480355756916,16.6,0.499873268180886,-0.07548558277750426,-0.8792670916287478,2.898163736611994,3.210344542343377,2.7308083647950316,3.1024366088216633,-0.41160836425149694,-0.1773690073883099
DEA5,DE,2008,11.100871560786068,9.312594670002165,17.1,0.5222605941439188,-0.016110967996399897,-0.8285875458832549,2.773677736777368,2.5749238316365664,2.898163736611994,3.210344542343377,-0.3265869303342253,-0.12525184032336706
DEA5,DE,2009,11.041838797203583,9.303324880812337,18.7,0.4176110997725251,-0.030674978601374445,-0.6664129994976778,2.7454659161976234,2.673644557195905,2.773677736777368,2.5749238316365664,-0.38982946682203456,-0.4321461182104305
DEA5,DE,2010,11.072670685534893,9.260603917446522,20.1,0.47226789251912443,-0.09779501237702998,-0.5245102714102975,2.9374037968188813,2.6425750902686005,2.7454659161976234,2.673644557195905,-0.4041618985394345,-0.38446617125163607
DEA5,DE,2011,11.09362502350021,9.327835185021213,19.7,0.5094143979490048,0.007833807641676176,-0.565053908006692,3.075489282385834,2.6938564147131303,2.9374037968188813,2.6425750902686005,-0.30665182965852955,-0.3994720428833378
DEA5,DE,2012,11.082611764633329,9.30949733506684,21,0.48989079949524317,-0.02097727271179961,-0.43328708906841035,2.9384472626043925,2.739291334090694,3.075489282385834,2.6938564147131303,-0.23650035583009818,-0.3747042870181094
DEA5,DE,2013,11.07577921032076,9.254304972506745,21.7,0.47777848574465454,-0.10769145112277125,-0.3623357250247204,2.774002224144322,2.654434940547303,2.9384472626043925,2.739291334090694,-0.30612171845645353,-0.35276021667497565
DEA5,DE,2014,11.091719267362194,9.278858823669351,22.2,0.5060359957849286,-0.0691142471106698,-0.31165617927922745,2.8224582701062215,2.6759831192226913,2.774002224144322,2.654434940547303,-0.38966461772919136,-0.3937439951099462
DEA5,DE,2015,11.095893720490599,9.244858167999764,20.9,0.5134361983614902,-0.12253357516737877,-0.4434229982175091,2.7142161635832522,2.636394604912094,2.8224582701062215,2.6759831192226913,-0.36504752617776054,-0.38333669704279827
DEA5,DE,2016,11.096996334133689,9.26908740887514,22,0.515390841058763,-0.08446637495028098,-0.3319279975774245,2.879876491894781,2.7030436226755055,2.7142161635832522,2.636394604912094,-0.420037688769459,-0.40245708186383755
DEA5,DE,2017,11.10747008926952,9.273607616904822,22.7,0.5339580419251619,-0.07736455673922425,-0.26097663353373457,2.9629629629629632,2.7548260675543466,2.879876491894781,2.7030436226755055,-0.33587738663313643,-0.370267066911961
DEA5,DE,2018,11.110589055663613,9.296009235308649,22.4,0.5394871453635786,-0.04216878245344723,-0.2913843609810304,2.6404953849748805,2.8203058043043647,2.9629629629629632,2.7548260675543466,-0.29366702414134344,-0.34525728085912455
DEA5,DE,2019,11.10347208178078,9.36805695576964,22.7,0.5268706308537622,0.07102729389417528,-0.26097663353373457,2.9126213592233006,2.8512082310868987,2.6404953849748805,2.8203058043043647,-0.4574900049917114,-0.313632003011667
DEA5,DE,2020,11.067549121784895,9.404255088567878,23.1,0.4631887130211272,0.1278991363015848,-0.22043299693734,3.986001542202978,3.307394866455012,2.9126213592233006,2.8512082310868987,-0.31924203430786735,-0.29870680810916794
DEA5,DE,2021,11.094098616033873,9.393945102012198,25.5,0.510253952396033,0.11170084414421531,0.022828822641025807,3.5138147474628965,3.56747637186261,3.986001542202978,3.307394866455012,0.22606655844604573,-0.07837866065659908
DEA5,DE,2022,11.090155932916716,9.403355887579544,26.7,0.5032646168196849,0.12648637788152603,0.1444597324302087,4.047848517489654,3.635294670639415,3.5138147474628965,3.56747637186261,-0.01381817264887309,0.04723500671200162
DEA5,DE,2023,11.071848475859424,9.359653882113424,26.4,0.47081033197844424,0.05782500295342594,0.1140520049829129,4.208715596330276,3.868482712738971,4.047848517489654,3.635294670639415,0.25748663457046383,0.07998975876829717
DEB1,DE,2002,10.986629760903266,NA,NA,0.3197400637081665,NA,NA,3.0907699923495793,3.27925515423116,NA,NA,NA,NA
DEB1,DE,2003,10.99338204633255,9.509533237864193,19.3,0.3317100819343773,0.29330441698543874,-0.6055975446030862,3.390944023378898,3.2024588614973175,3.0907699923495793,3.27925515423116,-0.22873730730475716,-0.09196952497275072
DEB1,DE,2004,10.999453442719528,9.40008992532748,19.5,0.3424730637679766,0.12135513833546416,-0.5853257263048891,3.1255140837374107,3.143302552477281,3.390944023378898,3.2024588614973175,-0.07624010171309549,-0.1290604513555874
DEB1,DE,2005,11.00375638492927,9.415434077781548,21,0.35010104354110144,0.14546274148469382,-0.43328708906841035,2.993913436755867,3.228473382933839,3.1255140837374107,3.143302552477281,-0.21108629056191275,-0.15763165218877026
DEB1,DE,2006,11.031450316353315,9.307746832657097,18.4,0.39919506768640234,-0.02372753327732723,-0.6968207269449737,2.8416180750190607,3.3690587076832625,2.993913436755867,3.228473382933839,-0.27794327632421534,-0.11649600761569404
DEB1,DE,2007,11.026111092567307,9.412989354032973,18.5,0.38973003444667087,0.1416217714398148,-0.6866848177958749,2.691333449189272,3.4941422285629775,2.8416180750190607,3.3690587076832625,-0.3553137837255229,-0.04859637671996755
DEB1,DE,2008,11.018441043845405,9.427895596771734,18.7,0.3761330643602294,0.165041363070427,-0.6664129994976778,2.8898426323319026,2.7910374231621864,2.691333449189272,3.4941422285629775,-0.43166277835321853,0.01181622263212357
DEB1,DE,2009,10.971093076889218,9.37732065918138,19.5,0.2921976274810971,0.08558174297247499,-0.5853257263048891,2.707790327251665,2.896877325445022,2.8898426323319026,2.7910374231621864,-0.33081429519253575,-0.3277679896803431
DEB1,DE,2010,11.006444400283602,9.379104950960109,19.6,0.35486618463601804,0.08838509090796855,-0.5751898171557903,2.986348122866894,2.863022811246809,2.707790327251665,2.896877325445022,-0.4233022019613437,-0.2766496363824199
DEB1,DE,2011,11.026145804278737,9.292962122361311,20.7,0.3897915691407886,-0.046956182077192,-0.4636948165157062,2.8161081385525204,2.926099116647691,2.986348122866894,2.863022811246809,-0.28178667751230646,-0.29300062481104844
DEB1,DE,2012,11.027459944558249,9.376309913056938,22.5,0.3921211926826679,0.08399373304324388,-0.28124845183193165,2.9238947957470622,2.9693972584906687,2.8161081385525204,2.926099116647691,-0.36827357912364067,-0.26253615163349814
DEB1,DE,2013,11.028112010895953,9.415199394376133,23.5,0.3932771340344897,0.14509402418861736,-0.17988936034094583,2.57558790593505,2.8787027967701917,2.9238947957470622,2.9693972584906687,-0.3135147981395903,-0.24162409801162063
DEB1,DE,2014,11.050574223251017,9.356129408160186,22.7,0.43309670240241543,0.052287608846530526,-0.26097663353373457,2.4965132496513247,2.9054300448214128,2.57558790593505,2.8787027967701917,-0.4904649067233228,-0.2854275354335784
DEB1,DE,2015,11.052476048529304,9.427365300884043,21.9,0.43646813619066005,0.16420820119652194,-0.34206390672652326,2.424989724619811,2.8601719047880123,2.4965132496513247,2.9054300448214128,-0.5306371497219567,-0.27251886035834527
DEB1,DE,2016,11.052612614974578,9.397647879839639,22.2,0.4367102324195799,0.1175183761767541,-0.31165617927922745,2.8361204013377925,2.9319791112189595,2.424989724619811,2.8601719047880123,-0.5669731967276546,-0.2943775501524064
DEB1,DE,2017,11.074826241193158,9.382998658792093,23.2,0.4760891232397831,0.09450259811297877,-0.21029708778824163,2.488294314381271,2.994520871658817,2.8361204013377925,2.9319791112189595,-0.3581067630874396,-0.25969624311694683
DEB1,DE,2018,11.071254050264937,9.48590810117813,24.3,0.46975657243663355,0.25618634081415087,-0.0988020871481571,2.8077178975382573,3.0513608191810806,2.488294314381271,2.994520871658817,-0.5348126097286869,-0.22948994344090118
DEB1,DE,2019,11.077756379016323,9.54668173832084,25.5,0.4812834835072692,0.3516694071195405,0.022828822641025807,2.8800631246712256,3.092164417872611,2.8077178975382573,3.0513608191810806,-0.37253606746924545,-0.20203749444757216
DEB1,DE,2020,11.066111307015268,9.521125830871886,26.4,0.460639847280987,0.31151784601233223,0.1140520049829129,3.9939255884586182,3.600873039114187,2.8800631246712256,3.092164417872611,-0.33578257171266496,-0.1823302504993831
DEB1,DE,2021,11.081761242274034,9.676673637746058,27.3,0.48838304804587324,0.5559031133042653,0.20527518732480035,3.766233766233766,3.8656509764749516,3.9939255884586182,3.600873039114187,0.23009220619052426,0.06336486509922111
DEB1,DE,2022,11.095284149283636,9.668879395856942,27.2,0.5123555896499746,0.543657374031642,0.19513927817570162,3.8447088290544773,3.9502872619704847,3.766233766233766,3.8656509764749516,0.1144180870593728,0.19124680617786435
DEB1,DE,2023,11.09249280343977,9.538238015326012,26.2,0.5074072708952871,0.33840325092937706,0.09378018668471581,4.123159303882195,4.202414301920338,3.8447088290544773,3.9502872619704847,0.1542857190052546,0.23212427724943574
DEB2,DE,2002,10.91806708946597,NA,NA,0.19819656035109162,NA,NA,NA,NA,NA,NA,NA,NA
DEB2,DE,2003,10.93876786885983,9.492847272187769,20.2,0.23489357341968023,0.26708865564618817,-0.5143743622611991,NA,NA,NA,NA,NA,NA
DEB2,DE,2004,10.941725974064244,9.351195571442133,20.2,0.24013751246560908,0.04453592767952191,-0.5143743622611991,NA,NA,NA,NA,NA,NA
DEB2,DE,2005,10.932297420947126,9.397202006550422,25,0.2234231786536478,0.116817852876856,-0.0278507231044671,NA,NA,NA,NA,NA,NA
DEB2,DE,2006,10.950324771540947,9.348062027619944,21.9,0.25538090873455715,0.039612734225716734,-0.34206390672652326,NA,NA,NA,NA,NA,NA
DEB2,DE,2007,10.952003120413584,9.449010154369562,20.5,0.25835617789428234,0.19821500213349882,-0.4839666348139033,NA,NA,NA,NA,NA,NA
DEB2,DE,2008,10.946440257973947,9.627852018683143,22.2,0.24849469240322541,0.4791981782487227,-0.31165617927922745,NA,NA,NA,NA,NA,NA
DEB2,DE,2009,10.9010255142725,9.412495450547121,23.2,0.16798634962977393,0.14084578662953717,-0.21029708778824163,2.1201413427561837,NA,NA,NA,NA,NA
DEB2,DE,2010,10.931643187200905,9.460645637650575,25.7,0.2222633950591171,0.2164958172015091,0.043100640939222896,2.3836985774702035,NA,2.1201413427561837,NA,-0.7218451095441308,NA
DEB2,DE,2011,10.970526089003645,9.56894041628188,24.3,0.29119250774861066,0.3866406039006947,-0.0988020871481571,2.4447031431897557,NA,2.3836985774702035,NA,-0.5879503096857511,NA
DEB2,DE,2012,10.963608472571716,9.630198612238605,26.5,0.27892940133237265,0.48288497335565067,0.12418791413201162,2.9524539877300615,NA,2.4447031431897557,NA,-0.5569582023116928,NA
DEB2,DE,2013,10.983354110254458,9.631497532011997,27.6,0.31393320047947626,0.48492574051521564,0.23568291477209616,2.3167489555639955,NA,2.9524539877300615,NA,-0.2990058915681961,NA
DEB2,DE,2014,10.994080797798278,9.511177393430733,27.5,0.3329487836847605,0.2958875932170612,0.22554700562299745,2.214022140221402,NA,2.3167489555639955,NA,-0.6219626798468388,NA
DEB3,DE,2002,11.135603552550991,NA,NA,0.5838312399367761,NA,NA,4.891125519273411,5.147073185117435,NA,NA,NA,NA
DEB3,DE,2003,11.13622038833108,9.587403609006337,21.1,0.5849247268172668,0.41564861359046834,-0.4231511799193116,5.278971159593544,5.023023493749521,4.891125519273411,5.147073185117435,0.685896067161177,0.8101456503032574
DEB3,DE,2004,11.148340223427244,9.456605832944318,24.6,0.6064099925867735,0.2101487733390093,-0.06839435970086129,5.373484465301338,4.922427388676678,5.278971159593544,5.023023493749521,0.882933019847974,0.7502323679487654
DEB3,DE,2005,11.146346242355452,9.462274432225495,25.8,0.6028751909226512,0.21905485937352398,0.05323655008832163,4.315279154403142,5.08321161279591,5.373484465301338,4.922427388676678,0.9309485492468557,0.7016466537843022
DEB3,DE,2006,11.17628126423177,9.448884415800594,23.6,0.655942076381538,0.19801745094712245,-0.1697534511918471,4.317700405668899,5.298815062713264,4.315279154403142,5.08321161279591,0.39334923627208107,0.7793019104123337
DEB3,DE,2007,11.188080420512362,9.447414876622378,23.2,0.6768588633289708,0.19570861913469714,-0.21029708778824163,4.452924362037944,5.486726326402702,4.317700405668899,5.298815062713264,0.3945793028797654,0.8834336517254937
DEB3,DE,2008,11.17389669580096,9.461179568431312,23.6,0.6517148665164657,0.21733468995187397,-0.1697534511918471,4.741019214703425,4.355020144333235,4.452924362037944,5.486726326402702,0.4632770360068327,0.9741906739709091
DEB3,DE,2009,11.128996106335027,9.541277881492526,25.5,0.5721179833717045,0.3431792649443876,0.022828822641025807,4.619305511309333,4.5239989949893005,4.741019214703425,4.355020144333235,0.6096376649598958,0.4276013896207034
DEB3,DE,2010,11.187263327193023,9.50928003217282,25.3,0.675410372736054,0.29290659883673076,0.0025570043428287167,4.3175487465181055,4.485851595593701,4.619305511309333,4.5239989949893005,0.5478035363173736,0.5092144712789864
DEB3,DE,2011,11.201754947134788,9.553309136806197,26.3,0.7011001864512649,0.3620818879049766,0.10391609583381453,4.775398824517213,4.568363007619739,4.3175487465181055,4.485851595593701,0.39450225558617014,0.4907901133795415
DEB3,DE,2012,11.207774907587334,9.626923203629934,27.5,0.7117719859616247,0.47773889238925143,0.22554700562299745,4.502833590932509,4.644657806410939,4.775398824517213,4.568363007619739,0.6271035143805014,0.5306413171324154
DEB3,DE,2013,11.196589583343972,9.546112580239942,28,0.6919433610521304,0.350775187827563,0.27622655136849034,4.701553556827474,4.487264462237983,4.502833590932509,4.644657806410939,0.48863238707953227,0.5674900329313056
DEB3,DE,2014,11.20310808785137,9.659780182836636,28.7,0.7034989474648118,0.5293613601514037,0.34717791541218035,4.441971061418597,4.534171634828128,4.701553556827474,4.487264462237983,0.5895879540562522,0.49147249700544704
DEB3,DE,2015,11.219895786191852,9.658484177601721,26.7,0.7332591015957681,0.5273251721002113,0.1444597324302087,4.163704681628922,4.470027489177749,4.441971061418597,4.534171634828128,0.45771243826089153,0.5141276333855054
DEB3,DE,2016,11.22602659387742,9.678115588397485,27.8,0.7441274039663047,0.5581686000536605,0.25595473307029326,4.042005151575193,4.594359753874519,4.163704681628922,4.470027489177749,0.31634496159236947,0.48314741676940165
DEB3,DE,2017,11.220538052374552,9.653515851642958,27.7,0.7343976698618035,0.5195193039762837,0.24581882392119453,4.561059342815105,4.670089406008006,4.042005151575193,4.594359753874519,0.2545180334221592,0.5431971758490746
DEB3,DE,2018,11.205899235467939,9.636462003113431,27.1,0.708446914814872,0.492725552170989,0.18500336902660325,4.653914415302702,4.765316617832577,4.561059342815105,4.670089406008006,0.5182127755799023,0.5797729381976023
DEB3,DE,2019,11.206573347677859,9.712180026413009,28.5,0.7096419376739849,0.6116881382385186,0.3269060971139833,4.48742746615087,4.83454708340237,4.653914415302702,4.765316617832577,0.5653858739016109,0.6257655945836245
DEB3,DE,2020,11.16729043095612,9.66700218632361,30.1,0.6400037042103011,0.5407080405579963,0.4890806434995607,5.4090662813798085,5.615579764361173,4.48742746615087,4.83454708340237,0.4808056241509067,0.6592023922529878
DEB3,DE,2021,11.341469462683408,9.486839670124741,32.7,0.9487771123007185,0.2576499533882762,0.752614281376124,6.046554762125568,6.019942197954533,5.4090662813798085,5.615579764361173,0.949025154685496,1.0364240606534791
DEB3,DE,2022,11.306593242950841,9.695137956908084,31.8,0.8869507884238254,0.584912892769852,0.6613910990342365,5.855945730247407,6.1855301686643225,6.046554762125568,6.019942197954533,1.2728879871138845,1.2317222543875974
DEB3,DE,2023,11.22090293167044,9.800637220671327,32.5,0.7350445044584561,0.750665572232177,0.7323424630779265,5.953966140384249,6.5746336424994425,5.855945730247407,6.1855301686643225,1.1760530123418247,1.3116976153437072
DEC0,DE,2000,11.013736704117395,NA,NA,0.36779351282967004,NA,NA,2.458757062146893,2.665323909524373,NA,NA,NA,NA
DEC0,DE,2001,11.027279167132269,9.705682898387375,17.9,0.391800722064752,0.601480328812707,-0.7475002726904666,2.3524623524623522,2.8335680239786605,2.458757062146893,2.665323909524373,-0.5498183995738412,-0.38848486172816615
DEC0,DE,2002,11.01435430891812,9.506419619297425,17.1,0.36888836298058536,0.2884125286266375,-0.8285875458832549,3.5608429294084747,2.993707893998734,2.3524623524623522,2.8335680239786605,-0.6038192274951817,-0.3072266415534369
DEC0,DE,2003,11.016729410329543,9.5091026052486,16.5,0.3730987903213081,0.29262783871036513,-0.8894030007778465,2.8501383946223804,2.936167758515813,3.5608429294084747,2.993707893998734,0.0100735221328665,-0.22988259383413762
DEC0,DE,2004,11.039269128372883,9.536221630640858,17.4,0.4130557557988522,0.3352352556991814,-0.7981798184359594,3.3655432477020972,2.8723063123742043,2.8501383946223804,2.936167758515813,-0.3509852116441919,-0.25767321826769135
DEC0,DE,2005,11.081143048544691,9.379976848856753,19,0.4872871538801034,0.08975495271961749,-0.636005272050382,2.9302781648345975,2.9538350113823997,3.3655432477020972,2.8723063123742043,-0.08914444023062182,-0.288516897216481
DEC0,DE,2006,11.121857282344083,9.366275716474822,18.8,0.5594627343926384,0.06822874179676688,-0.6562770903485791,2.447283049472831,3.084151261884564,2.9302781648345975,2.9538350113823997,-0.3102718595523604,-0.24914032231485386
DEC0,DE,2007,11.145114384628918,9.453662281281938,15.9,0.6006914326095383,0.20552408158504423,-0.950218455672438,3.022905364677517,3.190803118638823,2.447283049472831,3.084151261884564,-0.5556475343051759,-0.18620042923153773
DEC0,DE,2008,11.140480698881115,9.499160165698706,15.3,0.5924771319202944,0.2770070093604517,-1.0110339105670294,2.999558888398765,2.5495952990037942,3.022905364677517,3.190803118638823,-0.26321452721288857,-0.1346899197180775
DEC0,DE,2009,11.029503839045633,9.466349602572647,18.4,0.3957444776463536,0.22545746712841488,-0.6968207269449737,3.156958648288128,2.6424699402198892,2.999558888398765,2.5495952990037942,-0.27507522142655255,-0.4443792443917081
DEC0,DE,2010,11.069292303943266,9.26031119525068,19.7,0.4662789144685979,-0.09825491594951272,-0.565053908006692,3.673835125448029,2.611835896258559,3.156958648288128,2.6424699402198892,-0.19511153015846314,-0.39952282805247896
DEC0,DE,2011,11.100129111469386,9.504730888525618,21.3,0.5209444276480266,0.28575931911281865,-0.40287936162111454,3.0745062836624775,2.671969389960429,3.673835125448029,2.611835896258559,0.06747686941980828,-0.414318399934005
DEC0,DE,2012,11.090708974865947,9.51034795601112,21.8,0.5042450140913186,0.29458444218222846,-0.35219981587562166,3.2265097013298454,2.711031848133342,3.0745062836624775,2.671969389960429,-0.23699974799236487,-0.3852752403147133
DEC0,DE,2013,11.067721148990998,9.440807075133568,22.9,0.4634936718108621,0.18532692770807846,-0.24070481523553747,2.139152981849611,2.6324206771214635,3.2265097013298454,2.711031848133342,-0.15977755673494806,-0.36640892907954
DEC0,DE,2014,11.096359646918696,9.446577653697412,22.6,0.5142621628286035,0.19439323608679393,-0.2711125426828329,2.766798418972332,2.6515466939862096,2.139152981849611,2.6324206771214635,-0.7121866396707603,-0.4043764018972123
DEC0,DE,2015,11.1004357419251,9.503709254679379,19.9,0.5214880024394143,0.2841542031963363,-0.544782089708495,3.0170529077393966,2.6081079438188213,2.766798418972332,2.6515466939862096,-0.3933243618935623,-0.39513895490239703
DEC0,DE,2016,11.089483150782906,9.52809902515677,19.7,0.5020719518341309,0.3224736157106374,-0.565053908006692,3.0119221920100396,2.6781286157304316,3.0170529077393966,2.6081079438188213,-0.2661877468676617,-0.4161189192635025
DEC0,DE,2017,11.103080908850758,9.429031566938072,23,0.5261771845901245,0.16682611579896117,-0.23056890608643874,2.5824060466092797,2.7342099872151944,3.0119221920100396,2.6781286157304316,-0.26879430083480255,-0.3823004692485865
DEC0,DE,2018,11.093297558553553,9.40745781946349,23,0.5088338891092992,0.13293103139362894,-0.23056890608643874,2.6903023983315952,2.788994679590482,2.5824060466092797,2.7342099872151944,-0.4870010914272911,-0.35521439585701
DEC0,DE,2019,11.077756379016323,9.46556950297971,24.5,0.4812834835072692,0.22423183205605085,-0.07853026884996,2.768456375838926,2.826922543542605,2.6903023983315952,2.788994679590482,-0.43218658240808455,-0.3287545900583027
DEC0,DE,2021,11.0552048249126,9.40729574924033,26.3,0.44130553582155446,0.1326763985858575,0.10391609583381453,3.8845035313668466,3.5284259417681882,2.768456375838926,2.826922543542605,-0.3924820712121197,-0.31043626296688953
DEC0,DE,2022,11.095284149283636,9.449341607611471,27.3,0.5123555896499746,0.198735757075317,0.20527518732480035,5.034041675263049,3.6036333301176953,3.8845035313668466,3.5284259417681882,0.1745025941265925,0.028374504775141474
DEC0,DE,2023,11.060744105125188,9.464958980328927,26.8,0.45112521625407953,0.22327262379591703,0.15459564157930744,5.114566284779051,3.8321730231625373,5.034041675263049,3.6036333301176953,0.7585016631469043,0.06469802516153249
DED2,DE,2000,10.76615201764404,NA,NA,-0.07110872858977375,NA,NA,3.771147560746913,3.7712365177387817,NA,NA,NA,NA
DED2,DE,2001,10.819188097159262,9.794331754664833,33.3,0.02291022915313899,0.7407588880663013,0.8134297362707149,4.390470170889074,3.999085444504917,3.771147560746913,3.7712365177387817,0.11691443869091472,0.14564669172187789
DED2,DE,2002,10.860529096953785,9.708100415634103,32.7,0.09619690019403766,0.6052785540040304,0.752614281376124,3.8605140260256636,4.25759294245671,4.390470170889074,3.999085444504917,0.43154847642747357,0.2556927299906868
DED2,DE,2003,10.88319801770502,9.519522212112959,30.9,0.13638290793950233,0.30899835822969846,0.5701679166923491,4.163879038053135,4.158184848006246,3.8605140260256636,4.25759294245671,0.16231522230261444,0.3805461862528525
DED2,DE,2004,10.906268662227516,9.507645533050452,32,0.17728106580277003,0.29033859409956747,0.6816629173324337,4.920043182878185,4.059705801167467,4.163879038053135,4.158184848006246,0.3164335397660985,0.33253425518348473
DED2,DE,2005,10.90094689106305,9.570783191197673,33.6,0.16784697145034386,0.38953583623733196,0.843837463718011,4.493892478262955,4.1776948478516625,4.920043182878185,4.059705801167467,0.7005870878229113,0.28497103375027827
DED2,DE,2006,10.92381965216095,9.487708197183949,34.1,0.20839433427926304,0.2590145191882068,0.894517009463504,4.948812691620036,4.3474782988873875,4.493892478262955,4.1776948478516625,0.48409003978749093,0.3419571575428926
DED2,DE,2007,10.934092193847054,9.508007965406016,33.1,0.22660483685649394,0.29090802114498604,0.7931579179725181,5.097156162159265,4.5010034167185955,4.948812691620036,4.3474782988873875,0.7152028414719958,0.4239588435515572
DED2,DE,2008,10.924592318448077,9.65367553269055,33.6,0.20976406748094178,0.5197701830872229,0.843837463718011,5.14155982905983,3.595646519130016,5.097156162159265,4.5010034167185955,0.7905656723185849,0.4981081109273804
DED2,DE,2009,10.886812077022446,9.485696056970424,33.9,0.14278968033579084,0.25585319255948147,0.8742451911653065,4.995970991136181,3.733145565659631,5.14155982905983,3.595646519130016,0.8131240365353006,0.060840570487199104
DED2,DE,2010,10.910052554608537,9.426431081148753,33.8,0.18398890735378126,0.16274042389829854,0.8641092820162078,4.747854077253218,3.6985385421243056,4.995970991136181,3.733145565659631,0.7391606397932112,0.1272495966392225
DED2,DE,2011,10.927163970729888,9.57410954206827,33.6,0.21432292758943847,0.3947619539367925,0.843837463718011,5.02800746865831,3.7730946129621543,4.747854077253218,3.6985385421243056,0.6131099754588167,0.110535162692176
DED2,DE,2012,10.91865708470945,9.650580961604197,33.9,0.19924246605099102,0.5149082207279344,0.8742451911653065,5.17799352750809,3.829998779177958,5.02800746865831,3.7730946129621543,0.7554361093345707,0.14654411099420228
DED2,DE,2013,10.923499438429314,9.59823600246467,33.5,0.2078266799281399,0.4326676730290089,0.8337015545689124,4.416913546997037,3.718977589581411,5.17799352750809,3.829998779177958,0.8316334231856947,0.1740275762091445
DED2,DE,2014,10.943237244817004,9.437929846933363,34.1,0.24281659625801164,0.18080643849709369,0.894517009463504,4.347246299506601,3.7531200893108934,4.416913546997037,3.718977589581411,0.44498248652170386,0.12040677468774731
DED2,DE,2015,10.981897133886719,9.456750708535,31,0.31135036628805335,0.21037639120559765,0.5803038258414478,4.859469398476491,3.683441518434399,4.347246299506601,3.7531200893108934,0.4095894829126857,0.1368968538167127
DED2,DE,2016,10.98963781581319,9.422705795218898,31.1,0.3250725503860941,0.1568875287916322,0.5904397349905465,4.871660555264536,3.784707708108237,4.859469398476491,3.683441518434399,0.6698138299841346,0.1032436311045386
DED2,DE,2017,11.001298214540816,9.522716719340991,31.4,0.3457433568495233,0.3140173329004265,0.620847462437842,4.811932555123217,3.860425088460694,4.871660555264536,3.784707708108237,0.6760072949442169,0.15215298144623143
DED2,DE,2018,11.005228540005788,9.475147409637902,31.5,0.3527107855732303,0.23927993415274565,0.6309833715869407,4.853479853479854,3.94032318306574,4.811932555123217,3.860425088460694,0.6456637202988811,0.1887228167934607
DED2,DE,2019,11.021193684525084,9.534679503501762,32.2,0.3810127690840656,0.33281237902441696,0.701934735630631,4.602991944764097,3.9979241349903085,4.853479853479854,3.94032318306574,0.6667709655777083,0.22731184550342004
DED2,DE,2020,10.986787765140438,9.55716477923188,31.5,0.32002016347861717,0.3681395895448633,0.6309833715869407,6.497563413719855,4.6340894870927,4.602991944764097,3.9979241349903085,0.5395157663765446,0.25513184294548386
DED2,DE,2021,11.007334917064085,9.570306999968105,32.1,0.3564448356283032,0.3887876796206706,0.6917988264815323,7.04874835309618,4.975282222484599,6.497563413719855,4.6340894870927,1.5020136007785603,0.5623857663076332
DED2,DE,2022,11.029209922699636,9.556659968486317,33.7,0.39522344161264095,0.3673464680508011,0.8539733728671098,6.191991514187218,5.112084483305448,7.04874835309618,4.975282222484599,1.7820317047127048,0.7271743801882452
DED2,DE,2023,11.020232236208287,9.626794997793246,34.2,0.3793083752168114,0.4775374648134014,0.9046529186126027,7.483078465780898,5.410773290462688,6.191991514187218,5.112084483305448,1.3467741197805796,0.7932468741131468
DED4,DE,2005,10.80754571597465,NA,NA,0.0022713630335411492,NA,NA,2.7453387623763112,NA,NA,NA,NA,NA
DED4,DE,2006,10.853202084946997,9.205885606067195,30.9,0.08320804357897896,-0.18376439645852638,0.5701679166923491,2.9188507621294604,NA,2.7453387623763112,NA,-0.40422649640742436,NA
DED4,DE,2007,10.865529522409759,9.224504485989103,30.2,0.10506133349942222,-0.1545117825012453,0.49921655264865905,3.0298205043175663,NA,2.9188507621294604,NA,-0.31607731505338543,NA
DED4,DE,2008,10.86032149909232,9.321213629771071,29.3,0.09582888402951366,-0.0025694926825981044,0.40799337030677196,2.8756695799266985,NA,3.0298205043175663,NA,-0.2597014335992685,NA
DED4,DE,2009,10.805916927050252,9.37266845374489,30.4,-6.16049430857701e-4,0.0782725401496184,0.5194883709468562,2.9105435868169494,NA,2.8756695799266985,NA,-0.33801462121369885,NA
DED4,DE,2010,10.842334380553586,9.166615726910011,29.3,0.0639424747536424,-0.24546234069321154,0.40799337030677196,2.75175644028103,NA,2.9105435868169494,NA,-0.3202976035879197,NA
DED4,DE,2011,10.875769261606688,9.289181753659362,29,0.1232136859292107,-0.05289561918179484,0.37758564285947616,2.677279305354559,NA,2.75175644028103,NA,-0.4009661279355048,NA
DED4,DE,2012,10.8655472593955,9.361804833535741,28.7,0.10509277648932942,0.06120441953819458,0.34717791541218035,2.4698618053513672,NA,2.677279305354559,NA,-0.43880269533546984,NA
DED4,DE,2013,10.859832811225036,9.34773560485205,27.4,0.09496256954391057,0.03909988279447373,0.21541109647389872,2.604394005528881,NA,2.4698618053513672,NA,-0.5441768645560103,NA
DED4,DE,2014,10.88777016330413,9.262024439567945,29.7,0.14448811420298358,-0.09556319255703805,0.44853700690316617,2.636858698767555,NA,2.604394005528881,NA,-0.4758305638489879,NA
DED4,DE,2015,10.904119432844034,9.326426938384248,24.8,0.17347104989600526,0.005621274159503808,-0.04812254140266419,2.435822637106184,NA,2.636858698767555,NA,-0.4593375481730091,NA
DED4,DE,2016,10.917067122978354,9.256955588340825,25.8,0.19642388394282762,-0.10352699858488479,0.05323655008832163,2.1370565607636416,NA,2.435822637106184,NA,-0.561469759681731,NA
DED4,DE,2017,10.928936967722036,9.320883669206998,23.9,0.2174659828606196,-0.003087902438848219,-0.13934572374455165,2.4222445177010172,NA,2.1370565607636416,NA,-0.7132516830266347,NA
DED4,DE,2018,10.931120567852066,9.249261982746711,24.2,0.22133692902084176,-0.11561462551669391,-0.10893799629725583,2.5219941348973607,NA,2.4222445177010172,NA,-0.5683678423019282,NA
DED4,DE,2019,10.944845013279494,9.300975716806471,24.7,0.24566674499669905,-0.03436581221081542,-0.058258450551762916,2.6052399175743304,NA,2.5219941348973607,NA,-0.51769211319532,NA
DED4,DE,2021,10.931739955788785,9.37925661412004,27,0.22243494020080073,0.0886233729038575,0.17486745987750454,3.151515151515152,NA,2.6052399175743304,NA,-0.4754008157369843,NA
DED4,DE,2022,10.937717582274969,9.415909982274748,25.5,0.2330316927727193,0.14621044760227495,0.022828822641025807,3.431372549019608,NA,3.151515151515152,NA,-0.1978769860630914,NA
DED4,DE,2023,10.950685501511387,9.376240164573984,25,0.25602038767337443,0.08388414935966525,-0.0278507231044671,3.732742457814896,NA,3.431372549019608,NA,-0.055701225764173246,NA
DED5,DE,2005,10.85755613654931,NA,NA,0.09092662680289208,NA,NA,4.505901644794419,NA,NA,NA,NA,NA
DED5,DE,2006,10.898713731029874,9.325858477975165,34.8,0.16388816867473305,0.00472815099814061,0.9654683735071936,4.3586969112241825,NA,4.505901644794419,NA,0.4901910483632605,NA
DED5,DE,2007,10.907641007759885,9.294317221342517,33.8,0.17971387188111965,-0.04482715028057614,0.8641092820162078,4.17911822739284,NA,4.3586969112241825,NA,0.4154067292722675,NA
DED5,DE,2008,10.912470957915732,9.422940517140054,34.7,0.1882760975160776,0.15725630660080767,0.9553324643580956,4.342245989304813,NA,4.17911822739284,NA,0.3241754945974948,NA
DED5,DE,2009,10.878598478485056,9.32246179135355,34,0.12822914002318203,-6.084730572652866e-4,0.8843811003144052,4.56200471192975,NA,4.342245989304813,NA,0.4070491787756179,NA
DED5,DE,2010,10.906076406228898,9.277715303017438,34.7,0.176940246708012,-0.07091086260649472,0.9553324643580956,4.79002624671916,NA,4.56200471192975,NA,0.5186930507980535,NA
DED5,DE,2011,10.953781511729844,9.370419293213697,35.3,0.26150879587702275,0.07473882464025963,1.0161479192526865,4.710223572823963,NA,4.79002624671916,NA,0.6345346735755767,NA
DED5,DE,2012,10.961775291490055,9.441913611659603,33.9,0.2756796555701063,0.18706543646700902,0.8742451911653065,4.726100966702471,NA,4.710223572823963,NA,0.5939925762927792,NA
DED5,DE,2013,10.963797931460592,9.497660055162893,34.6,0.2792652618905072,0.2746501460807349,0.9451965552089969,4.346908630512767,NA,4.726100966702471,NA,0.6020587577350841,NA
DED5,DE,2014,10.990656136916913,9.558780135913679,35.3,0.32687776467973745,0.3706775190881117,1.0161479192526865,4.245577523413111,NA,4.346908630512767,NA,0.40941793716704605,NA
DED5,DE,2015,11.01369897704759,9.434328388307675,30,0.3677266327017595,0.17514809173819884,0.478944734350462,4.5913115091620345,NA,4.245577523413111,NA,0.3579387648375194,NA
DED5,DE,2016,11.025648253336222,9.348317549955613,30.7,0.38890954276427425,0.0400141921154577,0.549896098394152,3.977944072469476,NA,4.5913115091620345,NA,0.533581762747717,NA
DED5,DE,2017,11.044195975244916,9.430614184791967,31.3,0.42178975371313127,0.16931260850507832,0.6107115532887436,4.158376442499004,NA,3.977944072469476,NA,0.22197312766429228,NA
DED5,DE,2018,11.03801836282878,9.461954413164282,32.3,0.41083847892031516,0.21855206897496562,0.712070644779729,4.474142940151076,NA,4.158376442499004,NA,0.3136380599485118,NA
DED5,DE,2019,11.055809631291616,9.45605837697219,32.9,0.4423776977519067,0.20928865080326053,0.7728860996743208,4.587509637625289,NA,4.474142940151076,NA,0.4740566955855953,NA
DED5,DE,2020,11.015953301302162,9.520285330999219,34.3,0.3717229540506749,0.310197314465353,0.9147888277617007,5.588359342049768,NA,4.587509637625289,NA,0.5316503005776417,NA
DED5,DE,2021,11.05662025331593,9.592230382533069,37,0.44381471644835097,0.4232320849501272,1.1884583747873627,5.651720542231491,NA,5.588359342049768,NA,1.0401112844229299,NA
DED5,DE,2022,11.062792662175772,9.595257618189358,36.9,0.4547567667105475,0.4279882548369596,1.178322465638264,6.335585174365528,NA,5.651720542231491,NA,1.072300631174591,NA
DED5,DE,2023,11.054521309686919,9.558198379784786,35.9,0.44009384389961453,0.36976350667022334,1.0769633741472782,5.472901168969181,NA,6.335585174365528,NA,1.4197239077511858,NA
DEE0,DE,2000,10.799108105327337,NA,NA,-0.012686291569740545,NA,NA,2.3763507518020153,2.103248771142478,NA,NA,NA,NA
DEE0,DE,2001,10.826391009453321,9.716911214344204,27.1,0.035679089762578,0.6191214325446794,0.18500336902660325,2.3610084585694344,2.23682737431433,2.3763507518020153,2.103248771142478,-0.5916832204833009,-0.6599548355666094
DEE0,DE,2002,10.860529096953785,9.45547335472964,25.7,0.09619690019403766,0.20836950690795006,0.043100640939222896,2.3577082456929275,2.3738973833774124,2.3610084585694344,2.23682737431433,-0.5994775551141602,-0.5954392976390089
DEE0,DE,2003,10.867693831169055,9.370282666764714,25.3,0.10889808115578814,0.07452416721805101,0.0025570043428287167,2.216896443000276,2.324888389570895,2.3577082456929275,2.3738973833774124,-0.6011541599816738,-0.5292374871808705
DEE0,DE,2004,10.876093959105303,9.33965034450988,25.4,0.12378928881465204,0.026396916744658966,0.012692913491927083,1.8971166856378336,2.2842846321691894,2.216896443000276,2.324888389570895,-0.6726906828158439,-0.5529077571465634
DEE0,DE,2005,10.885973349272888,9.381464061242271,26.4,0.14130283761354745,0.09209155137477383,0.1140520049829129,1.8816186848973735,2.345966136247576,1.8971166856378336,2.2842846321691894,-0.8351481720108004,-0.5725184821313328
DEE0,DE,2006,10.915520849346255,9.266221386047977,25.7,0.1936827492925257,-0.08896925910375335,0.043100640939222896,2.1631177618721265,2.440622029298686,1.8816186848973735,2.345966136247576,-0.8430216106193081,-0.5427276674251706
DEE0,DE,2007,10.928049879391091,9.19891122026385,23.8,0.21589340960362766,-0.19472203818295247,-0.14948163289365002,2.032233746359933,2.532045139117175,2.1631177618721265,2.440622029298686,-0.7000118290333421,-0.49701094548615427
DEE0,DE,2008,10.924592318448077,9.23461337828495,23.1,0.20976406748094178,-0.13862943484626145,-0.22043299693734,2.1312083024462565,2.0219119450097622,2.032233746359933,2.532045139117175,-0.7665047450053959,-0.45285558700133954
DEE0,DE,2009,10.86406032003903,9.241499360817542,24.2,0.10245682583460415,-0.12781068583518382,-0.10893799629725583,2.287095574563035,2.0947142234083618,2.1312083024462565,2.0219119450097622,-0.7162227696590167,-0.6992387400743161
DEE0,DE,2010,10.914012955824633,9.265736815960077,24.6,0.19100965243872386,-0.08973057996602084,-0.06839435970086129,2.36630383341221,2.0726019860972413,2.287095574563035,2.0947142234083618,-0.6370274665090458,-0.664076835085701
DEE0,DE,2011,10.927163970729888,9.259393567263459,25,0.21432292758943847,-0.09969662551416704,-0.0278507231044671,2.423790435350051,2.115791970085043,2.36630383341221,2.0726019860972413,-0.5967873494913933,-0.6747565611124386
DEE0,DE,2012,10.958098816760746,9.199882870628585,25.4,0.2691622371376492,-0.1931954526342922,0.012692913491927083,2.1019592923720753,2.1534215669127383,2.423790435350051,2.115791970085043,-0.5675824708267739,-0.6538967453643081
DEE0,DE,2013,10.952967500686222,9.28346578891089,25.8,0.260065769344669,-0.06187612235286511,0.05323655008832163,2.108376264071742,2.084369317063978,2.1019592923720753,2.1534215669127383,-0.7310821240386742,-0.6357224747574041
DEE0,DE,2014,10.961063028769603,9.234740014531443,25.7,0.27441700193454155,-0.13843047329501817,0.043100640939222896,2.1920969137582924,2.1022142805080395,2.108376264071742,2.084369317063978,-0.7278221143396195,-0.6690731981391456
DEE0,DE,2015,10.96301245249619,9.227256407809316,23.7,0.27787281519691676,-0.15018816545312266,-0.15961754204274872,2.136053112671991,2.069886448181841,2.1920969137582924,2.1022142805080395,-0.6852895705224951,-0.6604544718719539
DEE0,DE,2016,10.974524178003142,9.267163140368341,23.4,0.29828006331704615,-0.08748964401993821,-0.19002526949004456,2.294767162746039,2.1243265178191595,2.136053112671991,2.069886448181841,-0.7137614640673473,-0.6760681064139678
DEE0,DE,2017,10.991510208174653,9.2843026573821,22.9,0.3283918073884903,-0.060561296196620415,-0.24070481523553747,2.3470977795091548,2.1660940771846082,2.294767162746039,2.1243265178191595,-0.6331300748647837,-0.6497747458452164
DEE0,DE,2018,10.989228198659347,9.310778650392713,22.2,0.32434640738627446,-0.018964164364653736,-0.31165617927922745,2.286106750392465,2.211611665099895,2.3470977795091548,2.1660940771846082,-0.6065445877861767,-0.6296019300169347
DEE0,DE,2019,11.015049271952742,9.318703709484458,21.5,0.3701203488434594,-0.006512894730185691,-0.38260754332291746,2.370500438981563,2.2409653368520837,2.286106750392465,2.211611665099895,-0.6375298181692356,-0.6076179325817797
DEE0,DE,2020,10.991449778246249,9.39123595167945,23.1,0.3282846810899986,0.10744442650961435,-0.22043299693734,3.3373063170441,2.6038129268813366,2.370500438981563,2.2409653368520837,-0.5946553508634567,-0.5934407524176311
DEE0,DE,2021,11.019151893568871,9.364536775041397,22.6,0.3773932131254294,0.06549664498645077,-0.2711125426828329,3.2188841201716736,2.7984264774850516,3.3373063170441,2.6038129268813366,-0.10348962860372757,-0.4181933183180688
DEE0,DE,2022,11.054835060502459,9.510071958018626,25.1,0.4406500412078935,0.2941508144473013,-0.017714813955368374,2.68578352180937,2.872133935188784,3.2188841201716736,2.7984264774850516,-0.16365157546217116,-0.3241992383751463
DEE0,DE,2023,11.039426683464434,9.475591286082249,25.3,0.4133350593527748,0.23997732015693474,0.0025570043428287167,2.536525974025974,3.05730775875325,2.68578352180937,2.872133935188784,-0.4344823041255498,-0.28860015161935515
DEF0,DE,2000,11.021752779105631,NA,NA,0.3820038960720182,NA,NA,3.5354793808453873,3.2329027677791906,NA,NA,NA,NA
DEF0,DE,2001,11.0350764775923,9.585453390669105,21.5,0.4056232935924916,0.41258457405690196,-0.38260754332291746,3.486735477266911,3.4420382446237654,3.5354793808453873,3.2329027677791906,-0.002811903919800435,-0.11435671180633018
DEF0,DE,2002,11.012399274082318,9.484014943214449,20.9,0.36542260270393306,0.2532119503403969,-0.4434229982175091,3.512448527630714,3.6568369645550414,3.486735477266911,3.4420382446237654,-0.027575235577298237,-0.013348859740272988
DEF0,DE,2003,11.026298861345692,9.359819074841754,19.9,0.3900628988854042,0.058084541611533196,-0.544782089708495,3.667938866265697,3.568247661984515,3.512448527630714,3.6568369645550414,-0.014512252366286803,0.09039421462544577
DEF0,DE,2004,11.033677315107104,9.331146170989445,21.5,0.40314294814136586,0.013035785137256376,-0.38260754332291746,3.4312396708668165,3.505951988030812,3.667938866265697,3.568247661984515,0.06448139694117147,0.04760752293788945
DEF0,DE,2005,11.039508075893114,9.31795856599778,22.9,0.41347934662631697,-0.007683609340840025,-0.24070481523553747,3.2341060430733752,3.6064745528197415,3.4312396708668165,3.505951988030812,-0.0557687317603296,0.01752007764161703
DEF0,DE,2006,11.055282791721414,9.29166251292724,20.9,0.4414437503760652,-0.04899803278086287,-0.4434229982175091,3.291943297674859,3.758573081433978,3.2341060430733752,3.6064745528197415,-0.15591839248734382,0.06607027346060176
DEF0,DE,2007,11.044260411072983,9.421199850549788,20.3,0.42190398141343527,0.15452149935101922,-0.5042384531121004,3.319371103740005,3.8955022089231246,3.291943297674859,3.758573081433978,-0.12653537199228224,0.13953052950864347
DEF0,DE,2008,11.050817972569865,9.40680750362474,20.2,0.4335288055502747,0.13190930300497053,-0.5143743622611991,3.2923053688741226,3.1208514581351925,3.319371103740005,3.8955022089231246,-0.1126012426270532,0.20566429725402158
DEF0,DE,2009,11.000724874495589,9.412765962706978,22.4,0.3447269764161048,0.14127079542792978,-0.2913843609810304,3.0162236270850786,3.2460495820876023,3.2923053688741226,3.1208514581351925,-0.1263514292110776,-0.16847503873533937
DEF0,DE,2010,11.011835248918478,9.295525027818853,22.8,0.3644227350943794,-0.04292953362825689,-0.25084072438463584,3.2101242379813257,3.2082272086157113,3.0162236270850786,3.2460495820876023,-0.2666090457455196,-0.10800708861068813
DEF0,DE,2011,11.02963012836135,9.461354942477563,22.8,0.3959683552396114,0.21761022474744748,-0.25084072438463584,3.251663641863279,3.2749725735661075,3.2101242379813257,3.2082272086157113,-0.1681018523590748,-0.12627446611199625
DEF0,DE,2012,11.042805514232908,9.528753238519545,24.4,0.4193248336751858,0.32350146760222426,-0.08866617799905874,3.5637068515619172,3.3162333446263523,3.251663641863279,3.2749725735661075,-0.14699861770476652,-0.09403791758027588
DEF0,DE,2013,11.033149804925909,9.492697155129056,24.9,0.40220781194939875,0.2668528027707553,-0.03798663225356583,3.36260601966524,3.2142949690657474,3.5637068515619172,3.3162333446263523,0.011528478525777737,-0.07410986939703061
DEF0,DE,2014,11.040833886502632,9.367293159212396,24.8,0.41582965858019477,0.0698272729517406,-0.04812254140266419,3.3125371360665476,3.2440269952709238,3.36260601966524,3.2142949690657474,-0.09063663816083667,-0.12334387079093073
DEF0,DE,2015,11.03811027872727,9.504187150863553,23.4,0.41100142152570923,0.2849050385122057,-0.19002526949004456,3.3068198556488437,3.191641996718946,3.3125371360665476,3.2440269952709238,-0.1160730985025676,-0.1089839537177099
DEF0,DE,2016,11.0415975547439,9.461928080861512,23.8,0.41718344062369495,0.218510697598665,-0.14948163289365002,2.9505582137161084,3.2887261639195224,3.3068198556488437,3.191641996718946,-0.11897764452306801,-0.13428475998957526
DEF0,DE,2017,11.073316806944304,9.5862679449249,24.1,0.47341329508363145,0.4138643417600063,-0.1190739054463542,2.9599659284497446,3.3524376486449006,2.9505582137161084,3.2887261639195224,-0.2999690003307023,-0.08739523485252745
DEF0,DE,2018,11.06976706114336,9.531140241633885,24.2,0.4671205335615196,0.32725175123429406,-0.10893799629725583,2.962392324392464,3.42080108304864,2.9599659284497446,3.3524376486449006,-0.2951896055144235,-0.05662398398133986
DEF0,DE,2019,11.084966215583073,9.533115075800527,24.4,0.49406461902291365,0.33035446534753443,-0.08866617799905874,3.3486584780072737,3.455589576295513,2.962392324392464,3.42080108304864,-0.29395692526005635,-0.023605943364001902
DEF0,DE,2020,11.066111307015268,9.613691417166645,24.7,0.460639847280987,0.4569500832342862,-0.058258450551762916,3.859527121001391,4.028386162778913,3.3486584780072737,3.455589576295513,-0.09772239811288735,-0.006803863523226545
DEF0,DE,2021,11.094098616033873,9.588704903674577,26.9,0.510253952396033,0.41769311201004816,0.1647315507284058,4.41988950276243,4.311346058432259,3.859527121001391,4.028386162778913,0.16181384562499226,0.2698443347853557
DEF0,DE,2022,11.129228325796815,9.556525348959417,28.3,0.5725296471289898,0.36713496375687815,0.30663427881578614,3.678539564889164,4.437757734474676,4.41988950276243,4.311346058432259,0.44649435927308967,0.4065077632577096
DEF0,DE,2023,11.09129015747401,9.660682581586663,26.5,0.5052752973167718,0.5307791426593087,0.12418791413201162,3.911032512583322,4.71626793913133,3.678539564889164,4.437757734474676,0.06986686253876086,0.4675618324465738
DEG0,DE,2000,10.721348740628201,NA,NA,-0.1505331024688284,NA,NA,2.585780484441673,2.7976647796684992,NA,NA,NA,NA
DEG0,DE,2001,10.754488920547011,9.623123668177836,30.5,-0.0917843185492916,0.4717693418973104,0.5296242800959549,3.035737910824233,2.9652206475543013,2.585780484441673,2.7976647796684992,-0.485286778106721,-0.32456712172776625
DEG0,DE,2002,10.772481772497635,9.588164314482302,29.9,-0.05988774544881141,0.41684377805347234,0.46880882520136324,2.9047297332723145,3.1526413863750182,3.035737910824233,2.9652206475543013,-0.25669521766006076,-0.24364130956254085
DEG0,DE,2003,10.80553343243645,9.424741456878824,28.6,-0.00129588406832011,0.16008581058598395,0.337042006263082,3.254376528646985,3.0769821388142127,2.9047297332723145,3.1526413863750182,-0.3232512115873718,-0.1531212000787576
DEG0,DE,2004,10.810533763792895,9.464698358765277,29.2,0.007568382423460503,0.22286315437442902,0.39785746115767323,3.219885203590277,3.0146237178793935,3.254376528646985,3.0769821388142127,-0.14562039170639132,-0.18966295856161203
DEG0,DE,2005,10.814514385290742,9.304958200245299,30.8,0.014624972726090639,-0.028108827305391295,0.5600320075432507,3.1826567008820428,3.099438079871072,3.219885203590277,3.0146237178793935,-0.16314299574467292,-0.21978070927464954
DEG0,DE,2006,10.844293340057886,9.335711762582918,30.2,0.06741519243070998,0.020208906663933577,0.49921655264865905,3.053228456393396,3.2353828922691408,3.1826567008820428,3.099438079871072,-0.18205616625412596,-0.17881723115802542
DEG0,DE,2007,10.852542326882947,9.364687623654042,27.3,0.08203846682837067,0.06573364722558625,0.20527518732480035,3.1177927735542843,3.3514628337322936,3.053228456393396,3.2353828922691408,-0.24780950787888908,-0.11315886603015674
DEG0,DE,2008,10.847390284420072,9.388520810242172,27,0.0729052566244057,0.10317859609246559,0.17486745987750454,3.3721359940872135,2.6776118640183633,3.1177927735542843,3.3514628337322936,-0.21500894243954372,-0.05709479822084628
DEG0,DE,2009,10.794768539567638,9.45436371102271,28,-0.020379195221613747,0.20662611637505435,0.27622655136849034,3.7427664737726336,2.771408602432787,3.3721359940872135,2.6776118640183633,-0.08579513183956193,-0.3825500490007884
DEG0,DE,2010,10.835944582454815,9.242896319825558,27.9,0.05261505080139269,-0.12561588664495163,0.2660906422193916,3.3619723571161746,2.749643613408445,3.7427664737726336,2.771408602432787,0.10249601468404661,-0.337248279922729
DEG0,DE,2011,10.875769261606688,9.254701747343702,28.2,0.1232136859292107,-0.1070680676978733,0.29649836966668747,3.5453114875497542,2.8050925140180767,3.3619723571161746,2.749643613408445,-0.09095855730783689,-0.34776029263697494
DEG0,DE,2012,10.871589573851463,9.319069604539742,30.1,0.1158042037421957,-0.0059380273457897296,0.4890806434995607,3.5114073795887712,2.8501771341399262,3.5453114875497542,2.8050925140180767,0.0021830944561535325,-0.32097968881734873
DEG0,DE,2013,10.89506150310878,9.31693204537165,30.5,0.1574137334276426,-0.009296403006262822,0.5296242800959549,3.2936098339119826,2.7619080119856534,3.5114073795887712,2.8501771341399262,-0.01504118608669902,-0.2992048053378398
DEG0,DE,2014,10.928744237514437,9.249273857874867,30,0.21712432311861557,-0.11559596818923477,0.478944734350462,3.514103903504606,2.7836730010099946,3.2936098339119826,2.7619080119856534,-0.12568872273915682,-0.34183685690116977
DEG0,DE,2015,10.936672035881783,9.293829464898192,27,0.23117821523332055,-0.04559347731157236,0.17486745987750454,3.4945974885622504,2.7413521890182198,3.514103903504606,2.7836730010099946,-0.013671272904783045,-0.33132484418692404
DEG0,DE,2016,10.952282029269421,9.282374397906922,26.4,0.25885060961266565,-0.06359083558209369,0.1140520049829129,3.4673271099257006,2.816147746538377,3.4945974885622504,2.7413521890182198,-0.023581103410840895,-0.35176486890906866
DEG0,DE,2017,10.968291918072646,9.355776452662635,26.9,0.287231912918223,0.05173307114301358,0.1647315507284058,3.468705207835642,2.872460337188657,3.4673271099257006,2.816147746538377,-0.03743525502828779,-0.3156402537878907
DEG0,DE,2018,10.96473717865105,9.2845120477966,26.8,0.2809302990259269,-0.060232317386539856,0.15459564157930744,3.5841603237306097,2.930327569912103,3.468705207835642,2.872460337188657,-0.03673514089923696,-0.28844250660658804
DEG0,DE,2019,10.972556647987831,9.34567238274128,28.3,0.2947921523881419,0.03585830004795071,0.30663427881578614,3.4923994612276306,2.9728211199120076,3.5841603237306097,2.930327569912103,0.02191944186020345,-0.26049390137426837
DEG0,DE,2020,10.953530543383955,9.355226503444436,28.3,0.26106389530136653,0.05086903140251643,0.30663427881578614,4.085505943462191,3.4656426571060206,3.4923994612276306,2.9728211199120076,-0.02469776571901662,-0.23997044797978842
DEG0,DE,2021,10.980224823054611,9.379245966242834,29.1,0.308385800979039,0.08860664374277638,0.3877215520085749,4.524118645760511,3.7143853888127776,4.085505943462191,3.4656426571060206,0.27661771066953494,-0.0019484458072235573
DEG0,DE,2022,10.987362812764134,9.37899055155719,28.4,0.3210395709975491,0.08820535498483109,0.31677018796488454,4.068501286873887,3.811636887389794,4.524118645760511,3.7143853888127776,0.4994458187778214,0.11818884235558502
DEG0,DE,2023,10.992725590418454,9.385439458545136,27.8,0.3305463590232626,0.09833740306484731,0.25595473307029326,4.817849738374963,4.042933080275453,4.068501286873887,3.811636887389794,0.2679788467316048,0.16515918488034964
DK01,DK,2007,11.473864261439134,NA,NA,1.1834781140220756,NA,NA,9.253178407411108,NA,NA,NA,NA,NA
DK01,DK,2008,11.478091920403807,10.181821677123475,40.9,1.1909726364902564,1.3495545385867196,1.5837588316022073,8.919463883287866,NA,9.253178407411108,NA,2.9019467821514553,NA
DK01,DK,2009,11.4631138613518,10.216940940311924,40.9,1.164420494741594,1.404731340457977,1.5837588316022073,8.762758277321385,NA,8.919463883287866,NA,2.73241002302663,NA
DK01,DK,2010,11.530725135718217,10.123605240865777,41,1.2842774224350564,1.2580891581257123,1.593894740751306,9.164550840285333,NA,8.762758277321385,NA,2.652798982296387,NA
DK01,DK,2011,11.517456548174213,10.02259530667582,42.8,1.2607557220565457,1.0993897829161208,1.7763411054350802,9.169793621013135,NA,9.164550840285333,NA,2.856921380457903,NA
DK01,DK,2012,11.534566544421176,9.93953207864798,45.3,1.2910872252300218,0.9688869517181515,2.029738834162545,9.583577712609971,NA,9.169793621013135,NA,2.859584866728777,NA
DK01,DK,2013,11.555621988240903,10.012137860585154,46.1,1.3284129646293108,1.0829598131890283,2.110826107355334,9.436160298229264,NA,9.583577712609971,NA,3.069799312896635,NA
DK01,DK,2014,11.584140429646821,9.950733238504935,46.9,1.378968627150844,0.9864853897844356,2.1919133805481223,9.5417666552394,NA,9.436160298229264,NA,2.994906945720442,NA
DK01,DK,2015,11.60185167416463,9.999400417536746,47.5,1.4103659846688776,1.0629476800284554,2.252728835442714,9.74713155842709,NA,9.5417666552394,NA,3.048558070308191,NA
DK01,DK,2016,11.604887674344965,10.056188081321283,47.8,1.4157480109285774,1.152168278323968,2.283136562890009,9.406688241639698,NA,9.74713155842709,NA,3.1528894601867052,NA
DK01,DK,2017,11.627807720716289,10.162144926526729,49.4,1.456379198055307,1.3186398760745541,2.4453111092755866,8.619210977701544,NA,9.406688241639698,NA,2.979934277173677,NA
DK01,DK,2018,11.631707044183438,10.246721048316754,49.9,1.463291668427077,1.4515196546167906,2.4959906550210795,8.65579362541307,NA,8.619210977701544,NA,2.5798727468482685,NA
DK01,DK,2019,11.624837099212952,10.349878538639038,51.1,1.4511130709179818,1.6135931119813791,2.6176215648102628,9.290187891440501,NA,8.65579362541307,NA,2.5984578040899695,NA
DK01,DK,2020,11.628657708214188,10.25663764535818,52.7,1.4578860013367232,1.4670998821191676,2.7797961111958402,10.007342914087907,NA,9.290187891440501,NA,2.9207486847528186,NA
DK01,DK,2021,11.712744505256405,10.24532334316611,53,1.606949678179202,1.4493236831421694,2.810203838643136,10.387854840386815,NA,10.007342914087907,NA,3.2850844554213756,NA
DK01,DK,2022,11.742359304423584,10.421027232084725,54.1,1.6594488933722245,1.7253767032425644,2.9216988392832204,11.089030206677265,NA,10.387854840386815,NA,3.4783956664408793,NA
DK01,DK,2023,11.677769412442002,10.312695841568024,53.1,1.5449480784488148,1.5551743946433363,2.8203397477922345,11.086017282011,NA,11.089030206677265,NA,3.834613303330859,NA
DK02,DK,2007,11.317736905736004,NA,NA,0.906705558574186,NA,NA,4.273657876477149,NA,NA,NA,NA,NA
DK02,DK,2008,11.240116380134268,9.613929188872449,26.4,0.7691048727158396,0.4573236526406634,0.1140520049829129,4.642683519688868,NA,4.273657876477149,NA,0.3722044072037465,NA
DK02,DK,2009,11.24452612657345,9.64935196783101,26.6,0.7769221881718875,0.5129773161539887,0.13432382328111034,4.2846404409922325,NA,4.642683519688868,NA,0.5596802497624126,NA
DK02,DK,2010,11.279262964214762,9.446469967606028,26.8,0.8385014244233823,0.1942240476247033,0.15459564157930744,4.956117707795561,NA,4.2846404409922325,NA,0.37778387186642026,NA
DK02,DK,2011,11.293010065079587,9.321897415758881,26.5,0.8628714025045588,-0.001495178458825743,0.12418791413201162,4.890298704731695,NA,4.956117707795561,NA,0.718914003792565,NA
DK02,DK,2012,11.300373156920383,9.455839171399205,27.2,0.8759242191336294,0.2089442511384724,0.19513927817570162,4.458088627869728,NA,4.890298704731695,NA,0.6854760211408005,NA
DK02,DK,2013,11.322467365647716,9.35342162494406,27.5,0.915091414289939,0.04803333912495991,0.22554700562299745,5.330432417731847,NA,4.458088627869728,NA,0.4659006344093295,NA
DK02,DK,2014,11.325321275711847,9.422740614561395,28.9,0.9201506428787447,0.15694223438018487,0.3674497337103774,5.863280194542015,NA,5.330432417731847,NA,0.909076847265063,NA
DK02,DK,2015,11.371361900648441,9.373513545293504,28.8,1.0017685077348493,0.07960028579993964,0.3573138245612791,5.438311688311688,NA,5.863280194542015,NA,1.179779135169986,NA
DK02,DK,2016,11.367591866740092,9.51996738317853,29.3,0.9950852335947102,0.3096977782474833,0.40799337030677196,5.493630573248407,NA,5.438311688311688,NA,0.9638826785632596,NA
DK02,DK,2017,11.385211743475264,9.581994280420297,29.1,1.0263206201719546,0.40714987459224666,0.3877215520085749,4.810192407696308,NA,5.493630573248407,NA,0.9919862934574887,NA
DK02,DK,2018,11.38904318887854,9.583889620354844,31.1,1.0331127606687192,0.4101276932180543,0.5904397349905465,4.571428571428572,NA,4.810192407696308,NA,0.6447796744038672,NA
DK02,DK,2019,11.402127481513709,9.567322126716885,30.8,1.0563077548614697,0.3840980664272033,0.5600320075432507,4.576834569163896,NA,4.571428571428572,NA,0.5234806476282352,NA
DK02,DK,2020,11.387724615336479,9.599667981879467,30.3,1.030775278123532,0.43491749370519944,0.5093524617977578,4.409890390007647,NA,4.576834569163896,NA,0.5262270529226735,NA
DK02,DK,2021,11.391109336065659,9.66687256113203,30.4,1.036775493790246,0.5405043829961894,0.5194883709468562,4.567368688150215,NA,4.409890390007647,NA,0.4414145169287284,NA
DK02,DK,2022,11.320989288475754,9.746012244700438,32.1,0.9124711739471069,0.664842829875803,0.6917988264815323,5.391786344167296,NA,4.567368688150215,NA,0.5214181079313309,NA
DK02,DK,2023,11.411783267883356,9.709692318884603,32.9,1.0734249131989728,0.6077796352419739,0.7728860996743208,5.915424101686629,NA,5.391786344167296,NA,0.9402464401222428,NA
DK03,DK,2007,11.358448090793017,NA,NA,0.9788757344719101,NA,NA,2.260879751654659,NA,NA,NA,NA,NA
DK03,DK,2008,11.330713275486493,9.953181212321471,25.5,0.9297092340038069,0.9903314660969222,0.022828822641025807,2.186516481696206,NA,2.260879751654659,NA,-0.6503458729085078,NA
DK03,DK,2009,11.321066203695786,9.897850100427215,25.3,0.9126075243125186,0.903399294942775,0.0025570043428287167,1.9122417619941947,NA,2.186516481696206,NA,-0.6881245935674405,NA
DK03,DK,2010,11.36094099522903,9.719638680418933,25.9,0.9832949954536595,0.6234066265252128,0.06337245923741999,2.366439584080316,NA,1.9122417619941947,NA,-0.8274641899194904,NA
DK03,DK,2011,11.388675758308288,9.643443151257511,27.4,1.0324614033366208,0.5036938183875332,0.21541109647389872,2.7007690931854764,NA,2.366439584080316,NA,-0.5967183841732666,NA
DK03,DK,2012,11.389696673668391,9.71612268350162,27.5,1.0342712165614663,0.6178825509133317,0.22554700562299745,2.766654532216964,NA,2.7007690931854764,NA,-0.4268691946529739,NA
DK03,DK,2013,11.409376487920758,9.764458451511492,28.8,1.0691583281559538,0.6938241525484429,0.3573138245612791,2.43087771386157,NA,2.766654532216964,NA,-0.3933974605824797,NA
DK03,DK,2014,11.406666915165799,9.850089137381003,28.3,1.0643549714848266,0.8283607845662795,0.30663427881578614,2.2185246810870773,NA,2.43087771386157,NA,-0.5639819256212132,NA
DK03,DK,2015,11.41751528016557,9.772955577023945,29.3,1.0835862566743837,0.7071742108443695,0.40799337030677196,2.661115133960898,NA,2.2185246810870773,NA,-0.6718634901455665,NA
DK03,DK,2016,11.426727889594316,9.780767476446872,30.1,1.0999177793755401,0.7194476923346883,0.4890806434995607,2.4649154372076287,NA,2.661115133960898,NA,-0.4470145681606617,NA
DK03,DK,2017,11.432086809708597,9.85710460953623,30.3,1.1094177290018623,0.8393829781432094,0.5093524617977578,2.41027445460943,NA,2.4649154372076287,NA,-0.5466897645465963,NA
DK03,DK,2018,11.42707058446778,9.85907021907245,32.5,1.1005252868519861,0.8424711991959786,0.7323424630779265,2.253569585412008,NA,2.41027445460943,NA,-0.574448985184154,NA
DK03,DK,2019,11.435197161611317,9.837795580987676,32.5,1.1149315612228785,0.8090460534522488,0.7323424630779265,2.3315618035316303,NA,2.253569585412008,NA,-0.654059651614121,NA
DK03,DK,2020,11.427520442501423,9.863703815213285,33.1,1.1013227663007326,0.8497511644629705,0.7931579179725181,2.2589052997393573,NA,2.3315618035316303,NA,-0.614437318928133,NA
DK03,DK,2021,11.437441892706659,9.89791538946012,33.5,1.118910876434829,0.9035018722666117,0.8337015545689124,2.2930365874220198,NA,2.2589052997393573,NA,-0.6513489523508771,NA
DK03,DK,2022,11.34963322209285,9.840916495319766,33.9,0.963249301006132,0.813949404380623,0.8742451911653065,2.4207011686143574,NA,2.2930365874220198,NA,-0.6340092578509796,NA
DK03,DK,2023,11.404207474074898,10.049913517469603,34.7,1.0599950321735092,1.1423101453496252,0.9553324643580956,2.310783657066309,NA,2.4207011686143574,NA,-0.5691519088721142,NA
DK04,DK,2007,11.327385498851834,NA,NA,0.9238099651730085,NA,NA,3.6983440847370996,NA,NA,NA,NA,NA
DK04,DK,2008,11.306807754632938,9.984834263971203,28.8,0.8873310609658159,1.0400624114794097,0.3573138245612791,3.6080110074912097,NA,3.6983440847370996,NA,0.07992813907403777,NA
DK04,DK,2009,11.319749547811039,9.84256069346971,29.7,0.9102734412671377,0.8165326475161581,0.44853700690316617,4.137392661982826,NA,3.6080110074912097,NA,0.03403628825251073,NA
DK04,DK,2010,11.315820559948559,9.67914109188501,31.3,0.9033083837592784,0.5597797956657599,0.6107115532887436,4.4408427876823335,NA,4.137392661982826,NA,0.3029776844307064,NA
DK04,DK,2011,11.350023603874009,9.638346626593735,32,0.9639413447718456,0.495686533892521,0.6816629173324337,4.042237254578452,NA,4.4408427876823335,NA,0.45713924213418916,NA
DK04,DK,2012,11.342406538626935,9.712112191592196,30.2,0.9504383003889353,0.6115815611600678,0.49921655264865905,3.6994219653179186,NA,4.042237254578452,NA,0.25463594855054333,NA
DK04,DK,2013,11.35743174700281,9.746955326369756,31.4,0.9770740254327587,0.6663245303926146,0.620847462437842,3.8118811881188117,NA,3.6994219653179186,NA,0.08047573400079659,NA
DK04,DK,2014,11.362164420788648,9.763962582322216,33.1,0.9854638057624685,0.6930450793696028,0.7931579179725181,3.7692180525706735,NA,3.8118811881188117,NA,0.13760831526153608,NA
DK04,DK,2015,11.35392973347977,9.873177945002087,33.1,0.9708658806293088,0.8646362199794909,0.7931579179725181,3.9707078925956063,NA,3.7692180525706735,NA,0.1159341919852494,NA
DK04,DK,2016,11.413641552351422,9.874203700287325,34.2,1.0767191606334425,0.8662478111976276,0.9046529186126027,3.934111626419319,NA,3.9707078925956063,NA,0.2182969362024933,NA
DK04,DK,2017,11.413816554056927,9.88314142578046,36.2,1.0770293924248053,0.8802901077591517,1.1073711015945744,3.823576074884976,NA,3.934111626419319,NA,0.19970496038154917,NA
DK04,DK,2018,11.418505221608855,9.962562959314509,37,1.085341161327497,1.0050713765632489,1.1884583747873627,4.041801137236821,NA,3.823576074884976,NA,0.1435496605052783,NA
DK04,DK,2019,11.439385649410069,9.865864958257463,37.7,1.1223566435622419,0.8531465933739989,1.259409738831053,4.406881980078479,NA,4.041801137236821,NA,0.25441438815879114,NA
DK04,DK,2020,11.441791836606756,9.902476961264567,39.4,1.1266221777878993,0.9106686781965901,1.4317201943657285,4.395604395604395,NA,4.406881980078479,NA,0.43988615651094276,NA
DK04,DK,2021,11.45015600040228,9.985311271020919,38.9,1.1414496305263802,1.04081184985265,1.3810406486202356,4.469443599878383,NA,4.395604395604395,NA,0.4341568130623293,NA
DK04,DK,2022,11.323990791479511,10.148766277918298,40.2,0.9177920458263051,1.2976203279248268,1.5128074675585177,3.710793697540863,NA,4.469443599878383,NA,0.4716692929936634,NA
DK04,DK,2023,11.381129526792353,10.062959367189992,41.3,1.019083928445942,1.1628068243773566,1.6243024681986014,4.443473193473194,NA,3.710793697540863,NA,0.08625290726521638,NA
DK05,DK,2007,11.336941885572053,NA,NA,0.940750914191785,NA,NA,2.973955773955774,NA,NA,NA,NA,NA
DK05,DK,2008,11.309492320003608,9.978340536781987,23.5,0.8920900861511267,1.029859945197508,-0.17988936034094583,3.03236797274276,NA,2.973955773955774,NA,-0.2880823539676695,NA
DK05,DK,2009,11.310484094365249,9.9522124029157,25.8,0.8938482400842587,0.98880934405391685,0.05323655008832163,3.7560303239145423,NA,3.03236797274276,NA,-0.25840724497527967,NA
DK05,DK,2010,11.30938966961827,9.673951961487607,29.9,0.8919081141364218,0.5516270158569914,0.46880882520136324,3.3517495395948433,NA,3.7560303239145423,NA,0.10923443930756134,NA
DK05,DK,2011,11.317480056141537,9.71602809903342,28.4,0.9062502320985277,0.6177339467574299,0.31677018796488454,3.537466717383036,NA,3.3517495395948433,NA,-0.09615204823018861,NA
DK05,DK,2012,11.330226120070064,9.77821157487204,28.2,0.9288456361487206,0.7154320478708457,0.29649836966668747,3.311762466692044,NA,3.537466717383036,NA,-0.0018022787116423772,NA
DK05,DK,2013,11.337083947430544,9.775625148894736,29.2,0.9410027523365446,0.7113684457121501,0.39785746115767323,3.283018867924528,NA,3.311762466692044,NA,-0.11646665324967265,NA
DK05,DK,2014,11.328946657326163,9.881014835855115,27.5,0.9265774867162598,0.8769489661656473,0.22554700562299745,3.47985347985348,NA,3.283018867924528,NA,-0.13106924387239705,NA
DK05,DK,2015,11.356271654924852,9.908389117332286,27,0.9750174886552969,0.9199574227306094,0.17486745987750454,2.873772280829393,NA,3.47985347985348,NA,-0.031071491968427376,NA
DK05,DK,2016,11.365290369751813,9.822136240741482,28.9,0.9910052874511732,0.7844432504389153,0.3674497337103774,2.8343023255813957,NA,2.873772280829393,NA,-0.33897850476324687,NA
DK05,DK,2017,11.389666093824644,9.9496091654016,30.8,1.0342170065771816,0.9847193288457804,0.5600320075432507,2.495412844036697,NA,2.8343023255813957,NA,-0.35903039885784166,NA
DK05,DK,2018,11.382376497520351,9.808085270315654,31.5,1.0212944781180497,0.7623673997263125,0.6309833715869407,3.0674846625766867,NA,2.495412844036697,NA,-0.5311961880260787,NA
DK05,DK,2019,11.393412829411265,9.870154052603121,32.1,1.0408589789479192,0.8598853027725311,0.6917988264815323,2.6893135173389946,NA,3.0674846625766867,NA,-0.24056693730129608,NA
DK05,DK,2020,11.383441953544478,9.943454734697992,31.6,1.0231832501733187,0.975049940233007,0.6411192807360394,3.0357788218286954,NA,2.6893135173389946,NA,-0.4326889629355312,NA
DK05,DK,2021,11.379704339451669,9.99245387584802,32,1.016557447801363,1.0520337849278492,0.6816629173324337,2.7285613040396886,NA,3.0357788218286954,NA,-0.2566744336707294,NA
DK05,DK,2022,11.280083790135151,9.848727696168726,35,0.8399565319318698,0.8262217883229339,0.9857401918053911,3.100241129865656,NA,2.7285613040396886,NA,-0.4127499369745252,NA
DK05,DK,2023,11.344473615107232,9.886333637992967,34.8,0.9541026809017625,0.8853054766703784,0.9654683735071936,3.717728055077453,NA,3.100241129865656,NA,-0.22392569185613434,NA
EE00,EE,2000,9.97282742299577,NA,NA,-1.4774636519253521,NA,NA,3.8733906993292657,3.856540222765948,NA,NA,NA,NA
EE00,EE,2001,10.031741180408575,8.65486739271967,28.7,-1.3730251240533777,-1.0494836634655549,0.34717791541218035,3.559657218193803,3.5211888990471696,3.8733906993292657,3.856540222765948,0.16885694974446724,0.1868465118005827
EE00,EE,2002,10.09605085106033,8.746707245980355,29.6,-1.2590210675180036,-0.9051916445795503,0.4384010977540678,2.725472388966611,2.724729505215072,3.559657218193803,3.5211888990471696,0.009471146083692374,0.02487917174226895
EE00,EE,2003,10.151141370053123,8.910225499043712,29.4,-1.161360131329611,-0.648283798785718,0.41812927945587036,3.0208696260356773,3.0600808289338497,2.725472388966611,2.724729505215072,-0.4143191963649497,-0.35979326089622543
EE00,EE,2004,10.215462317556954,9.03973813605213,29.8,-1.0473360839146597,-0.4448030744410221,0.4586729160522649,2.9813647923232427,3.0600808289338497,3.0208696260356773,3.0600808289338497,-0.2642487421085974,-0.19782592083791212
EE00,EE,2005,10.28451848619239,9.060217952303587,30.9,-0.9249177403989194,-0.41262669427032117,0.5701679166923491,2.9523884787042682,3.0880267725770816,2.9813647923232427,3.0600808289338497,-0.2843183554853826,-0.19782592083791212
EE00,EE,2006,10.330035918023787,9.167699735223522,33.2,-0.8442273586995359,-0.24375922660393212,0.8032938271216169,2.9528948049739823,3.2696754062580857,2.9523884787042682,3.0880267725770816,-0.29903917207330927,-0.18432864249971914
EE00,EE,2007,10.402953110284448,9.317052866293738,33.2,-0.7149644403135842,-0.009106578064774001,0.8032938271216169,2.98893131922329,3.3395402653661646,2.9528948049739823,3.2696754062580857,-0.2987819434883305,-0.09659633330146632
EE00,EE,2008,10.352783520893778,9.36998569702749,33.3,-0.8039018683440048,0.07405759022112875,0.8134297362707149,3.2469512195121952,2.9762429980041554,2.98893131922329,3.3395402653661646,-0.28047433805211347,-0.06285313745598431
EE00,EE,2009,10.301093826418079,9.163647757993848,34.2,-0.8955340411040613,-0.2501253950394387,0.9046529186126027,3.51911096144132,2.920351110717692,3.2469512195121952,2.9762429980041554,-0.14939266637594487,-0.2383177558524904
EE00,EE,2010,10.376547147607727,8.788133440499008,36.1,-0.7617752361294972,-0.8401058563336361,1.0972351924454755,3.433098591549296,2.724729505215072,3.51911096144132,2.920351110717692,-0.01112754072060286,-0.26531231252887616
EE00,EE,2011,10.387407779030655,8.791138842717354,35.5,-0.7425222058122677,-0.835383989537762,1.036419737550884,4.061671087533156,3.4233780962958598,3.433098591549296,2.724729505215072,-0.054824345570349764,-0.35979326089622543
EE00,EE,2012,10.407039149847842,9.020440410336914,36.9,-0.7077209716304154,-0.47512224095202565,1.178322465638264,3.6753943730687917,3.1578916316851604,4.061671087533156,3.4233780962958598,0.26450890527956206,-0.022361302441405603
EE00,EE,2013,10.411506252108671,9.113417694827005,37.6,-0.6998019794550299,-0.3290431738227153,1.2492738296819543,4.1203927249315955,3.5770807863336325,3.6753943730687917,3.1578916316851604,0.06826901291129026,-0.15058544665423715
EE00,EE,2014,10.435265273509591,9.088041919946166,37.4,-0.6576835112438761,-0.36891172389497934,1.229002011383757,4.497439180537772,3.926405081874027,4.1203927249315955,3.5770807863336325,0.2943412181559352,0.051873728418654466
EE00,EE,2015,10.425253116340453,9.032231997592646,37.6,-0.6754324208617223,-0.4565961668067343,1.2492738296819543,4.851453855878635,4.289702349236037,4.497439180537772,3.926405081874027,0.4858918684937269,0.22058970764606473
EE00,EE,2016,10.453190661979713,8.985433256382468,36.7,-0.6259065330716117,-0.5301229050450127,1.1580506473400674,5.307656176608736,4.73683744752774,4.851453855878635,4.289702349236037,0.6657416994161357,0.396054326042571
EE00,EE,2017,10.481884141724866,9.002157617236223,37.7,-0.5750405738167923,-0.503846820028667,1.259409738831053,5.212978625249884,4.73683744752774,5.307656176608736,4.73683744752774,0.8975058492235399,0.6120107794536551
EE00,EE,2018,10.50826480223462,9.098127702359665,38.4,-0.5282746320585044,-0.35306568478646766,1.3303611028747426,5.2703731911652705,4.83464825027905,5.212978625249884,4.73683744752774,0.8494068782200298,0.6120107794536551
EE00,EE,2019,10.532531214392444,9.170075557544118,39.1,-0.4852566940794407,-0.2400265094121896,1.4013124669184331,5.557233464210207,5.142053630354597,5.2703731911652705,4.83464825027905,0.8785649998877497,0.6592512536373302
EE00,EE,2020,10.531910302467287,9.199500822063767,39.5,-0.4863574068882876,-0.19379569922412093,1.4418561035148272,5.627705627705628,5.086161743068134,5.557233464210207,5.142053630354597,1.0242984262091666,0.8077213153574507
EE00,EE,2021,10.608435799895213,9.351904233428332,40.1,-0.350697916694133,0.045649325241320336,1.5026715584094188,6.518063028439662,5.924540052365079,5.627705627705628,5.086161743068134,1.0601003507400752,0.7807267586810652
EE00,EE,2022,10.551390266942049,9.386492550184704,41.2,-0.4518245761525536,0.09999194315120698,1.6141665590495033,6.821201830798761,6.455512981586478,6.518063028439662,5.924540052365079,1.5124280058813484,1.185645108826849
EE00,EE,2023,10.492222868704454,9.158468029001362,42.1,-0.5567127421992524,-0.25826340405265774,1.7053897413913905,6.536135905557154,6.343729207013552,6.821201830798761,6.455512981586478,1.6664314022032987,1.4420933972525118
EL30,EL,2000,10.817128736340353,NA,NA,0.01925952646960202,NA,NA,3.2392246748716915,3.181124790052039,NA,NA,NA,NA
EL30,EL,2001,10.852189464068209,9.409592873787327,22.1,0.08141293427824323,0.13628547162714366,-0.32179208842832585,3.282331578995879,4.088139709529686,3.2392246748716915,3.181124790052039,-0.15331797751134074,-0.1393643403227992
EL30,EL,2002,10.874727537067978,9.390494682223181,22,0.12136698352812764,0.10627979849044807,-0.3319279975774245,3.7468742269393194,3.588624246628953,3.282331578995879,4.088139709529686,-0.13141840679196634,0.29870398835388806
EL30,EL,2003,10.92525552023165,9.347202255573542,23.5,0.21093974903649151,0.03826192365761868,-0.17988936034094583,3.894408659078207,3.2468505088547666,3.7468742269393194,3.588624246628953,0.10458287368724498,0.057448966763828595
EL30,EL,2004,10.935132453969697,9.371046408353623,24,0.2284489432347633,0.07572410179828185,-0.12920981459545292,3.661721135106514,3.9435431281636855,3.894408659078207,3.2468505088547666,0.17953468931427868,-0.10762025853463367
EL30,EL,2005,10.94812326159458,9.335332561501966,26.2,0.2514782132014399,0.019613133831207583,0.09378018668471581,3.5812313397303392,3.9829785594453213,3.661721135106514,3.9435431281636855,0.061322607276242114,0.22886700841992413
EL30,EL,2006,11.017249353453751,9.219758116360634,25.5,0.3740205121203272,-0.16196892917293096,0.022828822641025807,4.478463291013851,4.048704278248049,3.5812313397303392,3.9829785594453213,0.0204314321421999,0.24791345749282312
EL30,EL,2007,11.040805962241855,9.360709989909239,26.5,0.415780156242955,0.05948428180252058,0.12418791413201162,4.557074935146768,3.851527121839865,4.478463291013851,4.048704278248049,0.4762515604494529,0.27965753928098885
EL30,EL,2008,11.022452619805899,9.417785599395529,27.1,0.3832445287474848,0.14915727919450844,0.18500336902660325,4.031940617443626,3.3388665151785872,4.557074935146768,3.851527121839865,0.5161885797050098,0.1844252939164914
EL30,EL,2009,10.989193389914478,9.344815051237157,28.1,0.32428470067750387,0.03451132388027946,0.28636246051758907,4.161433953647677,3.1416893587704027,4.031940617443626,3.3388665151785872,0.24940495510095023,-0.06317854403120093
EL30,EL,2010,10.957445200663807,9.260825933721431,28.3,0.26800354847212443,-0.09744619674422086,0.30663427881578614,4.41678137530672,2.9182219148411273,4.161433953647677,3.1416893587704027,0.315191365224918,-0.15841078939569841
EL30,EL,2011,10.909986118731226,8.90900871648652,29.9,0.1838711340945461,-0.650195517995723,0.46880882520136324,3.991678585359511,2.734189902193488,4.41678137530672,2.9182219148411273,0.4449153394291904,-0.26634066747546203
EL30,EL,2012,10.85946700374034,8.697882175316769,31.8,0.09431408951371074,-0.9819020025360616,0.6613910990342365,4.224842653548434,2.6027384645880325,3.991678585359511,2.734189902193488,0.22895066275855364,-0.35522409648232645
EL30,EL,2013,10.839745992510052,8.625213864944145,33.4,0.05935394656091501,-1.0960731040832072,0.8235656454198136,4.622073068415834,2.7999156209962166,4.224842653548434,2.6027384645880325,0.34740484322602205,-0.41871226005865775
EL30,EL,2014,10.801900431946283,8.52612632083281,35.2,-0.007736234159939168,-1.251752161471259,1.0060120101035885,4.947503587884281,2.4449967394614833,4.622073068415834,2.7999156209962166,0.5492095364420663,-0.32348001469416043
EL30,EL,2015,10.82774645405946,8.459975605969484,36.3,0.03808193496366128,-1.355683296588477,1.1175070107436724,4.739052189562088,2.4449967394614833,4.947503587884281,2.4449967394614833,0.7145377784055883,-0.4948980563502564
EL30,EL,2016,10.794231121286595,8.42029672112476,37,-0.021331895857058768,-1.4180238404604195,1.1884583747873627,5.004047391272352,2.3661258768982107,4.739052189562088,2.4449967394614833,0.6086383585363725,-0.4948980563502564
EL30,EL,2017,10.824650413419924,8.505082815476559,38,0.032593472831476615,-1.2848141684811485,1.2898174662783486,4.975452480398623,2.970802489883308,5.004047391272352,2.3661258768982107,0.7432636877743537,-0.5329909544960548
EL30,EL,2018,10.7945426963008,8.551564280723964,38.4,-0.020779555669736133,-1.2117859108870261,1.3303611028747426,5.638197518322328,3.194269933812584,4.975452480398623,2.970802489883308,0.7287366349595803,-0.24094540204493017
EL30,EL,2019,10.781740161266644,8.598382966096057,39.3,-0.043475068071497244,-1.1382278378492516,1.4215842852166298,5.656579677956691,3.9435431281636846,5.638197518322328,3.194269933812584,1.065430538681163,-0.13301552396516636
EL30,EL,2020,10.723068157756577,8.528977249987356,40.2,-0.1474850301412195,-1.2472729913854497,1.5128074675585177,5.86274909882337,3.8909625531215015,5.656579677956691,3.9435431281636846,1.0747692145398562,0.22886700841992372
EL30,EL,2021,10.754746638056906,8.548816955459566,41,-0.09132745348886738,-1.2161023061649159,1.593894740751306,6.139942853345738,3.759511115516045,5.86274909882337,3.8909625531215015,1.1795093229789804,0.2034717429893908
EL30,EL,2022,10.757401018574487,8.666940357995196,45,-0.08662193807375285,-1.030515508882362,1.9993311067152493,6.099344908732431,5.336928366781518,6.139942853345738,3.759511115516045,1.320331874574036,0.13998357941305908
EL30,EL,2023,10.774943762620287,8.82863373386263,45.6,-0.055523287377609004,-0.7764747758448133,2.060146561609841,6.293213828425095,5.665556960795161,6.099344908732431,5.336928366781518,1.2997069288215182,0.9018415423290373
EL42,EL,2011,10.709315423269075,9.256195060921971,12.3,-0.17186499514709555,-0.10472188329765747,-1.3151111850399868,1.3867488443759628,NA,NA,NA,NA,NA
EL42,EL,2012,10.59968243482545,9.078044555475149,15,-0.3662153204714271,-0.3846188472389993,-1.0414416380143252,1.155624036979969,NA,1.3867488443759628,NA,-1.0944299937906539,NA
EL43,EL,2000,10.338928339890439,NA,NA,-0.8284634439578197,NA,NA,0.9469696969696969,0.9744449419612032,NA,NA,NA,NA
EL43,EL,2001,10.41862232343935,8.960357215669537,14.5,-0.6871870649317464,-0.5695205348502995,-1.0921211837598181,1.2830236379724433,1.1272379088607198,0.9469696969696969,0.9744449419612032,-1.3178506902012257,-1.2051423470775187
EL43,EL,2002,10.47837410931107,8.912767080689575,14.6,-0.5812629339950982,-0.6442906527404578,-1.0819852746107197,1.0159595173219151,1.2036343923104782,1.2830236379724433,1.1272379088607198,-1.1471254387354235,-1.131346692556454
EL43,EL,2003,10.51873943987751,8.952594219179666,16.6,-0.5097058667402357,-0.5817171836510009,-0.8792670916287478,1.2292870905587665,1.1973979446819265,1.0159595173219151,1.2036343923104782,-1.2828018394331977,-1.0944488652959217
EL43,EL,2004,10.579899471347865,9.17293719264834,16.6,-0.40128528839194105,-0.23553051892610866,-0.8792670916287478,0.9618573797678275,1.275353540038823,1.2292870905587665,1.1973979446819265,-1.1744251797910685,-1.0974609328273937
EL43,EL,2005,10.555298088422234,9.305100219842204,19.6,-0.4448970410487019,-0.0278856965660516,-0.5751898171557903,1.4735772357723578,1.2441713018960643,0.9618573797678275,1.275353540038823,-1.3102873109952868,-1.0598100886839934
EL43,EL,2006,10.592158280888839,9.15342704675487,19.7,-0.3795536576464888,-0.2661834243890374,-0.565053908006692,1.2259107298271787,1.4889518713167182,1.4735772357723578,1.2441713018960643,-1.0503186260998358,-1.0748704263413535
EL43,EL,2007,10.598787698414188,9.327262161997629,20.3,-0.36780145175432655,0.006933516036174397,-0.5042384531121004,0.9984015738349931,1.50298387848096,1.2259107298271787,1.4889518713167182,-1.1761404700007878,-0.9566467757310766
EL43,EL,2008,10.621877496991926,9.574045540105907,21,-0.3268693388112941,0.39466139876347595,-0.43328708906841035,1.0772659732540861,1.4686834165239255,0.9984015738349931,1.50298387848096,-1.2917217893319628,-0.9498696237852644
EL43,EL,2009,10.568765409129602,9.506955820217545,21,-0.42102303927349644,0.2892549680529401,-0.43328708906841035,1.0828976848394325,1.4640060808025117,1.0772659732540861,1.4686834165239255,-1.2516563629830002,-0.9664359952083605
EL43,EL,2010,10.536712620424854,9.247445513530122,19.6,-0.4778441658409174,-0.11846852827459498,-0.5751898171557903,0.9630200308166409,1.4577696331739598,1.0828976848394325,1.4640060808025117,-1.2487952884372824,-0.9686950458569646
EL43,EL,2011,10.430144040485201,9.156707947380772,19.6,-0.6667621044527414,-0.26102871476932715,-0.5751898171557903,0.7701661937576003,1.2519668614317538,0.9630200308166409,1.4577696331739598,-1.3096966501862413,-0.9717071133884367
EL43,EL,2012,10.36933597121718,8.815173963051267,20.6,-0.7745587467987746,-0.7976217772299492,-0.47383072566480455,1.031390134529148,1.1833659375176853,0.7701661937576003,1.2519668614317538,-1.407672051783393,-1.0711053419270136
EL43,EL,2013,10.398126482581752,8.601041535702404,20.7,-0.7235207761168434,-1.1340508889297034,-0.4636948165157062,1.4031805425631432,1.230139294731823,1.031390134529148,1.1833659375176853,-1.2749626336345194,-1.1042380847732058
EL43,EL,2014,10.41755224727904,8.811000384685748,21.6,-0.6890840272679025,-0.8041789964213855,-0.37247163417381873,1.6525023607176579,1.2566441971531674,1.4031805425631432,1.230139294731823,-1.0860822095133862,-1.0816475782871655
EL43,EL,2015,10.439980923050696,8.842218112629125,22,-0.6493239104025613,-0.7551319996105565,-0.3319279975774245,1.3888888888888888,1.2301392947318228,1.6525023607176579,1.2566441971531674,-0.9594194184943913,-1.0688462912784096
EL43,EL,2016,10.387734553571768,8.820945161270112,24.1,-0.7419429208791954,-0.7885544952948969,-0.1190739054463542,0.9995456610631533,1.3065357781815812,1.3888888888888888,1.2301392947318228,-1.0933427884553226,-1.0816475782871657
EL43,EL,2017,10.422174844160127,8.736476208576493,26.8,-0.6808893842098569,-0.9212658976395066,0.15459564157930744,0.8955223880597015,1.378254925909926,0.9995456610631533,1.3065357781815812,-1.2911405594878977,-1.0447497510266333
EL43,EL,2018,10.40035397626057,8.781617736304558,27.9,-0.7195720182905544,-0.8503428512688593,0.2660906422193916,1.2540453074433657,1.5419616761594082,0.8955223880597015,1.378254925909926,-1.343987431001495,-1.010110974414705
EL43,EL,2019,10.391779239694445,8.662495292340987,26.6,-0.7347727609215349,-1.0374992689228555,0.13432382328111034,1.1862396204033214,1.691636419244649,1.2540453074433657,1.5419616761594082,-1.1618472799727964,-0.9310442017135642
EL43,EL,2020,10.27108303401352,8.64428854180942,26.3,-0.9487352476922241,-1.0661043755109147,0.10391609583381453,1.1235955056179776,1.7649146788801313,1.1862396204033214,1.691636419244649,-1.196294556312366,-0.8587545809582356
EL43,EL,2021,10.327867435444924,8.67949668928454,28,-0.8480715054353419,-1.010787925189493,0.27622655136849034,0.9106678230702516,1.853784057586993,1.1235955056179776,1.7649146788801313,-1.2281196026655437,-0.8233627874634394
EL43,EL,2022,10.374541295640688,8.995012890174772,27.6,-0.7653310817548042,-0.5150720894023018,0.23568291477209616,1.717252396166134,2.0611459412363367,0.9106678230702516,1.853784057586993,-1.3362931061171635,-0.7804408251399629
EL43,EL,2023,10.386791159804872,8.994968026280437,28.9,-0.7436153087991821,-0.5151425762515159,0.3674497337103774,1.737756714060032,2.1359833127789574,1.717252396166134,2.0611459412363367,-0.9265245027217168,-0.6802895797185183
EL51,EL,2001,10.369088388317072,9.075342522023934,12.5,-0.7749976458734411,-0.3888640833530704,-1.29483936674179,1.0075821398483569,0.8555041535247945,NA,NA,NA,NA
EL51,EL,2002,10.37452416795861,9.099494149652976,13,-0.7653614446102838,-0.3509188233570022,-1.244159820996297,0.8110831234256926,0.9092653435003963,1.0075821398483569,0.8555041535247945,-1.2870577927231057,-1.2625881412788225
EL51,EL,2003,10.415829476820083,9.015714838386044,13.3,-0.6921380441647401,-0.482546711843182,-1.2137520935490012,0.8565382987727463,0.910434065021605,0.8110831234256926,0.9092653435003963,-1.3868850522738811,-1.2366226647088834
EL51,EL,2004,10.47036760358024,9.104648347699339,13.8,-0.5954563534721019,-0.34282092668749264,-1.1630725478035082,1.2214132762312633,0.9501705967427021,0.8565382987727463,0.910434065021605,-1.3637924909475896,-1.2360581978269285
EL51,EL,2005,10.48940599461353,9.251464438033283,14.6,-0.5617063157918407,-0.1121542898506132,-1.0819852746107197,0.8327586206896551,0.9548454828275371,1.2214132762312633,0.9501705967427021,-1.1784253082438012,-1.2168663238404518
EL51,EL,2006,10.468615446147822,9.117400013609481,15.4,-0.5985624657093398,-0.32278644761323233,-1.000898001417931,0.9452054794520545,1.1278162679664296,0.8327586206896551,0.9548454828275371,-1.3758732643746103,-1.214608456312631
EL51,EL,2007,10.49774684390088,9.27653870321146,15.5,-0.546920193517057,-0.07275944963486887,-0.9907620922688324,1.0906011854360709,1.1266475464452212,0.9452054794520545,1.1278162679664296,-1.3187469644078043,-1.1310673577832628
EL51,EL,2008,10.537965524741583,9.444374351408777,17,-0.4756230974835427,0.19093156967340305,-0.8387234550323537,0.9795570698466779,1.1079480021058814,1.0906011854360709,1.1266475464452212,-1.2448816843515702,-1.131631824665218
EL51,EL,2009,10.511902547235058,9.37412129476015,18,-0.5218258712035947,0.08055513703723723,-0.7373643635413678,0.9043927648578812,1.1067792805846728,0.9795570698466779,1.1079480021058814,-1.301295349673358,-1.1406632947765012
EL51,EL,2010,10.513365256427862,8.940853631847599,19.3,-0.5192328742278481,-0.600163130469348,-0.6055975446030862,0.8003557136505114,1.1009356729786288,0.9043927648578812,1.1067792805846728,-1.339481019605316,-1.141227761658456
EL51,EL,2011,10.407285902409152,8.929904895157147,18.4,-0.7072835445270773,-0.6173649798324157,-0.6968207269449737,0.8746355685131195,0.9396521030518235,0.8003557136505114,1.1009356729786288,-1.3923348908503301,-1.144050096068232
EL51,EL,2013,10.287778425412887,8.460324773505482,19.3,-0.9191387293819306,-1.355134710251394,-0.6055975446030862,1.121794871794872,0.9326397739245711,0.8746355685131195,0.9396521030518235,-1.3545985475049076,-1.2219465257780484
EL51,EL,2014,10.255910895722625,8.692458685748534,19.5,-0.9756314406589738,-0.9904229902273916,-0.5853257263048891,0.7727975270479135,0.9653639765184155,1.121794871794872,0.9326397739245711,-1.2290343774226267,-1.2253333270697797
EL51,EL,2015,10.285342795005159,8.611915764724241,20.5,-0.9234564586423638,-1.1169661005324927,-0.4839666348139033,0.7598784194528876,0.9384833815306147,0.7727975270479135,0.9653639765184155,-1.4063352573499202,-1.2095282543750345
EL51,EL,2016,10.279963153329632,8.651025957063064,22.6,-0.9329931421224874,-1.055519044475354,-0.2711125426828329,0.897308075772682,0.9840635208577554,0.7598784194528876,0.9384833815306147,-1.4128985426555267,-1.2225109926600037
EL51,EL,2017,10.284798114603342,8.596431813859773,24.6,-0.9244220330994098,-1.1412933446562827,-0.06839435970086129,0.9732360097323601,1.034318546269731,0.897308075772682,0.9840635208577554,-1.3430802493064125,-1.2004967842637513
EL51,EL,2018,10.273354285499263,8.657019858879119,25,-0.9447089188343323,-1.0461018670372746,-0.0278507231044671,0.6575857209957726,1.175733850335988,0.9732360097323601,1.034318546269731,-1.3045066334759738,-1.1762247083396782
EL51,EL,2019,10.277834980345228,8.463176270616817,25.1,-0.9367658305964329,-1.3506546478336738,-0.017714813955368374,1.026598226784881,1.277412622681148,0.6575857209957726,1.175733850335988,-1.4648662315780137,-1.1079242156231
EL51,EL,2020,10.2137196391336,8.5370860487484,23.8,-1.0504253923730216,-1.2345330435041075,-0.14948163289365002,1.2285012285012284,1.3241614835294973,1.026598226784881,1.277412622681148,-1.2773970632150797,-1.0588155968929982
EL51,EL,2021,10.257249868230971,8.575670642452584,24.4,-0.973257796135626,-1.1739117693425523,-0.08866617799905874,0.6490264603095357,1.3989596608868566,1.2285012285012284,1.3241614835294973,-1.1748244207492022,-1.0362369216147906
EL51,EL,2022,10.276603760653982,8.765365151032823,24.9,-0.9389484578415372,-0.8758777172090192,-0.03798663225356583,1.2658227848101267,1.5637493953772883,0.6490264603095357,1.3989596608868566,-1.4692145868707942,-1.000111041169658
EL51,EL,2023,10.262891897131052,8.82538036735736,27.6,-0.9632559694246469,-0.7815862258804419,0.23568291477209616,0.90049527239982,1.6291978005649774,1.2658227848101267,1.5637493953772883,-1.1558639762832954,-0.9205212108139763
EL52,EL,2000,10.43311555495014,NA,NA,-0.661494394330402,NA,NA,1.5225783680042357,1.2760614455511123,NA,NA,NA,NA
EL52,EL,2001,10.472885181998716,9.36367160057365,17.5,-0.5909933520378933,0.064137346531501993,-0.7880439092868607,1.5623821478983266,1.5211805932840943,1.5225783680042357,1.2760614455511123,-1.0254246147472714,-1.0594681858354622
EL52,EL,2002,10.51182204337861,9.333387209221916,18.8,-0.5219685832733172,0.01655673948858924,-0.6562770903485791,1.6458569807037458,1.607693233660441,1.5623821478983266,1.5211805932840943,-1.005203127948363,-0.9410810093203489
EL52,EL,2003,10.528158661794002,9.312860792975716,19.2,-0.4930080746818392,-0.01569285516452661,-0.6157334537521849,1.5403435764996183,1.6197088781571556,1.6458569807037458,1.607693233660441,-0.9627954663115235,-0.8992972999620735
EL52,EL,2004,10.585646613603434,9.395483397520888,19.2,-0.3910971234708569,0.11411770084325697,-0.6157334537521849,1.3628692884455171,1.7638966121177333,1.5403435764996183,1.6197088781571556,-1.0163993681494587,-0.8934940069956465
EL52,EL,2005,10.569686825874333,9.534678815251237,20.8,-0.4193896108078493,0.3328112976958409,-0.4535589073666075,1.3540144066459856,1.7470747098223327,1.3628692884455171,1.7638966121177333,-1.10656150809146,-0.8238544913985211
EL52,EL,2006,10.589451919291095,9.299099504406326,21.4,-0.38435132178420606,-0.037313579062177964,-0.3927434524720162,1.3903645542362038,2.093125271327719,1.3540144066459856,1.7470747098223327,-1.1110600475741812,-0.831979101551519
EL52,EL,2007,10.629480644813595,9.450467267811675,22.3,-0.31339096634687635,0.2005043115437786,-0.3015202701301287,1.4238326621288513,2.093125271327719,1.3903645542362038,2.093125271327719,-1.0925931072084727,-0.6648442641184178
EL52,EL,2008,10.626743686643099,9.60128876493395,22.7,-0.3182428701249858,0.43746394876587646,-0.26097663353373457,1.5271195365982095,2.054675208938232,1.4238326621288513,2.093125271327719,-1.0755903274791014,-0.6648442641184178
EL52,EL,2009,10.598470563543517,9.277723261006587,23.2,-0.3683636480983445,-0.07089835959957697,-0.21029708778824163,1.4588680264757534,2.066690853434947,1.5271195365982095,2.054675208938232,-1.0231175680039972,-0.6834148016109844
EL52,EL,2010,10.544375493170422,9.046109244628392,24,-0.46425991686474427,-0.4347932575002065,-0.12920981459545292,1.4701764211705404,2.0546752089382316,1.4588680264757534,2.066690853434947,-1.0577913355361026,-0.6776115086445572
EL52,EL,2011,10.506267735958003,8.905602833717285,25.5,-0.531814902975724,-0.6555465903615176,0.022828822641025807,1.662049861495845,1.7158340341308742,1.4701764211705404,2.0546752089382316,-1.0520463395923525,-0.6834148016109847
EL52,EL,2012,10.472283940469625,8.751431793058284,26.6,-0.5920591944311023,-0.8977687838933366,0.13432382328111034,1.626842907981698,1.6485464249492716,1.662049861495845,1.7158340341308742,-0.9545690082704784,-0.8470676632642294
EL52,EL,2013,10.441929105240144,8.889142488191936,27.1,-0.6458702980575417,-0.6814078739229382,0.18500336902660325,1.5534682080924855,1.7614934832183906,1.626842907981698,1.6485464249492716,-0.9724551725395606,-0.8795661038762213
EL52,EL,2014,10.4025143699145,8.631581341305482,27.1,-0.7157422110816962,-1.0860689938111852,0.18500336902660325,1.6335227272727268,1.7999435456078776,1.5534682080924855,1.7614934832183906,-1.0097316706292265,-0.8250151499918064
EL52,EL,2015,10.44581184336149,8.529164098811162,27.3,-0.638987229122311,-1.2469794282638187,0.20527518732480035,1.5161612795734754,1.7470747098223327,1.6335227272727268,1.7999435456078776,-0.9690616285602691,-0.8064446124992397
EL52,EL,2016,10.421223223325812,8.42786110846336,29.1,-0.6825763565469241,-1.4061392317424155,0.3877215520085749,1.9087673891944354,1.783121643312477,1.5161612795734754,1.7470747098223327,-1.028684683749143,-0.831979101551519
EL52,EL,2017,10.428127242687422,8.47598846030106,31.3,-0.6703373541442458,-1.330525078259532,0.6107115532887436,2.36648544931244,1.8191685768026216,1.9087673891944354,1.783121643312477,-0.8292292731324857,-0.8145692226522376
EL52,EL,2018,10.41251218074038,8.49566583643888,31.1,-0.698018733740385,-1.2996094329432661,0.5904397349905465,2.228455664640798,2.107544044723777,2.36648544931244,1.8191685768026216,-0.5966950832910791,-0.7971593437529562
EL52,EL,2019,10.413089026281195,8.391735379302855,31.7,-0.6969961389893818,-1.4628973188824526,0.6512551898851378,2.7855586679116087,2.2493286497850113,2.228455664640798,2.107544044723777,-0.66681825943215,-0.6578803125587053
EL52,EL,2020,10.348173115733092,8.378939018653135,31.4,-0.81207489870262906,-1.48300201904242,0.620847462437842,2.3485204321277595,2.4223539305377044,2.7855586679116087,2.2493286497850113,-0.38379360558651787,-0.5894014555548653
EL52,EL,2021,10.369208775601367,8.405274634366776,32.2,-0.774784231022677,-1.4416254376889956,0.701934735630631,2.6606503812042943,2.496850926417337,2.3485204321277595,2.4223539305377044,-0.6058218385592667,-0.5058340368383148
EL52,EL,2022,10.414546630254387,8.659505543328454,33.3,-0.6944121922192952,-1.0421965425536872,0.8134297362707149,3.0191997654990477,2.785226394338492,2.6606503812042943,2.496850926417337,-0.4472506761824984,-0.46985362044646634
EL52,EL,2023,10.405583659154239,8.803294123898546,33.1,-0.7103011721140841,-0.8162865062612719,0.7931579179725181,2.8165007112375533,2.922204741601041,3.0191997654990477,2.785226394338492,-0.26509708020330397,-0.33057458925221556
EL53,EL,2023,10.424029504944992,9.309980419355146,27.6,-0.6776015606083857,-0.02021828622851534,0.23568291477209616,1.490947816826411,NA,NA,NA,NA,NA
EL54,EL,2005,10.492497187183204,9.317082550623324,19.2,-0.5562264480067431,-0.009059940230617845,-0.6157334537521849,NA,NA,NA,NA,NA,NA
EL54,EL,2006,10.48979626822727,9.25953660772401,19,-0.5610144637783868,-0.0994718908689927,-0.636005272050382,NA,NA,NA,NA,NA,NA
EL54,EL,2007,10.494869144073265,9.333443440024903,19.7,-0.5520215950716649,0.016645085188178383,-0.565053908006692,NA,NA,NA,NA,NA,NA
EL54,EL,2022,10.24059332313095,9.017084957347613,30,-1.0027854502197173,-0.4803940817587496,0.478944734350462,1.5293118096856415,NA,NA,NA,NA,NA
EL54,EL,2023,10.24118561854919,9.006821906823967,30.9,-1.001735466917636,-0.49651863147664266,0.5701679166923491,1.4754098360655739,NA,1.5293118096856415,NA,-1.0220038290220448,NA
EL61,EL,2001,10.396064976015275,9.3134795418938765,14.4,-0.7271752826439467,-0.014720722398465846,-1.1022570929089168,0.9399855386840202,0.8461768083555222,NA,NA,NA,NA
EL61,EL,2002,10.47837410931107,9.202152404972477,15.9,-0.5812629339950982,-0.18962972728974326,-0.950218455672438,0.9302325581395349,0.8935719574574027,0.9399855386840202,0.8461768083555222,-1.3213988473096983,-1.2670930445847646
EL61,EL,2003,10.531278789130246,9.163181873887664,15.4,-0.4874769131996897,-0.25085735786234714,-1.000898001417931,0.7700385019250964,0.9005078329357264,0.9302325581395349,0.8935719574574027,-1.3263536472773165,-1.2442022262436503
EL61,EL,2004,10.505126236945413,9.311704543739092,16.6,-0.5338384791602621,-0.017509468875943783,-0.8792670916287478,1.0134030728996406,0.9398111273128958,0.7700385019250964,0.9005078329357264,-1.4077369229768368,-1.2408523503888533
EL61,EL,2005,10.492497187183204,9.29627045438175,17.6,-0.5562264480067431,-0.04175837426907988,-0.777908000137762,0.7641196013289036,0.9421230858056702,1.0134030728996406,0.9398111273128958,-1.2841005881267817,-1.2218697205450022
EL61,EL,2006,10.545123332183865,9.121607939375567,18.6,-0.4629341958603635,-0.31617526431367465,-0.6765489086467762,1,1.108584097285445,0.7641196013289036,0.9421230858056702,-1.4107438979573141,-1.22075309526007
EL61,EL,2007,10.550906212180974,9.294320198331302,20.7,-0.45268267736483525,-0.04482247305487536,-0.4636948165157062,0.764627659574468,1.1201438897493186,1,1.108584097285445,-1.2909097419917173,-1.1403560747449373
EL61,EL,2008,10.543256542376,9.400429113115894,21.4,-0.46624352101533073,0.12188804522756122,-0.3927434524720162,0.4968532626697582,1.1051161595462833,0.764627659574468,1.1201438897493186,-1.4104857894778409,-1.1347729483202753
EL61,EL,2009,10.50389182348898,9.275402131172015,22.7,-0.5360267681073064,-0.07454514798213498,-0.26097663353373457,0.6946741647370162,1.0947123463287973,0.4968532626697582,1.1051161595462833,-1.5465230313302925,-1.1420310126723356
EL61,EL,2010,10.437033938234459,9.171508164676782,23.9,-0.6545481359380722,-0.23777570251188057,-0.13934572374455165,0.5140507196710076,1.0924003878360227,0.6946741647370162,1.0947123463287973,-1.4460242151287932,-1.1470558264545316
EL61,EL,2012,10.316773641126327,8.66582687689059,24.4,-0.8677378719688905,-1.0322649284520897,-0.08866617799905874,0.6902151847340641,0.8843241234863038,0.5140507196710076,1.0924003878360227,-1.5377862191317808,-1.148172451739464
EL61,EL,2013,10.323788862935919,8.1763033204132,23.8,-0.8553017370037505,-1.8013683160183294,-0.14948163289365002,0.599058622165169,0.9305632933417969,0.6902151847340641,0.8843241234863038,-1.448289507658955,-1.24866872738338
EL61,EL,2015,10.3797217315325,8.577421420423645,26.3,-0.7561475375023975,-1.171161075835361,0.10391609583381453,0.7898200965335673,0.92478339710986035,0.599058622165169,0.9305632933417969,-1.4945997131601771,-1.226336221684732
EL61,EL,2018,10.333978907315698,8.614400130109,28.6,-0.8372374803562369,-1.1130628484660945,0.337042006263082,0.5171042163882259,1.1640711011120368,0.7898200965335673,0.92478339710986035,-1.3976872931351259,-1.229127784897063
EL61,EL,2020,10.291773427270966,8.503487648358849,31.8,-0.9120566464996571,-1.2873203776670625,0.6613910990342365,0.7182761372705507,1.3178163408815509,0.5171042163882259,1.1640711011120368,-1.536234953304213,-1.1135570679065596
EL61,EL,2021,10.350340291296984,8.519248744218691,30.3,-0.8082330689590751,-1.2625577037218287,0.5093524617977578,0.9385999217833398,1.370991386215368,0.7182761372705507,1.3178163408815509,-1.4340337213293357,-1.039301486458555
EL61,EL,2022,10.347951841451449,8.744044725935085,32.8,-0.8124671595470486,-0.9093748001380196,0.762750190525222,1.3452914798206277,1.5362964184487555,0.9385999217833398,1.370991386215368,-1.3221027813064192,-1.0136191049051098
EL61,EL,2023,10.342462572697642,8.864924916917484,33.5,-0.8221981828753396,-0.719456739721837,0.8337015545689124,1.0046367851622875,1.604499193985608,1.3452914798206277,1.5362964184487555,-1.1154915500625417,-0.9337803970324434
EL63,EL,2000,10.387130441708317,NA,NA,-0.7430138516169301,NA,NA,1.2225548902195607,1.2068475894649413,NA,NA,NA,NA
EL63,EL,2001,10.422332902835885,8.896863978744445,12.4,-0.6806091879341732,-0.6692764361965708,-1.3049752758908884,1.382453475123433,1.4109323850817768,1.2225548902195607,1.2068475894649413,-1.177845334878075,-1.0928969614882367
EL63,EL,2002,10.45427655773201,8.998549431116373,11.9,-0.6239815267781296,-0.509515736531308,-1.3556548216363813,1.4849307980856288,1.4874641834380904,1.382453475123433,1.4109323850817768,-1.0966121672643183,-0.9943284777683901
EL63,EL,2003,10.51873943987751,9.021953768022476,12.4,-0.5097058667402357,-0.4727445647254905,-1.3049752758908884,1.5184764787488958,1.4874641834380902,1.4849307980856288,1.4874641834380904,-1.044550683682074,-0.9573652963734476
EL63,EL,2004,10.585646613603434,9.0612609932151,13.9,-0.3910971234708569,-0.41098794514824044,-1.1529366386544095,1.6627078384798095,1.5679206894024198,1.5184764787488958,1.4874641834380902,-1.0275084947116402,-0.9573652963734477
EL63,EL,2005,10.575384846988971,9.235325070236762,15.8,-0.4092885246926586,-0.1375112768254683,-0.9603543648215366,1.700258397932816,1.5522218589703554,1.6627078384798095,1.5679206894024198,-0.9542347366779155,-0.9185065672146618
EL63,EL,2006,10.610900462698579,9.100006040935488,16.3,-0.3463287206661033,-0.35011457744434626,-0.9096748190760436,1.2977983777520277,1.8701231752196568,1.700258397932816,1.5522218589703554,-0.9351579519029269,-0.9260887582700347
EL63,EL,2007,10.603969057156187,9.280912764588805,18.4,-0.35861627153234227,-0.0658872462889304,-0.6968207269449737,1.0264189103779546,1.8897467132597374,1.2977983777520277,1.8701231752196568,-1.1396194378931637,-0.7725493893987352
EL63,EL,2008,10.576982177084036,9.293669422017407,19.4,-0.4064568804217761,-0.04584492490819653,-0.5954616354539878,1.059001512859304,1.8504996371795768,1.0264189103779546,1.8897467132597374,-1.2774881612053997,-0.763071650579519
EL63,EL,2009,10.525112778971865,9.352620533659765,18,-0.49840762025462626,0.04677472345192761,-0.7373643635413678,0.8286252354048964,1.8563866985916009,1.059001512859304,1.8504996371795768,-1.2609352441783286,-0.782027128217951
EL63,EL,2010,10.50546007692075,9.421836398412387,18.2,-0.5332466690788802,0.15552159650874367,-0.7170925452431707,0.9167303284950343,1.8367631605515202,0.8286252354048964,1.8563866985916009,-1.3779731452450437,-0.7791838065721862
EL63,EL,2011,10.415919049553855,9.107215091426657,20.2,-0.691979255371367,-0.3387882478315453,-0.5143743622611991,1.0050251256281406,1.5659583355984117,0.9167303284950343,1.8367631605515202,-1.3332131756748349,-0.7886615453914023
EL63,EL,2012,10.39608347958421,8.71294162146524,20.9,-0.727142480704556,-0.9582417089824539,-0.4434229982175091,1.0396975425330812,1.4913888910461064,1.0050251256281406,1.5659583355984117,-1.2883568308907445,-0.9194543410965834
EL63,EL,2013,10.386114326133749,8.52833927044603,20.6,-0.7448151560900454,-1.2482753378914326,-0.47383072566480455,1.2826837691169217,1.5561465665783718,1.0396975425330812,1.4913888910461064,-1.2707422268859228,-0.9554697486096043
EL63,EL,2014,10.371742711247746,8.538781641580098,21.6,-0.7702922325447004,-1.2318690528267717,-0.37247163417381873,1.2941762070681933,1.5993183502665484,1.2826837691169217,1.5561465665783718,-1.1472981020752766,-0.9241932105061913
EL63,EL,2015,10.407288561365155,8.66807821538013,22.6,-0.7072788309005353,-1.0287277910948536,-0.2711125426828329,0.8733624454148473,1.5698830432064277,1.2941762070681933,1.5993183502665484,-1.141459606763091,-0.9033421851039162
EL63,EL,2016,10.362654869174746,8.55112805969687,22.9,-0.7864025756855522,-1.2124712692629946,-0.24070481523553747,1.071080817916261,1.644452487758733,0.8733624454148473,1.5698830432064277,-1.3552453313529138,-0.9175587933327403
EL63,EL,2017,10.373235415119904,8.478693473954863,22.7,-0.7676460629265482,-1.3262751598704698,-0.26097663353373457,1.014760147601476,1.7327584089390946,1.071080817916261,1.644452487758733,-1.2547986031759124,-0.8815433858197194
EL63,EL,2018,10.337241552950514,8.567397974213362,23.8,-0.8314536715816491,-1.186909176888743,-0.14948163289365002,1.055045871559633,1.9564667425960107,1.014760147601476,1.7327584089390946,-1.28341115440362,-0.8388935611332472
EL63,EL,2019,10.357347043272961,8.456776765767959,21.9,-0.7958119487713472,-1.3607090789082907,-0.34206390672652326,1.539179104477612,2.123266815936694,1.055045871559633,1.9564667425960107,-1.2629448258948228,-0.7308473385941844
EL63,EL,2020,10.288354620522181,8.500088424335134,20.6,-0.9181172876741797,-1.292660988301919,-0.47383072566480455,1.8022181146025877,2.195873906684991,1.539179104477612,2.123266815936694,-1.0169909540662574,-0.650286558630848
EL63,EL,2021,10.298211225862037,8.470343928454163,25,-0.9006441303554814,-1.3393933513124443,-0.0278507231044671,1.6927083333333333,2.2979163044934086,1.8022181146025877,2.195873906684991,-0.8833594274878049,-0.615218924999749
EL63,EL,2022,10.341945817391236,8.628260186260894,26,-0.8231142535155608,-1.0912869482111867,0.07350836838651871,1.4107883817427387,2.6118929131346937,1.6927083333333333,2.2979163044934086,-0.9389936060050141,-0.5659346831398255
EL63,EL,2023,10.331066437966772,8.66755936126258,25.4,-0.8424005190866097,-1.0295429765015207,0.012692913491927083,2.0923805763916303,2.6707635272549353,1.4107883817427387,2.6118929131346937,-1.0822172042312814,-0.4142908620323693
EL64,EL,2000,10.764760750823037,NA,NA,-0.07357507711418873,NA,NA,1.389728096676737,0.9971449209591331,NA,NA,NA,NA
EL64,EL,2001,10.827798010944049,9.753257967498552,10.9,0.03817333169957859,0.6762267763185372,-1.4570139131273672,1.178882624295233,1.178882624295233,1.389728096676737,0.9971449209591331,-1.092916446302676,-1.1941787546965401
EL64,EL,2004,10.796682781504753,9.796352106599953,10.9,-0.016985749977538513,0.7439331163476893,-1.4570139131273672,1.0941526263627352,1.3188045728814342,1.178882624295233,1.178882624295233,-1.2000321259621625,-1.106403426806857
EL64,EL,2005,10.782491399393365,9.867148202573748,12.5,-0.04214332133726151,0.8551627324089256,-1.29483936674179,0.8586094260382638,1.315587976362211,1.0941526263627352,1.3188045728814342,-1.2430774482713103,-1.0388241920599328
EL64,EL,2006,10.751699809350974,9.59229409840967,14,-0.09672867586373535,0.4233321906465488,-1.142800729505311,1.0018148820326676,1.552007820525102,0.8586094260382638,1.315587976362211,-1.3627402975938439,-1.0403777376862988
EL64,EL,2007,10.77241354824059,9.892883076960057,14.3,-0.060008689032855306,0.8955954731978077,-1.1123930020580153,0.8314505196565746,1.5632659083423828,1.0018148820326676,1.552007820525102,-1.2899877287265749,-0.9261921341483926
EL64,EL,2008,10.736946826776713,9.849767034193517,13.9,-0.12288181647876398,0.8278547197418941,-1.1529366386544095,1.04735883424408,1.5246667501117068,0.8314505196565746,1.5632659083423828,-1.376537818038671,-0.9207547244561112
EL64,EL,2009,10.70480621335955,9.651079653891578,14.5,-0.1798586330594883,0.515691729350764,-1.0921211837598181,0.9402914903620123,1.5246667501117068,1.04735883424408,1.5246667501117068,-1.2668500661512196,-0.939397271972504
EL64,EL,2010,10.664135651346298,9.356839460805118,15.4,-0.25195679503254736,0.05340319130899082,-1.000898001417931,0.7554296506137866,1.5182335570732608,0.9402914903620123,1.5246667501117068,-1.321243414890112,-0.939397271972504
EL64,EL,2011,10.598718047273564,9.420905328020545,15.9,-0.36792492482599637,0.15405876722718526,-0.950218455672438,1.0659898477157361,1.2882469059488155,0.7554296506137866,1.5182335570732608,-1.4151586476151723,-0.9425043632252361
EL64,EL,2012,10.580358161999047,9.29974919347929,17.3,-0.4004721510457271,-0.036292835401798285,-0.8083157275850578,1.461133839859731,1.2174817825259092,1.0659898477157361,1.2882469059488155,-1.2573849652495008,-1.0535828755104104
EL64,EL,2013,10.53723928504447,9.110940607248406,17.3,-0.4769105286062482,-0.3329349915356531,-0.8083157275850578,1.2280701754385965,1.283422011169981,1.461133839859731,1.2174817825259092,-1.0566402359281055,-1.087760879290464
EL64,EL,2017,10.537633455724954,8.981441212349292,21.1,-0.4762117681229933,-0.5363949108527061,-0.4231511799193116,0.7991475759190199,1.4313854510542392,1.2280701754385965,1.283422011169981,-1.1750434083387942,-1.0559131939499593
EL64,EL,2018,10.523896811001586,9.013879558657745,23.3,-0.5005632102277034,-0.4854301682928035,-0.20016117863914293,0.9947643979057591,1.6099065578711165,0.7991475759190199,1.4313854510542392,-1.3929486602273495,-0.9844500951371205
EL64,EL,2019,10.540199244812719,8.88416160381217,23.6,-0.47166330190858297,-0.6892334729137611,-0.1697534511918471,0.9283135636926251,1.764303190793821,0.9947643979057591,1.6099065578711165,-1.2935695813063435,-0.8982283128738031
EL64,EL,2020,10.522397462294427,8.786537691296381,23.2,-0.5032211593828612,-0.842612980048536,-0.21029708778824163,1.1128775834658189,1.8286351211782812,0.9283135636926251,1.764303190793821,-1.3273285527003342,-0.8236581228082317
EL64,EL,2021,10.537938905191782,9.037820547453247,25.2,-0.4756702869129052,-0.44781584853093837,-0.007578904806270009,0.9370119729307652,1.917091525456914,1.1128775834658189,1.8286351211782812,-1.2335646212514237,-0.7925872102809102
EL64,EL,2022,10.574681768396886,9.12622767683428,24.7,-0.4105348972949218,-0.3089170727881629,-0.058258450551762916,0.8612440191387559,2.166377755696697,0.9370119729307652,1.917091525456914,-1.3229095058648688,-0.7498647055558431
EL64,EL,2023,10.513865435686483,9.288212538656005,22.7,-0.518346188541236,-0.05441837846987874,-0.26097663353373457,1.070265239646347,2.2371428791196033,0.8612440191387559,2.166377755696697,-1.3614018470812579,-0.6294649195124726
EL65,EL,2000,10.46626776226704,NA,NA,-0.602724289011486,NA,NA,1.1506276150627615,0.9747773290088123,NA,NA,NA,NA
EL65,EL,2001,10.524354517228197,9.261470936924914,12.3,-0.4997518180061874,-0.09643281517713323,-1.3151111850399868,1.3324196741282166,1.1422431262129193,1.1506276150627615,0.9747773290088123,-1.214386498780968,-1.2049818114178585
EL65,EL,2002,10.508527147481757,9.329545956892284,13.3,-0.5278095632425197,0.010521646508639135,-1.2137520935490012,1.0279001468428781,1.2180766947581756,1.3324196741282166,1.1422431262129193,-1.1220308046152443,-1.124099501417973
EL65,EL,2004,10.60269248087642,9.44050754076961,11.9,-0.36087930402644797,0.18485632135836563,-1.3556548216363813,1.2420957542908762,1.2812713352125555,1.0279001468428781,1.2180766947581756,-1.2767356496675204,-1.0874735497199117
EL65,EL,2005,10.552395328764273,9.559228027762918,15.4,-0.4500428670621287,0.37138121380097094,-1.000898001417931,0.8861320336730174,1.2860109332466336,1.2420957542908762,1.2812713352125555,-1.1679180032048326,-1.0569519233048603
EL65,EL,2006,10.602911072665101,9.39273144140274,15,-0.3604917985333806,0.1097940299087426,-1.0414416380143252,0.9291023441966839,1.5214109689391995,0.8861320336730174,1.2860109332466336,-1.348758006252706,-1.0546628013237316
EL65,EL,2007,10.656811538530567,9.522697161340838,15.2,-0.2649405121477778,0.313986604809873,-1.021169819716128,1.0593220338983054,1.5198311029278402,0.9291023441966839,1.5214109689391995,-1.3269278290858308,-0.9409697429276661
EL65,EL,2008,10.636405597554836,9.50969303714967,15.9,-0.30111485459235887,0.29355548186304214,-0.950218455672438,0.8375209380234505,1.5024525768028856,1.0593220338983054,1.5198311029278402,-1.260772410096335,-0.9417327835880424
EL65,EL,2009,10.586200470951702,9.44009273571244,16.9,-0.39011528071214496,0.1842046101783254,-0.8488593641814524,0.7591733445803459,1.500872710791526,0.8375209380234505,1.5024525768028856,-1.3734538675898378,-0.9501262308521814
EL65,EL,2010,10.567017969920183,9.138682248882679,15,-0.42412078734783365,-0.2893493657261341,-1.0414416380143252,0.8358996920369556,1.4866539166892905,0.7591733445803459,1.500872710791526,-1.4132567413558834,-0.9508892715125578
EL65,EL,2013,10.43619843053116,8.71818632438292,17.7,-0.6560292703689787,-0.9500016177194469,-0.7677720909886636,0.7857517024620221,1.270212273133039,0.8358996920369556,1.4866539166892905,-1.3742775080682275,-0.9577566374559443
EL65,EL,2014,10.41755224727904,8.72673980362409,19.1,-0.6890840272679025,-0.9365630205920674,-0.6258693629012833,0.9549071618037136,1.3002297273488694,0.7857517024620221,1.270212273133039,-1.3997541565644134,-1.0622932079274945
EL65,EL,2015,10.465956409453957,8.657054798710996,19.3,-0.6032762352949219,-1.0460469721446746,-0.6055975446030862,0.7776049766718507,1.2686324071216792,0.9549071618037136,1.3002297273488694,-1.3138182254256456,-1.0477954353803451
EL65,EL,2019,10.457278837311566,8.546739166705368,23.8,-0.6186592782351975,-1.2193667749496258,-0.14948163289365002,0.8522727272727274,1.733113014461373,0.7776049766718507,1.2686324071216792,-1.403892932038969,-1.0630562485878707
EL65,EL,2020,10.389253141476555,8.537753723577264,23.8,-0.7392508657093164,-1.2334840419476394,-0.14948163289365002,0.7958801498127341,1.8026271189611907,0.8522727272727274,1.733113014461373,-1.3659595262896334,-0.8387222944372447
EL65,EL,2022,10.466399991864643,8.791058723173451,24.7,-0.6024898808677667,-0.8355098674690898,-0.058258450551762916,1.1100832562442182,2.118600321233091,0.7958801498127341,1.8026271189611907,-1.3946086084546403,-0.8051485053806885
EL65,EL,2023,10.429237850052129,8.981782966301358,26.5,-0.6683685406903525,-0.5358579721931257,0.12418791413201162,1.5815634884771803,2.178635229664752,1.1100832562442182,2.118600321233091,-1.2349842213791948,-0.6525403733054327
ES11,ES,2000,10.754145703544143,NA,NA,-0.0923927516232341,NA,NA,1.2910182721130163,1.4222597820709841,NA,NA,NA,NA
ES11,ES,2001,10.747653617996736,9.337995650232642,18.7,-0.10390150419929624,0.02379718286633745,-0.6664129994976778,1.3461367142261007,1.6718714780213908,1.2910182721130163,1.4222597820709841,-1.1430639302765322,-0.9888575932649939
ES11,ES,2002,10.751504309260223,9.364704344799028,20.3,-0.09707524587681023,0.06575991825806778,-0.5042384531121004,1.5474869910837588,1.5958024783320188,1.3461367142261007,1.6718714780213908,-1.1150621462115071,-0.8683006144160447
ES11,ES,2003,10.7491942787581,9.389849003871408,21.4,-0.10117031968598227,0.10526535618005015,-0.3927434524720162,1.9438377900878623,1.5697875390443117,1.5474869910837588,1.5958024783320188,-1.0127703041737086,-0.9050402741971889
ES11,ES,2004,10.753918521113057,9.41681337201558,23,-0.09279548605578347,0.14762978708200644,-0.23056890608643874,1.9030396287745148,1.7591367806953453,1.9438377900878623,1.5697875390443117,-0.811412481596963,-0.9176049197500477
ES11,ES,2005,10.758729999912193,9.504414274039771,24.2,-0.08426600525645297,0.28526187773253114,-0.10893799629725583,1.8773871949245815,1.9692321131707538,1.9030396287745148,1.7591367806953453,-0.8321391433012716,-0.8261533856627843
ES11,ES,2006,10.765112290308783,9.535681204055274,27.2,-0.07295189047676161,0.3343861772182718,0.19513927817570162,2.045272193758822,2.0397029613678344,1.8773871949245815,1.9692321131707538,-0.8451713315466222,-0.7246819443624812
ES11,ES,2007,10.765678887146514,9.598605860924978,28.3,-0.07194746396879255,0.4332487674237099,0.30663427881578614,1.8898558796908724,2.1174184762019976,2.045272193758822,2.0397029613678344,-0.7598808315816853,-0.6906460690673952
ES11,ES,2008,10.78210085148705,9.610188280531938,28.6,-0.042835659598989634,0.4514462127520385,0.337042006263082,2.1750000000000003,2.1345422337078306,1.8898558796908724,2.1174184762019976,-0.8388368742394976,-0.6531111785550575
ES11,ES,2009,10.808719495912658,9.428379883468093,29.3,0.004352164770771134,0.1658022386887597,0.40799337030677196,2.0706983191821173,1.9689028101417954,2.1750000000000003,2.1345422337078306,-0.6939753038067529,-0.644840778950644
ES11,ES,2010,10.837859908275693,9.508427495698067,29.7,0.056010417485036254,0.2915671562663376,0.44853700690316617,2.0750271837622325,2.0130294160222104,2.0706983191821173,1.9689028101417954,-0.7469636146499617,-0.72484099050872
ES11,ES,2011,10.85108188277749,9.434635229634749,30.1,0.07944948525409416,0.1756301782506357,0.4890806434995607,2.0488790885703785,2.0914035369142905,2.0750271837622325,2.0130294160222104,-0.7447644245681662,-0.7035288069127315
ES11,ES,2012,10.866668331868471,9.27901486082148,31,0.10708014181547051,-0.06886909302012476,0.5803038258414478,2.2948938611589216,2.0699988400319995,2.0488790885703785,2.0914035369142905,-0.758048423302597,-0.6656758241079164
ES11,ES,2013,10.886987034103733,9.197529856032162,31.3,0.1430998330202023,-0.19689233600824957,0.6107115532887436,2.745176049333599,2.005455446356169,2.2948938611589216,2.0699988400319995,-0.6330657083576237,-0.6760138236134332
ES11,ES,2014,10.896673405931448,9.186985828344918,32.1,0.16027121129469857,-0.21345833636828765,0.6917988264815323,2.436823104693141,1.9899782039951284,2.745176049333599,2.005455446356169,-0.40430915940209405,-0.7071868682762221
ES11,ES,2015,10.913268627497622,9.112922175180257,33.4,0.18969015495392177,-0.329821697826058,0.8235656454198136,2.3800157356412273,2.0782314157559574,2.436823104693141,1.9899782039951284,-0.5609614928247589,-0.7146620371494417
ES11,ES,2016,10.922225382326792,9.109667688553847,35.2,0.2055681150424991,-0.3349349077135925,1.0060120101035885,2.730506682049803,2.066705809742417,2.3800157356412273,2.0782314157559574,-0.5898213012756269,-0.6720376699574653
ES11,ES,2017,10.93107382668641,9.120564656289439,35.7,0.22125406928236088,-0.317814393922688,1.0566915558490815,2.719406674907293,2.229381506047827,2.730506682049803,2.066705809742417,-0.41176162792812093,-0.67760428507582
ES11,ES,2018,10.93672041075425,9.227301879215771,36.5,0.23126397110237903,-0.1501167241255718,1.1377788290418698,2.8608582574772434,2.19743911223887,2.719406674907293,2.229381506047827,-0.4174007568876642,-0.5990354888338928
ES11,ES,2019,10.931150736876196,9.22972593331591,36.9,0.22139041073047774,-0.14630822871122118,1.178322465638264,3.062717132931066,2.2995230512159486,2.8608582574772434,2.19743911223887,-0.3455392071244578,-0.6144629650190485
ES11,ES,2020,10.872454586965834,9.262737205445685,37.9,0.1173376434721021,-0.09444334726285813,1.2796815571292497,2.936515335135639,2.353199444936155,3.062717132931066,2.2995230512159486,-0.24298898209324404,-0.56515865968504575
ES11,ES,2021,10.91669209834205,9.208700567586249,40.3,0.19575906433784404,-0.17934173607471968,1.5229433767076157,3.224617652478349,2.539584959326564,2.936515335135639,2.353199444936155,-0.30710319423362337,-0.5392341378481343
ES11,ES,2022,10.949833996641148,9.153681636852168,41.4,0.2545108944916641,-0.2657834311636222,1.6344383773477003,3.580817695585169,2.843202352026135,3.224617652478349,2.539584959326564,-0.1607387730057451,-0.44921401907701936
ES11,ES,2023,10.94356498889373,9.195228831818492,42.2,0.2433975999215902,-0.20050753591883347,1.7155256505404892,3.1382978723404253,2.926186715323632,3.580817695585169,2.843202352026135,0.020221288792918533,-0.30257347224492015
ES12,ES,2000,10.86153903535139,NA,NA,0.0979872541643023,NA,NA,1.9091131598270377,1.7665768153205006,NA,NA,NA,NA
ES12,ES,2001,10.866684314451275,9.65048369765767,21.7,0.10710847471245302,0.5147554067728709,-0.3623357250247204,1.49050800033354,2.0803395465413557,1.9091131598270377,1.7665768153205006,-0.8290536115168999,-0.8225600119888259
ES12,ES,2002,10.872865166264491,9.65255953144209,21.2,0.11806549210049697,0.5180168040529344,-0.41301527077021327,1.7500203965081176,1.9917287623711528,1.49050800033354,2.0803395465413557,-1.0417173014773922,-0.6710194889882667
ES12,ES,2003,10.854813828221285,9.67822777131135,23.1,0.08606523860890745,0.5583448535923085,-0.22043299693734,2.7950743340242123,1.963534421953361,1.7500203965081176,1.9917287623711528,-0.9098773981476004,-0.7138165558176929
ES12,ES,2004,10.862004846908627,9.678174873233905,24.4,0.09881301499572859,0.5582617440258316,-0.08866617799905874,2.445378151260504,2.197950223712716,2.7950743340242123,1.963534421953361,-0.3789593683057666,-0.7274338043543284
ES12,ES,2005,10.862192981793829,9.685648616919819,25.9,0.09914652844512736,0.570003940107265,0.06337245923741999,2.191832146871487,2.460560365889863,2.445378151260504,2.197950223712716,-0.556615278427878,-0.614216109378301
ES12,ES,2006,10.872281124723393,9.651720796332466,29.8,0.11703014074205427,0.5166990451717787,0.4586729160522649,2.4165565102445474,2.5519905841018455,2.191832146871487,2.460560365889863,-0.6854240798610696,-0.4873811658656379
ES12,ES,2007,10.879085548203099,9.704139347804754,28.7,0.1290925859576681,0.5990552157282285,0.34717791541218035,2.2760146919184816,2.643420802313827,2.4165565102445474,2.5519905841018455,-0.5712575168001577,-0.4432223741825479
ES12,ES,2008,10.877982623190332,9.637949734465112,29,0.12713739128421722,0.49506296618758877,0.37758564285947616,2.5674786043449638,2.6687957086898395,2.2760146919184816,2.643420802313827,-0.6426568796631053,-0.39906358249945856
ES12,ES,2009,10.892671207078333,9.719245603414079,30.6,0.1531763700415518,0.6227890528619888,0.5397601892450536,3.262910798122066,2.4484770771393807,2.5674786043449638,2.6687957086898395,-0.4945846696073659,-0.3868080588164865
ES12,ES,2010,10.931914144611794,9.497670312315481,32.1,0.22274373096624558,0.2746662613640513,0.6917988264815323,2.8897523069451188,2.5064768631416956,3.262910798122066,2.4484770771393807,-0.14128473268134747,-0.49321712952419605
ES12,ES,2011,10.929774151353156,9.56223709071045,32.8,0.2189500882688017,0.37610883206514717,0.762750190525222,2.9638854296388546,2.5999209628120914,2.8897523069451188,2.5064768631416956,-0.3308601831363772,-0.4652045039631169
ES12,ES,2012,10.935404760220282,9.507194998420657,35.1,0.228931670278332,0.2896307472443824,0.9958761009544898,2.5594149908592327,2.5890460029366573,2.9638854296388546,2.5999209628120914,-0.2931983840333285,-0.42007305167026754
ES12,ES,2013,10.936402393667084,9.514169711601859,35.9,0.2307002108215846,0.3005889033208073,1.0769633741472782,2.464121310587598,2.527421230309198,2.5594149908592327,2.5890460029366573,-0.4986812215953196,-0.4253254189629699
ES12,ES,2014,10.942177161316273,9.267403686412125,37.7,0.24093734826739524,-0.08711171577789122,1.259409738831053,2.3651342014350254,2.4960046795579443,2.464121310587598,2.527421230309198,-0.5470932041447034,-0.45508883362161634
ES12,ES,2015,10.95605590270283,9.127349676585114,38.7,0.2655406902163993,-0.30715426934837553,1.3607688303220389,2.313214570592927,2.604351502020601,2.3651342014350254,2.4960046795579443,-0.5973815568166563,-0.47026233913386734
ES12,ES,2016,10.9575647487721,9.17934102187521,39.6,0.26821547568553383,-0.22546929370699179,1.451992012663926,2.824565949727909,2.59830985764536,2.313214570592927,2.604351502020601,-0.6237582510017615,-0.4179331983287965
ES12,ES,2017,10.963977227793354,9.225036718577377,40.7,0.2795831069214276,-0.15367557782590732,1.5634870133040104,3.060192210419828,2.7932535828198066,2.824565949727909,2.59830985764536,-0.363976763155764,-0.42085118015807543
ES12,ES,2018,10.962340941079598,9.147185794701414,41.6,0.27668240285728607,-0.2759892203174502,1.6547101956458976,3.447395301327885,2.757406492860043,3.060192210419828,2.7932535828198066,-0.24427171673214304,-0.3266976331333378
ES12,ES,2019,10.954880663918306,9.210789029357501,43.1,0.2634573023296998,-0.1760604986310475,1.8067488328823764,3.7267080745341614,2.889517116531982,3.447395301327885,2.757406492860043,-0.04756119797922162,-0.34401099198706003
ES12,ES,2020,10.893807711436404,9.250610174003988,43.3,0.15519109202313067,-0.11349644662757098,1.827020651180573,3.51890756302521,2.9511418891594414,3.7267080745341614,2.889517116531982,0.09433787721377661,-0.28020445598682464
ES12,ES,2021,10.941548390448295,9.229738835150902,44.2,0.2398227036291269,-0.146287958297536,1.918243833522461,3.7557485947879408,3.1879743486688925,3.51890756302521,2.9511418891594414,-0.011230873077409869,-0.2504410413281781
ES12,ES,2022,10.989352816817057,9.2839456791144,44.6,0.3245673224578782,-0.061122154180557074,1.958787470118855,3.597497393117831,3.581084009351248,3.7557485947879408,3.1879743486688925,0.10909131265402243,-0.13605615362043927
ES12,ES,2023,10.966788093504741,9.284856833858656,43.3,0.284566029244411,-0.05969061489887725,1.827020651180573,3.854991064590248,3.66083371510443,3.597497393117831,3.581084009351248,0.02869506400632668,0.05380719740465175
ES13,ES,2000,10.869341415635576,NA,NA,0.11181881315090693,NA,NA,1.0309514012709735,1.4097452795235577,NA,NA,NA,NA
ES13,ES,2001,10.864187434252688,9.674130953739892,23.4,0.10268216575398888,0.5519082353116213,-0.19002526949004456,1.385222881516988,1.6502162703448142,1.0309514012709735,1.4097452795235577,-1.2751855229885465,-0.9949018237373312
ES13,ES,2002,10.858476428812391,9.612298294639565,23.9,0.0925580618596444,0.45476131164057076,-0.13934572374455165,1.6840894621182556,1.58119218964612,1.385222881516988,1.6502162703448142,-1.0952052276476012,-0.8787596051452025
ES13,ES,2003,10.857142117980876,9.667722007772872,25,0.09019268125778207,0.5418389710469254,-0.0278507231044671,1.7334277230448545,1.5713316066891638,1.6840894621182556,1.58119218964612,-0.9433722451935767,-0.912096723444795
ES13,ES,2004,10.853056241332615,9.708715190531024,27.5,0.0829495013801029,0.6062444430803697,0.22554700562299745,1.8871905026754376,1.7513667664839145,1.7334277230448545,1.5713316066891638,-0.9183069625831575,-0.9168591689161654
ES13,ES,2005,10.84712272887283,9.716619745146346,27.9,0.0724309513228064,0.6186634975904209,0.2660906422193916,1.6272776474833124,1.9581209252588043,1.8871905026754376,1.7513667664839145,-0.8401909638831229,-0.8299061322453386
ES13,ES,2006,10.851746522281687,9.685553012473262,30.6,0.08062771550848773,0.5698537334364311,0.5397601892450536,2.268130348344714,2.028417339242267,1.6272776474833124,1.9581209252588043,-0.9722343121309197,-0.7300484046198312
ES13,ES,2007,10.857409822724058,9.68708495734785,30.6,0.09066725104436645,0.5722606124865189,0.5397601892450536,2.0109734807548425,2.1009403364740744,2.268130348344714,2.028417339242267,-0.6466623572815429,-0.6960967772271587
ES13,ES,2008,10.858751261262444,9.696746907595024,32.3,0.09304526718749102,0.587440757685398,0.712070644779729,1.5524422567209388,2.1317944186297115,2.0109734807548425,2.1009403364740744,-0.7773055830518962,-0.661069758921596
ES13,ES,2009,10.8813716518244,9.823733194008884,33.4,0.13314524372822187,0.7869522658917817,0.8235656454198136,1.9506369426751595,1.962256008434302,1.5524422567209388,2.1317944186297115,-1.010252883995677,-0.646167913414405
ES13,ES,2010,10.922896950961604,9.619561109676852,33.8,0.2067586288149169,0.4661721121516633,0.8641092820162078,2.5503907856849035,1.9975632570866293,1.9506369426751595,1.962256008434302,-0.8079583128056165,-0.7280512500673211
ES13,ES,2011,10.935164999988032,9.52687370949623,35.7,0.22850663872716306,0.3205484899166098,1.0566915558490815,2.9987505206164102,2.0681777543912836,2.5503907856849035,1.9975632570866293,-0.5032657823151528,-0.7109986227343499
ES13,ES,2012,10.944341370186688,9.580029131114241,35.2,0.24477391884716382,0.4040623766192442,1.0060120101035885,2.5213675213675213,2.0570448381495594,2.9987505206164102,2.0681777543912836,-0.2754858959525159,-0.6768933680684075
ES13,ES,2013,10.934615083092988,9.129785472866251,36.1,0.2275317813510163,-0.30332732548335556,1.0972351924454755,1.8893387314439947,2.0115589232190834,2.5213675213675213,2.0570448381495594,-0.5180104512339531,-0.6822703226328576
ES13,ES,2014,10.958064521078594,9.126305388785296,37.2,0.26910143995353447,-0.30879497748960105,1.20873019308556,2.74822695035461,1.9797505910998696,1.8893387314439947,2.0115589232190834,-0.8390996007060579,-0.7042390227104693
ES13,ES,2015,10.96301245249619,9.054681511056248,37.4,0.27787281519691676,-0.42132514332766724,1.229002011383757,3.115401491882404,2.061816087967441,2.74822695035461,1.9797505910998696,-0.40275921226427686,-0.7196017500374704
ES13,ES,2016,10.973068935308065,9.18640548014112,38.1,0.295700302469248,-0.21437013675787592,1.2999533754274473,2.9399233063485304,2.0646788378581706,3.115401491882404,2.061816087967441,-0.2162237836151572,-0.6799659135338075
ES13,ES,2017,10.975831727327902,9.092804218600365,39.1,0.30059800283737115,-0.3614295507102938,1.4013124669184331,3.416280050611556,2.2186311653151654,2.9399233063485304,2.0646788378581706,-0.30537184497292724,-0.6785832680743773
ES13,ES,2018,10.985675333141371,8.992467300338655,40.4,0.3180481154300411,-0.5190715328211241,1.5330792858567144,2.61519302615193,2.200500416007214,3.416280050611556,2.2186311653151654,-0.0633686573029121,-0.6042276678116919
ES13,ES,2019,10.9780605096973,9.152229766451528,40.6,0.30454904517160825,-0.2680645030929786,1.5533511041549117,2.052545155993432,2.311829578424462,2.61519302615193,2.200500416007214,-0.4703443448629729,-0.6129844223880823
ES13,ES,2020,10.919873479065744,9.25407037087611,42,0.20139881189383105,-0.1080600399403301,1.6952538322422919,2.2203245089666956,2.3566793267125536,2.052545155993432,2.311829578424462,-0.7561859536025728,-0.5592148767435784
ES13,ES,2021,10.962601799646128,9.164555204548988,42.5,0.2771448361813119,-0.2486996817916122,1.7459333779877846,2.331288343558282,2.546256986143068,2.2203245089666956,2.3566793267125536,-0.6709491248313966,-0.5375534312125068
ES13,ES,2022,10.987861392230387,9.221039775250325,43.5,0.32192342067493107,-0.1599552810435955,1.8472924694787705,2.4086712163789645,2.8528893077722897,2.331288343558282,2.546256986143068,-0.6145762446094579,-0.4459915763435798
ES13,ES,2023,10.97678103890226,9.302437415141524,45.3,0.3022808814666028,-0.032069299354153764,2.029738834162545,3.927729772191673,2.9072815556961453,2.4086712163789645,2.8528893077722897,-0.5752634771946897,-0.2978948849112886
ES21,ES,2000,10.993437241266335,NA,NA,0.3318079279704065,NA,NA,2.3804186334309714,2.3218501172676627,NA,NA,NA,NA
ES21,ES,2001,10.990820085186055,9.706560109316852,32,0.32716840164855904,0.6028585380705538,0.6816629173324337,3.0770552657083847,2.700961277719448,2.3804186334309714,2.3218501172676627,-0.5896166173898679,-0.5543751760846204
ES21,ES,2002,10.98534314969118,9.695361032499886,33,0.3174592419301177,0.585263372723406,0.7830220088234194,2.335731712303931,2.6230542085672726,3.0770552657083847,2.700961277719448,-0.23570479040469064,-0.3712727938906901
ES21,ES,2003,10.97130102334387,9.690740311927922,33.8,0.29256626160924804,0.5780036366027018,0.8641092820162078,2.505753367574684,2.5945248593002783,2.335731712303931,2.6230542085672726,-0.6123188830555578,-0.4089002009406726
ES21,ES,2004,10.983492962757557,9.669918456395587,35.9,0.31417934928498165,0.5452898694847899,1.0769633741472782,2.9630701709779506,2.8809156346343334,2.505753367574684,2.5945248593002783,-0.5259428989974092,-0.42267925140968055
ES21,ES,2005,10.984713117734481,9.701466857596394,37.2,0.3163423617147046,0.5948563957832235,1.20873019308556,3.020381005743102,3.224913749834433,2.9630701709779506,2.8809156346343334,-0.29361255932756014,-0.2843587832400254
ES21,ES,2006,10.99636764815837,9.632551238728775,40.8,0.33700276522591616,0.4865812469656245,1.5736229224531084,3.6594068101560744,3.3143422869598185,3.020381005743102,3.224913749834433,-0.26449697553824353,-0.1182152323925665
ES21,ES,2007,11.00356045988424,9.629558508619516,41.8,0.3497537201963543,0.48187928965499804,1.6749820139440943,3.5974403666724415,3.438883869336888,3.6594068101560744,3.3143422869598185,0.06014686237065224,-0.07502320880702268
ES21,ES,2008,11.00817511454934,9.619039079474383,42.4,0.3579342838036575,0.46535193671410247,1.735797468838686,3.7147102526002973,3.4937480025426457,3.5974403666724415,3.438883869336888,0.028666092900675438,-0.01487235387500812
ES21,ES,2009,11.024093635828036,9.603941546147498,41.7,0.3861536166259831,0.4416318033886323,1.6648461047949963,3.562421185372005,3.225462391166491,3.7147102526002973,3.4937480025426457,0.08824263202608774,0.011625820103853069
ES21,ES,2010,11.043895423471962,9.344285578269567,43.3,0.4212569548203929,0.03367945491787636,1.827020651180573,3.609319742042855,3.2891047856851703,3.562421185372005,3.225462391166491,0.010875322419591596,-0.11795025065277773
ES21,ES,2011,11.067575693178885,9.45844782993119,43.7,0.4632358170829573,0.21304278345097372,1.867564287776968,3.785818866345953,3.4081599547416634,3.609319742042855,3.2891047856851703,0.034701163762569924,-0.08721236883729863
ES21,ES,2012,11.078984244530616,9.570137028767288,44.5,0.48346016468275427,0.3885206333782428,1.9486515609697563,4,3.3823738121349582,3.785818866345953,3.4081599547416634,0.12436789193789598,-0.02971133130317045
ES21,ES,2013,11.088510171864542,9.643389687119244,46,0.5003471172564891,0.5036098194679507,2.100690198206235,3.4241868987631694,3.328606961593316,4,3.3823738121349582,0.23317818528904255,-0.04216547307323475
ES21,ES,2014,11.107450301608445,9.566182900851977,46.8,0.5339229636296406,0.3823081985846659,2.1817774713990232,3.550364288192436,3.2803265243722484,3.4241868987631694,3.328606961593316,-0.059351746699339944,-0.06813368357251862
ES21,ES,2015,11.115428526511241,9.633296617337837,47,0.5480662486698591,0.48775233098326537,2.202049289697221,3.560830860534124,3.424070553371333,3.550364288192436,3.2803265243722484,0.004750065275642893,-0.09145207667391675
ES21,ES,2016,11.120604376016605,9.54335013698636,47.8,0.5572416624707371,0.34643504027761046,2.283136562890009,3.6494731003882417,3.4185841400507577,3.560830860534124,3.424070553371333,0.010067390790968644,-0.022026860849300733
ES21,ES,2017,11.128538363582926,9.342169953842186,48.6,0.5713065264001438,0.030355541507814346,2.3642238360827985,3.8253178551686013,3.6813833381063366,3.6494731003882417,3.4185841400507577,0.05510024666056398,-0.02467667824718668
ES21,ES,2018,11.135344344894142,9.547718174650344,49.7,0.5833717332394721,0.3532977796084025,2.475718836722883,3.672806067172264,3.6440757275264217,3.8253178551686013,3.6813833381063366,0.14443453593936126,0.10224957511155795
ES21,ES,2019,11.13244497094,9.570243598794551,49.6,0.5782319091844699,0.3886880683625182,2.465582927573784,3.8790339816200037,3.815800464460443,3.672806067172264,3.6440757275264217,0.06695407765495455,0.08423081680593257
ES21,ES,2020,11.06343162235998,9.480378095453792,50.8,0.45588947431464594,0.24749800277695044,2.5872138373629667,4.0885303096380285,3.8876724789599857,3.8790339816200037,3.815800464460443,0.1717239025476509,0.16717010135976773
ES21,ES,2021,11.101527271876321,9.463377103403362,53.4,0.5234229966791288,0.22078729518186693,2.85074747523953,4.711599408409043,4.178452384950501,4.0885303096380285,3.8876724789599857,0.2781541773282915,0.20188270927207597
ES21,ES,2022,11.134736200028595,9.46139342035774,55,0.5822936530544726,0.21767067836116993,3.0129220216251076,5.70157284768212,4.6513812131841314,4.711599408409043,4.178452384950501,0.5946915410944937,0.3423230313600397
ES21,ES,2023,11.120733792292029,9.51720295071469,55,0.5574710833374673,0.3053545053967609,3.0129220216251076,4.954773869346734,4.798965731507621,5.70157284768212,4.6513812131841314,1.0976270634693965,0.5707372910578224
ES22,ES,2000,10.899956051455183,NA,NA,0.16609047458870532,NA,NA,1.3696919233971692,1.5464662380306893,NA,NA,NA,NA
ES22,ES,2001,10.908204319669462,9.90539693341954,29.9,0.18071247507929517,0.9152563235637505,0.46880882520136324,1.740024681201152,1.8110348001377727,1.3696919233971692,1.5464662380306893,-1.1030954095707741,-0.9288685970481974
ES22,ES,2002,10.914829365363524,9.928845540912915,32.4,0.19245693086954768,0.9520970500583881,0.7222065539288278,1.4299439551641315,1.7403432002096897,1.740024681201152,1.8110348001377727,-0.9149555144888943,-0.8010877796285776
ES22,ES,2003,10.920226093407454,9.919450343701978,34.2,0.2020239039669208,0.9373360075995084,0.9046529186126027,2.105304518664047,1.7238951546818684,1.4299439551641315,1.7403432002096897,-1.0724856115007195,-0.8352302731719151
ES22,ES,2004,10.928768063068311,9.948135071059617,33.7,0.21716655953132596,0.9824033402952606,0.8539733728671098,1.9674418604651167,1.9247712851705798,2.105304518664047,1.7238951546818684,-0.7293826510368021,-0.8431743186993252
ES22,ES,2005,10.930330786961045,9.96972811336193,33.5,0.21993685614785158,1.016328739314003,0.8337015545689124,1.7294372294372296,2.151894296820708,1.9674418604651167,1.9247712851705798,-0.79942092203141,-0.7461555499177621
ES22,ES,2006,10.944790840089386,9.91922875281848,37,0.24557071024228053,0.9369878603103794,1.1884583747873627,1.9056274030059417,2.233784566044329,1.7294372294372296,2.151894296820708,-0.9203342502935815,-0.6364601127413955
ES22,ES,2007,10.94690814454186,9.975156055402353,36.5,0.24932413168039616,1.0248567224019747,1.1377788290418698,1.7189299017947852,2.313225126359551,1.9056274030059417,2.233784566044329,-0.8308244781463896,-0.5969089073496083
ES22,ES,2008,10.965470077313448,9.997763643278525,38.1,0.2822295347348932,1.0603761007652672,1.2999533754274473,1.593220338983051,2.343321550091309,1.7189299017947852,2.313225126359551,-0.9256722806961925,-0.5585408576746698
ES22,ES,2009,11.000836773663769,9.778149250319213,35.5,0.34492534407941583,0.71533412811995,1.036419737550884,1.7326732673267329,2.1588934651304195,1.593220338983051,2.343321550091309,-0.9895364230378946,-0.5440049445819617
ES22,ES,2010,11.01457736271535,9.57740717022379,35.9,0.3692837784360233,0.3999429446200502,1.0769633741472782,2.2134951802927523,2.1977388492493164,1.7326732673267329,2.1588934651304195,-0.9186902482003765,-0.6330796678361144
ES22,ES,2011,11.032428305413239,9.501352891983935,38.7,0.40092878392143577,0.2804520595355858,1.3607688303220389,2.0795984223736106,2.2803290353039087,2.2134951802927523,2.1977388492493164,-0.674418623959193,-0.6143181986118053
ES22,ES,2012,11.04738603908045,9.401251463449109,39.9,0.4274448941324793,0.12318006155378795,1.4823997401112214,2.059153874953201,2.2645809066070584,2.0795984223736106,2.2803290353039087,-0.7424421013747258,-0.57442894872949
ES22,ES,2013,11.06209060883058,9.243441697188418,40.2,0.45351221160017374,-0.12475902986711679,1.5128074675585177,2.2515527950310554,2.207537684882912,2.059153874953201,2.2645809066070584,-0.7528285306754476,-0.5820349497663722
ES22,ES,2014,11.076820035660202,9.384930161204494,40.3,0.4796235941029857,0.09753723256276788,1.5229433767076157,2.6285714285714286,2.175691469073726,2.2515527950310554,2.207537684882912,-0.655084240237943,-0.609585575744412
ES22,ES,2015,11.082142548877775,9.3892063921978135,42.7,0.4890590039195326,0.10425573200872806,1.7662051962859822,2.384557153671461,2.271230116501284,2.6285714285714286,2.175691469073726,-0.4635477243250191,-0.6249666000634402
ES22,ES,2016,11.087617877020298,9.524753192047065,42.3,0.4987653142268914,0.31721688895079986,1.7256615596895872,2.1316379955123415,2.2757795759025963,2.384557153671461,2.271230116501284,-0.5875141278114222,-0.5788235271063554
ES22,ES,2017,11.090242078505646,9.642539123860203,44.5,0.5034173301906477,0.5022734770688735,1.9486515609697563,1.8305814788226844,2.4514587004763473,2.1316379955123415,2.2757795759025963,-0.7160044729875312,-0.5766262379179227
ES22,ES,2018,11.084424254466883,9.603361381573848,45.5,0.4931038651408947,0.44072029150521835,2.050010652460742,2.516838000708968,2.418212651005219,1.8305814788226844,2.4514587004763473,-0.8689500071594994,-0.4917770707953709
ES22,ES,2019,11.0821108384661,9.634369523784445,45.4,0.48900278973698996,0.4894380026362606,2.0398747433116435,3.0827848978178043,2.5298493855451123,2.516838000708968,2.418212651005219,-0.5203115804846431,-0.5078341840954554
ES22,ES,2020,11.019385018819605,9.639219218862863,47.1,0.3778064826072219,0.497057486651116,2.2121851988463197,2.9105282069708944,2.582693106283432,3.0827848978178043,2.5298493855451123,-0.2327939693627818,-0.45391608785622456
ES22,ES,2021,11.063143028868005,9.656051668974879,48.4,0.4553778742949068,0.5235033935556783,2.3439520177846007,2.624212736179146,2.795117864483167,2.9105282069708944,2.582693106283432,-0.3203054170004849,-0.42839372882135324
ES22,ES,2022,11.092624714678466,9.76210395761901,48.7,0.5076411146727721,0.6901249450133786,2.374359745231897,2.910321489001692,3.129678109687362,2.624212736179146,2.795117864483167,-0.4657620678096218,-0.32579722594607646
ES22,ES,2023,11.078013728614966,9.657067942097495,48.3,0.4817396963582401,0.5251000870977032,2.333816108635502,2.978580990629183,3.202469460108359,2.910321489001692,3.129678109687362,-0.320410435787556,-0.16421195947364736
ES23,ES,2004,10.875279378117325,9.571160557601093,25.9,0.12234525192152372,0.39012872655973535,0.06337245923741999,1.6924618639349733,NA,NA,NA,NA,NA
ES23,ES,2005,10.901988808958771,9.576067767193306,28.8,0.16969401662232472,0.39783857314613347,0.3573138245612791,1.7094871538538439,NA,1.6924618639349733,NA,-0.9391188196831756,NA
ES23,ES,2006,10.906250424781609,9.622698908443757,29.9,0.1772487356292021,0.4711019906614829,0.46880882520136324,2.069102069102069,NA,1.7094871538538439,NA,-0.9304694734085738,NA
ES23,ES,2007,10.924807797541193,9.731190791031697,28.4,0.2101460549870951,0.6415564525923199,0.31677018796488454,1.9041153460705391,NA,2.069102069102069,NA,-0.7477745564752694,NA
ES23,ES,2008,10.93894332298002,9.785135180312952,31,0.2352046072227565,0.7263099072267795,0.5803038258414478,1.277740416946873,NA,1.9041153460705391,NA,-0.8315926473865923,NA
ES23,ES,2009,10.95439678683929,9.626474191353074,30.6,0.2625995161007656,0.47703343734296727,0.5397601892450536,1.4144271570014144,NA,1.277740416946873,NA,-1.149809469862833,NA
ES23,ES,2010,10.972377008224974,9.6706450616988,35.2,0.29447369854639144,0.5464314582658191,1.0060120101035885,1.7479970866715222,NA,1.4144271570014144,NA,-1.0803685997506693,NA
ES23,ES,2011,10.984125827183734,9.652891487626844,35.6,0.31530125072048637,0.5185383491815383,1.0465556466999828,2.237136465324385,NA,1.7479970866715222,NA,-0.9109052988459683,NA
ES23,ES,2012,10.991265703944585,9.274062204460005,33.1,0.3279583659824732,-0.07665034222592819,0.7931579179725181,1.9002375296912115,NA,2.237136465324385,NA,-0.6624081582584882,NA
ES23,ES,2013,11.00205636388852,9.391051069202897,34.3,0.34708735535273555,0.10715395276808111,0.9147888277617007,1.2057877813504823,NA,1.9002375296912115,NA,-0.8335626917625739,NA
ES23,ES,2014,11.00927024595779,9.190952818613809,35.2,0.3598756624755938,-0.20722569319131456,1.0060120101035885,1.9500780031201248,NA,1.2057877813504823,NA,-1.1863635176123295,NA
ES23,ES,2015,11.023535121924303,9.352414393830975,36.9,0.3851635190246155,0.04645085172290169,1.178322465638264,1.6116653875671527,NA,1.9500780031201248,NA,-0.8082422704815858,NA
ES23,ES,2016,11.011631970042375,9.190497835978826,39.3,0.364062375349898,-0.20794052842491817,1.4215842852166298,1.8853695324283561,NA,1.6116653875671527,NA,-0.9801657977495158,NA
ES23,ES,2017,11.017057680649854,9.294988920527897,37.4,0.3736807268757393,-0.04377182595130585,1.229002011383757,1.414743112434847,NA,1.8853695324283561,NA,-0.8411160701396277,NA
ES23,ES,2018,11.02286636146745,9.391348657730985,37.9,0.38397798340984823,0.10762150196367146,1.2796815571292497,1.5228426395939088,NA,1.414743112434847,NA,-1.0802080851301181,NA
ES23,ES,2019,11.01501250496293,9.466420979173861,38.7,0.37005517068374155,0.22556960879159035,1.3607688303220389,1.2099644128113878,NA,1.5228426395939088,NA,-1.0252903570341567,NA
ES23,ES,2020,10.956914750746094,9.40420405218668,38.3,0.2670632009039393,0.12781895169524907,1.320225193725644,1.0885341074020318,NA,1.2099644128113878,NA,-1.1842416664169075,NA
ES23,ES,2021,10.980076430169392,9.3634929822938,38.5,0.30812273959644315,0.06385671463484154,1.3404970120238415,1.8271257905832747,NA,1.0885341074020318,NA,-1.2459318205770458,NA
ES23,ES,2022,11.025933340179796,9.217754182351479,40,0.3894149264227958,-0.16511736281724984,1.4925356492603201,2.6767330130404945,NA,1.8271257905832747,NA,-0.8707055980682096,NA
ES23,ES,2023,10.993682849704863,9.375355851107575,41.8,0.3322433268463095,0.0824947811184715,1.6749820139440943,2.3890784982935154,NA,2.6767330130404945,NA,-0.4390802278423471,NA
ES24,ES,2000,10.843093189560639,NA,NA,0.06528764265860709,NA,NA,1.5761002062371925,1.6774274062030647,NA,NA,NA,NA
ES24,ES,2001,10.84907379644264,9.775707712001063,23.8,0.07588967868494093,0.7114981627889356,-0.14948163289365002,1.8146180463829937,1.9662279522962565,1.5761002062371925,1.6774274062030647,-0.9982339522483636,-0.8656172228636816
ES24,ES,2002,10.858476428812391,9.775979024851646,25.8,0.0925580618596444,0.7119244295736739,0.05323655008832163,1.6415083510302475,1.8889324665908884,1.8146180463829937,1.9662279522962565,-0.8770598987125977,-0.7261328882280185
ES24,ES,2003,10.864094637295759,9.785737499757044,25.8,0.10251766126474389,0.7272562272122388,0.05323655008832163,2.2602785528867493,1.8612445314128458,1.6415083510302475,1.8889324665908884,-0.9650046976400546,-0.7634649138761785
ES24,ES,2004,10.85977519158136,9.80033430221803,28.8,0.09486042513780953,0.7501896490503315,0.3573138245612791,2.5058045297235734,2.0723650371454183,2.2602785528867493,1.8612445314128458,-0.6506512995031969,-0.7768375797799972
ES24,ES,2005,10.857910320001826,9.787588160269395,29.4,0.09155450049491093,0.7301638488178814,0.41812927945587036,2.3137962573851136,2.32194100840305,2.5058045297235734,2.0723650371454183,-0.5259169071262572,-0.6748710022633809
ES24,ES,2006,10.872281124723393,9.758873138237705,30.5,0.11703014074205427,0.6850489193596659,0.5296242800959549,2.6965490977742124,2.4030820406609243,2.3137962573851136,2.32194100840305,-0.6234627370626181,-0.5543312776581274
ES24,ES,2007,10.894559744785695,9.807847715496468,32.6,0.15652424847689944,0.7619941710762272,0.7424783722270253,2.622409682743444,2.486530400850302,2.6965490977742124,2.4030820406609243,-0.4290130760061365,-0.5151419373011035
ES24,ES,2008,10.89871852166951,9.784862713931826,33.2,0.16389666121320168,0.7258818280997397,0.8032938271216169,2.494403581707707,2.533061514135623,2.622409682743444,2.486530400850302,-0.46667807180082027,-0.47483820811876143
ES24,ES,2009,10.918550655066154,9.748546993310208,31.9,0.1990537944103441,0.6688252403576024,0.6715270081833349,2.3634183935605417,2.338092303923575,2.494403581707707,2.533061514135623,-0.5317089228697697,-0.45236470014151087
ES24,ES,2010,10.94617463583095,9.659103358976093,31.6,0.24802381451658076,0.5282979843096465,0.6411192807360394,2.576861560334103,2.383085198587894,2.3634183935605417,2.338092303923575,-0.5982532375056675,-0.5465305558808999
ES24,ES,2011,10.963435433926287,9.594351923235314,33.3,0.2786226495279193,0.42656529357587253,0.8134297362707149,3.0391264786169243,2.463841676190517,2.576861560334103,2.383085198587894,-0.4898178529589479,-0.5247999737871946
ES24,ES,2012,10.956719954419329,9.519774320289446,35,0.2667178784784886,0.3093944520437843,0.9857401918053911,3.0797433547204403,2.4449984980832387,3.0391264786169243,2.463841676190517,-0.25497372590552303,-0.48579636490105743
ES24,ES,2013,10.981785399514902,9.457726434709057,35.1,0.3111522907651579,0.21190938036592313,0.9958761009544898,2.973183054799845,2.3892380730719034,3.0797433547204403,2.4449984980832387,-0.234339162401114,-0.4948972069744892
ES24,ES,2014,10.990797848322348,9.347142897544247,34.8,0.3271289815638111,0.038168664690187516,0.9654683735071936,3.0256311428020815,2.356935482030854,2.973183054799845,2.3892380730719034,-0.2884749179465795,-0.5218282702530127
ES24,ES,2015,10.98698620339419,9.48444611240875,35.7,0.32037194207848113,0.2538893716484475,1.0566915558490815,3.0885888662844456,2.4557660284302547,3.0256311428020815,2.356935482030854,-0.26182975203552356,-0.5374297138074677
ES24,ES,2016,10.99504784202684,9.46691190251914,35.6,0.33466309762523033,0.22634091142430957,1.0465556466999828,2.9634983736899168,2.4596115749827607,3.0885888662844456,2.4557660284302547,-0.22984538327267304,-0.48969672578967105
ES24,ES,2017,10.9941808659961,9.517131496857054,36.3,0.33312617816316953,0.30524224235398106,1.1175070107436724,2.4045261669024045,2.661118214334069,2.9634983736899168,2.4596115749827607,-0.29339501979964794,-0.4878394110808073
ES24,ES,2018,10.995511478018084,9.486998017553535,36.6,0.3354850017528971,0.2578987372155026,1.1479147381909685,2.6857342169515177,2.6253546313957647,2.4045261669024045,2.661118214334069,-0.5773692838164252,-0.39051612033635
ES24,ES,2019,10.992683028564842,9.643859042023227,38.4,0.33047090810093355,0.5043472353529418,1.3303611028747426,2.844974446337308,2.7499503396969542,2.6857342169515177,2.6253546313957647,-0.43450735243841954,-0.407789147128782
ES24,ES,2020,10.955260490650067,9.624274685505528,39.3,0.26413063478129656,0.47357773561843214,1.4215842852166298,2.4060414471373375,2.8164782950553064,2.844974446337308,2.7499503396969542,-0.35360864872365216,-0.347612150561599
ES24,ES,2021,10.99259615551432,9.41328600765102,39.7,0.33031690513275236,0.1420878517735495,1.4621279218130248,2.4842606772162665,3.0441346509636547,2.4060414471373375,2.8164782950553064,-0.576599477045589,-0.31548060609825695
ES24,ES,2022,11.037362036003417,9.401717593379912,40.5,0.4096749848494235,0.12391241059824787,1.543215195005813,3.1854569713142094,3.3986940431046966,2.4842606772162665,3.0441346509636547,-0.5368618156307584,-0.20552757533352653
ES24,ES,2023,11.015783196705529,9.469299364256539,42.5,0.37142140353961056,0.23009191561118011,1.7459333779877846,3.0129359751105285,3.4825269579493248,3.1854569713142094,3.3986940431046966,-0.18063354680119717,-0.03428315917629451
ES30,ES,2000,10.99114628951978,NA,NA,0.32774667575457006,NA,NA,8.317437328960017,7.44029378932042,NA,NA,NA,NA
ES30,ES,2001,10.993020306095657,9.759376974042917,31.4,0.33106881206003314,0.6858405090991956,0.620847462437842,9.886019594409737,8.246501260826104,8.317437328960017,7.44029378932042,2.42656288857546,1.9177209457004822
ES30,ES,2002,10.99170584347901,9.702812256875932,33.8,0.32873861709957,0.5969701881223868,0.8641092820162078,8.593317393686474,8.019920076023853,9.886019594409737,8.246501260826104,3.2234486531483344,2.3071014862240573
ES30,ES,2003,10.991835625785576,9.635110126460402,34.8,0.32896868684281455,0.4906015830592711,0.9654683735071936,6.718598493865725,8.931514145111977,8.593317393686474,8.019920076023853,2.566718047251136,2.197667739540961
ES30,ES,2004,10.983492962757557,9.66198932395339,33.8,0.31417934928498165,0.5328322001018528,0.8641092820162078,7.891150738167983,9.474255122661553,6.718598493865725,8.931514145111977,1.6143058998305122,2.6379476971264406
ES30,ES,2005,10.973306149941104,9.662284512086023,35.5,0.29612082134552103,0.5332959779727499,1.036419737550884,7.459297218219155,11.173614008678436,7.891150738167983,9.474255122661553,2.209996806379523,2.9000796949952514
ES30,ES,2006,10.97458820289433,9.686952221330792,37.1,0.2983935625348259,0.5720520674246514,1.1985942839364614,7.523924423862784,11.574083079491716,7.459297218219155,11.173614008678436,1.990602561010286,3.7208327951184734
ES30,ES,2007,10.984446063860924,9.666587576261605,37.3,0.31586894574801627,0.5400566357400093,1.218866102234658,8.274179336406936,11.423907177936735,7.523924423862784,11.574083079491716,2.023435075642068,3.914250579953712
ES30,ES,2008,10.9827715469492,9.61963652114598,39,0.31290046964265206,0.46629059310237586,1.3911765577693342,8.355967406934015,10.875896870508035,8.274179336406936,11.423907177936735,2.404586560505943,3.8417189106404974
ES30,ES,2009,11.010870302653347,9.618971277123913,39.3,0.362712140288827,0.4652454106506648,1.4215842852166298,7.324755394719206,10.622969036310174,8.355967406934015,10.875896870508035,2.4461372974679123,3.57704194191859
ES30,ES,2010,11.017877695744007,9.421340566647563,38.9,0.37513439700351636,0.1547425821284499,1.3810406486202356,7.183712379136593,11.149902024222389,7.324755394719206,10.622969036310174,1.9222513713734157,3.4548833409700177
ES30,ES,2011,11.038911310291317,9.47053592901359,41.6,0.41242143886973665,0.2320347151578174,1.6547101956458976,7.905768231422138,11.307981920596049,7.183712379136593,11.149902024222389,1.8505973856145048,3.7093804262795453
ES30,ES,2012,11.061728914439856,9.400691126302618,43.1,0.45287102299897636,0.12229970106481346,1.8067488328823764,8.980461811722913,10.5333904283651,7.905768231422138,11.307981920596049,2.2174229213781107,3.785729551872402
ES30,ES,2013,11.054185429323466,9.570086528434581,44.5,0.4394984167491386,0.38844129097184776,1.9486515609697563,8.808480877535246,10.467523804876073,8.980461811722913,10.5333904283651,2.7633987584656268,3.4116188364673996
ES30,ES,2014,11.054806568123023,9.483534513599817,46,0.44059953174636063,0.25245713468502967,2.100690198206235,8.200648680524843,10.699374319557446,8.808480877535246,10.467523804876073,2.6760274032929967,3.3798067008037087
ES30,ES,2015,11.065074640365626,9.527135463658276,47.2,0.45880211118101494,0.3209597387933481,2.2223211079954184,8.700448366664295,10.823203571716814,8.200648680524843,10.699374319557446,2.3672308322009648,3.4917854183398997
ES30,ES,2016,11.084564439533407,9.58692224965445,46.9,0.4933523762293117,0.41489233720034435,2.1919133805481223,8.536843591191417,10.91014751472233,8.700448366664295,10.823203571716814,2.6211437214355824,3.5515922333876375
ES30,ES,2017,11.088739448621112,9.636656447666217,46.6,0.5007535643748371,0.49303104914301993,2.1615056531008268,8.747289063306827,11.895512202118164,8.536843591191417,10.91014751472233,2.5380277003876848,3.5935842524637103
ES30,ES,2018,11.091859232954402,9.670711860512677,47,0.5062841178033647,0.5465364076464135,2.202049289697221,7.911551199277422,12.161613361013831,8.747289063306827,11.895512202118164,2.64494016818835,4.069493801992523
ES30,ES,2019,11.09384117825159,9.743356584333888,47.2,0.509797583218765,0.6606704517397303,2.2223211079954184,8.042375892251542,12.720162328200773,7.911551199277422,12.161613361013831,2.220360838542142,4.198014830073834
ES30,ES,2020,11.019385018819605,9.799751118420456,49.1,0.3778064826072219,0.749273393584476,2.4149033818282915,8.120276043378245,13.146978048409666,8.042375892251542,12.720162328200773,2.2868236169261644,4.4677817405019304
ES30,ES,2021,11.044122704188975,9.747620049732664,50.2,0.4216598634879253,0.6673688948229716,2.5263983824683756,8.221791244078466,14.42742520903634,8.120276043378245,13.146978048409666,2.3263991768813495,4.673924379602647
ES30,ES,2022,11.058445037566422,9.777710116319035,49.7,0.44704957684725416,0.7146441930950395,2.475718836722883,8.781200460041653,16.345461285036787,8.221791244078466,14.42742520903634,2.377971874155579,5.292352296904796
ES30,ES,2023,11.062489484111474,9.878758899233619,49.8,0.4542193120970774,0.8734046045618601,2.485854745871981,8.164983164983166,17.188554065696326,8.781200460041653,16.345461285036787,2.662168151641942,6.2187216874314695
ES41,ES,2000,10.83508246581456,NA,NA,0.05108674575489534,NA,NA,1.703972575115951,1.5025572749111562,NA,NA,NA,NA
ES41,ES,2001,10.838869626268398,9.663669831340105,23.4,0.05780038073564104,0.5354724896381784,-0.19002526949004456,1.5012345679012344,1.777120249533195,1.703972575115951,1.5025572749111562,-0.9332710410347278,-0.9500756639603687
ES41,ES,2002,10.84632561102988,9.657386560631851,23.7,0.07101787197234408,0.5256006770915292,-0.15961754204274872,1.815635713940799,1.691209740232557,1.5012345679012344,1.777120249533195,-1.0362678907670309,-0.8174677643257691
ES41,ES,2003,10.847796255562638,9.671162776394382,24.8,0.07362493620944766,0.5472448534965431,-0.04812254140266419,1.831097828536189,1.679638120612471,1.815635713940799,1.691209740232557,-0.8765428937663189,-0.8589606575703118
ES41,ES,2004,10.8508065215986,9.727330829164345,26.8,0.07896134262969812,0.6354919645635517,0.15459564157930744,1.5545254483307582,1.8893298943340278,1.831097828536189,1.679638120612471,-0.8686876863712971,-0.8645494962522298
ES41,ES,2005,10.838408076770387,9.768884840471568,27.7,0.056982175409259074,0.7007785691415429,0.24581882392119453,1.7330647083035464,2.103930840015621,1.5545254483307582,1.8893298943340278,-1.0091945616014308,-0.7632729649859585
ES41,ES,2006,10.839220262462506,9.795305840125879,28.6,0.05842196607562694,0.7422892994590855,0.337042006263082,1.8469098148854153,2.182126936236202,1.7330647083035464,2.103930840015621,-0.918491384711375,-0.6596254112485703
ES41,ES,2007,10.849409780056982,9.903965626134948,28.9,0.07648528887196539,0.9130075588890739,0.3674497337103774,2.523477796272322,2.2291147249965504,1.8469098148854153,2.182126936236202,-0.8606547338709024,-0.6218584104586395
ES41,ES,2008,10.854860205769478,9.91475456261151,29.6,0.08614745374968759,0.9299583419158842,0.4384010977540678,2.3093397895520997,2.27750513431691,2.523477796272322,2.2291147249965504,-0.5169383697320696,-0.5991643382350941
ES41,ES,2009,10.875673630709763,9.7285369259553,30.2,0.12304415761303114,0.6373868950840189,0.49921655264865905,2.137674053736027,2.103930840015621,2.3093397895520997,2.27750513431691,-0.6257267533368219,-0.5757928310198004
ES41,ES,2010,10.89348306575531,9.605747811026374,30.9,0.15461558099646464,0.4444696738420635,0.5701679166923491,2.27430727976959,2.143554870835916,2.137674053736027,2.103930840015621,-0.7129379784985037,-0.6596254112485703
ES41,ES,2011,10.913425013351626,9.54514306616581,31.5,0.18996738575856525,0.34925195866148584,0.6309833715869407,2.323476161738081,2.2242055530365143,2.27430727976959,2.143554870835916,-0.6435242950774447,-0.6404878727316995
ES41,ES,2012,10.922757798519514,9.36844430924207,33.3,0.20651194829681938,0.07163587516445201,0.8134297362707149,2.5342967850036655,2.2035168997763606,2.323476161738081,2.2242055530365143,-0.6185450619420881,-0.6015353607062106
ES41,ES,2013,10.9328245723192,9.268240020993316,34,0.22435767877183457,-0.08579772843035413,0.8843811003144052,2.2928267278087127,2.1586330418560276,2.5342967850036655,2.2035168997763606,-0.5114420063617939,-0.6115275268344883
ES41,ES,2014,10.935034273803893,9.248642025279642,33.7,0.2282748957383373,-0.11658865706586248,0.8539733728671098,1.9571599434598237,2.1411002848558973,2.2928267278087127,2.1586330418560276,-0.6341158726853346,-0.6332054465704124
ES41,ES,2015,10.938449814127782,9.249301514745019,34.5,0.2343297464044538,-0.11555251575013938,0.9350606460598981,2.045381911153723,2.230517345556561,1.9571599434598237,2.1411002848558973,-0.8046444372237667,-0.6416733839672579
ES41,ES,2016,10.950596079456007,9.385784886220298,34.7,0.2558618659929843,0.09888011360780494,0.9553324643580956,1.7733070621175986,2.240335689476634,2.045381911153723,2.230517345556561,-0.7598250919293582,-0.5984869032433463
ES41,ES,2017,10.939838124679996,9.382994188027803,34.3,0.2367908542452993,0.09449557397713237,0.9147888277617007,1.863673805601318,2.4107540875178994,1.7733070621175986,2.240335689476634,-0.8980470895069225,-0.5937448583011128
ES41,ES,2018,10.95557272573346,9.391263779113462,35.3,0.26468414509690835,0.10748814692609454,1.0161479192526865,2.077181549740352,2.376389883797644,1.863673805601318,2.4107540875178994,-0.852138135249851,-0.5114365068037752
ES41,ES,2019,10.944779567931803,9.415175684905714,36.2,0.24555072768480074,0.14505677361349112,1.1073711015945744,2.3734976265023735,2.4836903566384407,2.077181549740352,2.376389883797644,-0.7436699435087675,-0.5280336641015924
ES41,ES,2020,10.893807711436404,9.371501162554141,38.4,0.15519109202313067,0.0764385781324659,1.3303611028747426,2.551602530857795,2.5299768351187844,2.3734976265023735,2.4836903566384407,-0.5931326917580354,-0.47620988723289825
ES41,ES,2021,10.934980222336199,9.243729547888735,39,0.22817907676560087,-0.12430678002990657,1.3911765577693342,2.481796738796021,2.7421231948203597,2.551602530857795,2.5299768351187844,-0.5026501802521713,-0.4538545325052263
ES41,ES,2022,10.957556042735058,9.225308268618003,39.3,0.26820004218184734,-0.1532489383856276,1.4215842852166298,2.3290386521308224,3.0836613011828953,2.481796738796021,2.7421231948203597,-0.5381135685640449,-0.35139249000339645
ES41,ES,2023,10.939149970684614,9.26679445718295,39.8,0.2355709390101645,-0.08806889190917827,1.4722638309621228,2.95020295020295,3.135558261903281,2.3290386521308224,3.0836613011828953,-0.6157191537910239,-0.18643706951284747
ES42,ES,2000,10.759942821228469,NA,NA,-0.0821159934696289,NA,NA,1.4879884428082113,1.2498051859881858,NA,NA,NA,NA
ES42,ES,2001,10.772620240727198,9.481268214623043,15.5,-0.05964227785876617,0.24889649251120258,-0.9907620922688324,1.513920584208124,1.4686862597006654,1.4879884428082113,1.2498051859881858,-1.0429973105462065,-1.072149383792665
ES42,ES,2002,10.772781707707509,9.485690073409463,17.1,-0.05935603955952777,0.2558437916288347,-0.8285875458832549,1.3015343995498516,1.4115244044922883,1.513920584208124,1.4686862597006654,-1.0298230226674918,-0.966434622016304
ES42,ES,2003,10.78980899791229,9.540554873104615,18.6,-0.029171152349299175,0.3420433273719794,-0.6765489086467762,1.4633540372670806,1.3985983568321025,1.3015343995498516,1.4115244044922883,-1.1377214293204567,-0.9940425453673483
ES42,ES,2004,10.778429552127406,9.555431743429446,18.8,-0.049343903468275614,0.3654167712273628,-0.6562770903485791,1.1942215088282504,1.5677859584287561,1.4633540372670806,1.3985983568321025,-1.0555123105731985,-1.000285543110047
ES42,ES,2005,10.782150274120292,9.624911982197705,18.8,-0.04274804632687615,0.4745790092820853,-0.6562770903485791,1.6378784799837431,1.7398460150610073,1.1942215088282504,1.5677859584287561,-1.1922395230505873,-0.9185716393222825
ES42,ES,2006,10.78969453371412,9.780530794783541,20.8,-0.029374067133143594,0.7190758355228266,-0.4535589073666075,1.5757704119453564,1.8087849359153314,1.6378784799837431,1.7398460150610073,-0.966848778519909,-0.835470402702807
ES42,ES,2007,10.797905091524262,9.922346918882562,22,-0.014818917226637803,0.9418868933623067,-0.3319279975774245,1.8439575691484087,1.8624998450809924,1.5757704119453564,1.8087849359153314,-0.9984014974145882,-0.8021744147417486
ES42,ES,2008,10.80898975170338,9.98829920233714,22.6,0.004831256890700771,1.045506267652802,-0.2711125426828329,1.801278326554329,1.8923733774511995,1.8439575691484087,1.8624998450809924,-0.8621545612329484,-0.776231290788757
ES42,ES,2009,10.84668609383651,9.80574477673397,21.9,0.07165691275502376,0.7586901884492827,-0.34206390672652326,1.7755152719145766,1.7450164341250813,1.801278326554329,1.8923733774511995,-0.8838368673606563,-0.761803029338965
ES42,ES,2010,10.867016492567148,9.67694912978753,23.7,0.10769733875604005,0.5563359461261808,-0.15961754204274872,2.028397565922921,1.7757517030059677,1.7755152719145766,1.7450164341250813,-0.89692525420943,-0.8329732036057278
ES42,ES,2011,10.894940198677523,9.595732031776343,24,0.15719869271760822,0.4287336185524133,-0.12920981459545292,2.0753756047873697,1.8415309233211352,2.028397565922921,1.7757517030059677,-0.7684536371023696,-0.8181287423064224
ES42,ES,2012,10.913625314956242,9.446851458377894,25.3,0.19032246758724491,0.19482341785129517,0.0025570043428287167,1.89716799560077,1.8349242767392626,2.0753756047873697,1.8415309233211352,-0.744587416475492,-0.7863588204602457
ES42,ES,2013,10.925630296685172,9.2737021635972,25.3,0.2116041286789701,-0.07721601193391618,0.0025570043428287167,2.3886469017844596,1.7797731400558034,1.89716799560077,1.8349242767392626,-0.8351221050457801,-0.7895496859731805
ES42,ES,2014,10.909624558278525,9.127372666781742,26.2,0.18323018293007998,-0.30711814884329747,0.09378018668471581,2.3598820058997054,1.757367990778148,2.3886469017844596,1.7797731400558034,-0.5854364159032086,-0.8161864763420272
ES42,ES,2015,10.929529148369403,9.13677857421535,27.2,0.2185157627042626,-0.29234027927072903,0.19513927817570162,2.1545217510635375,1.8372222407677399,2.3598820058997054,1.757367990778148,-0.6000498260856892,-0.8270076724293712
ES42,ES,2016,10.931177993598904,9.22120470332893,27.5,0.22143872969907302,-0.1596961581836622,0.22554700562299745,2.727151789277637,1.825445175121793,2.1545217510635375,1.8372222407677399,-0.7043788544653905,-0.788439819707812
ES42,ES,2017,10.939838124679996,9.301199459847966,27.4,0.2367908542452993,-0.03401428360942075,0.21541109647389872,2.2634271099744243,1.9759618189870676,2.727151789277637,1.825445175121793,-0.4134660117852474,-0.794127884317826
ES42,ES,2018,10.94875838931373,9.22980814585177,27.6,0.2526041268574628,-0.1461790624249544,0.23568291477209616,2.3108460678345137,1.951833196688054,2.2634271099744243,1.9759618189870676,-0.6490517402213036,-0.7214316439361815
ES42,ES,2019,10.939690498424332,9.247437450176461,28.4,0.23652915189437296,-0.1184811968224798,0.31677018796488454,2.4363636363636365,2.044326248834272,2.3108460678345137,1.951833196688054,-0.6249615198217046,-0.733085239722552
ES42,ES,2020,10.879623076444446,9.210078010134119,30,0.1300454815236824,-0.17717759971043892,0.478944734350462,2.3174245271201306,2.0899982839002624,2.4363636363636365,2.044326248834272,-0.5611949162027473,-0.68841312254146525
ES42,ES,2021,10.91669209834205,9.145556496405487,30.8,0.19575906433784404,-0.2785490538988437,0.5600320075432507,2.134937485255957,2.263781813553871,2.3174245271201306,2.0899982839002624,-0.6216194696959323,-0.6663545305172637
ES42,ES,2022,10.968267698329985,9.135482989551772,31.3,0.2871889777129321,-0.2943758065511885,0.6107115532887436,2.479338842975207,2.5314946228714965,2.134937485255957,2.263781813553871,-0.7143282354927207,-0.582420894198762
ES42,ES,2023,10.931748012388946,9.130260523691554,31.4,0.22244922242446716,-0.30258096058595263,0.620847462437842,3.5103409726103965,2.563953364773741,2.479338842975207,2.5314946228714965,-0.5393622516797172,-0.453121474283318
ES43,ES,2000,10.697329228500482,NA,NA,-0.19311335192134013,NA,NA,0.846306318344803,0.8186226566354274,NA,NA,NA,NA
ES43,ES,2001,10.713364544518106,9.573231886047964,16.2,-0.16468697288209624,0.3933830453849909,-0.9198107282251423,0.7443561850682148,0.9611771908185442,0.846306318344803,0.8186226566354274,-1.3689906368950568,-1.2804010960102883
ES43,ES,2002,10.718714486437232,9.524918011777661,16.3,-0.1552029392238951,0.3174758415823165,-0.9096748190760436,0.9137077410169778,0.9209504887148559,0.7443561850682148,0.9611771908185442,-1.420784292665561,-1.2115503801137448
ES43,ES,2003,10.720282935263679,9.599231875043543,18.5,-0.15242249381232748,0.4342323147379943,-0.6866848177958749,1.1374138053600624,0.9133500519118548,0.9137077410169778,0.9209504887148559,-1.334748738702987,-1.2309789956528217
ES43,ES,2004,10.71856130278482,9.639638228321338,19.5,-0.1554744933710838,0.4977158034770824,-0.5853257263048891,1.3209368490575621,1.0175316490651858,1.1374138053600624,0.9133500519118548,-1.2210995013947243,-1.2346498400634305
ES43,ES,2005,10.724991860280342,9.70149199834204,18.9,-0.1440748137763411,0.5948958950726568,-0.6461411811994807,1.3471512562185464,1.1363579903023484,1.3209368490575621,1.0175316490651858,-1.1278644163023313,-1.1843324118009373
ES43,ES,2006,10.728241754500456,9.70658802523992,20.5,-0.13831360989131264,0.6029023975145269,-0.4839666348139033,1.2992195402618854,1.1810337285834032,1.3471512562185464,1.1363579903023484,-1.1145467291440383,-1.1269418930887338
ES43,ES,2007,10.741368297645897,9.761395650078828,21.6,-0.11504371670572078,0.6890121043310788,-0.37247163417381873,1.3939150247956038,1.2208896776723108,1.2992195402618854,1.1810337285834032,-1.138897445685171,-1.1053644905775935
ES43,ES,2008,10.750149251680448,9.731100952321867,22,-0.09947740498239784,0.6414153046227273,-0.3319279975774245,1.4623446258834998,1.238871198889167,1.3939150247956038,1.2208896776723108,-1.0907893641032236,-1.086114940619522
ES43,ES,2009,10.7881426382239,9.477853931549564,22.1,-0.03212516785269596,0.24353222220556342,-0.32179208842832585,0.9776177000257267,1.1456268156718619,1.4623446258834998,1.238871198889167,-1.05602512114099,-1.0774302599407644
ES43,ES,2010,10.811884421872431,9.564501447532367,22.5,0.009962742377396916,0.3796664228681854,-0.28124845183193165,1.6393442622950818,1.1639790899034985,0.9776177000257267,1.1456268156718619,-1.3022806063835728,-1.122465253563601
ES43,ES,2011,10.821406114631374,9.469953738063932,23.3,0.02684218816839146,0.231120019581543,-0.20016117863914293,1.4997321906802357,1.2082840751697728,1.6393442622950818,1.1639790899034985,-0.9661041181449981,-1.113601507303838
ES43,ES,2012,10.82744761871519,9.343531034617772,24.3,0.03755217884552904,0.032493971459556875,-0.0988020871481571,1.2374779021803184,1.2019812739185036,1.4997321906802357,1.2082840751697728,-1.0370311424286127,-1.0922031703737027
ES43,ES,2013,10.836976613529071,9.124203992314603,23.7,0.05444456925084821,-0.3120965369811593,-0.15961754204274872,1.2374779021803184,1.1723210327360605,1.2374779021803184,1.2019812739185036,-1.1702640074220556,-1.0952472852507928
ES43,ES,2014,10.831265481522323,9.167693664186173,24.5,0.04432024098762185,-0.24376876497104355,-0.07853026884996,1.4701724625388748,1.1556371470709363,1.2374779021803184,1.1723210327360605,-1.1702640074220556,-1.1095725317312184
ES43,ES,2015,10.85321306049652,9.200374442217294,26.8,0.083227500328729,-0.19242313152919965,0.15459564157930744,1.1494252873563218,1.207171816125431,1.4701724625388748,1.1556371470709363,-1.0520483506932623,-1.1176304828764574
ES43,ES,2016,10.857207129829575,9.326932779170544,26.5,0.09030793009049182,0.00641601397776521,0.12418791413201162,1.2383048981838194,1.207727945647602,1.1494252873563218,1.207171816125431,-1.2149973164949746,-1.0927403671167186
ES43,ES,2017,10.867473832131102,9.399464798519588,25.1,0.10850808098153344,0.12037298509841127,-0.017714813955368374,1.425438596491228,1.2983770577614433,1.2383048981838194,1.207727945647602,-1.1698438692137738,-1.0924717687452106
ES43,ES,2018,10.868715681640193,9.328123311734606,26.5,0.1107095520854593,0.008286491130318636,0.12418791413201162,1.4266842800528403,1.2841030666923927,1.425438596491228,1.2983770577614433,-1.0747744657545335,-1.0486902341894115
ES43,ES,2019,10.852679121434702,9.344556886878605,26.5,0.08228096742981995,0.03410571503861276,0.12418791413201162,1.486417221937468,1.3458334436533521,1.4266842800528403,1.2841030666923927,-1.0741416219953783,-1.0555842590581157
ES43,ES,2020,10.795853193378989,9.333113756007211,26.8,-0.018456390561329958,0.016127109921252804,0.15459564157930744,1.6061084781463928,1.3717861546879897,1.486417221937468,1.3458334436533521,-1.0437955367996035,-1.0257698398207311
ES43,ES,2021,10.847219725527284,9.0890759165319,26.7,0.07260290076627372,-0.36728718455198445,0.1444597324302087,2.8108381868827554,1.473928610260028,1.6061084781463928,1.3717861546879897,-0.9829888706032401,-1.0132352491503591
ES43,ES,2022,10.86070621674514,9.24705530974089,29.2,0.09651088679204801,-0.11908158775287447,0.39785746115767323,2.417582417582418,1.6554122109951013,2.8108381868827554,1.473928610260028,-0.37095086902938795,-0.963902681583395
ES43,ES,2023,10.83836761868043,9.19563163584508,31.8,0.05691045390410961,-0.1998746798748793,0.6613910990342365,2.337349397590361,1.6948974070692284,2.417582417582418,1.6554122109951013,-0.5707363258041054,-0.8762500796812934
ES51,ES,2000,10.909956134789766,NA,NA,0.18381798048759002,NA,NA,3.8860095098059255,3.4359300237311814,NA,NA,NA,NA
ES51,ES,2001,10.927162233414077,9.609201154137503,23.5,0.2143198477874747,0.44989531240440445,-0.17988936034094583,4.22071625489743,4.079605558237895,3.8860095098059255,3.4359300237311814,0.17526767531250764,-0.016298996568389675
ES51,ES,2002,10.935169049600646,9.587799036789846,24.6,0.228513817620487,0.41626988062411885,-0.06839435970086129,3.827417980620677,3.953864291031933,4.22071625489743,4.079605558237895,0.34530851177030775,0.29458218030775163
ES51,ES,2003,10.931083963379503,9.584953446631346,26.3,0.22127203896127284,0.4117990987759955,0.10391609583381453,3.857368286443265,3.872032672691544,3.827417980620677,3.953864291031933,0.1455014612217892,0.23385190389473837
ES51,ES,2004,10.92459269165783,9.59752250560963,27,0.20976472908323793,0.4315466792770883,0.17486745987750454,3.7908809035753612,4.411921764425081,3.857368286443265,3.872032672691544,0.16071709439598,0.19432902559420542
ES51,ES,2005,10.916260203064104,9.582492770487553,28.4,0.19499342810949155,0.40793306550169733,0.31677018796488454,4.118649981552871,4.879958703469498,3.7908809035753612,4.411921764425081,0.1269395552141582,0.455083625113573
ES51,ES,2006,10.916025673686251,9.553808897557975,30,0.19457766948126454,0.3628670752204364,0.478944734350462,3.9288373723215013,5.138426863837311,4.118649981552871,4.879958703469498,0.29345585344131464,0.6811352095397907
ES51,ES,2007,10.919205541992524,9.56570220150292,29.8,0.20021473592071837,0.3815529591424172,0.4586729160522649,3.723910245649376,5.395897077639994,3.9288373723215013,5.138426863837311,0.19702548471625073,0.8059696666109859
ES51,ES,2008,10.920859647546724,9.577087077100222,29.2,0.20314702808153018,0.3994400378601708,0.39785746115767323,3.7191237286241194,5.400886810465627,3.723910245649376,5.395897077639994,0.092916498138477,0.9303221373614411
ES51,ES,2009,10.947329619616196,9.56360818195689,29.9,0.25007129564058983,0.37826298973201816,0.46880882520136324,4.390288426433004,4.765194848479928,3.7191237286241194,5.400886810465627,0.0904848072011712,0.932732068965132
ES51,ES,2010,10.968922773356887,9.458222664015931,30.6,0.2883502526758575,0.21268901933503176,0.5397601892450536,4.642065056678167,4.825071642387531,4.390288426433004,4.765194848479928,0.4314561449170249,0.625706782654897
ES51,ES,2011,10.984125827183734,9.420598204268797,31.4,0.31530125072048637,0.15357623698988462,0.620847462437842,4.858249032096914,5.007695863805713,4.642065056678167,4.825071642387531,0.5593660524263862,0.65462596189919
ES51,ES,2012,11.0047566336856,9.434854415424251,32.2,0.35187422033722665,0.1759745468330708,0.701934735630631,4.4523715153917305,5.167367314225983,4.858249032096914,5.007695863805713,0.6691938480954773,0.7428294585942804
ES51,ES,2013,11.021924567105245,9.294787845335692,32.8,0.38230843081184196,-0.044087740496038405,0.762750190525222,4.930408115121491,4.892932008816145,4.4523715153917305,5.167367314225983,0.46299617370712215,0.8199472699123926
ES51,ES,2014,11.035544335327971,9.322160847228947,34.8,0.4064526817577152,-0.0010812943191598754,0.9654683735071936,4.874182682781851,4.800122978259362,4.930408115121491,4.892932008816145,0.7058527771892797,0.6874010317093875
ES51,ES,2015,11.046116726621012,9.367130403112604,37,0.4251947384728354,0.06957156254507918,1.1884583747873627,4.931088285008451,5.025658901977994,4.874182682781851,4.800122978259362,0.6772886096442843,0.6425763038807342
ES51,ES,2016,11.05665565141633,9.403385227575473,37.5,0.4438774679287779,0.12653247472398052,1.2391379205328557,4.5313138296200854,5.1074905203183825,4.931088285008451,5.025658901977994,0.7061983234270186,0.7515052123675681
ES51,ES,2017,11.051981864885928,9.346732087089743,38.6,0.43559207914593717,0.03752322953589126,1.3506329211729402,4.9178324882399655,5.434816993679936,4.5313138296200854,5.1074905203183825,0.5031011830628022,0.791028090668101
ES51,ES,2018,11.052579258785963,9.373841851049253,39.3,0.4366511007093083,0.08011609564312931,1.4215842852166298,4.773809523809524,5.3659586806861945,4.9178324882399655,5.434816993679936,0.6994639901532397,0.9491196038702319
ES51,ES,2019,11.047598786160957,9.37902340836391,40.8,0.42782203850202843,0.08825697718159595,1.5736229224531084,4.589477357996684,5.728213283827181,4.773809523809524,5.3659586806861945,0.6262961030400321,0.9158625477392957
ES51,ES,2020,10.968418575227577,9.50190581568425,42.4,0.28745644259323216,0.2813207725634904,1.735797468838686,5.324129651860744,5.675322115875468,4.589477357996684,5.728213283827181,0.5326499601984109,1.090823582167263
ES51,ES,2021,11.011086666911952,9.41094250606334,42.3,0.3630956969595471,0.1384059145388582,1.7256615596895872,5.233575177081243,6.2241927266951445,5.324129651860744,5.675322115875468,0.9058748574741878,1.0652783071681389
ES51,ES,2022,11.028802782607748,9.419697922455182,42.5,0.39450168978926897,0.15216178045668186,1.7459333779877846,5.651653157293669,6.985625955886806,5.233575177081243,6.2241927266951445,0.8598705302166252,1.33037078357415
ES51,ES,2023,11.026652868942433,9.413003699604586,43.6,0.39069046083159004,0.14164431014623183,1.8574283786278691,5.485695900474569,7.179227589521384,5.651653157293669,6.985625955886806,1.0722663976511864,1.6981263462973988
ES52,ES,2000,10.821586984339675,NA,NA,0.027162822378482002,NA,NA,1.6710976829837016,1.4409278279102706,NA,NA,NA,NA
ES52,ES,2001,10.838869626268398,9.523776724218214,20.1,0.05780038073564104,0.31568273455704016,-0.5245102714102975,1.8529061507604878,1.6896635587059838,1.6710976829837016,1.4409278279102706,-0.9499724497712005,-0.9798413362389402
ES52,ES,2002,10.829062543606097,9.547559292999372,20.3,0.040415014041192104,0.3530481564506044,-0.5042384531121004,1.610497127209071,1.6284363018947314,1.8529061507604878,1.6896635587059838,-0.8576084194991962,-0.8597074293627391
ES52,ES,2003,10.819222883118583,9.565952617615274,20.7,0.022971895469149965,0.38194639450985707,-0.4636948165157062,1.4782625345522653,1.623565951921109,1.610497127209071,1.6284363018947314,-0.9807593082520736,-0.889278852593804
ES52,ES,2004,10.80707112809079,9.616654850854173,21.7,0.0014300440935717195,0.4616060121630321,-0.3623357250247204,1.598365124416411,1.8068998402138934,1.4782625345522653,1.623565951921109,-1.0479383569977825,-0.891631124896275
ES52,ES,2005,10.802769561323027,9.610942348512095,23.9,-0.006195497384292992,0.4526309488700866,-0.13934572374455165,2.105390828442916,1.9818845571233252,1.598365124416411,1.8068998402138934,-0.98692272124875,-0.8030848746532571
ES52,ES,2006,10.800671592345271,9.628021203879365,26.1,-0.009914642133839488,0.4794639895785739,0.08364427753561744,2.2400708860306504,2.0462427532033347,2.105390828442916,1.9818845571233252,-0.7293388031394754,-0.7185710912144752
ES52,ES,2007,10.800017024727405,9.675513839021683,26.5,-0.011075017594593504,0.5540809228989033,0.12418791413201162,1.5951332782259873,2.1756549096453,2.2400708860306504,2.0462427532033347,-0.6609173865344942,-0.6874874929318219
ES52,ES,2008,10.815093534641399,9.678895303796228,26.3,0.015651651523315293,0.559393631508379,0.10391609583381453,1.9401705545278165,2.1961799559627084,1.5951332782259873,2.1756549096453,-0.9885645938359677,-0.624984257466162
ES52,ES,2009,10.852551213288908,9.742428662951772,26.6,0.08205422007850151,0.659212569950514,0.13432382328111034,1.732747428343154,2.042416049652631,1.9401705545278165,2.1961799559627084,-0.8132755447448164,-0.6150711099057484
ES52,ES,2010,10.874650117422219,9.442281470624774,26.7,0.12122973894916116,0.1876433894020956,0.1444597324302087,2.2524392775586466,2.055287688868634,1.732747428343154,2.042416049652631,-0.9186525722304424,-0.6893357068837636
ES52,ES,2011,10.894940198677523,9.345815009529893,28.4,0.15719869271760822,0.036082384762216306,0.31677018796488454,2.212108382726503,2.1415624598299434,2.2524392775586466,2.055287688868634,-0.6546338811319273,-0.6831189872272324
ES52,ES,2012,10.895106267189004,9.246850512152612,29.8,0.1574930883159647,-0.11940335065238353,0.4586729160522649,2.2080443828016643,2.131821759882699,2.212108382726503,2.1415624598299434,-0.6751231577686273,-0.6414501635834596
ES52,ES,2013,10.90188488878437,9.128658435887187,30.1,0.16950979360706753,-0.3050980430454436,0.4890806434995607,2.294952235600023,2.073377560199231,2.2080443828016643,2.131821759882699,-0.6771877888425996,-0.6461547081884017
ES52,ES,2014,10.909624558278525,9.003388493096024,30.8,0.18323018293007998,-0.5019129584587394,0.5600320075432507,2.351306281267371,2.0396329925248478,2.294952235600023,2.073377560199231,-0.6330360524306422,-0.6743819758180544
ES52,ES,2015,10.911445472936107,9.098543168875374,32,0.18645818356303628,-0.35241293437145016,0.6816629173324337,2.1636927022117747,2.1387794027021596,2.351306281267371,2.0396329925248478,-0.6044065455456311,-0.6906798624851752
ES52,ES,2016,10.90955552958574,9.123109444714002,32.5,0.18310781329398854,-0.3138162096227229,0.7323424630779265,2.025591876910325,2.146084927662593,2.1636927022117747,2.1387794027021596,-0.6997197424898206,-0.6427943191848715
ES52,ES,2017,10.916889191694452,9.129892907748367,32.9,0.1961084587829126,-0.30315853170278095,0.7728860996743208,2.0406111781262566,2.313416237470618,2.025591876910325,2.146084927662593,-0.76987900935297,-0.6392659107311649
ES52,ES,2018,10.919267960803024,9.208508961938572,33.3,0.20032538798173932,-0.17964277276795992,0.8134297362707149,2.1846681361743814,2.2734097912587203,2.0406111781262566,2.313416237470618,-0.762248764133172,-0.5584485551962662
ES52,ES,2019,10.908599911354301,9.21952426295229,35.7,0.18141375462786466,-0.16233634243868802,1.0566915558490815,2.5934803451581976,2.3575972693741925,2.1846681361743814,2.2734097912587203,-0.6890636072658594,-0.5777707919665642
ES52,ES,2020,10.846952294154898,9.205629014766304,36.9,0.0721288155938911,-0.18416753382775847,1.178322465638264,2.678880911116613,2.407344415533335,2.5934803451581976,2.3575972693741925,-0.48137502318678826,-0.53711008502385
ES52,ES,2021,10.886025299949079,9.199523168350016,38,0.141394932437942,-0.19376059038364493,1.2898174662783486,2.748710035202778,2.6063330001699057,2.678880911116613,2.407344415533335,-0.4379890326667331,-0.5130833036486099
ES52,ES,2022,10.894042637012731,9.240936305158497,38.2,0.15560755300658474,-0.12869531745102694,1.310089284576546,3.21036709260848,2.8936836486136244,2.748710035202778,2.6063330001699057,-0.40251379100262846,-0.41697617814764915
ES52,ES,2023,10.889252999539991,9.172539076763938,37.2,0.14711679110884343,-0.23615600930606162,1.20873019308556,3.631151457238413,2.9236015127373043,3.21036709260848,2.8936836486136244,-0.16797847509063132,-0.2781921123018563
ES53,ES,2000,10.924771220574906,NA,NA,0.21008121368888436,NA,NA,1.6232556564151197,1.3070872910559708,NA,NA,NA,NA
ES53,ES,2001,10.924812056069124,9.86160065467195,17.6,0.21015360423208426,0.846446833393438,-0.777908000137762,1.8030343749236517,1.5322415015846629,1.6232556564151197,1.3070872910559708,-0.9742776014744742,-1.044483382394829
ES53,ES,2002,10.917109868062248,9.86556545524298,17.9,0.19649965968404118,0.8526760362782728,-0.7475002726904666,1.4123952775296367,1.4749837420859757,1.8030343749236517,1.5322415015846629,-0.8829447433208544,-0.9357388330134071
ES53,ES,2003,10.898150141708253,9.843965503089409,19.3,0.16288907369829186,0.818739781009734,-0.6055975446030862,1.2596221133659902,1.4678265221486397,1.4123952775296367,1.4749837420859757,-1.081400854074878,-0.9633930760349076
ES53,ES,2004,10.890546850248112,9.849782474699525,19.2,0.14941044660081054,0.8278789787286566,-0.6157334537521849,1.4278159703860391,1.6348283206864775,1.2596221133659902,1.4678265221486397,-1.1590140991129765,-0.9668498564125955
ES53,ES,2005,10.86005394354508,9.832379442689408,18,0.0953545787279175,0.8005366155353074,-0.7373643635413678,1.4687337734589425,1.8259857365128243,1.4278159703860391,1.6348283206864775,-1.0735666901372953,-0.8861916475998852
ES53,ES,2006,10.862066531313676,9.892674050965638,20.8,0.09892236514990067,0.8952670669377415,-0.4535589073666075,1.3792783170018115,1.8978561533835723,1.4687337734589425,1.8259857365128243,-1.052779246912541,-0.7938668050124795
ES53,ES,2007,10.85341780145452,9.900938437617736,23.1,0.08359045195815701,0.9082514630636898,-0.22043299693734,2.1015254875095284,1.9512370854162027,1.3792783170018115,1.8978561533835723,-1.0982252406511088,-0.7591549687198668
ES53,ES,2008,10.868413172174181,9.904827611107905,21.2,0.11017328272011798,0.9143618462445243,-0.41301527077021327,2.103622906116089,1.9786730951759905,2.1015254875095284,1.9512370854162027,-0.7313025096232754,-0.7333731484029469
ES53,ES,2009,10.888918857459783,9.72011657963914,20.8,0.1465244454753364,0.6241574666110722,-0.4535589073666075,1.6938649039454654,1.8298625639788813,2.103622906116089,1.9786730951759905,-0.7302369594977044,-0.7201221569551444
ES53,ES,2010,10.911967880429414,9.524024586075084,22.1,0.18738427403742167,0.31607215686623225,-0.32179208842832585,1.9652937486932889,1.863262923686449,1.6938649039454654,1.8298625639788813,-0.9384060342360147,-0.7919943823078986
ES53,ES,2011,10.93695551076182,9.462205322123001,22.6,0.23168074130634478,0.2189462786663446,-0.2711125426828329,2.4962341295459436,1.9258885981381382,1.9652937486932889,1.863262923686449,-0.8005122257707075,-0.7758627405453565
ES53,ES,2012,10.956719954419329,9.320070605571008,23.7,0.2667178784784886,-0.004365328189810083,-0.15961754204274872,1.7595929616281536,1.9214153356773036,2.4962341295459436,1.9258885981381382,-0.5307789509162476,-0.7456159122405903
ES53,ES,2013,10.981785399514902,9.114085042435853,24.8,0.3111522907651579,-0.32799468637025664,-0.04812254140266419,1.7654476670870116,1.873402318597675,1.7595929616281536,1.9214153356773036,-0.9050142545034152,-0.7477763999766448
ES53,ES,2014,10.994181946306588,9.202986608066585,26.8,0.33312809326826526,-0.18831908877785314,0.15459564157930744,1.6373056994818656,1.8510360062935,1.7654476670870116,1.873402318597675,-0.9020398925342051,-0.7709656350102991
ES53,ES,2015,11.020267145159687,9.239157149331177,27.9,0.37937025956528864,-0.13149059615762615,0.2660906422193916,1.5919811320754718,1.9300636431015838,1.6373056994818656,1.8510360062935,-0.9671397678025402,-0.7817680736905729
ES53,ES,2016,11.048762950617421,9.211891840781776,27.2,0.42988579453072684,-0.1743278424778687,0.19513927817570162,1.2636740852508486,1.9363262105467527,1.5919811320754718,1.9300636431015838,-0.9901659764669761,-0.7435994570202726
ES53,ES,2017,11.05820272476103,9.176782312437194,29.2,0.4466200202582493,-0.22948934967883758,0.39785746115767323,1.413953488372093,2.081558131775194,1.2636740852508486,1.9363262105467527,-1.1569555786358452,-0.7405747741897961
ES53,ES,2018,11.063307331025962,9.3601887131006265,31.2,0.4556691386151062,0.05866529004194309,0.6005756441396449,1.947819871336669,2.049350642057183,1.413953488372093,2.081558131775194,-1.080609237297163,-0.6704309390258856
ES53,ES,2019,11.041473192734275,9.534932336107603,29.7,0.41696297963497425,0.3332096110085923,0.44853700690316617,1.9119452727591653,2.1498499386772743,1.947819871336669,2.049350642057183,-0.8093894676113772,-0.6859864507254795
ES53,ES,2020,10.877835765870351,9.525473255223673,31.9,0.12687705205311722,0.3183481992239484,0.6715270081833349,1.6666666666666667,2.19875760824907,1.9119452727591653,2.1498499386772743,-0.8276148151407162,-0.6374474929221166
ES53,ES,2021,10.9689915977449,9.47394564286008,34.8,0.28847226013356164,0.2373918066302657,0.9654683735071936,1.338787653402752,2.3827578041380804,1.6666666666666667,2.19875760824907,-0.9522235359293262,-0.6138261603412514
ES53,ES,2022,11.044439206377502,9.497230133880162,36.3,0.42222093825364426,0.27397468539950787,1.1175070107436724,2.2932592077831826,2.6532410742699,1.338787653402752,2.3827578041380804,-1.1187956845040798,-0.5249580981315334
ES53,ES,2023,11.044067910544111,9.677182258509593,33.8,0.421562728831138,0.5567022208181837,0.8641092820162078,2.428256070640177,2.7128845737476994,2.2932592077831826,2.6532410742699,-0.6338961601827079,-0.39432060635809035
ES61,ES,2000,10.794037032571445,NA,NA,-0.02167596387405421,NA,NA,1.5109029652740764,1.3948907315938228,NA,NA,NA,NA
ES61,ES,2001,10.791616741417853,9.48039785556905,18.8,-0.025966500689277604,0.24752904841588325,-0.6562770903485791,1.5029130015054448,1.6522240217326831,1.5109029652740764,1.3948907315938228,-1.0313560615296635,-1.002076244846715
ES61,ES,2002,10.80387229477754,9.50163504412138,19.2,-0.004240642293019477,0.28089535621017364,-0.6157334537521849,1.5453189279671449,1.564957458721641,1.5029130015054448,1.6522240217326831,-1.0354151973027244,-0.8777899052251741
ES61,ES,2003,10.802170094735864,9.490708308357688,20.1,-0.007258193274372555,0.263728073084166,-0.5245102714102975,1.7033293557349396,1.5343798047532051,1.5453189279671449,1.564957458721641,-1.0138717437809133,-0.9199377426936273
ES61,ES,2004,10.797614792848755,9.54124036899938,21.1,-0.015333540086298721,0.3431203280757272,-0.4231511799193116,1.7851637301683838,1.7154407445438316,1.7033293557349396,1.5343798047532051,-0.9335978153324586,-0.9347060794443844
ES61,ES,2005,10.786769219976586,9.603589094052547,21.8,-0.03455987557124883,0.4410780565942341,-0.35219981587562166,2.091653639814906,1.8841331950887987,1.7851637301683838,1.7154407445438316,-0.89202355462893,-0.8472576135157435
ES61,ES,2006,10.771876690397326,9.616124093014372,23,-0.060960396160175054,0.46077212450396665,-0.23056890608643874,1.8653741908740158,1.9834246781997882,2.091653639814906,1.8841331950887987,-0.7363176975870516,-0.7657828568345997
ES61,ES,2007,10.765678887146514,9.656780707522072,23.2,-0.07194746396879255,0.5246488052705871,-0.21029708778824163,1.8641005856309256,2.0528256456337663,1.8653741908740158,1.9834246781997882,-0.8512742896945695,-0.7178272464866349
ES61,ES,2008,10.769442454615126,9.672596507217957,24.1,-0.06527565311798367,0.5494974258573182,-0.1190739054463542,1.8519104751654056,2.115698799299202,1.8641005856309256,2.0528256456337663,-0.8519213184862746,-0.6843081001534557
ES61,ES,2009,10.792292021770711,9.593229860689522,24.7,-0.024769407021337887,0.42480239147727017,-0.058258450551762916,2.067906500597168,1.9281100457400326,1.8519104751654056,2.115698799299202,-0.8581142518838472,-0.6539417448120112
ES61,ES,2010,10.807827621176816,9.462945083980614,25.2,0.0027711064823836766,0.2201085380574483,-0.007578904806270009,2.130696654249208,1.9686512049341387,2.067906500597168,1.9281100457400326,-0.7483819403167882,-0.744543001732387
ES61,ES,2011,10.82341213335824,9.386786677685746,25.7,0.030398329414813973,0.10045405463580293,0.043100640939222896,1.9814020028612302,2.0682862571908402,2.130696654249208,1.9686512049341387,-0.7164827019390622,-0.7249625103100348
ES61,ES,2012,10.839376189580463,9.283170148428733,25.8,0.05869838366245034,-0.06234061092204702,0.05323655008832163,2.1137905048982666,2.0493899541766387,1.9814020028612302,2.0682862571908402,-0.7923287605350644,-0.6768409635940843
ES61,ES,2013,10.84287633565626,9.178388008448794,26.5,0.0649032179752879,-0.22696659826967183,0.12418791413201162,1.875194522253346,2.0215608533739045,2.1137905048982666,2.0493899541766387,-0.7250715213132539,-0.6859674638333161
ES61,ES,2014,10.839186315013766,9.175770217694994,27.3,0.0583617862173541,-0.2310794784570414,0.20527518732480035,1.9598906107566088,1.9823939707626494,1.875194522253346,2.0215608533739045,-0.8462852735288583,-0.6994083096401852
ES61,ES,2015,10.858998997563564,9.192108065074986,27.6,0.09348443820162408,-0.2054106549668843,0.23568291477209616,2.0358718449410573,2.057979182819458,1.9598906107566088,1.9823939707626494,-0.8032571782036164,-0.7183250555905932
ES61,ES,2016,10.857207129829575,9.13262704099806,28.3,0.09030793009049182,-0.2988628627475873,0.30663427881578614,2.093556928508385,2.0500770924680642,2.0358718449410573,2.057979182819458,-0.7646564842968131,-0.6818190546336651
ES61,ES,2017,10.861829414511424,9.068891873511507,29.1,0.0985020197017678,-0.3989988675881899,0.3877215520085749,2.4834605597964376,2.1727312774875207,2.093556928508385,2.0500770924680642,-0.7353507711470979,-0.685635591097344
ES61,ES,2018,10.857542381042068,9.139826715876808,29.6,0.09090224192252554,-0.28755126340706255,0.4384010977540678,2.209160254928508,2.168608447738968,2.4834605597964376,2.1727312774875207,-0.5372682987307479,-0.6263963077263291
ES61,ES,2019,10.845230297421711,9.139960105499028,30.3,0.06907617030844102,-0.28734169144886235,0.5093524617977578,2.2069673445820235,2.2778634360756267,2.209160254928508,2.168608447738968,-0.6766208930969624,-0.6283875441421614
ES61,ES,2020,10.780197296306435,9.126695386905377,31.2,-0.046210160047050856,-0.30818224114355636,0.6005756441396449,2.2688880792289092,2.32802453134969,2.2069673445820235,2.2778634360756267,-0.677734955825191,-0.575619779122602
ES61,ES,2021,10.823560751210636,9.084377313621692,32.5,0.030661789604782722,-0.374669283671124,0.7323424630779265,2.6540525096034795,2.482630646920434,2.2688880792289092,2.32802453134969,-0.6462774077839664,-0.5513930693966408
ES61,ES,2022,10.845334436697286,9.037122879954222,34,0.06926078173219469,-0.44891197236358216,0.8843811003144052,3.0425219941348973,2.759890947510635,2.6540525096034795,2.482630646920434,-0.45060258833334854,-0.47672170380292445
ES61,ES,2023,10.833461639911574,9.091814398156906,35,0.048213449623764094,-0.36298468374949866,0.9857401918053911,3.067321344060577,2.818297702281805,3.0425219941348973,2.759890947510635,-0.25324870450291065,-0.34281105483819313
ES62,ES,2000,10.821586984339675,NA,NA,0.027162822378482002,NA,NA,0.9561579983070041,1.1360870929432252,NA,NA,NA,NA
ES62,ES,2001,10.802312030534601,9.360571705381192,20.8,-0.007006578600255058,0.05926701932850533,-0.4535589073666075,1.0973344738363804,1.3313238532969194,0.9561579983070041,1.1360870929432252,-1.31318276382109,-1.127072730576415
ES62,ES,2002,10.780645444167723,9.39983235569859,22,-0.045415712282092464,0.12095046388927717,-0.3319279975774245,1.2552787375482413,1.2743260672491432,1.0973344738363804,1.3313238532969194,-1.2414609764976332,-1.032777653982031
ES62,ES,2003,10.769707818591202,9.371647832724843,22.2,-0.06480523289308614,0.07666901551111543,-0.31165617927922745,1.5147252582370954,1.2616885490756544,1.2552787375482413,1.2743260672491432,-1.1612206613288012,-1.060306335524117
ES62,ES,2004,10.741433964450811,9.439528336933762,22.4,-0.11492730680866935,0.18331786835175554,-0.2913843609810304,1.5098966781820613,1.4081805964744631,1.5147252582370954,1.2616885490756544,-1.0294142246765077,-1.0664099798479276
ES62,ES,2005,10.749206118400938,9.559102134702806,23.3,-0.10114933112706498,0.37118341988947906,-0.20016117863914293,1.436708159735535,1.5745316010030397,1.5098966781820613,1.4081805964744631,-1.0318672848657697,-0.9956575313596713
ES62,ES,2006,10.739910498334833,9.678151022683206,22.9,-0.11762800975824966,0.5582242717957517,-0.24070481523553747,1.3447462639148553,1.6372033748021781,1.436708159735535,1.5745316010030397,-1.0690491973257419,-0.9153136417911409
ES62,ES,2007,10.727854578479175,9.7817154921211,23.3,-0.13899997069167008,0.7209371447969171,-0.20016117863914293,1.0035704880957912,1.6998751486013164,1.3447462639148553,1.6372033748021781,-1.115768535722458,-0.885044548511834
ES62,ES,2008,10.739267751492914,9.7621965756296,23.7,-0.11876743010609853,0.6902704596157964,-0.15961754204274872,1.1347291034041873,1.7207657398676954,1.0035704880957912,1.6998751486013164,-1.2890958293912855,-0.8547754552325272
ES62,ES,2009,10.756461002243784,9.727888361455705,24.9,-0.08828833869163273,0.6363679182705565,-0.03798663225356583,1.1892270024484086,1.5861374850399172,1.1347291034041873,1.7207657398676954,-1.2224634086744897,-0.8446857574727584
ES62,ES,2010,10.764206998700926,9.523221080533649,24.4,-0.07455673333472071,0.314809748090047,-0.08866617799905874,1.1211959423384943,1.6194076859456328,1.1892270024484086,1.5861374850399172,-1.1947768786760018,-0.9097082541468249
ES62,ES,2011,10.776223891838141,9.454092160398195,24.4,-0.05325395646290005,0.20619947601741198,-0.08866617799905874,1.323042998897464,1.676921289061714,1.1211959423384943,1.6194076859456328,-1.229338651140546,-0.8936394762331187
ES62,ES,2012,10.79492442700963,9.288168675114902,25.3,-0.020102847969795685,-0.05448729363771248,0.0025570043428287167,1.3651877133105803,1.664541679422378,1.323042998897464,1.676921289061714,-1.1267944304543185,-0.8658616663512858
ES62,ES,2013,10.804909737732409,9.083231532088366,26.3,-0.002401530008964715,-0.37646945129744486,0.10391609583381453,1.4002333722287046,1.623276313957925,1.3651877133105803,1.664541679422378,-1.1053836803090762,-0.871840746505223
ES62,ES,2014,10.800990717275731,9.01089718740986,28.2,-0.009348917939557529,-0.49011585052275475,0.29649836966668747,1.6254016254016252,1.5990329117475588,1.4002333722287046,1.623276313957925,-1.0875794584221723,-0.8917710136850134
ES62,ES,2015,10.833681189579275,8.99099949604941,27.1,0.048602653183279394,-0.521377638903671,0.18500336902660325,1.5102888427411743,1.669441941571282,1.6254016254016252,1.5990329117475588,-0.9731873863329236,-0.9034800456531403
ES62,ES,2016,10.822047258175948,9.145270591502326,27.9,0.02797876629361077,-0.2789982466427531,0.2660906422193916,1.3345195729537367,1.6725368439811161,1.5102888427411743,1.669441941571282,-1.0316680537757528,-0.8694740272776228
ES62,ES,2017,10.81746341155644,9.270987843426333,28.4,0.019852817212179363,-0.08148055203771702,0.31677018796488454,1.7036654620547238,1.794269672101253,1.3345195729537367,1.6725368439811161,-1.1209639944657488,-0.8679792572391384
ES62,ES,2018,10.809594558632394,9.076139486657743,29.9,0.0059034197960530594,-0.387611951169599,0.46880882520136324,1.5891800507185125,1.7762160747105544,1.7036654620547238,1.794269672101253,-0.9334270634710365,-0.8091849690587564
ES62,ES,2019,10.811006425034133,9.209533830153878,31.2,0.008406285935048597,-0.17803257524881785,0.6005756441396449,1.5813498532768175,1.8623575251176,1.5891800507185125,1.7762160747105544,-0.991589007893467,-0.8179044609499149
ES62,ES,2020,10.764292388466771,9.24997062510906,31.5,-0.07440535983841358,-0.11450125878644322,0.6309833715869407,1.7642209398186313,1.8966593601599269,1.5813498532768175,1.8623575251176,-0.9955669776898377,-0.7763000282121022
ES62,ES,2021,10.804972855442545,9.075444325935944,32.8,-0.0022896389835282928,-0.3887041365383397,0.762750190525222,2.068317141961767,2.0452146758319585,1.7642209398186313,1.8966593601599269,-0.9026631059408066,-0.7597329936189013
ES62,ES,2022,10.831469396560115,9.027566005620717,33.7,0.04468172847871408,-0.4639270300195115,0.8539733728671098,2.0470986609204247,2.294354319823594,2.068317141961767,2.0452146758319585,-0.7481733224680456,-0.6879840317716553
ES62,ES,2023,10.805197081741943,9.180322169497074,30.9,-0.0018921449915014078,-0.22392778676683836,0.5701679166923491,2.304009575104728,2.3433569413126323,2.0470986609204247,2.294354319823594,-0.7589529327314942,-0.5676550436736703
ES70,ES,2000,10.848398241790331,NA,NA,0.07469209875654038,NA,NA,1.2605207889209975,1.1127683431023605,NA,NA,NA,NA
ES70,ES,2001,10.841430447130072,9.58063574078065,18.4,0.062340039597715224,0.405015437086289,-0.6968207269449737,1.3016045936315563,1.3066268593219859,1.2605207889209975,1.1127683431023605,-1.1585575455916668,-1.1383351757140323
ES70,ES,2002,10.836497522093616,9.623618040102848,20.1,0.053595266703662055,0.4725460626847226,-0.5245102714102975,1.2313803376365444,1.2539423549140138,1.3016045936315563,1.3066268593219859,-1.1376857686696258,-1.044705760831881
ES70,ES,2003,10.828838341818026,9.650522271015001,23.1,0.040017563501271274,0.5148160103932704,-0.22043299693734,1.271808137068792,1.244223854100893,1.2313803376365444,1.2539423549140138,-1.1733617489243828,-1.070151221868455
ES70,ES,2004,10.797614792848755,9.627829472656028,21.7,-0.015333540086298721,0.4791627555900977,-0.3623357250247204,1.540818410839518,1.3830961157199646,1.271808137068792,1.244223854100893,-1.1528232419106441,-1.0748450447781144
ES70,ES,2005,10.782150274120292,9.654307399807672,23.1,-0.04274804632687615,0.5207629262021166,-0.22043299693734,2.1007454257962506,1.5319426281735555,1.540818410839518,1.3830961157199646,-1.0161581383878253,-1.0077727858321934
ES70,ES,2006,10.760577135143393,9.662114896110443,24.5,-0.08099152247350498,0.5330294898340743,-0.07853026884996,1.6424017100822583,1.6030411341221782,2.1007454257962506,1.5319426281735555,-0.7316988038365223,-0.9358831823210956
ES70,ES,2007,10.750277042535007,9.667955983194812,23.7,-0.0992508655574518,0.5422065760114677,-0.15961754204274872,1.3550711796325834,1.666467139428863,1.6424017100822583,1.6030411341221782,-0.9645508450580891,-0.9015441620872722
ES70,ES,2008,10.773679749090642,9.620392538802015,24.6,-0.057764049434618304,0.46747839240768635,-0.06839435970086129,1.4775977121067683,1.6928093916328488,1.3550711796325834,1.666467139428863,-1.1105231759239311,-0.8709107915189693
ES70,ES,2009,10.810754084610446,9.496018606567377,23.1,0.00795895302793463,0.2720712228427779,-0.22043299693734,1.472297559085626,1.5610981306129188,1.4775977121067683,1.6928093916328488,-1.0482761062854382,-0.8581880610006823
ES70,ES,2010,10.831925172755877,9.258239652073103,23.6,0.04548969926541815,-0.10150957214385156,-0.1697534511918471,1.0843692144935202,1.6009951339509947,1.472297559085626,1.5610981306129188,-1.0509687393628593,-0.9218017135921176
ES70,ES,2011,10.85108188277749,9.245981365401112,23.9,0.07944948525409416,-0.12076889006723993,-0.13934572374455165,1.2368181226402812,1.6570043886371395,1.0843692144935202,1.6009951339509947,-1.2480477082438057,-0.902532335331411
ES70,ES,2012,10.860882394801427,9.186835508659422,24.1,0.09682320394257542,-0.2136945075960104,-0.1190739054463542,1.4666307857911733,1.6411478873104688,1.2368181226402812,1.6570043886371395,-1.170599194765935,-0.8754810927731115
ES70,ES,2013,10.864215651691255,9.034244697015854,26,0.102732187817997,-0.4534339615889077,0.07350836838651871,1.5082956259426847,1.599972133865403,1.4666307857911733,1.6411478873104688,-1.05384762628443,-0.8831394354151869
ES70,ES,2014,10.862579194588472,8.933612060506697,27.3,0.09983118169912387,-0.6115405544480197,0.20527518732480035,1.7463110870448086,1.5746528817470087,1.5082956259426847,1.599972133865403,-1.032680666328763,-0.9030264219534805
ES70,ES,2015,10.855145428247575,8.834699831209198,27,0.08665307785238478,-0.7669441701021087,0.17486745987750454,1.3834242924228963,1.6480531378882124,1.7463110870448086,1.5746528817470087,-0.9117618360714596,-0.9152550658496981
ES70,ES,2016,10.862948772397251,8.855350226305527,26.6,0.10048634551786711,-0.7344997890033589,0.13432382328111034,1.415036298757229,1.6483088879096104,1.3834242924228963,1.6480531378882124,-1.096118963622416,-0.8798043507162187
ES70,ES,2017,10.861829414511424,9.006578454294893,29.4,0.0985020197017678,-0.4969011261744881,0.41812927945587036,1.6888677450047573,1.7682556479452358,1.415036298757229,1.6483088879096104,-1.0800591378853228,-0.8796808290607012
ES70,ES,2018,10.861280703152675,9.14346758547697,29.6,0.09752929942298934,-0.28183099702535575,0.4384010977540678,1.7725752508361206,1.744726645976627,1.6888677450047573,1.7682556479452358,-0.9409447374400934,-0.8217491726230641
ES70,ES,2019,10.837725571767644,9.09558503224563,30.5,0.055772274345704656,-0.3570605409528193,0.5296242800959549,1.7235664567451108,1.8316816532519207,1.7725752508361206,1.744726645976627,-0.8984188710866386,-0.8331131649306603
ES70,ES,2020,10.708665278300808,9.118438290310417,32.8,-0.1730175304184992,-0.3211551836682104,0.762750190525222,2.2861183125147297,1.8585354054987029,1.7235664567451108,1.8316816532519207,-0.9233167748882042,-0.7911158020547613
ES70,ES,2021,10.752988100564167,8.862964576688492,34.4,-0.09444487588755157,-0.7225366820268603,0.9249247369107995,3.133285128946734,1.9953616669465912,2.2861183125147297,1.8585354054987029,-0.6375239442722497,-0.7781460282254393
ES70,ES,2022,10.806733153000474,8.954017764907864,35.6,8.309035457590817e-4,-0.5794806133625537,1.0465556466999828,2.087614926987561,2.2598071890720433,3.133285128946734,1.9953616669465912,-0.20713837183328515,-0.7120619425236572
ES70,ES,2023,10.808564088289847,8.954472894376051,36.6,0.004076668111598976,-0.5787655474354237,1.1479147381909685,1.9954507857733665,2.313770443587005,2.087614926987561,2.2598071890720433,-0.7383694820743552,-0.584340550718717
FI19,FI,2000,11.17579231120526,NA,NA,0.6550752918386776,NA,NA,3.6692186708786463,NA,NA,NA,NA,NA
FI19,FI,2001,11.216738347820312,9.65865862614609,30.4,0.7276617975049848,0.5275992528153371,0.5194883709468562,3.43062668854524,NA,3.6692186708786463,NA,0.06513157519446294,NA
FI19,FI,2002,11.214074837883567,9.624648257660523,30.9,0.7229400980415316,0.47416466469693186,0.5701679166923491,3.763972878871174,NA,3.43062668854524,NA,-0.056080144745646626,NA
FI19,FI,2003,11.225487223895794,9.624201803430958,30.6,0.7431712434813333,0.47346322866631035,0.5397601892450536,3.7793858372559055,NA,3.763972878871174,NA,0.11326949001461677,NA
FI19,FI,2004,11.24398239211878,9.635903612606981,30.6,0.7759582906292256,0.4918482500995912,0.5397601892450536,3.1717393839438923,NA,3.7793858372559055,NA,0.12109972461390013,NA
FI19,FI,2005,11.260210899240157,9.692282688442038,31.9,0.8047271464575955,0.5804269050771463,0.6715270081833349,3.880468342756325,NA,3.1717393839438923,NA,-0.18760248323537024,NA
FI19,FI,2006,11.272818910054482,9.814729235212964,32.6,0.8270778188076143,0.7728059084390748,0.7424783722270253,3.917804183442993,NA,3.880468342756325,NA,0.17245260004472698,NA
FI19,FI,2007,11.31258968497122,9.801148780966779,32.7,0.8975808959671259,0.7514692981223218,0.752614281376124,3.866935725812309,NA,3.917804183442993,NA,0.19142030139320312,NA
FI19,FI,2008,11.304023693137832,9.8251995570492,33.2,0.8823956554370773,0.7892561075900723,0.8032938271216169,3.8023423712497997,NA,3.866935725812309,NA,0.1655776340084304,NA
FI19,FI,2009,11.228431304334842,9.8418375179218,33.7,0.7483903203233764,0.8153964473142599,0.8539733728671098,3.6027102958188726,NA,3.8023423712497997,NA,0.13276231671800165,NA
FI19,FI,2010,11.277293645460443,9.73893346734489,35,0.8350103425327691,0.6537211758267987,0.9857401918053911,4.061251664447404,NA,3.6027102958188726,NA,0.03134337136390898,NA
FI19,FI,2011,11.286405949693842,9.772908066249519,36,0.8511640506215175,0.7070995654119419,1.0870992832963768,3.984194929206454,NA,4.061251664447404,NA,0.26429582605908947,NA
FI19,FI,2012,11.268266725663665,9.860114536523168,36.2,0.8190079984930227,0.8441119539225168,1.1073711015945744,4.081298147844616,NA,3.984194929206454,NA,0.22514874609362215,NA
FI19,FI,2013,11.259088698932633,9.877425196005454,36.5,0.802737781778747,0.8713091881978946,1.1377788290418698,3.996003996003996,NA,4.081298147844616,NA,0.27448002716913106,NA
FI19,FI,2014,11.261236379213354,9.738866395375428,38.5,0.8065450515355638,0.6536157972842532,1.3404970120238415,3.8691464629691126,NA,3.996003996003996,NA,0.2311480981398175,NA
FI19,FI,2015,11.260610536355738,9.739109715810054,39.2,0.8054355974861366,0.653998084445021,1.4114483760675318,3.9120214909335123,NA,3.8691464629691126,NA,0.16670075327878875,NA
FI19,FI,2016,11.27791830495031,9.731573702250987,40.9,0.8361176987838036,0.6421580545213721,1.5837588316022073,3.864896656024198,NA,3.9120214909335123,NA,0.18848252411291094,NA
FI19,FI,2017,11.298250100184694,9.845932490170757,41.2,0.8721606004170296,0.821830166360032,1.6141665590495033,4.0434419381787805,NA,3.864896656024198,NA,0.16454172679278267,NA
FI19,FI,2018,11.289577803260745,9.886263281586208,41.4,0.8567869090454273,0.885194937861654,1.6344383773477003,3.8505096262740657,NA,4.0434419381787805,NA,0.2552479631276947,NA
FI19,FI,2019,11.289341292181046,9.884227519996957,42.2,0.8563676373833593,0.8819964990657003,1.7155256505404892,4.334661354581673,NA,3.8505096262740657,NA,0.15723269400891407,NA
FI19,FI,2020,11.296758238503807,9.843931535512334,43.8,0.869515923781509,0.8186864136523314,1.877700196926066,4.4583936906486406,NA,4.334661354581673,NA,0.4031959620374937,NA
FI19,FI,2021,11.30435646448702,9.869756708122333,45.9,0.8829855711266095,0.8592610243651667,2.0905542890571365,4.039756332157743,NA,4.4583936906486406,NA,0.4660556152421307,NA
FI19,FI,2022,11.283336499102955,9.846449214308345,40.1,0.8457227256209439,0.8226420052989305,1.5026715584094188,4.590010891551268,NA,4.039756332157743,NA,0.25337556724723576,NA
FI19,FI,2023,11.278074111274233,9.833434462520174,40.7,0.8363939022347159,0.8021941850537802,1.5634870133040104,5.002323060244695,NA,4.590010891551268,NA,0.5329210108815242,NA
FI1B,FI,2005,11.447499137267291,NA,NA,1.1367397140864675,NA,NA,9.43884537161958,NA,NA,NA,NA,NA
FI1B,FI,2006,11.475445733009183,9.993697804197739,42.4,1.18628164531766,1.053988153609396,1.735797468838686,9.989465860033768,NA,9.43884537161958,NA,2.9962710416997895,NA
FI1B,FI,2007,11.506830334002384,10.05788091100137,43.5,1.2419182515964302,1.1548279277408342,1.8472924694787705,9.859792800092604,NA,9.989465860033768,NA,3.2760023880016225,NA
FI1B,FI,2008,11.492196641700252,10.183316710563464,45.7,1.2159765811194099,1.3519034251071036,2.0702824707589396,9.336332958380202,NA,9.859792800092604,NA,3.210124672951662,NA
FI1B,FI,2009,11.473423968091573,10.143169182802168,45,1.1826975902349257,1.288826583972395,1.9993311067152493,9.994900560938298,NA,9.336332958380202,NA,2.944191731228272,NA
FI1B,FI,2010,11.51114454054721,10.052560945179684,45.5,1.2495662000598122,1.1464695889416998,2.050010652460742,9.592540554349215,NA,9.994900560938298,NA,3.278763375347281,NA
FI1B,FI,2011,11.5021349400592,10.099506919067254,46.8,1.2335945585790415,1.2202276483277439,2.1817774713990232,9.291477559253655,NA,9.592540554349215,NA,3.0743526991929384,NA
FI1B,FI,2012,11.459792522990318,10.00050543520128,49.2,1.1585326392682551,1.0646838024639704,2.42503929097739,9.234431775466733,NA,9.291477559253655,NA,2.9214038738008954,NA
FI1B,FI,2013,11.463143083423805,10.015309603367525,48.9,1.1644722977552802,1.0879430220379835,2.3946315635300937,9.370682075116191,NA,9.234431775466733,NA,2.892422943676923,NA
FI1B,FI,2014,11.45439227817302,10.090147504612775,49.3,1.1489594318607717,1.205522825102533,2.435175200126488,9.746294900778697,NA,9.370682075116191,NA,2.9616420892716313,NA
FI1B,FI,2015,11.464785089642293,9.995746586699468,50.2,1.1673831409903135,1.0572070499048174,2.5263983824683756,9.993746091307068,NA,9.746294900778697,NA,3.152464413579644,NA
FI1B,FI,2016,11.477784171395173,10.026861765992768,51.3,1.190427078800045,1.106092929823271,2.6378933831084597,9.535603715170279,NA,9.993746091307068,NA,3.2781768709381582,NA
FI1B,FI,2017,11.498026940838729,10.154176724971792,51.6,1.226312161225245,1.3061208241768032,2.6683011105557557,9.436274509803921,NA,9.535603715170279,NA,3.0454271161228905,NA
FI1B,FI,2018,11.48337638123223,10.200195901166769,51.4,1.2003405894736383,1.3784227672319147,2.6480292922575583,9.566356921610675,NA,9.436274509803921,NA,2.994964968547805,NA
FI1B,FI,2019,11.482581071578874,10.210113093410596,52,1.198930715565634,1.394003929872503,2.70884474715215,9.726123595505618,NA,9.566356921610675,NA,3.0610506463432174,NA
FI1B,FI,2020,11.476151535518675,10.2761127446389,53.7,1.1875328467058712,1.4976977249232482,2.881155202686826,10.168294692244322,NA,9.726123595505618,NA,3.1422167992982457,NA
FI1B,FI,2021,11.47280342828197,10.206376205268448,54.9,1.1815975370886502,1.3881328062236966,3.0027861124760085,10.536065763575316,NA,10.168294692244322,NA,3.3668526760755633,NA
FI1B,FI,2022,11.417684551634034,10.238202919388737,49.8,1.0838863302693027,1.4381365972999838,2.485854745871981,10.978358881875563,NA,10.536065763575316,NA,3.553691159348456,NA
FI1B,FI,2023,11.405528064133248,10.20154578012422,50.5,1.0623360894693472,1.3805435977113538,2.556806109915671,10.85411260295611,NA,10.978358881875563,NA,3.7783890266553786,NA
FI1C,FI,2005,11.295735870402543,NA,NA,0.8677035352303746,NA,NA,4.229747395943154,NA,NA,NA,NA,NA
FI1C,FI,2006,11.309076658077107,9.773760837720681,31.2,0.8913532273663091,0.7084393771914007,0.6005756441396449,4.064749300641992,NA,4.229747395943154,NA,0.34989659611609397,NA
FI1C,FI,2007,11.335350269209668,9.743150777763331,31,0.9379293988594721,0.660347103601516,0.5803038258414478,4.230154560182144,NA,4.064749300641992,NA,0.2660727277584867,NA
FI1C,FI,2008,11.308240143516768,9.81990186819158,33.1,0.8898703080438645,0.7809327687175034,0.7931579179725181,4.388248419486799,NA,4.230154560182144,NA,0.35010344748311545,NA
FI1C,FI,2009,11.223943637865455,9.807658247507243,34.1,0.7404348732389341,0.7616964929146351,0.894517009463504,4.148176731622613,NA,4.388248419486799,NA,0.43041976159759804,NA
FI1C,FI,2010,11.241240714116712,9.653689323221784,33.8,0.7710980198366408,0.5197918497550437,0.8641092820162078,4.2223095051060495,NA,4.148176731622613,NA,0.3084563078790242,NA
FI1C,FI,2011,11.283666221952721,9.675073943768604,34.2,0.8463072371263649,0.5533897918494562,0.9046529186126027,4.053790684077177,NA,4.2223095051060495,NA,0.3461179295730061,NA
FI1C,FI,2012,11.28037178268994,9.726824324387328,35.4,0.8404670666487353,0.6346961815319343,1.0262838284017852,4.2832336484661395,NA,4.053790684077177,NA,0.26050542935644233,NA
FI1C,FI,2013,11.267046300605948,9.735970911770435,36,0.8168445072814041,0.6490666265246935,1.0870992832963768,4.480286738351254,NA,4.2832336484661395,NA,0.3770691800313512,NA
FI1C,FI,2014,11.281935695226505,9.635596045155033,36.2,0.8432394704167526,0.49136502275318833,1.1073711015945744,4.25273390036452,NA,4.480286738351254,NA,0.4771779251404425,NA
FI1C,FI,2015,11.279731577802517,9.650185018379487,38.1,0.8393321525146659,0.5142861438710008,1.2999533754274473,3.828920570264766,NA,4.25273390036452,NA,0.36157441407575697,NA
FI1C,FI,2016,11.30165458484914,9.617170467955763,38.9,0.8781958523196739,0.46241611180843667,1.3810406486202356,3.5194174757281553,NA,3.828920570264766,NA,0.1462648208005269,NA
FI1C,FI,2017,11.339170369974058,9.67660846050678,38.8,0.9447014283085524,0.5558007116223481,1.370904739471137,3.4455128205128207,NA,3.5194174757281553,NA,-0.010971822479234518,NA
FI1C,FI,2018,11.324208129412991,9.736490232633054,39.8,0.9181773285653485,0.6498825452468652,1.4722638309621228,3.710178710178711,NA,3.4455128205128207,NA,-0.0485175534070807,NA
FI1C,FI,2019,11.321164837993884,9.810780588111943,40.9,0.9127823768655285,0.7666020846975728,1.5837588316022073,4.127906976744186,NA,3.710178710178711,NA,0.08594047566052093,NA
FI1C,FI,2020,11.318737145222583,9.679578395412973,42.6,0.9084787189374913,0.5604668547874324,1.7560692871368835,5.093143083630598,NA,4.127906976744186,NA,0.298158678312641,NA
FI1C,FI,2021,11.325645783945683,9.7231133905678,43.5,0.9207259102477351,0.628865835404832,1.8472924694787705,3.915010820381664,NA,5.093143083630598,NA,0.788526910806328,NA
FI1C,FI,2022,11.303822390720887,9.68897460999164,38,0.882038799432536,0.57522949565962,1.2898174662783486,3.7463976945244957,NA,3.915010820381664,NA,0.19000119108710858,NA
FI1C,FI,2023,11.258924589941373,9.780651965072574,37.3,0.8024468598920698,0.7192662093639509,1.218866102234658,4.087870105062081,NA,3.7463976945244957,NA,0.10434078125378139,NA
FI1D,FI,2005,11.247552502368235,NA,NA,0.7822871529386045,NA,NA,4.538366813192679,NA,NA,NA,NA,NA
FI1D,FI,2006,11.2681928416657,9.776623373040833,30.6,0.8188770216835367,0.7129367820305037,0.5397601892450536,4.699286097025049,NA,4.538366813192679,NA,0.5066843054342355,NA
FI1D,FI,2007,11.287825127346823,9.807003134374824,31.2,0.8536798776774555,0.7606672273711986,0.6005756441396449,4.726785073757594,NA,4.699286097025049,NA,0.588436018019429,NA
FI1D,FI,2008,11.278344678720142,9.921901464995708,31.3,0.836873546836958,0.9411870289965353,0.6107115532887436,4.473304473304474,NA,4.726785073757594,NA,0.6024063041696446,NA
FI1D,FI,2009,11.18729831618745,9.984237020017908,31.4,0.675472398979671,1.0391240657315797,0.620847462437842,4.186133433003176,NA,4.473304473304474,NA,0.4736307298528182,NA
FI1D,FI,2010,11.233871484010164,9.835419631424772,32.4,0.7580343216840189,0.8053131363467567,0.7222065539288278,4.24152620855714,NA,4.186133433003176,NA,0.3277394246568636,NA
FI1D,FI,2011,11.247349381754727,9.835240687887799,33.2,0.7819270737518954,0.8050319934300412,0.8032938271216169,4.421207117960008,NA,4.24152620855714,NA,0.35588057815031987,NA
FI1D,FI,2012,11.23525134740947,9.914992483056333,33.8,0.760480454954354,0.9303321450100627,0.8641092820162078,4.358264081255771,NA,4.421207117960008,NA,0.4471637464115662,NA
FI1D,FI,2013,11.238913165897376,9.866703519913287,34.6,0.7669718917427358,0.8544640797373078,0.9451965552089969,4.254927242586112,NA,4.358264081255771,NA,0.41518683896246056,NA
FI1D,FI,2014,11.240099528904038,9.779754767601489,35.2,0.7690749999364528,0.7178565987227535,1.0060120101035885,3.931750741839762,NA,4.254927242586112,NA,0.3626886962091984,NA
FI1D,FI,2015,11.226575837752225,9.810976634207703,36.8,0.745101068255369,0.7669100978960669,1.1681865564891651,3.774995327976079,NA,3.931750741839762,NA,0.19850556181974707,NA
FI1D,FI,2016,11.261346861361048,9.752701603703711,36.7,0.8067409071959047,0.6753526584672728,1.1580506473400674,3.6801793386885864,NA,3.774995327976079,NA,0.11886921721790082,NA
FI1D,FI,2017,11.293323981848639,9.790717464210609,37.5,0.863427894004573,0.7350803808827128,1.2391379205328557,3.9168812063258556,NA,3.6801793386885864,NA,0.07069991568915111,NA
FI1D,FI,2018,11.276121942745354,9.852895903827156,39.1,0.8329332231630088,0.8327705694546248,1.4013124669184331,4.073872895165671,NA,3.9168812063258556,NA,0.19095140196607457,NA
FI1D,FI,2019,11.26999365118326,9.879756244743762,39.5,0.8220693812146727,0.8749715604320633,1.4418561035148272,4.2156685362764605,NA,4.073872895165671,NA,0.2707077811808014,NA
FI1D,FI,2020,11.27428538265175,9.860460306319087,40.3,0.8296774873052453,0.8446552019804303,1.5229433767076157,5.063291139240506,NA,4.2156685362764605,NA,0.34274412276679794,NA
FI1D,FI,2021,11.27912576831079,9.944512451674132,42,0.8382582123304823,0.9767117473078075,1.6952538322422919,4.308598784754189,NA,5.063291139240506,NA,0.7733612481227293,NA
FI1D,FI,2022,11.292013343128644,9.946011292991942,37.6,0.8611044778026644,0.9790666164855997,1.2492738296819543,4.223826714801444,NA,4.308598784754189,NA,0.38995541269483347,NA
FI1D,FI,2023,11.247038982707391,9.933613019698377,38.2,0.7813768182431604,0.959587361884104,1.310089284576546,4.639914009315657,NA,4.223826714801444,NA,0.3468887165663072,NA
FR10,FR,2000,11.400228542488273,NA,NA,1.0529414376370305,NA,NA,8.302851222265362,9.753398477872206,NA,NA,NA,NA
FR10,FR,2001,11.400617708797332,9.954468339004903,33,1.0536313266918182,0.9923537048214026,0.7830220088234194,9.241702129653643,9.985476069754094,8.302851222265362,9.753398477872206,2.419152718869009,3.034899818074106
FR10,FR,2002,11.42018543008037,9.951080506646578,33.3,1.088319727064756,0.9870309919328876,0.8134297362707149,9.237262557992489,9.779184876970193,9.241702129653643,9.985476069754094,2.896116496691364,3.1469882089216994
FR10,FR,2003,11.433222095356712,9.954388400418981,35,1.1114302905326519,0.9922281111979379,0.9857401918053911,8.99460166560991,7.70890540653175,9.237262557992489,9.779184876970193,2.893861064167677,3.047354083723838
FR10,FR,2004,11.450664351334051,9.968487623985656,35.7,1.1423508024306686,1.0143797736944573,1.0566915558490815,7.893870015637754,6.517819352958034,8.99460166560991,7.70890540653175,2.7705822186665223,2.0474544701310133
FR10,FR,2005,11.466154808343894,9.988946836432135,36.2,1.1698112903916773,1.0465237826830238,1.1073711015945744,8.801252296755179,10.400514302855036,7.893870015637754,6.517819352958034,2.2113782790337244,1.472186009167171
FR10,FR,2006,11.472086861591361,10.023832162551818,38.7,1.1803272536510314,1.101333039847425,1.3607688303220389,8.745950291583952,10.061607343281487,8.801252296755179,10.400514302855036,2.672355072393572,3.3474425798554908
FR10,FR,2007,11.49362018337199,10.064982019750463,38.6,1.2185001444277037,1.1659846672319938,1.3506329211729402,7.539261678987797,10.035820944183497,8.745950291583952,10.061607343281487,2.644260032914944,3.1837579456018625
FR10,FR,2008,11.498057994796003,10.104932849323353,38.8,1.2263672116875604,1.228752470648233,1.370904739471137,7.449921649328828,7.350351666693065,7.539261678987797,10.035820944183497,2.0312268507666205,3.171303679952129
FR10,FR,2009,11.482954733680277,10.116867466333515,38.1,1.1995931197561969,1.2475032626180274,1.2999533754274473,8.090157833463747,7.334388657727644,7.449921649328828,7.350351666693065,1.9858394972245736,1.874280871572826
FR10,FR,2010,11.534339205363324,10.025213068142588,39.6,1.2906842131395933,1.1035026170898619,1.451992012663926,7.844275459066194,7.369998446958199,8.090157833463747,7.334388657727644,2.3110982435073515,1.8665710880753723
FR10,FR,2011,11.529943175379136,10.09763299606168,39.7,1.2828912133345969,1.217283478404653,1.4621279218130248,7.998538377214071,7.960629778678775,7.844275459066194,7.369998446958199,2.1861827907238713,1.8837698358773847
FR10,FR,2012,11.532338821308512,10.1240695573243,40.8,1.2871380606781362,1.2588186579759792,1.5736229224531084,7.616441479961233,7.940982998413641,7.998538377214071,7.960629778678775,2.2645528744492975,2.1690318252831666
FR10,FR,2013,11.54478731127169,10.13307364125696,41.2,1.3092059447017892,1.2729652120343233,1.6141665590495033,6.766446619622125,8.147274191197543,7.616441479961233,7.940982998413641,2.070436451731136,2.159542860978608
FR10,FR,2014,11.544991423173244,10.120129645367287,41.9,1.3095677811803212,1.252628558249919,1.685117923093193,6.6647591797806385,8.109208554433845,6.766446619622125,8.147274191197543,1.6386141500999591,2.2591769861764694
FR10,FR,2015,11.554067408301403,10.122797302464775,43.9,1.3256571050903747,1.2568197847667948,1.8878361060751647,7.276428177373638,8.211126227059227,6.6647591797806385,8.109208554433845,1.5869539502937928,2.2407921178363877
FR10,FR,2016,11.561309550463326,10.12383457064111,46.3,1.338495509891668,1.258449464192182,2.1310979256535303,7.10635971114505,8.327778984883455,7.276428177373638,8.211126227059227,1.8976997285349309,2.290016120166284
FR10,FR,2017,11.569574937424731,10.147775569377812,47.3,1.3531478573984272,1.296063799572929,2.232457017144516,7.151492606714404,8.384263478145714,7.10635971114505,8.327778984883455,1.8112999631382154,2.3463568457245976
FR10,FR,2018,11.572411334489585,10.188035063383165,47.9,1.3581760400661547,1.3593165538306289,2.293272472039108,7.417430685960455,8.461622675439678,7.151492606714404,8.384263478145714,1.8342287968917077,2.3736376181002026
FR10,FR,2019,11.583164286075313,10.213523307903387,49.3,1.3772381824792257,1.3993618079235743,2.435175200126488,7.916697033743897,8.983490276232285,7.417430685960455,8.461622675439678,1.9693331355527544,2.411000415049401
FR10,FR,2020,11.480961189118961,10.27283618221952,51.5,1.1960590919098293,1.4925498311743723,2.658165201406657,8.512354278172886,9.155399603552205,7.916697033743897,8.983490276232285,2.222975073270854,2.6630510293892287
FR10,FR,2021,11.5298963715551,10.163278537739643,54.3,1.2828082425193619,1.320420922589066,2.941970657581417,8.101125997719498,9.780412800736764,8.512354278172886,9.155399603552205,2.5255864116147038,2.746079467054114
FR10,FR,2022,11.536847285066541,10.24684030048201,54.4,1.2951303758610468,1.4517070148429922,2.952106566730516,7.377193290903337,9.987931917287234,8.101125997719498,9.780412800736764,2.3166703924162255,3.047947143992873
FR10,FR,2023,11.530486162824909,10.254985423302722,55,1.2838537866278277,1.4645040324137748,3.0129220216251076,8.220306311989626,10.31701548672822,7.377193290903337,9.987931917287234,1.9488913595421609,3.1481743294597684
FRB0,FR,2000,11.09998524416352,NA,NA,0.520689388922042,NA,NA,4.1450312102966365,4.737761041870417,NA,NA,NA,NA
FRB0,FR,2001,11.110665487811012,9.565541163790849,16.5,0.5396226393688324,0.38129994854008714,-0.8894030007778465,4.419545393335726,5.033592498594855,4.1450312102966365,4.737761041870417,0.30685829085304944,0.6124568552803957
FRB0,FR,2002,11.11003050177653,9.520394167571775,15.3,0.5384969768822944,0.3103683104787959,-1.0110339105670294,4.505672180132502,4.938764333014693,4.419545393335726,5.033592498594855,0.4463195415987885,0.755336965667001
FRB0,FR,2003,11.120298041018936,9.53298180667824,16.6,0.5566986114484093,0.33014508270996223,-0.8792670916287478,5.201342357979968,4.154203099838648,4.505672180132502,4.938764333014693,0.4900744735896054,0.7095370398718428
FRB0,FR,2004,11.148167193097128,9.48601560567223,20.2,0.6061032555231732,0.25635524396395437,-0.5143743622611991,3.478982588609921,3.6298114491517683,5.201342357979968,4.154203099838648,0.8434953133984658,0.33061115807942
FRB0,FR,2005,11.15168720489211,9.570794872516988,21,0.6123433065079351,0.38955418906660266,-0.43328708906841035,5.3864397799418535,5.016166810048072,3.478982588609921,3.6298114491517683,-0.03151393024518825,0.07734148295576604
FRB0,FR,2006,11.168516061164537,9.548301820503715,18.6,0.6421764227789974,0.3542147610223249,-0.6765489086467762,5.264957158913589,4.903507707350273,5.3864397799418535,5.016166810048072,0.9375302287927667,0.7469207399866938
FRB0,FR,2007,11.17874328919386,9.589169800217482,20.2,0.66030659621386,0.41842352324620785,-0.5143743622611991,4.71021107854309,4.7097988904813946,5.264957158913589,4.903507707350273,0.8758134967648993,0.6925088623326168
FRB0,FR,2008,11.1468859690545,9.661640163843462,20.6,0.6038319837733727,0.5322836254320624,-0.47383072566480455,3.9215686274509802,3.857155897401645,4.71021107854309,4.7097988904813946,0.5939862288318998,0.5989517489561821
FRB0,FR,2009,11.132014905825491,9.666010074410543,21.1,0.5774695173523942,0.5391493073303744,-0.4231511799193116,3.5841956726246473,3.983998700079383,3.9215686274509802,3.857155897401645,0.19333274928170233,0.18714386915697956
FRB0,FR,2010,11.144095091265514,9.566029869467064,23.7,0.5988844947563355,0.38206776693437355,-0.15961754204274872,3.4797171566803127,3.92361666302193,3.5841956726246473,3.983998700079383,0.021937400134418632,0.24840616306246907
FRB0,FR,2011,11.165381524868133,9.570828151566058,24.9,0.6366197180170882,0.389606474659474,-0.03798663225356583,3.114086146682189,4.182570499798527,3.4797171566803127,3.92361666302193,-0.03114074813590498,0.21924296244931285
FRB0,FR,2012,11.163384922083262,9.633745860836012,25.4,0.6330802687482882,0.48845814930746256,0.012692913491927083,3.614931237721021,4.0958473056354725,3.114086146682189,4.182570499798527,-0.21689201752844203,0.34431199058224576
FRB0,FR,2013,11.171794162029613,9.641180502014425,27.5,0.6479876295938252,0.5001389104066913,0.22554700562299745,3.901170351105331,3.9762989772331307,3.614931237721021,4.0958473056354725,0.03755196803493029,0.30242658835932296
FRB0,FR,2014,11.171810496819242,9.640921259278523,27.1,0.6480165868604622,0.49973160729789073,0.18500336902660325,3.6151777711383324,3.9450948372772654,3.901170351105331,3.9762989772331307,0.18296982704312215,0.24468736566884516
FRB0,FR,2015,11.181639755036315,9.619671757773004,27.4,0.6654412649551144,0.466345954297669,0.21541109647389872,3.72210953346856,4.111246751327977,3.6151777711383324,3.9450948372772654,0.03767721423659549,0.22961644991573749
FRB0,FR,2016,11.176483073601384,9.622194761393796,29,0.6562998310792318,0.47030991191710814,0.37758564285947616,4.3705941591137965,4.099899791344026,3.72210953346856,4.111246751327977,0.09200168357338069,0.3098641831465707
FRB0,FR,2017,11.188574469718558,9.626038329918009,29.4,0.6777346820520903,0.4763486439315322,0.41812927945587036,3.2026014978320854,4.193512211211622,4.3705941591137965,4.099899791344026,0.42145087989774327,0.3043838501454404
FRB0,FR,2018,11.195117103348117,9.646623705489414,30.3,0.6893330430238572,0.5086908711375536,0.5093524617977578,3.2780449504367453,4.289961371075206,3.2026014978320854,4.193512211211622,-0.17192362483958396,0.3495965974047635
FRB0,FR,2019,11.204367425049309,9.672295931080177,31.8,0.7057314196211145,0.54902518274924,0.6613910990342365,3.2727627979679563,4.589845313508198,3.2780449504367453,4.289961371075206,-0.13359613973720383,0.3961794279143694
FRB0,FR,2020,11.14157774229029,9.697865297936568,31.7,0.5944219000643977,0.589197890286927,0.6512551898851378,3.863772156940848,4.74627126185838,3.2727627979679563,4.589845313508198,-0.13627962800644966,0.5410168000870926
FRB0,FR,2021,11.182424940633217,9.658033609623605,31.9,0.6668331915856316,0.5266172728505977,0.6715270081833349,3.817663817663818,4.907560193058828,3.863772156940848,4.74627126185838,0.16397044830039192,0.6165671050312432
FRB0,FR,2022,11.168047918797669,9.715333571762592,32.7,0.6413465300378566,0.6166427566202398,0.752614281376124,3.474793506123612,4.84839390171394,3.817663817663818,4.907560193058828,0.1405460605540298,0.6944661241187351
FRB0,FR,2023,11.210874353985746,9.727581525942869,34.9,0.7172664856045537,0.6358858408930225,0.9756042826562923,3.6046723854718015,5.145846352721799,3.474793506123612,4.84839390171394,-0.03364210692644391,0.6658901020414139
FRC1,FR,2000,11.084890617941035,NA,NA,0.4939306043752023,NA,NA,1.8344445916688428,1.4626321412448102,NA,NA,NA,NA
FRC1,FR,2001,11.081143048544691,9.598921807335735,15.4,0.4872871538801034,0.4337451591735795,-1.000898001417931,1.7048086722875937,1.5622476478685388,1.8344445916688428,1.4626321412448102,-0.8669874326093151,-0.9693586285531475
FRC1,FR,2002,11.079258843109777,9.620036964249241,17.6,0.4839469554192934,0.46691973983734053,-0.777908000137762,1.3951222048396674,1.5376832292587221,1.7048086722875937,1.5622476478685388,-0.9328462791662829,-0.9212465219495761
FRC1,FR,2005,11.117058848052071,9.555903413336228,19.9,0.5509563780583004,0.3661578242743894,-0.544782089708495,1.1670827367771135,1.5790353912400714,1.3951222048396674,1.5376832292587221,-1.0901760812594865,-0.9331105978034927
FRC1,FR,2006,11.135153157495415,9.597585771573309,18.3,0.5830328084900152,0.4316460781034348,-0.706956636094072,1.3827987847403143,1.5403988936276467,1.1670827367771135,1.5790353912400714,-1.2060268146653748,-0.9131384098082062
FRC1,FR,2007,11.160450096146535,9.672289191358198,19,0.6278775976939783,0.5490145937940476,-0.636005272050382,1.5192045023207992,1.469791620035611,1.3827987847403143,1.5403988936276467,-1.0964367398582309,-0.9317989914276829
FRC1,FR,2008,11.16650924023864,9.706647297441537,18.7,0.6386188594456177,0.6029955216358247,-0.6664129994976778,1.7161617669004627,1.2118035049877882,1.5192045023207992,1.469791620035611,-1.0271386373994023,-0.9659007571987397
FRC1,FR,2009,11.138178253533159,9.732516920835346,20.7,0.5883955045855906,0.6436399701490206,-0.4636948165157062,2.154852132560559,1.2426633273619294,1.7161617669004627,1.2118035049877882,-0.927078574354033,-1.0905033629006782
FRC1,FR,2010,11.131936886785706,9.622931965293754,23.7,0.5773312102061694,0.47146815243338536,-0.15961754204274872,1.7731580556404767,1.2269865375958657,2.154852132560559,1.2426633273619294,-0.7042110109817215,-1.0755987449937479
FRC1,FR,2011,11.156544943067635,9.618942137912827,22.4,0.620954792960658,0.46519962926657976,-0.2913843609810304,1.4748365516192792,1.3016673077412881,1.7731580556404767,1.2269865375958657,-0.8981227891645451,-1.0831702908904683
FRC1,FR,2012,11.15462574199338,9.649699017441593,22.5,0.6175525564765538,0.5135225749625213,-0.28124845183193165,2.0498699709346795,1.2764856926839885,1.4748365516192792,1.3016673077412881,-1.0496788567401936,-1.0471011155556966
FRC1,FR,2013,11.161729375413472,9.641841422004006,24.9,0.6301454218702546,0.5011772992567705,-0.03798663225356583,2.034110467845408,1.2432805238094125,2.0498699709346795,1.2764856926839885,-0.7575450260196682,-1.059263283767752
FRC1,FR,2014,11.17606884250182,9.661334896522444,26.8,0.6555655087725746,0.5318040118821088,0.15459564157930744,2.2288966171356304,1.2290850055173073,2.034110467845408,1.2432805238094125,-0.7655513154857692,-1.0753006526356093
FRC1,FR,2015,11.174651606402387,9.660337552122822,27.6,0.6530531235781503,0.5302370577566752,0.23568291477209616,1.9406924390622575,1.2821639000008307,2.2288966171356304,1.2290850055173073,-0.6665942426408572,-1.0821567768727973
FRC1,FR,2016,11.159628742046403,9.606540522134376,25.9,0.6264215538623418,0.4457151231988066,0.06337245923741999,1.82648401826484,1.2880889858966658,1.9406924390622575,1.2821639000008307,-0.8130104121053577,-1.0565208340728767
FRC1,FR,2017,11.185834741977438,9.620581980734684,27.7,0.6728778685569377,0.46777602963113524,0.24581882392119453,2.299952084331576,1.2996922791093428,1.82648401826484,1.2880889858966658,-0.8710316372157394,-1.053659147434746
FRC1,FR,2018,11.196460286894585,9.685308229467887,30.3,0.691714152605308,0.569469148392134,0.5093524617977578,2.596006144393241,1.3270958013775804,2.299952084331576,1.2996922791093428,-0.6304959827339788,-1.0480550111017402
FRC1,FR,2019,11.205682349630619,9.682727044709623,30.2,0.7080624335228834,0.565413780851088,0.49921655264865905,2.9570306483905746,1.4157252112361147,2.596006144393241,1.3270958013775804,-0.48009184314650005,-1.0348197104003862
FRC1,FR,2020,11.151056486244833,9.702389276695461,31.9,0.6112252089715421,0.5963056327902304,0.6715270081833349,2.879169288860919,1.4710260129305766,2.9570306483905746,1.4157252112361147,-0.2966808138148798,-0.9920136477716819
FRC1,FR,2021,11.190137061119556,9.677265026288588,35,0.6805047437957689,0.5568322594616035,0.9857401918053911,2.273425499231951,1.5262033753355417,2.879169288860919,1.4710260129305766,-0.3362366665018182,-0.9653045724824625
FRC1,FR,2022,11.19685391804675,9.75156871632826,35.9,0.6924119566473877,0.6735727491929149,1.0769633741472782,2.2289613343442,1.503860863936663,2.273425499231951,1.5262033753355417,-0.6439722654347536,-0.9386551156648708
FRC1,FR,2023,11.198046189731635,9.76877927588678,34.5,0.6945255393666196,0.7006127138344944,0.9350606460598981,2.288293897882939,1.5980450418225427,2.2289613343442,1.503860863936663,-0.6665613644021011,-0.9494460590294885
FRC2,FR,2000,11.118538652059268,NA,NA,0.5535796796238033,NA,NA,3.1620514077671498,3.4668774042085038,NA,NA,NA,NA
FRC2,FR,2001,11.137572940730937,9.571407897375408,16,0.5873224449006834,0.39051732861123745,-0.9400825465233394,3.54848471318937,3.677851290808296,3.1620514077671498,3.4668774042085038,-0.1925242590789559,-0.0013520900164779182
FRC2,FR,2002,11.138151862761934,9.483344554607692,19.1,0.5883487207202048,0.25215868509581335,-0.6258693629012833,3.730845906703858,3.601479329084932,3.54848471318937,3.677851290808296,0.003795186085445577,0.10054367367219609
FRC2,FR,2005,11.15168720489211,9.527845678626862,18.7,0.6123433065079351,0.32207557628678957,-0.6664129994976778,2.6739413733622444,3.729058544837371,3.730845906703858,3.601479329084932,0.09644001723209288,0.06365768986811322
FRC2,FR,2006,11.157518306954996,9.610418108602971,18.5,0.6226803099866295,0.4518073017040418,-0.6866848177958749,2.8131942432145265,3.6403968421470294,2.6739413733622444,3.729058544837371,-0.4404984626193268,0.12527565515002914
FRC2,FR,2007,11.169638522200941,9.62301644081358,19.7,0.6441662496612703,0.47160087415352425,-0.565053908006692,2.9272532932259665,3.478289306534984,2.8131942432145265,3.6403968421470294,-0.3697539233589727,0.08245399579126654
FRC2,FR,2008,11.169494317082092,9.686047425856403,20.2,0.6439106120821115,0.5706305193598052,-0.5143743622611991,2.449936088623775,2.8725806445910607,2.9272532932259665,3.478289306534984,-0.31180858298579006,0.004159608712867972
FRC2,FR,2009,11.150392145827098,9.703297782059014,22.8,0.6100475089184294,0.5977330095599176,-0.25084072438463584,2.914657160830363,2.947489541913594,2.449936088623775,2.8725806445910607,-0.5542997126583235,-0.2883844007677901
FRC2,FR,2010,11.148616575984361,9.588392067747556,23.2,0.6068998926628584,0.4172016072233211,-0.21029708778824163,2.3207192138825006,2.9100350932523273,2.914657160830363,2.947489541913594,-0.3182077874239799,-0.252205045005931
FRC2,FR,2011,11.16684672659546,9.59145710616287,22.3,0.6392171335980595,0.42201717002320477,-0.3015202701301287,3.27524669326055,3.068338661422213,2.3207192138825006,2.9100350932523273,-0.6199456722563657,-0.27029472288686057
FRC2,FR,2012,11.129383124805774,9.615745364595645,23.1,0.5728040648765867,0.4601770942833435,-0.22043299693734,3.609958506224066,3.0142052785914752,3.27524669326055,3.068338661422213,-0.1350177363970925,-0.193837568718244
FRC2,FR,2013,11.130912556767484,9.546589239406078,24.2,0.5755153436945742,0.35152407963172383,-0.10893799629725583,3.460798974578081,2.9378333168681112,3.609958506224066,3.0142052785914752,0.03502567468822433,-0.21998280628052527
FRC2,FR,2014,11.147331232734464,9.554634319590457,28.2,0.6046213186467957,0.364163917574505,0.29649836966668747,4.547413793103448,2.8930635462026904,3.460798974578081,2.9378333168681112,-0.040751739118608424,-0.25686879008460817
FRC2,FR,2015,11.159103590013903,9.566007995046569,27.3,0.6254905980450277,0.38203339945464465,0.20527518732480035,4.522507362221288,3.013034827070811,4.547413793103448,2.8930635462026904,0.511280436387687,-0.278491608176657
FRC2,FR,2016,11.166685934356401,9.527332064170634,25.7,0.6389320914368045,0.32126862305040105,0.043100640939222896,5.797101449275362,3.003085989145162,4.522507362221288,3.013034827070811,0.4986272395146357,-0.22054810871430408
FRC2,FR,2017,11.163642430383074,9.509098038179948,30.4,0.6335367629345066,0.2926206632681925,0.5194883709468562,5.405405405405405,3.045807469649419,5.797101449275362,3.003085989145162,1.1461583929354882,-0.22535317940142618
FRC2,FR,2018,11.162327280525126,9.561659661751234,32.5,0.6312053496767723,0.37520161817781567,0.7323424630779265,4.3969591123895615,3.1327134950587645,5.405405405405405,3.045807469649419,0.9471653223935426,-0.20471964056849104
FRC2,FR,2019,11.181745036486692,9.590391014903533,30.1,0.66562790115305,0.4203422058909134,0.4890806434995607,5.1193805119380515,3.342516930137892,4.3969591123895615,3.1327134950587645,0.43484504889471487,-0.16274593486039654
FRC2,FR,2020,11.12925725790225,9.67199558245666,29.1,0.5725809361085518,0.5485532970948294,0.3877215520085749,3.842958039052763,3.486482467179636,5.1193805119380515,3.342516930137892,0.8018562933817561,-0.06141547360550176
FRC2,FR,2021,11.154954279287827,9.577693580999533,33.8,0.6181349663055967,0.4003929321537344,0.8641092820162078,5.1173609642630575,3.590360039638618,3.842958039052763,3.486482467179636,0.15339626637031578,0.008116725749321338
FRC2,FR,2022,11.150098718967687,9.685981412516137,32.7,0.6095273406151203,0.5705268040575456,0.752614281376124,6.22142715165971,3.516328980956583,5.1173609642630575,3.590360039638618,0.8008303039717474,0.05828731674721208
FRC2,FR,2023,11.159764003160618,9.65449708189072,36.8,0.6266613360841401,0.5210609407321662,1.1681865564891651,5.728760717069368,3.7451522532465096,6.22142715165971,3.516328980956583,1.361728286348459,0.02253193781068725
FRD1,FR,2000,11.065696170684888,NA,NA,0.4599039202392388,NA,NA,2.7202387417441183,2.625198508871575,NA,NA,NA,NA
FRD1,FR,2001,11.067947758125857,9.750536860459196,16.6,0.4638953899406571,0.6719515731864161,-0.8792670916287478,2.914296082539825,2.793395900771638,2.7202387417441183,2.625198508871575,-0.4169780425474321,-0.4078645508865064
FRD1,FR,2002,11.075575597693481,9.705477506478958,17.4,0.47741753434750944,0.6011576321611335,-0.7981798184359594,2.623025897856373,2.7439260796245604,2.914296082539825,2.793395900771638,-0.3183912257784506,-0.32662889668153233
FRD1,FR,2005,11.130392378921536,9.661387484768234,16.6,0.5745932057959214,0.5318866346638893,-0.8792670916287478,1.9974862515979037,2.8186804760245883,2.623025897856373,2.7439260796245604,-0.46636501646274603,-0.3505217361535837
FRD1,FR,2006,11.149588051279018,9.660211644007848,20.6,0.6086220617128992,0.5300392401920916,-0.47383072566480455,2.1306533538949446,2.7544796414692705,1.9974862515979037,2.8186804760245883,-0.7841574907620827,-0.3144170009513731
FRD1,FR,2007,11.146507190177521,9.729306729678646,21.5,0.6031605088914798,0.6385963540437607,-0.38260754332291746,2.473330732476729,2.627836899332752,2.1306533538949446,2.7544796414692705,-0.7165046997881221,-0.3454245970662126
FRD1,FR,2008,11.152965015130883,9.73974301678473,22.1,0.6146085264853706,0.6549930803313845,-0.32179208842832585,2.1138980911815746,2.1542458115513976,2.473330732476729,2.627836899332752,-0.5424145479052168,-0.40659026611466376
FRD1,FR,2009,11.132014905825491,9.694367679798546,24.6,0.5774695173523942,0.5837026900605614,-0.06839435970086129,1.728073035539615,2.2219645000549524,2.1138980911815746,2.1542458115513976,-0.725016864328077,-0.6353243826604338
FRD1,FR,2010,11.131936886785706,9.638311865939698,25,0.5773312102061694,0.4956319205109583,-0.0278507231044671,1.5884098446500263,2.1909634121361177,1.728073035539615,2.2219645000549524,-0.9210273007768564,-0.6026177401831371
FRD1,FR,2011,11.159499154965067,9.698759388153553,24.7,0.6261918302018543,0.590602619039147,-0.058258450551762916,1.8934701822686246,2.316286959042047,1.5884098446500263,2.1909634121361177,-0.9919802951502998,-0.6175905862522889
FRD1,FR,2012,11.139854424673068,9.746538620674205,24.7,0.5913669132005087,0.6656698330694196,-0.058258450551762916,2.4448623696358354,2.271654187073795,1.8934701822686246,2.316286959042047,-0.837000702598067,-0.5570620595897593
FRD1,FR,2013,11.155932257729146,9.66686393108046,25.3,0.6198686637166494,0.540490824094255,0.0025570043428287167,2.0570440795159897,2.2169075850043627,2.4448623696358354,2.271654187073795,-0.5568773106103015,-0.5786187103134321
FRD1,FR,2014,11.148787897230928,9.675649429438511,25.8,0.6072035999728383,0.5542939525836335,0.05323655008832163,1.9976498237367801,2.1940415343408244,2.0570440795159897,2.2169075850043627,-0.7539003685937429,-0.6050601193291688
FRD1,FR,2015,11.156250521031495,9.609738190374703,24.4,0.620432860471918,0.4507390642194308,-0.08866617799905874,2.5771447948457102,2.277810431483209,1.9976498237367801,2.1940415343408244,-0.7840743913213825,-0.6161039206851392
FRD1,FR,2016,11.14966424678697,9.59521515708292,26.9,0.6087571362189319,0.4279215430712673,0.1647315507284058,2.581311306143521,2.286824932225565,2.5771447948457102,2.277810431483209,-0.4896739615257047,-0.5756453791791325
FRD1,FR,2017,11.129402280982438,9.627609636579232,25.3,0.572838023717074,0.478817365324121,0.0025570043428287167,2.393849379695964,2.3165068249138114,2.581311306143521,2.286824932225565,-0.4875572516697472,-0.5712915728753367
FRD1,FR,2018,11.141273871327295,9.611229061204815,23.8,0.5938832171245905,0.4530814107535064,-0.14948163289365002,3.2095446143505297,2.358940938164416,2.393849379695964,2.3165068249138114,-0.5827934046442524,-0.5569558691921059
FRD1,FR,2019,11.139126903180909,9.612158875628172,28.5,0.5900772097938166,0.45454226674980913,0.3269060971139833,2.165111776095758,2.5368124284221296,3.2095446143505297,2.358940938164416,-0.1683963181517624,-0.5364611224449686
FRD1,FR,2020,11.076948514091113,9.68379361472753,28.2,0.4798513524191567,0.5670894971736132,0.29649836966668747,2.8009218223719197,2.625638240615104,2.165111776095758,2.5368124284221296,-0.6989988113649879,-0.45055309074323796
FRD1,FR,2021,11.10463775187949,9.642012434718673,32.6,0.5289370559883997,0.5014459818491128,0.7424783722270253,2.8215336679937684,2.7151236504233736,2.8009218223719197,2.625638240615104,-0.37598867284054804,-0.40765217009119936
FRD1,FR,2022,11.106469856578482,9.718886686113837,34.6,0.5321848936085541,0.6222251484128174,0.9451965552089969,2.7493713327745177,2.6748881958904165,2.8215336679937684,2.7151236504233736,-0.36551725115013656,-0.3644326782461999
FRD1,FR,2023,11.13881437684908,9.71435445836644,33.8,0.5895231831716691,0.6151044457058255,0.8641092820162078,2.2381684606184864,2.8499014298151883,2.7493713327745177,2.6748881958904165,-0.4021778324541523,-0.3838655210168019
FRD2,FR,2000,11.14752618893252,NA,NA,0.6049669244818107,NA,NA,3.6816317753851355,3.3805225801221925,NA,NA,NA,NA
FRD2,FR,2001,11.146383570413091,9.491207756610008,16.1,0.6029413637074014,0.2645127694234753,-0.9299466373742408,3.322203028343676,3.6157142484133855,3.6816317753851355,3.3805225801221925,0.07143779610060115,-0.04305957756524475
FRD2,FR,2002,11.14161207382683,9.540296511374132,19.6,0.59448276080887,0.3416374084340605,-0.5751898171557903,3.833403336978027,3.539892116908317,3.322203028343676,3.6157142484133855,-0.1111625419272451,0.07053284394237512
FRD2,FR,2005,11.185156464331511,9.549373930254324,17.4,0.6716754614802227,0.35589918096519735,-0.7981798184359594,2.837781747965279,3.644326373509637,3.833403336978027,3.539892116908317,0.1485421976766925,0.033912416084078995
FRD2,FR,2006,11.197771419313327,9.539395402428891,18.4,0.6940384440046693,0.340221652372517,-0.6968207269449737,2.8314633326276724,3.565070786993019,2.837781747965279,3.644326373509637,-0.3572627503081126,0.08435187332286379
FRD2,FR,2007,11.211435650879402,9.620586012782502,18.5,0.7182615167118341,0.4677823644879448,-0.6866848177958749,3.461025927875757,3.3945425214193556,2.8314633326276724,3.565070786993019,-0.3604726904866433,0.046073161938909535
FRD2,FR,2008,11.201755179300314,9.677141517968272,20,0.7011005980194082,0.5566382122777843,-0.5346461805593962,3.4077241747962046,2.7687953455643215,3.461025927875757,3.3945425214193556,-0.040636440191593584,-0.03628825316880535
FRD2,FR,2009,11.184698269168052,9.667280712440533,19,0.6708632025028434,0.5411456402959783,-0.636005272050382,3.3202861384802276,2.8514843870924897,3.4077241747962046,2.7687953455643215,-0.0677152929820755,-0.3385104257201
FRD2,FR,2010,11.218310955742803,9.571515329561182,19.2,0.7304496158950747,0.39068611815551685,-0.6157334537521849,3.334255672385169,2.8082800781971495,3.3202861384802276,2.8514843870924897,-0.11213637816018124,-0.29857343081048693
FRD2,FR,2011,11.22927834455819,9.652764698860928,21.8,0.7498918988656345,0.5183391480030017,-0.35219981587562166,3.4173143929241485,2.9719414337477117,3.334255672385169,2.8082800781971495,-0.10503944550209439,-0.3194401651750251
FRD2,FR,2012,11.23489400509812,9.630671402999715,23.7,0.7598469814401412,0.48362778740651374,-0.15961754204274872,2.656206991467107,2.9418987023966467,3.4173143929241485,2.9719414337477117,-0.06284318109247937,-0.240395317118628
FRD2,FR,2013,11.255461853076179,9.659207900580048,26,0.7963083422267505,0.5284622323844927,0.07350836838651871,2.5526572743757847,2.8666488133935037,2.656206991467107,2.9418987023966467,-0.4495080484007151,-0.25490529796814154
FRD2,FR,2014,11.244494981188112,9.666175806426681,25.2,0.7768669756317665,0.539409693277798,-0.007578904806270009,2.942412778478352,2.829166929517413,2.5526572743757847,2.8666488133935037,-0.502114339631456,-0.29124934523882756
FRD2,FR,2015,11.258033215341438,9.649515464075991,24.8,0.8008666882125193,0.5132341894223041,-0.04812254140266419,2.8919956140350878,2.947335006164935,2.942412778478352,2.829166929517413,-0.3041071201668062,-0.30935227372726837
FRD2,FR,2016,11.243803237700833,9.612345554069124,27.7,0.7756406971757823,0.4548355621784405,0.24581882392119453,3.0320044918585065,2.9570631286976603,2.8919956140350878,2.947335006164935,-0.3297205173853755,-0.2522796823858484
FRD2,FR,2017,11.254736159808465,9.635619831185583,27.1,0.7950218797790128,0.4914023936139578,0.18500336902660325,2.823033707865169,2.996261740079526,3.0320044918585065,2.9570631286976603,-0.2585919039177757,-0.2475812123964824
FRD2,FR,2018,11.244930809060337,9.672122368974165,27.4,0.77763958331085,0.5487524947408275,0.21541109647389872,2.715565509518477,3.068936537824006,2.823033707865169,2.996261740079526,-0.36475518693065617,-0.22864914214521226
FRD2,FR,2019,11.238005784198139,9.683892868070911,27,0.765363343704927,0.5672454367226119,0.17486745987750454,2.9186935371785965,3.276374444771834,2.715565509518477,3.068936537824006,-0.4193521814862585,-0.1935488075187704
FRD2,FR,2020,11.165772470877346,9.697846571448974,28.9,0.6373127620100828,0.5891684686077137,0.3674497337103774,3.0513554011715023,3.397975976430906,2.9186935371785965,3.276374444771834,-0.31615718993654507,-0.09336084451022504
FRD2,FR,2021,11.207904025934202,9.617017270257278,31.8,0.7120008786797319,0.4621754188585008,0.6613910990342365,2.5111381125961927,3.526730539364041,3.0513554011715023,3.397975976430906,-0.2487610748291618,-0.03462996964314657
FRD2,FR,2022,11.218832824765526,9.71113610230158,33.8,0.7313747518033701,0.6100480014977268,0.8641092820162078,2.6977475117862757,3.4689340466696117,2.5111381125961927,3.526730539364041,-0.523207290704487,0.02755566256905418
FRD2,FR,2023,11.225825753838711,9.723807417937682,35.4,0.7437713676362252,0.6299562401344444,1.0262838284017852,2.7051282051282053,3.6858139548992033,2.6977475117862757,3.4689340466696117,-0.42840424656357984,-3.587767795336804e-4
FRE1,FR,2000,11.042165673274694,NA,NA,0.41819056469145927,NA,NA,1.6265216611141728,1.6082987706723313,NA,NA,NA,NA
FRE1,FR,2001,11.0371167997882,9.4607557602965109,14.4,0.4092402458271139,0.21666883379880256,-1.1022570929089168,1.700118374438787,1.7126156389268898,1.6265216611141728,1.6082987706723313,-0.9726183753637179,-0.8990048388558071
FRE1,FR,2002,11.045610808991544,9.450215257230166,16.4,0.4242978801706924,0.200108371063742,-0.8995389099269453,1.8160475072503797,1.6737551939496302,1.700118374438787,1.7126156389268898,-0.9352290879418553,-0.8486220776159167
FRE1,FR,2003,11.06140502136678,9.41284665642134,17.5,0.45229684614749777,0.14139757545363155,-0.7880439092868607,1.308730430327827,1.4385254791404736,1.8160475072503797,1.6737551939496302,-0.8763336906957633,-0.8673908209047531
FRE1,FR,2004,11.086609300097695,9.401479026963205,19.2,0.49697737379212675,0.12353759260058275,-0.6157334537521849,1.9590956846675889,1.2081188692043805,1.308730430327827,1.4385254791404736,-1.1340656347761058,-0.9810016180467517
FRE1,FR,2005,11.101843000814817,9.447328309634019,19.1,0.5239827006768223,0.19557261145310964,-0.6258693629012833,1.6652070340953196,1.7210216217056586,1.9590956846675889,1.2081188692043805,-0.8036610239554017,-1.0922829612344622
FRE1,FR,2006,11.120506841978177,9.466228480967903,19.7,0.5570687603874521,0.22526716977646213,-0.565053908006692,1.6203401271298479,1.6836770096885052,1.6652070340953196,1.7210216217056586,-0.9529650720560782,-0.8445621721527288
FRE1,FR,2007,11.130783595798066,9.525882345286924,20.9,0.5752867299651089,0.31899093142611196,-0.4434229982175091,1.5632908159242351,1.6105036186143031,1.6203401271298479,1.6836770096885052,-0.975758775802913,-0.8625988013416458
FRE1,FR,2008,11.1468859690545,9.581220333549672,22.2,0.6038319837733727,0.40593390622439635,-0.31165617927922745,1.750066542454086,1.3324171719330624,1.5632908159242351,1.6105036186143031,-1.0047414979589655,-0.8979399456195613
FRE1,FR,2009,11.12581333556221,9.61221006686102,22.8,0.5664757716258502,0.4546226946476641,-0.25084072438463584,2.384358607534573,1.3590131502331015,1.750066542454086,1.3324171719330624,-0.9098539546545527,-1.0322496050410919
FRE1,FR,2010,11.125801898218189,9.541841732623967,24.4,0.5664554962364539,0.3440651463479192,-0.08866617799905874,2.4848039543116696,1.334484216878661,2.384358607534573,1.3590131502331015,-0.5876149950681685,-1.0194043303788742
FRE1,FR,2011,11.1461359271529,9.554324468296516,26,0.6025023576302535,0.363677102023631,0.07350836838651871,2.1635253517387842,1.4215757105865625,2.4848039543116696,1.334484216878661,-0.5365858149433345,-1.0312512676321115
FRE1,FR,2012,11.135380144278146,9.569343018455848,25.4,0.5834351960897192,0.3872731428086669,0.012692913491927083,2.0516214427531434,1.4007674581341998,2.1635253517387842,1.4215757105865625,-0.6998047614349904,-0.9891879848003928
FRE1,FR,2013,11.147173077639264,9.549422413884185,26.1,0.6043409514449151,0.35597535487649185,0.08364427753561744,1.9171470706529026,1.3664545120372578,2.0516214427531434,1.4007674581341998,-0.7566552270018371,-0.9992379147174649
FRE1,FR,2014,11.150242442941922,9.555221704881932,27.6,0.6097821252519889,0.3650867741183873,0.23568291477209616,2.0690581754668815,1.3490913344942268,1.9171470706529026,1.3664545120372578,-0.8249721493507163,-1.0158103157065437
FRE1,FR,2015,11.154820928221902,9.541500665891508,29,0.6178985700948144,0.3435292873972131,0.37758564285947616,2.1444618421948394,1.4051771540181441,2.0690581754668815,1.3490913344942268,-0.7477968557284271,-1.0241963499419815
FRE1,FR,2016,11.14966424678697,9.544353912219947,27.8,0.6087571362189319,0.3480120980561203,0.25595473307029326,1.9562715765247412,1.4141343487824058,2.1444618421948394,1.4051771540181441,-0.7094895830174996,-0.997108128244973
FRE1,FR,2017,11.163642430383074,9.562380396395826,28.6,0.6335367629345066,0.376333983412046,0.337042006263082,2.0902387877967934,1.4281902544124787,1.9562715765247412,1.4141343487824058,-0.8050957536640182,-0.9927819994727235
FRE1,FR,2018,11.170626083339823,9.60137210730204,29.7,0.6459169346635129,0.4375948901614,0.44853700690316617,2.386146713935097,1.4565776716653704,2.0902387877967934,1.4281902544124787,-0.737036483880283,-0.9859933050916551
FRE1,FR,2019,11.169558020383448,9.645362969308534,31.9,0.6440235412060776,0.5067100952285868,0.6715270081833349,2.3424277300115093,1.55924090396345,2.386146713935097,1.4565776716653704,-0.5867065846089246,-0.9722828046749872
FRE1,FR,2020,11.101322480570696,9.663201770390902,33,0.5230599557966632,0.5347371067197142,0.7830220088234194,2.649623859929432,1.6125706635599022,2.3424277300115093,1.55924090396345,-0.6089171098058984,-0.9226987133622814
FRE1,FR,2021,11.130792030008747,9.590514595378387,32.1,0.5753016815924701,0.42053636643863335,0.6917988264815323,2.8755608923718636,1.66149072727241,2.649623859929432,1.6125706635599022,-0.4528524721674724,-0.8969416082105804
FRE1,FR,2022,11.133138103660642,9.628806944770833,35.8,0.5794606503841948,0.4806984878440421,1.0668274649981795,3.07759809452175,1.6314496740630393,2.8755608923718636,1.66149072727241,-0.33806983767708865,-0.8733142895313716
FRE1,FR,2023,11.145021721423415,9.651014171857383,34.6,0.6005271652262366,0.5155888487975042,0.9451965552089969,2.765930757651781,1.7434835101145005,3.07759809452175,1.6314496740630393,-0.23542901745768058,-0.8878234598752237
FRE2,FR,2000,11.10744796536511,NA,NA,0.5339188220874026,NA,NA,1.5627058393015836,1.6282905849643399,NA,NA,NA,NA
FRE2,FR,2001,11.105196012006477,9.516561087340659,15.3,0.5299267037106381,0.30434605689864397,-1.0110339105670294,1.716700769755432,1.7308955714812237,1.5627058393015836,1.6282905849643399,-1.005038683228407,-0.8893492306777646
FRE2,FR,2002,11.104668558635145,9.449782985165992,15.3,0.5289916682275507,0.19942921700770688,-1.0110339105670294,1.7117539994252318,1.6975591976994397,1.716700769755432,1.7308955714812237,-0.9268047451060235,-0.8397932708009072
FRE2,FR,2005,11.138636448696618,9.472229073437337,16.9,0.5892077635629699,0.23469485907676066,-0.8488593641814524,2.706235509456986,1.7251573432073097,1.7117539994252318,1.6975591976994397,-0.9293178494191198,-0.8558940087635613
FRE2,FR,2006,11.144799534547221,9.504880821705513,19.6,0.6001332865927701,0.28599488309138454,-0.5751898171557903,2.0945952415146722,1.695783079424181,2.706235509456986,1.7251573432073097,-0.424092094971341,-0.8425647093026757
FRE2,FR,2007,11.161987375465422,9.524273519440477,17.6,0.6306027878031004,0.31646326265076224,-0.777908000137762,2.0403988390600127,1.6213227363460163,2.0945952415146722,1.695783079424181,-0.7348232777078908,-0.8567518349664894
FRE2,FR,2008,11.152965015130883,9.565659203126984,17.1,0.6146085264853706,0.3814854032584273,-0.8285875458832549,2.07659786122855,1.3341380736849118,2.0403988390600127,1.6213227363460163,-0.7623566386022894,-0.8927145488584832
FRE2,FR,2009,11.138178253533159,9.550095881351298,20.1,0.5883955045855906,0.35703345739989134,-0.5245102714102975,2.38126562294435,1.3704801860863647,2.07659786122855,1.3341380736849118,-0.7439664743801441,-1.0314184472088883
FRE2,FR,2010,11.153117708865153,9.504531923805128,21.6,0.6148792121371224,0.2854467203859346,-0.37247163417381873,2.01306492467671,1.353265501264624,2.38126562294435,1.3704801860863647,-0.5891863218925767,-1.0138660033643554
FRE2,FR,2011,11.17559313803833,9.529081073317675,19.7,0.6547222104319017,0.3240165375114602,-0.565053908006692,1.7829656233966138,1.4349669419265365,2.01306492467671,1.353265501264624,-0.776243068241262,-1.0221803188696603
FRE2,FR,2012,11.180676419193324,9.513131643905666,19.8,0.6637335250025708,0.29895796774865574,-0.5549179988575933,1.6960381608586192,1.413653522623429,1.7829656233966138,1.4349669419265365,-0.8931402572935062,-0.9827203135349591
FRE2,FR,2013,11.183174085692375,9.546817724943685,20.2,0.6681612278640315,0.35188305929400515,-0.5143743622611991,1.3054830287206265,1.3808636467724942,1.6960381608586192,1.413653522623429,-0.9373019560279423,-0.9930142279700985
FRE2,FR,2014,11.178897698702299,9.566550035149183,21.4,0.6605803234799332,0.38288501297477234,-0.3927434524720162,1.363390928725702,1.3658349536741488,1.3054830287206265,1.3808636467724942,-1.1357154099709612,-1.0088510194087748
FRE2,FR,2015,11.19684391799675,9.519085104243672,22,0.6923942292005814,0.3083116065125403,-0.3319279975774245,1.7869049206560876,1.4178888815875077,1.363390928725702,1.3658349536741488,-1.1062964995403222,-1.016109548818168
FRE2,FR,2016,11.18065264183811,9.493746078162276,24.1,0.6636913740333531,0.26850079344959277,-0.1190739054463542,1.841495021143091,1.4230806119305726,1.7869049206560876,1.4178888815875077,-0.8911389788284615,-0.9909686424092699
FRE2,FR,2017,11.207545228348339,9.50925641211282,22.7,0.7113648253482674,0.2928694887366745,-0.26097663353373457,2.1773142112125163,1.435376815374673,1.841495021143091,1.4230806119305726,-0.8634056077946998,-0.9884611504314793
FRE2,FR,2018,11.197801668718787,9.516575235162094,24.1,0.694092068209168,0.30436828491453527,-0.1190739054463542,2.259513742071882,1.4685765646737448,2.1773142112125163,1.435376815374673,-0.6927996166833618,-0.9825223536419756
FRE2,FR,2019,11.203050769164562,9.544483734903935,28.1,0.7033973365757337,0.34821606590346255,0.28636246051758907,3.4101505261755696,1.5582022253329666,2.259513742071882,1.4685765646737448,-0.6510398458130613,-0.9664876023103162
FRE2,FR,2020,11.13475177721989,9.585557597243957,28.1,0.5823212672994076,0.41274829575867644,0.28636246051758907,2.2344071281699796,1.6308864501358724,3.4101505261755696,1.5582022253329666,-0.06648263536719844,-0.9232003723779348
FRE2,FR,2021,11.17074408102046,9.54930388355746,32.6,0.6461261133782873,0.35578912874986834,0.7424783722270253,2.336760582187208,1.685536243220764,2.2344071281699796,1.6308864501358724,-0.6637947415273242,-0.8880954846888693
FRE2,FR,2022,11.191903412886894,9.624837113436094,31.6,0.683636018838919,0.47446138099348406,0.6411192807360394,2.001569858712716,1.6636763259868073,2.336760582187208,1.685536243220764,-0.6117961869996094,-0.8617008322910757
FRE2,FR,2023,11.2038975815001,9.652981191053403,31.8,0.7048985111331056,0.5186792846040114,0.6613910990342365,2.263212977498692,1.765188316641993,2.001569858712716,1.6636763259868073,-0.78208289866093506,-0.8722586932501932
FRF1,FR,2000,11.168728396583123,NA,NA,0.6425528373807156,NA,NA,3.5780706719495434,4.018860472540134,NA,NA,NA,NA
FRF1,FR,2001,11.168934395934988,9.57724824489551,19.5,0.6429180198100176,0.39969325283967866,-0.5853257263048891,3.550435610920937,4.28412841933803,3.5780706719495434,4.018860472540134,0.01882572027324784,0.26524363515761756
FRF1,FR,2002,11.168871001799465,9.559897706291057,21.2,0.6428056387553961,0.3724333634222849,-0.41301527077021327,3.7563034489527993,4.196954357232431,3.550435610920937,4.28412841933803,0.004786299312125908,0.3933622400557308
FRF1,FR,2003,11.170984565570336,9.545953006189459,22.4,0.6465524289532552,0.35052447682260596,-0.2913843609810304,4.720216797577965,3.5458730808812415,3.7563034489527993,4.196954357232431,0.10937319483204323,0.351259078497429
FRF1,FR,2005,11.185156464331511,9.608537364233596,25.4,0.6716754614802227,0.4488524145561356,0.012692913491927083,4.5828000238745785,4.274934279975329,4.720216797577965,3.5458730808812415,0.5990694273601718,0.03680109060886356
FRF1,FR,2006,11.200801724662506,9.562731427231293,25.7,0.6994103748332078,0.37688549722813525,0.043100640939222896,4.340715243771644,4.186057599469232,4.5828000238745785,4.274934279975329,0.5292576787577704,0.3889216722351282
FRF1,FR,2007,11.223063688874522,9.621761777232997,26.1,0.7388749561456895,0.46962963906725913,0.08364427753561744,4.1283326301077254,4.004899001656034,4.340715243771644,4.186057599469232,0.4062715151800038,0.3459961833026418
FRF1,FR,2008,11.231608142449996,9.67749735952447,24.8,0.7540220150345025,0.5571972843442606,-0.04812254140266419,3.2380500533744514,3.2891182260858463,4.1283326301077254,4.004899001656034,0.29837492269683313,0.2585005506892958
FRF1,FR,2009,11.215025503135255,9.64476552748838,28.8,0.724625376383051,0.5057714386069091,0.3573138245612791,3.962004749406324,3.369481814589444,3.2380500533744514,3.2891182260858463,-0.1539147196590301,-0.08720587741832148
FRF1,FR,2010,11.204186427139172,9.603299877448585,29.5,0.7054105581430363,0.4406236607497356,0.4282651886049691,3.6601787244460766,3.3224895467356457,3.962004749406324,3.369481814589444,0.21387548438109963,-0.04839202535676268
FRF1,FR,2011,11.226523521879345,9.582791664586066,30.9,0.7450083260337238,0.4084026659134618,0.5701679166923491,4.64422158548233,3.4913892920652425,3.6601787244460766,3.3224895467356457,0.06053901745408154,-0.07108826088428415
FRF1,FR,2012,11.210235221434868,9.59965197507358,29.4,0.7161334724398852,0.43489234498974294,0.41812927945587036,4.833169774288518,3.4328192190880435,4.64422158548233,3.4913892920652425,0.5604616322648056,0.010486614634925076
FRF1,FR,2013,11.223373538524678,9.60353413857808,28.8,0.7394242377183655,0.4409917145969635,0.3573138245612791,4.1265134667655055,3.3602876752267448,4.833169774288518,3.4328192190880435,0.6564528500784976,-0.017801447037058795
FRF1,FR,2014,11.231179205212339,9.60249186479265,29.9,0.7532616226301184,0.43935417072693195,0.46880882520136324,3.6434694906707006,3.340196778100845,4.1265134667655055,3.3602876752267448,0.2974507344009567,-0.05283259317736444
FRF1,FR,2015,11.233211562167625,9.623544214309371,30.5,0.7568644545974162,0.4724300730309023,0.5296242800959549,3.5279655808236012,3.481854629022443,3.6434694906707006,3.340196778100845,0.05205023696369403,-0.0625360561927544
FRF1,FR,2016,11.23858129371968,9.575401686707865,32.4,0.7663835700467114,0.39679207650472353,0.7222065539288278,3.746215943491423,3.491729815745342,3.5279655808236012,3.481854629022443,-0.006629134553535769,0.0058815813394859015
FRF1,FR,2017,11.243145559993556,9.63325544231495,33.7,0.774474808348136,0.48768763981740143,0.8539733728671098,4.170352584354859,3.522036423274242,3.746215943491423,3.491729815745342,0.10424844640202247,0.010651080109761853
FRF1,FR,2018,11.258899290149873,9.679081184618576,32,0.8024020100455199,0.559685673777357,0.6816629173324337,4.827915869980879,3.580947019931541,4.170352584354859,3.522036423274242,0.3197222910211485,0.025288507370265403
FRF1,FR,2019,11.263132734275562,9.665831906343064,33,0.8099067880758387,0.538869382774259,0.7830220088234194,4.819557625145518,3.8298698300846366,4.827915869980879,3.580947019931541,0.6537837127030444,0.053741034517086485
FRF1,FR,2020,11.19069179310223,9.664734912600672,35.4,0.6814881370502186,0.5371458669347275,1.0262838284017852,4.295826214303149,4.000472193814734,4.819557625145518,3.8298698300846366,0.6495374793541008,0.17396529662301793
FRF1,FR,2021,11.219161180458837,9.64730502597566,39,0.731956839701575,0.5097613117467055,1.3911765577693342,4.896783485357656,4.121698623930333,4.295826214303149,4.000472193814734,0.3834665725532428,0.2563624995164132
FRF1,FR,2022,11.218832824765526,9.730236807615885,37.7,0.7313747518033701,0.6400576240536838,1.259409738831053,4.300445277712679,4.0736847850362325,4.896783485357656,4.121698623930333,0.6887704797618313,0.31491220855842655
FRF1,FR,2023,11.2371766135074,9.735736686051359,40.5,0.763893443123156,0.6486986283117108,1.543215195005813,4.2093156986774005,4.333844876632629,4.300445277712679,4.0736847850362325,0.3858131921458458,0.29172257660639284
FRF2,FR,2000,11.140357699453908,NA,NA,0.5922590864302303,NA,NA,1.7832967578734475,1.5105046411944671,NA,NA,NA,NA
FRF2,FR,2001,11.11610521110683,9.721475822110401,15.5,0.5492658316891836,0.6262930083543417,-0.9907620922688324,1.6102287483767859,1.6102287483767859,1.7832967578734475,1.5105046411944671,-0.8929720312740234,-0.9462372602138058
FRF2,FR,2005,11.174124043527934,9.594309974495525,18.3,0.6521178939749578,0.42649938680295313,-0.706956636094072,1.5613314735139454,1.619317527765554,1.6102287483767859,1.6102287483767859,-0.9808956525648147,-0.8980727019204404
FRF2,FR,2006,11.18555752701939,9.636508489859215,20.2,0.6723864396718336,0.4927985887249742,-0.5143743622611991,1.4288228672438181,1.5842247406811434,1.5613314735139454,1.619317527765554,-1.0057369013299426,-0.8936830206582603
FRF2,FR,2007,11.205570531427005,9.646698885193372,20.4,0.7078642093883595,0.5088089879558858,-0.494102543963002,1.5358243563052052,1.5140391665123212,1.4288228672438181,1.5842247406811434,-1.0730551570223097,-0.9106320677539003
FRF2,FR,2008,11.20031113572808,9.711180771937535,21.7,0.6985406902577919,0.6101181831424698,-0.3623357250247204,1.6590701914311758,1.2422594161787357,1.5358243563052052,1.5140391665123212,-1.018695264462468,-0.9445301619451804
FRF2,FR,2009,11.159455651980444,9.753160279730677,20.9,0.6261147109028731,0.6760732964865614,-0.4434229982175091,1.9526306273729885,1.275458707557153,1.6590701914311758,1.2422594161787357,-0.9560827679947591,-1.075793825243428
FRF2,FR,2010,11.159087875851656,9.628610179680244,19.6,0.6254627409867803,0.4803893450137854,-0.5751898171557903,1.3155523517750947,1.26018450886214,1.9526306273729885,1.275458707557153,-0.806945462546028,-1.0597592950774093
FRF2,FR,2011,11.211234829364255,9.614647659908606,20.9,0.7179055132191353,0.45845246145990126,-0.4434229982175091,1.0730024908986395,1.3363030362430746,1.3155523517750947,1.26018450886214,-1.1305998987365595,-1.067136398309684
FRF2,FR,2012,11.18921132164316,9.73376464049415,21.3,0.6788636522688739,0.6456002954563947,-0.40287936162111454,1.0859026565832846,1.3152221173830145,1.0730024908986395,1.3363030362430746,-1.2538223369783708,-1.0303728177389253
FRF2,FR,2013,11.20278255708075,9.714070608787797,23.2,0.7029218674082433,0.6146584821365442,-0.21029708778824163,1.203868166567989,1.2801293302986034,1.0859026565832846,1.3152221173830145,-1.2472686747184076,-1.0405544395553707
FRF2,FR,2014,11.19570481701868,9.73928717904783,24.7,0.6903749040977258,0.6542769016245745,-0.058258450551762916,1.4913657770800626,1.2651075976977224,1.203868166567989,1.2801293302986034,-1.1873387381840055,-1.0575034866510111
FRF2,FR,2015,11.198214720130528,9.692203686665087,23.3,0.6948242992409687,0.5803027832989947,-0.20016117863914293,1.6206482593037215,1.3167369139478096,1.4913657770800626,1.2651075976977224,-1.0412815257494998,-1.06475865429267
FRF2,FR,2016,11.176483073601384,9.668620891440947,23.6,0.6562998310792318,0.5432512309167451,-0.1697534511918471,1.3037278468119782,1.3238059645835176,1.6206482593037215,1.3167369139478096,-0.9756022356275105,-1.039822826011674
FRF2,FR,2017,11.192670038583294,9.680216412705992,22.9,0.6849950436690591,0.5614692606060978,-0.24070481523553747,1.1704026978774051,1.3398375615609286,1.3037278468119782,1.3238059645835176,-1.1366070938233452,-1.0364086294744232
FRF2,FR,2018,11.20714129631492,9.696861125522034,24.9,0.7106487605650439,0.587620208486941,-0.03798663225356583,1.3477639371043495,1.3701334928568232,1.1704026978774051,1.3398375615609286,-1.204340177121376,-1.0286657194702997
FRF2,FR,2019,11.218737365332263,9.763394682859937,28.3,0.7312055274469669,0.6921528375265771,0.30663427881578614,1.3138985834530899,1.4639246468270293,1.3477639371043495,1.3701334928568232,-1.114235469296929,-1.014033448596366
FRF2,FR,2020,11.148357429275668,9.784640492078507,27.1,0.6064404940105348,0.7255326894772623,0.18500336902660325,1.1933701657458564,1.520603284959765,1.3138985834530899,1.4639246468270293,-1.1314400615145885,-0.9687343766824792
FRF2,FR,2021,11.192694607270672,9.792307350350688,24.8,0.6850385974611473,0.7375782929852048,-0.04812254140266419,1.448400724200362,1.5703391055038582,1.1933701657458564,1.520603284959765,-1.1926720302885376,-0.9413598365891613
FRF2,FR,2022,11.247406197209582,9.802494412006206,31.3,0.7820277925436677,0.7535834545855681,0.6107115532887436,1.1117500479202604,1.5491319535967323,1.448400724200362,1.5703391055038582,-1.0631090318791436,-0.9173385252377867
FRF2,FR,2023,11.273745785258006,9.840159001248486,28.9,0.8287209236786678,0.8127592854403312,0.3674497337103774,1.053236307927997,1.6458264676494618,1.1117500479202604,1.5491319535967323,-1.2341374423556122,-0.9275811148495403
FRF3,FR,2000,11.079170869268248,NA,NA,0.48379100103946754,NA,NA,2.3882379625592045,2.5796520063571133,NA,NA,NA,NA
FRF3,FR,2001,11.08860576974628,9.453917349878852,18.2,0.500516587045464,0.20592482659384428,-0.7170925452431707,2.9207373400890186,2.7259731070247595,2.3882379625592045,2.5796520063571133,-0.5856441690152763,-0.4298625134393929
FRF3,FR,2002,11.09385764253093,9.391637260988144,18,0.5098267700364482,0.10807493416281022,-0.7373643635413678,2.491383130771262,2.686147363835521,2.9207373400890186,2.7259731070247595,-0.31511887815603984,-0.35919262847595296
FRF3,FR,2005,11.146813109133863,9.594669245255176,17.2,0.6037028223824449,0.42706384658153707,-0.8184516367341566,1.7304296935566326,2.7908824674713086,2.491383130771262,2.686147363835521,-0.5332434004721628,-0.37842758964645296
FRF3,FR,2006,11.162246448150942,9.515049529698198,20.2,0.6310620552318933,0.30197120876736305,-0.5143743622611991,2.0821566464078227,2.716951806081341,1.7304296935566326,2.7908824674713086,-0.9198300494327011,-0.32784282988314906
FRF3,FR,2007,11.163522295183505,9.580391808018096,20.1,0.6333237949633628,0.404632187880941,-0.5245102714102975,1.7081950727382538,2.607816067839006,2.0821566464078227,2.716951806081341,-0.7411424485861184,-0.363549719127834
FRF3,FR,2008,11.14383253156761,9.596282433788465,21.5,0.598419045775793,0.4295983696894013,-0.38260754332291746,1.600418410041841,2.1516902908705404,1.7081950727382538,2.607816067839006,-0.9311258884850199,-0.41625988896522703
FRF3,FR,2009,11.130468115107192,9.593851165644606,20.1,0.5747274660448657,0.4257785401004446,-0.5245102714102975,1.5492200107584724,2.215279460935126,1.600418410041841,2.1516902908705404,-0.985879591971091,-0.6365586431444913
FRF3,FR,2010,11.121175829829408,9.528394059960773,21.5,0.5582546991123795,0.3229371526828748,-0.38260754332291746,1.8765638031693077,2.1730333687122867,1.5492200107584724,2.215279460935126,-1.0118898793857183,-0.6058464675739139
FRF3,FR,2011,11.138634016501104,9.496258817057397,23.9,0.5892034519228696,0.272448623887444,-0.13934572374455165,2.2662289526633486,2.294490883852949,1.8765638031693077,2.1730333687122867,-0.8455896386911672,-0.6262504042851627
FRF3,FR,2012,11.130885754690308,9.524832316172592,24.7,0.5754678306923973,0.3173412029540299,-0.058258450551762916,1.259500542888165,2.279308694460367,2.2662289526633486,2.294490883852949,-0.6476283220158605,-0.5675890862403223
FRF3,FR,2013,11.147173077639264,9.523490145002027,25.5,0.6043409514449151,0.3152324823821263,0.022828822641025807,1.393651144784869,2.2170397147777443,1.259500542888165,2.279308694460367,-1.159075860478832,-0.5749217509959271
FRF3,FR,2014,11.158925565515382,9.526799425637998,27.6,0.6251750076402203,0.3204317805851543,0.23568291477209616,2.144035184167125,2.1789742254311237,1.393651144784869,2.2170397147777443,-1.0909234228827607,-0.6049963035442785
FRF3,FR,2015,11.166200851884664,9.515621774867993,28.1,0.6380721683650208,0.30287027826623514,0.28636246051758907,2.148523578669017,2.2700673617866207,2.144035184167125,2.1789742254311237,-0.7097063378005387,-0.6233811006851432
FRF3,FR,2016,11.156791860711202,9.497614692732073,30.5,0.6213925127112262,0.27457887596768316,0.5296242800959549,1.9450928087140156,2.2830492338759303,2.148523578669017,2.2700673617866207,-0.707426101842803,-0.5793851121515129
FRF3,FR,2017,11.170630579017002,9.514104112574167,30.2,0.6459249043114706,0.30048583895597375,0.49921655264865905,2.329378469576575,2.3013118674930952,1.9450928087140156,2.2830492338759303,-0.8107748953514188,-0.5731151524329523
FRF3,FR,2018,11.178856582476337,9.5348466547459,30.5,0.6605074352735164,0.33307499475843355,0.5296242800959549,1.638091077863929,2.3697417356248813,2.329378469576575,2.3013118674930952,-0.6155465165688403,-0.5642947006254853
FRF3,FR,2019,11.185774591972693,9.56342214188265,28.9,0.6727712384891429,0.37797069725818744,0.3674497337103774,2.1668472372697725,2.5217836612810367,1.638091077863929,2.3697417356248813,-0.9667407725657234,-0.5312445739734105
FRF3,FR,2020,11.1195686007985,9.57855190222415,33,0.5554055066433783,0.4017414632974116,0.7830220088234194,2.610059370449199,2.6111165437939157,2.1668472372697725,2.5217836612810367,-0.6981171462237945,-0.4578116559136557
FRF3,FR,2021,11.154954279287827,9.54710874601111,32.5,0.6181349663055967,0.3523402901787066,0.7323424630779265,2.1081677704194264,2.711010949362504,2.610059370449199,2.6111165437939157,-0.4729523924227557,-0.4146658314096606
FRF3,FR,2022,11.153972190563485,9.637164984447795,31.1,0.6163939824486129,0.49383002471066706,0.5904397349905465,1.6072378924960087,2.679766443656029,2.1081677704194264,2.711010949362504,-0.7279280352257558,-0.36641902272785354
FRF3,FR,2023,11.182670369369525,9.624720892585335,30.3,0.667268271896974,0.4742787833455439,0.5093524617977578,1.947015639961698,2.840609638525276,1.6072378924960087,2.679766443656029,-0.9824150950115244,-0.3815094342538814
FRG0,FR,2000,11.044147834478684,NA,NA,0.42170441285258026,NA,NA,3.561570092528416,3.1510379176984085,NA,NA,NA,NA
FRG0,FR,2001,11.060328673649419,9.51451572490276,17.4,0.45038876599752903,0.30113253395582806,-0.7981798184359594,3.21200285389608,3.393425449829054,3.561570092528416,3.1510379176984085,0.010442942310288705,-0.15389564030919217
FRG0,FR,2002,11.064443757324636,9.605955938138049,19.2,0.4576837222179959,0.4447966678437113,-0.6157334537521849,3.13669853961088,3.3293933693455617,3.21200285389608,3.393425449829054,-0.1671474604138499,-0.03682777426605192
FRG0,FR,2003,11.074190583663752,9.583963107167554,20.4,0.47496227037014305,0.41024315029023933,-0.494102543963002,3.1802615193026154,2.806144093634959,3.13669853961088,3.3293933693455617,-0.20540425917192642,-0.06775386586248232
FRG0,FR,2004,11.095388987749741,9.502019388712844,21.1,0.5125414405538259,0.2814992101481012,-0.4231511799193116,3.602484686335088,2.3700114252774345,3.1802615193026154,2.806144093634959,-0.18327298869707614,-0.32047179890799266
FRG0,FR,2005,11.105244364638308,9.512109358448999,22.8,0.5300124201529246,0.29735182806982163,-0.25084072438463584,3.558649823664098,3.3750127914925994,3.602484686335088,2.3700114252774345,0.03122875513373688,-0.5311143197815352
FRG0,FR,2006,11.113927870880135,9.557822566771172,21.8,0.5454059826838109,0.3691730569195683,-0.35219981587562166,3.048895158845806,3.3219733428517673,3.558649823664098,3.3750127914925994,0.008959360136781742,-0.045720684725111246
FRG0,FR,2007,11.12282810435695,9.6037787657198,22.4,0.5611837453466524,0.44137605475975683,-0.2913843609810304,2.7819598840699853,3.1834661816342535,3.048895158845806,3.3219733428517673,-0.250010950038088,-0.07133757604747602
FRG0,FR,2008,11.1361578968145,9.645324907613915,22.4,0.5848139458675748,0.5066502954949871,-0.2913843609810304,3.119631691060263,2.60470411511822,2.7819598840699853,3.1834661816342535,-0.38562189325515495,-0.13823349950069994
FRG0,FR,2009,11.116438266896754,9.704196844379958,22.6,0.549856251616996,0.599145550115977,-0.2711125426828329,2.8843537414965983,2.689897011898833,3.119631691060263,2.60470411511822,-0.21407471844950132,-0.4177628939302398
FRG0,FR,2010,11.108733989706042,9.597177136711228,26.4,0.5361986034979394,0.43100406107984973,0.1140520049829129,2.686947199142321,2.653346511021989,2.8843537414965983,2.689897011898833,-0.33360281261128555,-0.3766165918062335
FRG0,FR,2011,11.147629579409683,9.574741226018634,26.4,0.6051502084838002,0.3957544092735551,0.1140520049829129,2.9142041980843696,2.8066937252270927,2.686947199142321,2.653346511021989,-0.43389112193408297,-0.3942696827175008
FRG0,FR,2012,11.141341413794645,9.64406152915285,27.1,0.5940029520756226,0.504665368229841,0.18500336902660325,3.3043134151167393,2.7410127499672003,2.9142041980843696,2.8066937252270927,-0.318437905774872,-0.32020633889428907
FRG0,FR,2013,11.154477712018151,9.611777799782104,27.5,0.6172901384374957,0.45394354842409734,0.22554700562299745,3.248259860788863,2.6690110113977794,3.3043134151167393,2.7410127499672003,-0.1202509897748772,-0.35192881053182973
FRG0,FR,2014,11.163239015769102,9.617149533355297,28.2,0.6328216153992703,0.46238322090477657,0.29649836966668747,2.7126678957071375,2.66186580070005,3.248259860788863,2.6690110113977794,-0.14872783825230806,-0.38670407232695764
FRG0,FR,2015,11.174651606402387,9.610536186584921,30.4,0.6530531235781503,0.45199281713984324,0.5194883709468562,3.0672050013024226,2.759425408303655,2.7126678957071375,2.66186580070005,-0.4208242542288534,-0.3901550525051004
FRG0,FR,2016,11.172296047247167,9.596004936662005,32.4,0.6488773394949403,0.42916238662550993,0.7222065539288278,2.772429726607624,2.7808610403968412,3.0672050013024226,2.759425408303655,-0.24070901342524073,-0.3430359000727704
FRG0,FR,2017,11.174800147253729,9.610186620240325,32.2,0.6533164472655919,0.4514436042240387,0.701934735630631,3.6274696652055147,2.7761891718637113,2.772429726607624,2.7808610403968412,-0.3904634925663114,-0.33268295953834315
FRG0,FR,2018,11.178856582476337,9.647100713654098,33.3,0.6605074352735164,0.509440311262549,0.8134297362707149,3.69887991664496,2.844893120880335,3.6274696652055147,2.7761891718637113,0.04392185668699768,-0.33493936965482074
FRG0,FR,2019,11.192454643533068,9.712684200817906,34.6,0.6846132051487469,0.6124802599609559,0.9451965552089969,4.491771539206195,3.0133552038690947,3.69887991664496,2.844893120880335,0.08020035738797845,-0.30175686794191214
FRG0,FR,2020,11.14429513526679,9.74751042203134,35.1,0.5992391199223455,0.6671966558462283,0.9958761009544898,3.690131790421086,3.1675268654623974,4.491771539206195,3.0133552038690947,0.48301254058385557,-0.22039337374186097
FRG0,FR,2021,11.164195269141556,9.702829444189337,35.9,0.6345168000026209,0.5969971915643832,1.0769633741472782,3.58516313112517,3.2796517102575264,3.690131790421086,3.1675268654623974,0.07575605286660016,-0.1459318398980945
FRG0,FR,2022,11.152682699733612,9.766447203201842,38.6,0.6141080558689743,0.6969487328507328,1.3506329211729402,3.283273545327415,3.2400782356239515,3.58516313112517,3.2796517102575264,0.022428897408015843,-0.09177799710262802
FRG0,FR,2023,11.159764003160618,9.765026638213268,40,0.6266613360841401,0.6947168456810268,1.4925356492603201,3.618304363249379,3.4299759507058982,3.283273545327415,3.2400782356239515,-0.13093986028736657,-0.11089111808926325
FRH0,FR,2000,11.038189524895055,NA,NA,0.41114190404569007,NA,NA,3.8058738206448695,3.6442984896027637,NA,NA,NA,NA
FRH0,FR,2001,11.042970475039661,9.529746416390946,20.1,0.41961726560569657,0.3250618755851346,-0.5245102714102975,3.9588598738767744,3.8681075084016405,3.8058738206448695,3.6442984896027637,0.1345563965142779,0.08433840600692595
FRH0,FR,2002,11.043707858845458,9.467092892413957,22.5,0.42092445228901143,0.22662526942787686,-0.28124845183193165,3.4262961303494337,3.8197163692018843,3.9588598738767744,3.8681075084016405,0.21227779543863723,0.1924332572630188
FRH0,FR,2003,11.055875053357319,9.438495238450882,23.2,0.44249367379099125,0.18169474004187336,-0.21029708778824163,3.535004954266359,3.2323370808890415,3.4262961303494337,3.8197163692018843,-0.05828019523385172,0.16906139753197214
FRH0,FR,2004,11.09887939268951,9.476355162158521,22.3,0.5187290064059271,0.24117746603381404,-0.3015202701301287,3.9539080815676564,2.736964629607317,3.535004954266359,3.2323370808890415,-0.003052926526959759,-0.11462992617711987
FRH0,FR,2005,11.117058848052071,9.557062874259955,23.1,0.5509563780583004,0.36797948395223246,-0.22043299693734,2.7252046942110755,3.970301953685338,3.9539080815676564,2.736964629607317,0.20976213981306108,-0.3538839639502073
FRH0,FR,2006,11.13353634226851,9.616032022657388,27.1,0.5801666222280226,0.46062747033459245,0.18500336902660325,2.281386079220014,3.900580509706741,2.7252046942110755,3.970301953685338,-0.41445519314665225,0.2417909347213484
FRH0,FR,2007,11.133948155401029,9.642009395541644,27.7,0.5808966581178963,0.5014412069178197,0.24581882392119453,3.0031277184060503,3.6834571088236197,2.281386079220014,3.900580509706741,-0.6399280574834337,0.2081170052404321
FRH0,FR,2008,11.109614574257268,9.680156706493488,30.2,0.537759647271678,0.5613754545988325,0.49921655264865905,2.881133965025807,3.042911239942624,3.0031277184060503,3.6834571088236197,-0.273262151183679,0.10325116092086531
FRH0,FR,2009,11.087773884009186,9.682961259906447,27.8,0.49904187340377526,0.5657817625322834,0.25595473307029326,2.734315661552484,3.1365098907632065,2.881133965025807,3.042911239942624,-0.33523855342717745,-0.20611845604536325
FRH0,FR,2010,11.081769628067686,9.575398221244093,27.9,0.48839791384263365,0.3967866318230709,0.2660906422193916,2.8972035014331086,3.082388221921373,2.734315661552484,3.1365098907632065,-0.40982655470302226,-0.16091235893399608
FRH0,FR,2011,11.109602183820444,9.58246660423687,27.9,0.5377376823005333,0.40789195501421693,0.2660906422193916,2.980694980694981,3.2651284449520355,2.8972035014331086,3.082388221921373,-0.32707475794872176,-0.18705193889635124
FRH0,FR,2012,11.112703435607116,9.62264594421974,30,0.5432353824198946,0.4710187771703788,0.478944734350462,3.1898539584934666,3.20272934440498,2.980694980694981,3.2651284449520355,-0.28465863942411124,-0.09879241596463369
FRH0,FR,2013,11.124933465711425,9.61931206312044,31.9,0.5649159948271817,0.4657808285297337,0.6715270081833349,2.792334181763737,3.1291875473316653,3.1898539584934666,3.20272934440498,-0.17839974844242573,-0.12892981403887882
FRH0,FR,2014,11.137074732567275,9.587923752179066,33.3,0.5864392534447024,0.41646582426577017,0.8134297362707149,3.284426901020332,3.0744291529740444,2.792334181763737,3.1291875473316653,-0.38035144596546716,-0.16444889034066723
FRH0,FR,2015,11.146200185177994,9.584404285374019,33.6,0.6026162701328601,0.4109362970216333,0.843837463718011,3.465602601049287,3.1973171775207967,3.284426901020332,3.0744291529740444,-0.13035392179155486,-0.19089599477316835
FRH0,FR,2016,11.153946908578972,9.564993025659584,32.8,0.6163491641691451,0.3804387542461012,0.762750190525222,2.874466651695486,3.2367941594995453,3.465602601049287,3.1973171775207967,-0.038311356081298015,-0.13154377203511422
FRH0,FR,2017,11.1692368505684,9.610953166327919,33.8,0.6434541919716438,0.4526479450262182,0.8641092820162078,2.894658310951954,3.2743609649309358,2.874466651695486,3.2367941594995453,-0.3386257440118909,-0.11247725488610243
FRH0,FR,2018,11.165101207407853,9.663550259012105,34,0.6361227892151556,0.5352846263958339,0.8843811003144052,3.369212621645532,3.3310295358359148,2.894658310951954,3.2743609649309358,-0.32836778931037425,-0.09433331114752637
FRH0,FR,2019,11.180398234936312,9.680225384707466,37.7,0.663240377806478,0.5614833567545584,1.259409738831053,3.5709026652922984,3.558022182213723,3.369212621645532,3.3310295358359148,-0.08728029072133263,-0.06696363330458951
FRH0,FR,2020,11.12373238197028,9.723503528488529,37.7,0.5627867906601945,0.629478791395366,1.259409738831053,4.018804974218987,3.6834571088236197,3.5709026652922984,3.558022182213723,0.015184162803589413,0.04266884030223014
FRH0,FR,2021,11.154954279287827,9.706233206599087,38.1,0.6181349663055967,0.6023449325773947,1.2999533754274473,4.077313769751694,3.799341152696723,4.018804974218987,3.6834571088236197,0.24273166334903704,0.10325116092086531
FRH0,FR,2022,11.151391543969993,9.74230463757885,40.4,0.6118191778016508,0.659017710411689,1.5330792858567144,4.141716566866268,3.740444042486492,4.077313769751694,3.799341152696723,0.2724558463194161,0.1592206144873205
FRH0,FR,2023,11.157321999505067,9.779624851247746,42.1,0.6223323087390216,0.7176524837083861,1.7053897413913905,3.8251366120218573,3.9922689839799648,4.141716566866268,3.740444042486492,0.3051743548412279,0.13077460099887503
FRI1,FR,2000,11.057914030242832,NA,NA,0.4461082411457079,NA,NA,3.7725007956782703,3.2747027120700984,NA,NA,NA,NA
FRI1,FR,2001,11.090462780493493,9.594155631078113,20,0.5038085765093566,0.42625689378375226,-0.5346461805593962,3.846827456965334,3.4809675597286462,3.7725007956782703,3.2747027120700984,0.11760192169813354,-0.09416825476877434
FRI1,FR,2002,11.099277710000269,9.552446242857604,20.3,0.5194351177691894,0.360726172433899,-0.5042384531121004,3.489825129022722,3.4281955354308615,3.846827456965334,3.4809675597286462,0.15536204407903342,0.005453146310900415
FRI1,FR,2003,11.106336208637169,9.54350220300233,20.4,0.5319479711161378,0.3466739552112603,-0.494102543963002,2.5251903848007644,2.9526798756293116,3.489825129022722,3.4281955354308615,-0.02600560193045368,-0.02003458491443564
FRI1,FR,2005,11.141915140158316,9.67050284431491,21.5,0.5950200173495833,0.5462080167781266,-0.38260754332291746,3.57212588581502,3.517283791503466,2.5251903848007644,2.9526798756293116,-0.5160683245652035,-0.2496982275685419
FRI1,FR,2006,11.16538616815561,9.657471546460824,21.8,0.636627949339107,0.5257342005718473,-0.35219981587562166,3.2117544489461003,3.4486234158041977,3.57212588581502,3.517283791503466,0.01580559468061688,0.022993090379948875
FRI1,FR,2007,11.168112968892105,9.698102148678073,22.7,0.6414618466701546,0.5895700127419726,-0.26097663353373457,2.839620200511596,3.3050608120693616,3.2117544489461003,3.4486234158041977,-0.16727365740896358,-0.010168366375595787
FRI1,FR,2008,11.1468859690545,9.70445634495582,23.7,0.6038319837733727,0.5995532583239497,-0.15961754204274872,2.7686424474187383,2.7152057662892775,2.839620200511596,3.3050608120693616,-0.356328762531206,-0.07950595777355417
FRI1,FR,2009,11.141245740601022,9.719245801078793,24.3,0.5938333487785721,0.6227893634182424,-0.0988020871481571,3.4628378378378377,2.7693963933907666,2.7686424474187383,2.7152057662892775,-0.3923875413959856,-0.36439301808255553
FRI1,FR,2010,11.156107247713518,9.648392791471885,27,0.6201788747295376,0.511470328844972,0.17486745987750454,3.10662041924295,2.7362010877840954,3.4628378378378377,2.7693963933907666,-0.03971593682541789,-0.338220132792022
FRI1,FR,2011,11.178491690792342,9.632419630125867,29,0.6598605787160204,0.48637447321390165,0.37758564285947616,3.0046876200722354,2.9084194681537503,3.10662041924295,2.7362010877840954,-0.2206848258812796,-0.3542527379176367
FRI1,FR,2012,11.172068044656722,9.692138003432182,26.8,0.6484731511365196,0.5801995866371292,0.15459564157930744,3.207374676215146,2.852526517687816,3.0046876200722354,2.9084194681537503,-0.2724696754179531,-0.27107503440269465
FRI1,FR,2013,11.164615380302607,9.687169629514468,27.4,0.6352615461048807,0.5723936431636277,0.21541109647389872,3.9751276926493446,2.742159219559652,3.207374676215146,2.852526517687816,-0.1694987103234573,-0.29807010457146516
FRI1,FR,2014,11.174651407820846,9.645035806935606,29,0.6530527715455408,0.5061960817843436,0.37758564285947616,3.767964852185569,2.7214476186255747,3.9751276926493446,2.742159219559652,0.22054232417012576,-0.3513750908438084
FRI1,FR,2015,11.181639755036315,9.653857735155082,32.8,0.6654412649551144,0.5200564461910938,0.762750190525222,3.8542805100182145,2.8323823578752205,3.767964852185569,2.7214476186255747,0.11529752945944886,-0.36137834019568776
FRI1,FR,2016,11.187563519377957,9.6226164765781,33.5,0.6759425341742303,0.4709724797803797,0.8337015545689124,3.264680105170903,2.8667125457248543,3.8542805100182145,2.8323823578752205,0.15914841347212624,-0.3077992922972655
FRI1,FR,2017,11.19130671185543,9.661708596112696,32.4,0.6825782255484808,0.5323911411775063,0.7222065539288278,3.1580482824009914,2.905298541985601,3.264680105170903,2.8667125457248543,-0.14038587284375242,-0.2912185639194933
FRI1,FR,2018,11.196460286894585,9.695563211482938,34.4,0.691714152605308,0.5855810214630889,0.9249247369107995,3.239678899082569,2.969986829834499,3.1580482824009914,2.905298541985601,-0.19455796409294032,-0.2725823733461289
FRI1,FR,2019,11.203050769164562,9.725216501744034,35.4,0.7033973365757337,0.6321700889155515,1.0262838284017852,3.018251544634614,3.187884220483419,3.239678899082569,2.969986829834499,-0.15308721829931513,-0.24133934797313603
FRI1,FR,2020,11.127878897932128,9.756012106317117,35.7,0.5701374680209788,0.6805538765513202,1.0566915558490815,2.7873341290458473,3.3203817223493646,3.018251544634614,3.187884220483419,-0.2655788041939303,-0.136099683558844
FRI1,FR,2021,11.168129700446391,9.684477532977128,36,0.6414915072957094,0.5681640191973726,1.0870992832963768,2.994372990353698,3.4230885653375274,2.7873341290458473,3.3203817223493646,-0.3828916192931681,-0.07210629386942391
FRI1,FR,2022,11.161674410925576,9.760668378777813,39.9,0.6300479843539052,0.6878694691833133,1.4823997401112214,4.007059746372075,3.324353810199735,2.994372990353698,3.4230885653375274,-0.2777098096274178,-0.022501139549145656
FRI1,FR,2023,11.177891387753174,9.754660713317344,41.2,0.6587964000175134,0.6784306673200059,1.6141665590495033,4.064570068814715,3.535441907390876,4.007059746372075,3.324353810199735,0.23676474336082387,-0.07018786248687187
FRI2,FR,2005,11.067177484714472,9.498835725374162,20.1,0.4625298986755131,0.27649727259831214,-0.5245102714102975,NA,NA,NA,NA,NA,NA
FRI2,FR,2006,11.085474068462407,9.506864034861252,21.1,0.4949649080118089,0.289110761655679,-0.4231511799193116,NA,NA,NA,NA,NA,NA
FRI2,FR,2007,11.090357719326168,9.589158110009928,20.5,0.5036223308150776,0.41840515645238935,-0.4839666348139033,NA,NA,NA,NA,NA,NA
FRI2,FR,2008,11.079090116046622,9.647705808514905,20.6,0.4836478469111636,0.5103909917785078,-0.47383072566480455,NA,NA,NA,NA,NA,NA
FRI2,FR,2011,11.070071345063809,9.516626397877545,23.5,0.4676599485657979,0.3044486680079528,-0.17988936034094583,2.563237774030354,NA,NA,NA,NA,NA
FRI2,FR,2012,11.068946455250018,9.532158047318232,25.3,0.4656658161028594,0.3288508526245282,0.0025570043428287167,2.7844620144379513,NA,2.563237774030354,NA,-0.4967391357020803,NA
FRI2,FR,2013,11.092942923578404,9.543327170547142,29.2,0.5082052149869374,0.34639895709842705,0.39785746115767323,1.8593644354293442,NA,2.7844620144379513,NA,-0.3843507376930551,NA
FRI2,FR,2014,11.107177139511085,9.534902702898153,27.7,0.5334387193958405,0.3331630534906314,0.24581882392119453,1.192504258943782,NA,1.8593644354293442,NA,-0.8543274216009474,NA
FRI2,FR,2015,11.118400296900399,9.536247990353768,29.4,0.5533344124782273,0.33527667014027673,0.41812927945587036,1.8656716417910446,NA,1.192504258943782,NA,-1.1931119363229348,NA
FRI2,FR,2016,11.096788494739023,9.514782495829389,30.1,0.5150223967196833,0.30155166480389395,0.4890806434995607,1.7346610986186957,NA,1.8656716417910446,NA,-0.8511231759107021,NA
FRI2,FR,2017,11.117723316118292,9.462419802164371,32.2,0.5521343043984556,0.21928325392361311,0.701934735630631,1.9818063677712798,NA,1.7346610986186957,NA,-0.917680371642526,NA
FRI2,FR,2018,11.121215892282695,9.513629575083762,30.7,0.5583257192582334,0.2997402805725861,0.549896098394152,1.870748299319728,NA,1.9818063677712798,NA,-0.7921233313091902,NA
FRI2,FR,2023,11.125021054716745,9.737477890282108,35.9,0.565071266994076,0.6514342802626611,1.0769633741472782,1.8754423213021936,NA,1.870748299319728,NA,-0.8485440850939003,NA
FRI3,FR,2000,11.022124922391248,NA,NA,0.38266360780343806,NA,NA,2.14900806793796,1.7796110446600246,NA,NA,NA,NA
FRI3,FR,2001,11.02728387887196,9.56492240141566,16.7,0.39180907473446336,0.3803277946313351,-0.8691311824796495,1.7320128001823176,1.9042752182019242,2.14900806793796,1.7796110446600246,-0.7071799670942387,-0.8162647648658322
FRI3,FR,2002,11.043707858845458,9.61341835117534,17.5,0.42092445228901143,0.45652106204385984,-0.7880439092868607,2.0344335103017306,1.8621710922821242,1.7320128001823176,1.9042752182019242,-0.9190257848674328,-0.756054701087817
FRI3,FR,2005,11.086392049659098,9.558472973710542,19.6,0.49659224615839526,0.37019492843881735,-0.5751898171557903,1.8837805943218253,1.9095195043485182,2.0344335103017306,1.8621710922821242,-0.7653872004498756,-0.7763900711859206
FRI3,FR,2006,11.09560929035645,9.56117947791746,19.7,0.512931978875287,0.3744471886752437,-0.565053908006692,1.5904876603391258,1.8717606440930394,1.8837805943218253,1.9095195043485182,-0.841923297268081,-0.7535218258086939
FRI3,FR,2007,11.114808815190331,9.615004771033176,21.9,0.546967664215163,0.45901352817877566,-0.34206390672652326,1.3394583883051718,1.7935458621352611,1.5904876603391258,1.8717606440930394,-0.9909247038813428,-0.7717585278183811
FRI3,FR,2008,11.10326534657861,9.647905876478958,19.1,0.5265041439562683,0.5107053238404913,-0.6258693629012833,1.7716262975778547,1.4689994680345948,1.3394583883051718,1.7935458621352611,-1.1184549315150183,-0.8095345534098761
FRI3,FR,2009,11.09099969325807,9.661792354038713,19.9,0.5047603809976563,0.5325227354670616,-0.544782089708495,1.362550920073044,1.5155986963657613,1.7716262975778547,1.4689994680345948,-0.8989009671547975,-0.9662833492550456
FRI3,FR,2010,11.092960792028947,9.59259416435699,20.9,0.5082368910292072,0.42380363218092076,-0.4434229982175091,2.291371994342291,1.4824847752686943,1.362550920073044,1.5155986963657613,-1.1067232485557648,-0.9437769432034078
FRI3,FR,2011,11.12651265596876,9.580429786132697,23,0.5677154819580086,0.4046918562997678,-0.23056890608643874,1.4716187806587244,1.5788298036189845,2.291371994342291,1.4824847752686943,-0.6348549199231962,-0.959770241394443
FRI3,FR,2012,11.133884257686564,9.617167765411144,21.8,0.5807833843508475,0.46241186576921445,-0.35219981587562166,1.1666666666666667,1.5569536385503338,1.4716187806587244,1.5788298036189845,-1.0513135786981058,-0.9132377041236932
FRI3,FR,2013,11.136856110668331,9.622321957702606,22.8,0.5860516945740939,0.47050975339704776,-0.25084072438463584,1.7654476670870112,1.509755063230985,1.1666666666666667,1.5569536385503338,-1.2062381904761197,-0.9238034124308931
FRI3,FR,2014,11.153145202599884,9.616989878468571,23.2,0.6149279512654189,0.46213238289586395,-0.21029708778824163,1.8027112777617538,1.494321878285293,1.7654476670870112,1.509755063230985,-0.9020398925342054,-0.946599289943002
FRI3,FR,2015,11.156250521031495,9.645182085571756,26.1,0.620432860471918,0.5064259040127178,0.08364427753561744,1.452401495542134,1.5599503734912452,1.8027112777617538,1.494321878285293,-0.8831088861487835,-0.9540531800501363
FRI3,FR,2016,11.15252139158775,9.615517834461768,26.6,0.6138220991412537,0.4598196156810931,0.13432382328111034,1.811646297627606,1.5620480879498826,1.452401495542134,1.5599503734912452,-1.0610765227785417,-0.9223560551285368
FRI3,FR,2017,11.165043972308364,9.632146234183068,27.4,0.6360213265043108,0.48594493362796976,0.21541109647389872,2.047244094488189,1.5777809463896657,1.811646297627606,1.5620480879498826,-0.8785696341795971,-0.9213429050168876
FRI3,FR,2018,11.174749800523683,9.666198200325125,30,0.6532271958139781,0.539444876923051,0.478944734350462,1.7282901260801813,1.6179371945978736,2.047244094488189,1.5777809463896657,-0.758879048216544,-0.9137442791795178
FRI3,FR,2019,11.180398234936312,9.696075468311427,30.9,0.663240377806478,0.5863858416946839,0.5701679166923491,1.4248167104717113,1.7318131223524935,1.7282901260801813,1.6179371945978736,-0.9209170124195217,-0.8943496913279457
FRI3,FR,2020,11.125116465236218,9.71190407307724,30.4,0.565240404639251,0.6112545806649535,0.5194883709468562,1.710471422611598,1.79459471936458,1.4248167104717113,1.7318131223524935,-1.0750904020793637,-0.8393501138384125
FRI3,FR,2021,11.157603287459404,9.67282386625205,33.4,0.6228309579705285,0.5498546356401806,0.8235656454198136,1.694669756662804,1.8572264796296207,1.710471422611598,1.79459471936458,-0.9299694360316095,-0.8090279783540515
FRI3,FR,2022,11.156546194558658,9.81477231884561,33.3,0.6209570115236186,0.7728735982721364,0.8134297362707149,1.7573457050470969,1.8287574976909657,1.694669756662804,1.8572264796296207,-0.937997145466103,-0.7787782107348084
FRI3,FR,2023,11.185051322875267,9.80567219212053,36.8,0.6714890734549019,0.7585761488461972,1.1681865564891651,1.5348773468548718,1.945030813398314,1.7573457050470969,1.8287574976909657,-0.9061559267116455,-0.7925281051071916
FRJ1,FR,2000,11.101856152099332,NA,NA,0.5240060144299195,NA,NA,2.3626150906248187,2.553453904479734,NA,NA,NA,NA
FRJ1,FR,2001,11.107022496532512,9.761993982528333,19.3,0.5331645782488957,0.6899521602440488,-0.6055975446030862,2.167252235316488,2.7295691317317132,2.3626150906248187,2.553453904479734,-0.5986613389410957,-0.442515622509015
FRJ1,FR,2002,11.099277710000269,9.790473901556709,19.3,0.5194351177691894,0.7346977131648467,-0.6055975446030862,2.3571153163111997,2.6621161321315094,2.167252235316488,2.7295691317317132,-0.6979113953459373,-0.35745582735016496
FRJ1,FR,2003,11.118563435206728,9.657544545509765,19.9,0.5536236135969596,0.5258488913054934,-0.544782089708495,3.104761904761904,2.2374441925263686,2.3571153163111997,2.6621161321315094,-0.6014553854858142,-0.39003414790977375
FRJ1,FR,2005,11.1581492629202,9.70399874025629,23.8,0.6237988282250119,0.5988343034954883,-0.14948163289365002,2.494838693629828,2.7211103954474427,3.104761904761904,2.2374441925263686,-0.22162900570902588,-0.5951413879603008
FRJ1,FR,2006,11.168516061164537,9.726212258413996,23.5,0.6421764227789974,0.6337345485169859,-0.17988936034094583,2.478286085748278,2.6586458813482197,2.494838693629828,2.7211103954474427,-0.5314878732605962,-0.3615412116004056
FRJ1,FR,2007,11.181759882733287,9.774179457666502,23.3,0.6656542196261346,0.7090970820437481,-0.20016117863914293,2.7696569738770984,2.5254750075394568,2.478286085748278,2.6586458813482197,-0.5398970832063571,-0.3917102029867952
FRJ1,FR,2008,11.179872468050807,9.791166416547982,26.2,0.6623083320172184,0.735785741756487,0.09378018668471581,2.537583964175285,2.102538193325962,2.7696569738770984,2.5254750075394568,-0.3918721322202877,-0.45602881656750216
FRJ1,FR,2009,11.163956784861236,9.79996093956144,26.6,0.6340940303771371,0.7496030491203104,0.13432382328111034,2.1132158107960146,2.173027662361544,2.537583964175285,2.102538193325962,-0.5097720229983692,-0.660298029079518
FRJ1,FR,2010,11.170922333498659,9.74922578710535,26,0.646442107930835,0.6698917112156334,0.07350836838651871,2.7467811158798283,2.1255286047652593,2.1132158107960146,2.173027662361544,-0.7253634827609612,-0.6262531603275154
FRJ1,FR,2011,11.199967104517913,9.730433811020188,25.2,0.6979308138094082,0.6403671413049098,-0.007578904806270009,2.745260540764529,2.250674523637663,2.7467811158798283,2.1255286047652593,-0.40349373855356385,-0.6491941641942495
FRJ1,FR,2012,11.18921132164316,9.729860955997323,26.1,0.6788636522688739,0.6394671136497746,0.08364427753561744,2.681455955201378,2.2179240318703615,2.745260540764529,2.250674523637663,-0.40426623527881417,-0.5887514279791554
FRJ1,FR,2013,11.181758657289045,9.759689767238367,26.7,0.665652047237235,0.6863319467492227,0.1444597324302087,2.8074586214121098,2.154591955075315,2.681455955201378,2.2179240318703615,-0.43668083479946446,-0.6045691977685475
FRJ1,FR,2014,11.18171857504394,9.716254738375218,29,0.6655809920057165,0.6180900258127208,0.37758564285947616,2.6542396920271503,2.133336669027662,2.8074586214121098,2.154591955075315,-0.3726677873404766,-0.6351572029241929
FRJ1,FR,2015,11.180246026587712,9.669035982286779,31.4,0.6629705526152875,0.5439033911068998,0.620847462437842,2.5588745030074427,2.225515205458809,2.6542396920271503,2.133336669027662,-0.45050749417597663,-0.6454230402709509
FRJ1,FR,2016,11.184804896938877,9.655872780678743,31.3,0.6710522253712566,0.5232223374293017,0.6107115532887436,2.959936216862667,2.223996970741119,2.5588745030074427,2.225515205458809,-0.498955805265238,-0.6009028272875624
FRJ1,FR,2017,11.192670038583294,9.662758648807783,31.2,0.6849950436690591,0.5340409066979355,0.6005756441396449,2.2592738752959742,2.2652061987926904,2.959936216862667,2.223996970741119,-0.29520469987147874,-0.6016361013837597
FRJ1,FR,2018,11.191076693811112,9.692875360465543,32,0.6821704643227918,0.5813580677453398,0.6816629173324337,2.232539760940433,2.3194288672816,2.2592738752959742,2.2652061987926904,-0.6511617051655002,-0.5817329473441274
FRJ1,FR,2019,11.192454643533068,9.732838875797459,33.3,0.6846132051487469,0.6441458020926075,0.8134297362707149,2.9943059100726486,2.463010493440233,2.232539760940433,2.3194288672816,-0.6647434188107747,-0.5555445867656638
FRJ1,FR,2020,11.14157774229029,9.764867220808322,34.5,0.5944219000643977,0.6944663807860105,0.9350606460598981,3.75932747709455,2.5380546666288843,2.9943059100726486,2.463010493440233,-0.2777438883762532,-0.4861978079538922
FRJ1,FR,2021,11.177250284843199,9.68625718810446,41,0.6576598939267011,0.5709600823674055,1.593894740751306,3.3643793955521764,2.636956813952655,3.75932747709455,2.5380546666288843,0.11090948975957636,-0.4499531169132983
FRJ1,FR,2022,11.16295236637107,9.816711850407062,38.4,0.6323134617444932,0.7759208475300431,1.3303611028747426,3.7030490499337163,2.5833848174856127,3.3643793955521764,2.636956813952655,-0.0897357112342332,-0.40218554721818095
FRJ1,FR,2023,11.17908827598702,9.761490471356455,37.6,0.66091816665844,0.6891610805445229,1.2492738296819543,4.413755754129434,2.7336900545368703,3.7030490499337163,2.5833848174856127,0.0823183992921843,-0.4280596474697029
FRJ2,FR,2000,11.024147167772014,NA,NA,0.3862485146204196,NA,NA,4.652447361899348,4.411306286976881,NA,NA,NA,NA
FRJ2,FR,2001,11.046853975066059,9.503049994358546,23.2,0.42650168519730025,0.28311842189565956,-0.21029708778824163,4.884366943383757,4.70063551436933,4.652447361899348,4.411306286976881,0.5646405677747017,0.45478636299441577
FRJ2,FR,2002,11.051298028112134,9.545090435607069,26.1,0.4343798172041412,0.34916926940070997,0.08364427753561744,4.416703735600986,4.630424955188763,4.884366943383757,4.70063551436933,0.6824625125214996,0.5945260391114536
FRJ2,FR,2003,11.052171345419834,9.52255631632943,26.5,0.4359279780749929,0.31376531949282815,0.12418791413201162,3.970653867658514,3.940664077085163,4.416703735600986,4.630424955188763,0.4448758961831283,0.5606158777070527
FRJ2,FR,2004,11.077751846263634,9.510501777290251,25.1,0.48127544813422884,0.2948261148561867,-0.017714813955368374,3.4057143857341647,3.388238138917179,3.970653867658514,3.940664077085163,0.2182694899510284,0.22747648984403407
FRJ2,FR,2005,11.101843000814817,9.514413582975093,26.9,0.5239827006768223,0.3009720560757729,0.1647315507284058,3.8846602928074936,4.762744855182909,3.4057143857341647,3.388238138917179,-0.06873632473068746,-0.03933313175543058
FRJ2,FR,2006,11.149588051279018,9.560121183083778,27.9,0.6086220617128992,0.37278447371319906,0.2660906422193916,3.9604662079597284,4.6446985304067905,3.8846602928074936,4.762744855182909,0.17458223353297694,0.6245234895845775
FRJ2,FR,2007,11.129197552642431,9.63345998055208,31.2,0.5724750944560155,0.4880089952434745,0.6005756441396449,3.6789109584767,4.449883517295874,3.9604662079597284,4.6446985304067905,0.21309386023297383,0.5675097017288264
FRJ2,FR,2008,11.131524683893012,9.652629101736673,28.9,0.5766004833744747,0.518126107780058,0.3674497337103774,4.188780925941046,3.633589323745977,3.6789109584767,4.449883517295874,0.07005554136643846,0.47341831981002086
FRJ2,FR,2009,11.124256915014552,9.639160916524906,30.8,0.563716649174907,0.4969658863082273,0.5600320075432507,4.112554112554112,3.7489352423997664,4.188780925941046,3.633589323745977,0.3290844286649197,0.07916611359181792
FRJ2,FR,2010,11.114974259566127,9.58190507406582,34.4,0.5472609533858354,0.40700972013284786,0.9249247369107995,4.709792477302206,3.6551925727246126,4.112554112554112,3.7489352423997664,0.2903589733255499,0.13487566447047686
FRJ2,FR,2011,11.147629579409683,9.54679394760519,34.9,0.6051502084838002,0.351845702089553,0.9756042826562923,6.610155676909282,3.792527512660229,4.709792477302206,3.6551925727246126,0.5937735671327075,0.08960000940855652
FRJ2,FR,2012,11.159014922412144,9.598639449708932,36.6,0.6253334138115944,0.4333015396492359,1.1479147381909685,5.2316031537450725,3.7952279187825577,6.610155676909282,3.792527512660229,1.559213770455968,0.15592977567211075
FRJ2,FR,2013,11.174651306830393,9.62620997065526,36.1,0.653052592516147,0.4766183132267435,1.0972351924454755,5.146349308459312,3.688754763102137,5.2316031537450725,3.7952279187825577,0.8588686845636341,0.15723401264920264
FRJ2,FR,2014,11.19570481701868,9.609150185975917,39.9,0.6903749040977258,0.4498152349797016,1.4823997401112214,4.870686138533084,3.6652226526075506,5.146349308459312,3.688754763102137,0.8155572324455377,0.10580981183813298
FRJ2,FR,2015,11.209114010588564,9.638370914735797,41.8,0.7141458618143818,0.49572469363394656,1.6749820139440943,4.295981705325056,3.8523222196546683,4.870686138533084,3.6652226526075506,0.6755122626853679,0.09444431818061373
FRJ2,FR,2016,11.20936274772054,9.636242070535843,39.9,0.7145868070372207,0.4923800102900705,1.4823997401112214,4.541774611398964,3.8538653088674275,4.295981705325056,3.8523222196546683,0.3835455665496725,0.18480930873629836
FRJ2,FR,2017,11.210226195101596,9.663430083012619,38.8,0.7161174711355991,0.5350958147092748,1.370904739471137,4.780557998241266,3.8866559546385724,4.541774611398964,3.8538653088674275,0.5084155668025044,0.18555458700892233
FRJ2,FR,2018,11.225562869882282,9.688589265485675,38.6,0.7433053438309832,0.5746240707296122,1.3506329211729402,5.07280413339596,3.962653098366989,4.780557998241266,3.8866559546385724,0.6297245258430257,0.20139175030218692
FRJ2,FR,2019,11.238005784198139,9.720884843146289,44.2,0.765363343704927,0.6253645056964718,1.918243833522461,5.74342879560612,4.216105501562774,5.07280413339596,3.962653098366989,0.7781941279709359,0.23809670522892892
FRJ2,FR,2020,11.14157774229029,9.763809668063125,44.6,0.5944219000643977,0.6928048317387825,1.958787470118855,6.106389675794775,4.368485561322799,5.74342879560612,4.216105501562774,1.1188911117746836,0.36050866150745375
FRJ2,FR,2021,11.182424940633217,9.672168274610758,43.3,0.6668331915856316,0.548824618298816,1.827020651180573,6.848165942194768,4.480359529247879,6.106389675794775,4.368485561322799,1.303285876964926,0.4341048909290942
FRJ2,FR,2022,11.17058599122614,9.75734503536067,44.2,0.6458458619376143,0.6826480765733967,1.918243833522461,5.897887323943662,4.446411566567165,6.848165942194768,4.480359529247879,1.6801299610861349,0.48813756569434896
FRJ2,FR,2023,11.199219210393998,9.737674703878954,44.3,0.6966049951087188,0.6517434993023788,1.928379742671559,5.39190479688533,4.767759895124379,5.897887323943662,4.446411566567165,1.1973605712096171,0.47174144369661647
FRK1,FR,2000,11.009904811056472,NA,NA,0.3610005787541626,NA,NA,2.570766881402898,1.8594361458819373,NA,NA,NA,NA
FRK1,FR,2001,11.007323136309424,9.558324398844736,18.2,0.3564239514625649,0.36996149854338845,-0.7170925452431707,1.9492349282870116,1.9869590234131134,2.570766881402898,1.8594361458819373,-0.49291412848551525,-0.7777109903602604
FRK1,FR,2002,11.010791043832317,9.54705584923895,19.8,0.36257163533798453,0.35225718266299716,-0.5549179988575933,1.9870023659597955,1.949278270833694,1.9492349282870116,1.9869590234131134,-0.8086705772065665,-0.7161202352045498
FRK1,FR,2005,11.065412259189904,9.563889293960248,21.2,0.45940062016326005,0.3787046522244694,-0.41301527077021327,2.6427931960608775,1.9892946072506803,1.9870023659597955,1.949278270833694,-0.7894836119394271,-0.7343192129184472
FRK1,FR,2006,11.078659732042675,9.511560698991499,21.5,0.48288488977236027,0.2964898147064192,-0.38260754332291746,2.840396912382705,1.9427386360885053,2.6427931960608775,1.9892946072506803,-0.45632264961326474,-0.7149921993958374
FRK1,FR,2007,11.098574692428448,9.559968773636625,21,0.5181888533397344,0.3725450192057463,-0.43328708906841035,3.1271282459108507,1.8561663285093428,2.840396912382705,1.9427386360885053,-0.35593417013596157,-0.7374777131828426
FRK1,FR,2008,11.082347447916929,9.665911111454491,21.9,0.48942223578508337,0.5389938240165764,-0.34206390672652326,4.515418502202643,1.5081643367118107,3.1271282459108507,1.8561663285093428,-0.210266248868175,-0.7792902404924581
FRK1,FR,2009,11.068197402384088,9.649237977476288,26.8,0.46433794325869865,0.5127982228972777,0.15459564157930744,3.797238372093023,1.5575230084790668,4.515418502202643,1.5081643367118107,0.49502589085710275,-0.9473675759906425
FRK1,FR,2010,11.057358326388005,9.543216269699148,28.2,0.44512312501868395,0.3462247178473265,0.29649836966668747,1.953336950623983,1.5489592010746536,3.797238372093023,1.5575230084790668,0.13016933555277022,-0.923528419233182
FRK1,FR,2011,11.104940170714633,9.519558787923627,24.7,0.5294731646891518,0.30905582345178156,-0.058258450551762916,3.574060427413412,1.626811995660231,1.953336950623983,1.5489592010746536,-0.8065866296328285,-0.9276645505317949
FRK1,FR,2012,11.091064260503636,9.616793339970712,24.2,0.504874841666468,0.46182359607143003,-0.10893799629725583,3.595922150139017,1.600809162268648,3.574060427413412,1.626811995660231,0.016788398512260667,-0.8900633569080401
FRK1,FR,2013,11.102187981722455,9.58071287908129,26.1,0.5245942606879278,0.40513663110759385,0.08364427753561744,3.5621036926519953,1.5587686531924363,3.595922150139017,1.600809162268648,0.02789479440414536,-0.9026221555783742
FRK1,FR,2014,11.10869344002905,9.581897592348152,26.6,0.5361267196331728,0.40699796540863453,0.13432382328111034,3.3459357277882793,1.544755150167032,3.5621036926519953,1.5587686531924363,0.010714026812402883,-0.9229268001352018
FRK1,FR,2015,11.125791313546788,9.592704863540622,25.9,0.5664367324103521,0.42397755459181413,0.06337245923741999,3.1096871466264604,1.6110857311539446,3.3459357277882793,1.544755150167032,-0.09910563502547748,-0.9296950149874778
FRK1,FR,2016,11.123575810702672,9.571819062855253,28.8,0.5625092311662135,0.39116332155522243,0.3573138245612791,4.205776173285199,1.6065702690679806,3.1096871466264604,1.6110857311539446,-0.21912683848745645,-0.8976587980200385
FRK1,FR,2017,11.165043972308364,9.549118983875921,31.1,0.6360213265043108,0.3554986279771274,0.5904397349905465,3.493862134088763,1.6330402192270772,4.205776173285199,1.6065702690679806,0.3377185124310443,-0.8998396672502165
FRK1,FR,2018,11.176120602657463,9.65590701962052,27.8,0.6556572658543687,0.5232761311349532,0.25595473307029326,1.932105453232214,1.6836445357077026,3.493862134088763,1.6330402192270772,-0.02395468503594568,-0.8870552614181397
FRK1,FR,2019,11.184433210148493,9.642919904455765,29.6,0.670393322885286,0.5028717315187168,0.4384010977540678,1.5890019639350117,1.8018250778886093,1.932105453232214,1.6836445357077026,-0.8173728525837912,-0.862614485562699
FRK1,FR,2020,11.120958455087553,9.66711533168882,31.1,0.5578693511218114,0.5408858062293677,0.5904397349905465,1.816873538406188,1.8683113644646931,1.5890019639350117,1.8018250778886093,-0.9916794811990477,-0.8055358736418392
FRK1,FR,2021,11.156279660528895,9.614934120183971,31.2,0.6204845171026444,0.4589025267637491,0.6005756441396449,2.8240405503258508,1.9238982597987957,1.816873538406188,1.8683113644646931,-0.8759140426583882,-0.7734244542871522
FRK1,FR,2022,11.138387459546786,9.727744844230342,30.2,0.5887663715790522,0.636142434567597,0.49921655264865905,2.156862745098039,1.9010095381906358,2.8240405503258508,1.9238982597987957,-0.36424368145098984,-0.7465772020397912
FRK1,FR,2023,11.162200057958499,9.726935846546123,33.8,0.6309798176761982,0.6348713969408413,0.8641092820162078,2.604166666666667,2.0152974406422635,2.156862745098039,1.9010095381906358,-0.7031895608834505,-0.7576319529651752
FRK2,FR,2000,11.156415136349766,NA,NA,0.6207246799426219,NA,NA,4.305750409720378,4.2317580860123165,NA,NA,NA,NA
FRK2,FR,2001,11.160321078256873,9.702303067795604,23.6,0.6276488830599569,0.5961701877109465,-0.1697534511918471,4.13422110877373,4.542277579137861,4.305750409720378,4.2317580860123165,0.38850835469436734,0.36806851676675933
FRK2,FR,2002,11.15192144348569,9.68467798770259,24.8,0.6127585496524693,0.5684789589104193,-0.04812254140266419,4.5028691358387585,4.399744041309742,4.13422110877373,4.542277579137861,0.3013664424451356,0.518042626843558
FRK2,FR,2003,11.156046528461468,9.654289098984117,27,0.6200712355366561,0.5207341732949167,0.17486745987750454,4.027641112461294,3.7227097366261765,4.5028691358387585,4.399744041309742,0.48865044493369597,0.4492020517263391
FRK2,FR,2004,11.199874995262636,9.630434858683243,23.9,0.6977675284335132,0.48325614638392983,-0.13934572374455165,4.360959496672701,3.0942308129609812,4.027641112461294,3.7227097366261765,0.2472206805553317,0.12220931991954752
FRK2,FR,2005,11.208395310263152,9.69892081538396,23.8,0.7128717960059276,0.5908562416240242,-0.14948163289365002,3.8691392700431253,4.572428904447655,4.360959496672701,3.0942308129609812,0.41655618899444385,-0.1813322269572022
FRK2,FR,2006,11.23500580243337,9.7122994724739,24.1,0.7600451685805706,0.6118758030992739,-0.1190739054463542,3.856156473548625,4.454173057128721,3.8691392700431253,4.572428904447655,0.16669709906156907,0.5326050561952773
FRK2,FR,2007,11.235985620291443,9.76541986326382,26.3,0.761782126791582,0.6953346519427546,0.10391609583381453,4.128089026274544,4.201215185049147,3.856156473548625,4.454173057128721,0.16010145792836553,0.47549007354307904
FRK2,FR,2008,11.25239891211907,9.812979570583956,28.1,0.7908785570871294,0.7700569641329859,0.28636246051758907,3.955108359133127,3.488939071561926,4.128089026274544,4.201215185049147,0.2982511648097696,0.35331696495592607
FRK2,FR,2009,11.22493358135995,9.82910706929785,28.4,0.7421897815283023,0.7953953032786714,0.31677018796488454,3.909809572023833,3.605628616267364,3.955108359133127,3.488939071561926,0.21037191599536756,0.009303211828943241
FRK2,FR,2010,11.239130583525192,9.735956529808469,28.3,0.7673573157587839,0.6490440306444305,0.30663427881578614,4.169519896522863,3.5085178542306235,3.909809572023833,3.605628616267364,0.18735880447745545,0.06566170464468866
FRK2,FR,2011,11.264417094824564,9.747650624515439,28.6,0.8121836200228278,0.6674169316716485,0.337042006263082,4.253867151956324,3.7278002201200375,4.169519896522863,3.5085178542306235,0.31929926119716906,0.018759334784605144
FRK2,FR,2012,11.253661311949813,9.780283217314546,30,0.7931164584822966,0.7186868600229356,0.478944734350462,4.333581533879375,3.6459609085648816,4.253867151956324,3.7278002201200375,0.3621501390989702,0.12466791188801943
FRK2,FR,2013,11.251506673233251,9.74752970240705,32.3,0.7892968532570369,0.6672269477536883,0.712070644779729,5.040584114747415,3.462311927132497,4.333581533879375,3.6459609085648816,0.40264738147216034,0.08514131793335253
FRK2,FR,2014,11.25763577474917,9.733837339290773,34.4,0.8001621310395285,0.6457145144556957,0.9249247369107995,4.9760659022598235,3.429027996595711,5.040584114747415,3.462311927132497,0.7618254141579333,-0.003557115390757049
FRK2,FR,2015,11.268302881978894,9.738416215596862,37.1,0.819072094088035,0.6529085079452058,1.1985942839364614,4.537451397549703,3.631864185043419,4.9760659022598235,3.429027996595711,0.7290482712439089,-0.01963252441538252
FRK2,FR,2016,11.275836726188007,9.719461808029187,37.5,0.8324276095562374,0.6231287376426033,1.2391379205328557,4.928944054686095,3.5950560736262673,4.537451397549703,3.631864185043419,0.5062192474576008,0.07833290940527575
FRK2,FR,2017,11.280021957037139,9.730532589004383,38.3,0.8398469181843552,0.6405223340045391,1.320225193725644,4.73848113808479,3.654967148592482,4.928944054686095,3.5950560736262673,0.7051089915778145,0.06055539824863119
FRK2,FR,2018,11.292380408773324,9.761969619599864,39.2,0.86175518821813,0.6899138830037224,1.4114483760675318,4.746569588350601,3.7450295488684917,4.73848113808479,3.654967148592482,0.6083482476489039,0.08949113449295673
FRK2,FR,2019,11.296082633935775,9.80579424971426,40.7,0.8683182553657183,0.7587679167551645,1.5634870133040104,4.703547679559934,4.037144986285461,4.746569588350601,3.7450295488684917,0.6124574174490818,0.1329893000890021
FRK2,FR,2020,11.236269301598549,9.825999611408161,41.8,0.7622850188052654,0.7905130941223292,1.6749820139440943,4.634895962129509,4.22431814859821,4.703547679559934,4.037144986285461,0.5906010268502719,0.27407465458747887
FRK2,FR,2021,11.254595553446713,9.78406285533378,43.2,0.7947726218454556,0.7246251491326263,1.816884742031475,5.297033110759275,4.296759644472393,4.634895962129509,4.22431814859821,0.5557239422760047,0.3644751900436073
FRK2,FR,2022,11.250921139317025,9.86090001215287,44.6,0.788258856311752,0.8453460354282186,1.958787470118855,5.730783351690531,4.155792409257769,5.297033110759275,4.296759644472393,0.8921090204195826,0.399462844979557
FRK2,FR,2023,11.281333897548498,9.857656475054101,46.8,0.8421726421184417,0.8402500286327319,2.1817774713990232,6.0448877805486285,4.415015491791326,5.730783351690531,4.155792409257769,1.1124668556390649,0.33137875969879055
FRL0,FR,2000,11.173959446000675,NA,NA,0.6518261060430169,NA,NA,3.2624373598839513,3.2923996977714123,NA,NA,NA,NA
FRL0,FR,2001,11.175772029412592,9.867776152956562,20.5,0.655039337578384,0.8561493218391076,-0.4839666348139033,3.202260371496991,3.5187937403950187,3.2624373598839513,3.2923996977714123,-0.14152525318235532,-0.08562099850836523
FRL0,FR,2002,11.16718891561648,9.869786135821156,20.9,0.6398237443317594,0.8593072589999539,-0.4434229982175091,2.917538875598086,3.462122945562035,3.202260371496991,3.5187937403950187,-0.17209692701591564,0.023722362603707577
FRL0,FR,2003,11.174274042220734,9.831760841034402,20.6,0.6523838020301678,0.7995647141382779,-0.47383072566480455,3.712005383011104,2.850887944149128,2.917538875598086,3.462122945562035,-0.31674379186152873,-0.003648389347717759
FRL0,FR,2004,11.204588279714734,9.748431617821485,24.3,0.7061229365968363,0.6686439708802802,-0.0988020871481571,4.083312486101846,2.3882692108186405,3.712005383011104,2.850887944149128,0.08686847899750169,-0.2988614996809527
FRL0,FR,2005,11.225100330463155,9.789190802265953,24.5,0.7424853836359835,0.7326818019833593,-0.07853026884996,3.74119226037356,3.469351363270323,4.083312486101846,2.3882692108186405,0.27550337004223246,-0.5222962094885097
FRL0,FR,2006,11.246633840428489,9.843537361748176,23.7,0.7806586080144229,0.8180671168416004,-0.15961754204274872,3.514544445069156,3.405163014020718,3.74119226037356,3.469351363270323,0.10169626813854933,-1.5722200697511243e-4
FRL0,FR,2007,11.244508399153425,9.912464737661397,24.1,0.7768907621394665,0.9263607374640402,-0.1190739054463542,2.8516337284136006,3.286038690188118,3.514544445069156,3.405163014020718,-0.013447464878117769,-0.031158787992773555
FRL0,FR,2008,11.22458070664254,9.909617622224722,24.4,0.7415642278778807,0.9218875592110962,-0.08866617799905874,3.513840012605704,2.67827332927519,2.8516337284136006,3.286038690188118,-0.350225538251374,-0.08869322576821928
FRL0,FR,2009,11.212176498359181,9.865341188084473,25.2,0.7195748435740754,0.8523236842228004,-0.007578904806270009,3.277655215884021,2.772242759482945,3.513840012605704,2.67827332927519,-0.01380533721582837,-0.38223057577789726
FRL0,FR,2010,11.24597523721516,9.782902580814962,26.6,0.779491078509049,0.7228022111940509,0.13432382328111034,3.180118991207287,2.732920167149854,3.277655215884021,2.772242759482945,-0.1337941363127542,-0.3368454003482375
FRL0,FR,2011,11.25104791174243,9.814966973556354,27.5,0.7884835903308591,0.7731794254288834,0.22554700562299745,3.332815815349584,2.8907888098988828,3.180118991207287,2.732920167149854,-0.18334539714687217,-0.3558373506818796
FRL0,FR,2012,11.261597861545548,9.811392039200172,30.2,0.8071858642130084,0.7675627516502975,0.49921655264865905,3.613161131611316,2.8248656403992882,3.332815815349584,2.8907888098988828,-0.10577093507707624,-0.27959025596005077
FRL0,FR,2013,11.251506673233251,9.807743458748087,31.1,0.7892968532570369,0.7618303705454958,0.5904397349905465,3.5765452312730246,2.747666139274763,3.613161131611316,2.8248656403992882,0.03665270225099449,-0.31142970210762766
FRL0,FR,2014,11.255021394175099,9.786698386394772,33.2,0.7955275249569475,0.7287659015851363,0.8032938271216169,3.422358069850177,2.7222221089415863,3.5765452312730246,2.747666139274763,0.018050751700292727,-0.34871536930676383
FRL0,FR,2015,11.258033215341438,9.755042388335573,35,0.8008666882125193,0.6790303270209231,0.9857401918053911,4.12496690495102,2.8141675821910206,3.422358069850177,2.7222221089415863,-0.060280845388457745,-0.3610042783461794
FRL0,FR,2016,11.256740028731551,9.796487120302547,35.3,0.7985742099912779,0.7441452399414563,1.0161479192526865,3.682069469072702,2.8465508935241544,4.12496690495102,2.8141675821910206,0.29666503567087293,-0.3165966297719275
FRL0,FR,2017,11.266193955429847,9.810043278746646,35.8,0.8153335244593947,0.7654436784819153,1.0668274649981795,3.707194470625196,2.8812472985239412,3.682069469072702,2.8465508935241544,0.07166015732229009,-0.30095620008539864
FRL0,FR,2018,11.267687796182953,9.856185199267536,36.2,0.8179817094671238,0.8379384683890646,1.1073711015945744,3.390267815676763,2.967410037606744,3.707194470625196,2.8812472985239412,0.084424394501979,-0.28419859684983173
FRL0,FR,2019,11.266847908827424,9.87720230217172,37.9,0.8164928110698433,0.8709589938092389,1.2796815571292497,3.8917352377995136,3.1541923511889283,3.390267815676763,2.967410037606744,-0.07658363504481487,-0.24258388214817445
FRL0,FR,2020,11.1945702724308,9.911951740486716,38.8,0.6883636562709582,0.9255547540549919,1.370904739471137,4.601491552939983,3.23630717635509,3.8917352377995136,3.1541923511889283,0.178176512949148,-0.15237211806337334
FRL0,FR,2021,11.316278861884951,9.825779238028963,40,0.9041208320168613,0.7901668596863594,1.4925356492603201,4.277433539876074,3.3701774723126,4.601491552939983,3.23630717635509,0.5387535233547706,-0.11271245707253179
FRL0,FR,2022,11.354174172635288,9.986918619700619,40.8,0.97129920667534,1.0433371978123136,1.5736229224531084,3.934135279037665,3.334324520479487,4.277433539876074,3.3701774723126,0.3741225548716724,-0.04805603792196988
FRL0,FR,2023,11.257289023294495,10.020919647544305,41.9,0.7995474323162751,1.0967571106015792,1.685117923093193,4.210890062694377,3.539033309978228,3.934135279037665,3.334324520479487,0.1997169766049056,-0.06537222793205565
FRM0,FR,2013,11.191624840210098,10.116224027407688,23.1,0.683142183077161,1.2464923387288749,-0.22043299693734,1.6129032258064515,NA,NA,NA,NA,NA
FRM0,FR,2014,11.194314962729624,10.321129463710395,23.1,0.6879110596192897,1.5684246811174485,-0.22043299693734,1.8376722817764166,NA,1.6129032258064515,NA,-0.9795369396440352,NA
FRM0,FR,2015,11.211820372186306,10.253319371301346,24.1,0.7189435259520959,1.4618864541151115,-0.1190739054463542,2.0912547528517114,NA,1.8376722817764166,NA,-0.8653476714339962,NA
FRM0,FR,2016,11.214739104756921,9.775427314644167,23.3,0.7241176677198855,0.7110576230964127,-0.20016117863914293,0.7992007992007993,NA,2.0912547528517114,NA,-0.7365203438553698,NA
FRM0,FR,2017,11.2327287991353,9.861496917758897,36,0.7560086432789535,0.8462838495897197,1.0870992832963768,1.8852459016393441,NA,0.7992007992007993,NA,-1.3929216212402795,NA
HR02,HR,2016,10.103796639972037,NA,NA,-1.245289830084318,NA,NA,2.022297122115634,NA,NA,NA,NA,NA
HR02,HR,2017,10.09834956456958,8.464230998983357,16.4,-1.2549460557474377,-1.3489975362423428,-0.8995389099269453,1.832390191323093,NA,2.022297122115634,NA,-0.7715528413549497,NA
HR02,HR,2018,10.118885513137435,8.4798244845358,15,-1.2185412441878323,-1.324498199277537,-1.0414416380143252,1.7073811400052534,NA,1.832390191323093,NA,-0.8680311281975679,NA
HR02,HR,2019,10.13284522450799,8.616236322319446,14.2,-1.1937943638481043,-1.1101779583916742,-1.122528911207114,1.6904384574749076,NA,1.7073811400052534,NA,-0.9315393901690148,NA
HR02,HR,2020,10.032364687653782,8.475779570984797,14.9,-1.3719198104277228,-1.3308532697809392,-1.0515775471634239,2.4592428847748,NA,1.6904384574749076,NA,-0.9401467694690983,NA
HR02,HR,2021,10.119076987579833,8.571589096702404,17,-1.2182018105857795,-1.1803243936615115,-0.8387234550323537,2.377841651424092,NA,2.4592428847748,NA,-0.5495715874398436,NA
HR02,HR,2022,10.176875701401196,8.530930681243595,17.8,-1.115739960425724,-1.2442039039499815,-0.7576361818395649,1.911170928667564,NA,2.377841651424092,NA,-0.5909257997783693,NA
HR02,HR,2023,10.168156770219069,8.64452368264236,17.4,-1.131196322017091,-1.065734939538373,-0.7981798184359594,1.89716799560077,NA,1.911170928667564,NA,-0.828008204634573,NA
HR03,HR,2007,10.314181636407724,NA,NA,-0.8723328115710487,NA,NA,1.6881875084356526,NA,NA,NA,NA,NA
HR03,HR,2008,10.294577316139021,8.971684054999702,17.7,-0.9070860922767378,-0.5517246384445446,-0.7677720909886636,1.813894431344096,NA,1.6881875084356526,NA,-0.9412903175543159,NA
HR03,HR,2009,10.234945472789917,9.106871689839476,18.2,-1.0127975968075786,-0.33932777513416706,-0.7170925452431707,1.461454146876142,NA,1.813894431344096,NA,-0.8774275163608587,NA
HR03,HR,2010,10.254544223356596,8.877831579838075,19.2,-0.978054189712157,-0.6991787407510964,-0.6157334537521849,1.7150395778364116,NA,1.461454146876142,NA,-1.0564775105758606,NA
HR03,HR,2011,10.296199864862457,8.831548532467613,21.1,-0.904209742040089,-0.7718952587786724,-0.4231511799193116,1.5670910871694417,NA,1.7150395778364116,NA,-0.9276486792889153,NA
HR03,HR,2012,10.289858160381778,8.759906573236927,19.7,-0.9154519087129834,-0.8844538329414825,-0.565053908006692,1.6472478907191639,NA,1.5670910871694417,NA,-1.002810848783895,NA
HR03,HR,2013,10.316805193415314,8.734646228359704,20.6,-0.8676819380960977,-0.9241410278866375,-0.47383072566480455,1.724854530340815,NA,1.6472478907191639,NA,-0.9620888432573792,NA
HR03,HR,2014,10.296103364182255,8.888265707083814,21.6,-0.9043808122522358,-0.6827854078771023,-0.37247163417381873,1.9288128852654602,NA,1.724854530340815,NA,-0.9226623957493169,NA
HR03,HR,2015,10.302263672493496,8.754047604311422,22.7,-0.893460213065947,-0.8936590137517331,-0.26097663353373457,2.2618094475580466,NA,1.9288128852654602,NA,-0.8190455736130848,NA
HR03,HR,2016,10.346980942169694,8.810842213990146,24.7,-0.8141883074783882,-0.8044275025784271,-0.058258450551762916,2.1518473406414937,NA,2.2618094475580466,NA,-0.6498735601410427,NA
HR03,HR,2017,10.365910233821939,8.863946743897822,22.8,-0.7806316741785051,-0.7209935731859137,-0.25084072438463584,1.6852831667646482,NA,2.1518473406414937,NA,-0.7057375333443341,NA
HR03,HR,2018,10.381542218022277,8.974185882340596,23.7,-0.7529202958978451,-0.5477939514377066,-0.15961754204274872,1.9674764103593656,NA,1.6852831667646482,NA,-0.942765808246808,NA
HR03,HR,2019,10.379245637986468,8.977772917814114,26.7,-0.7569915255836287,-0.5421582652740908,0.1444597324302087,1.928754182247589,NA,1.9674764103593656,NA,-0.7994033696725055,NA
HR03,HR,2020,10.222171818700401,9.035423227081072,27.1,-1.0354419109243511,-0.45158234187926544,0.18500336902660325,2.0159680638722555,NA,1.928754182247589,NA,-0.8190753964666956,NA
HR03,HR,2021,10.353916578657234,8.987217795201424,26.5,-0.8018932562641462,-0.5273191689780923,0.12418791413201162,1.4673805274638112,NA,2.0159680638722555,NA,-0.7747681884415465,NA
HR03,HR,2022,10.423534794506399,8.983885453242387,24.9,-0.6784785515218583,-0.5325546994348236,-0.03798663225356583,1.8914318138831092,NA,1.4673805274638112,NA,-1.0534667355404812,NA
HR03,HR,2023,10.42074752285958,9.01357636363686,25.1,-0.6834196478015151,-0.4859065259972911,-0.017714813955368374,2.7721308445758637,NA,1.8914318138831092,NA,-0.8380362534806386,NA
HR05,HR,2016,10.491562170980801,NA,NA,-0.5578839847180954,NA,NA,9.31770363691013,NA,NA,NA,NA,NA
HR05,HR,2017,10.515696000564496,8.838009455653719,38.9,-0.5151010806168814,-0.7617443317323886,1.3810406486202356,8.741258741258742,NA,9.31770363691013,NA,2.934727489912949,NA
HR05,HR,2018,10.53318348624411,8.785706024852148,41.4,-0.4841003884056586,-0.8439196331628163,1.6344383773477003,10.025560920193126,NA,8.741258741258742,NA,2.6418765878446493,NA
HR05,HR,2019,10.552909132037309,8.810522780175923,43.8,-0.4491320295971946,-0.8049293734799828,1.877700196926066,11.221028829847372,NA,10.025560920193126,NA,3.2943397364760725,NA
HR05,HR,2020,10.765677909939063,9.259236890999539,42.8,-0.07194919629944137,-0.09994278373012548,1.7763411054350802,10.005543237250555,NA,11.221028829847372,NA,3.9016724726612733,NA
HR05,HR,2021,10.872848789956214,9.08387841552179,43.1,0.11803646123226547,-0.3754531156514405,1.8067488328823764,7.990047000276472,NA,10.005543237250555,NA,3.2841701668411036,NA
HR05,HR,2022,10.88597218336882,9.201673649478893,43.9,0.14130077077364636,-0.1903819126893196,1.8878361060751647,9.78381374722838,NA,7.990047000276472,NA,2.260239006090436,NA
HR05,HR,2023,10.911734804405906,9.290376805268153,44.5,0.1869710918224972,-0.05101804203872194,1.9486515609697563,10.99562363238512,NA,9.78381374722838,NA,3.1715250872194654,NA
HR06,HR,2016,10.222029417034697,NA,NA,-1.0356943514575256,NA,NA,2.3137019230769234,NA,NA,NA,NA,NA
HR06,HR,2017,10.256476392776477,8.47760018641896,17.2,-0.9746289637772764,-1.3279928527911091,-0.8184516367341566,2.6559236048940615,NA,2.3137019230769234,NA,-0.6235106616560319,NA
HR06,HR,2018,10.292934671499825,8.340288797057823,18,-0.9099980672630268,-1.5437264029169127,-0.7373643635413678,3.0606238964096524,NA,2.6559236048940615,NA,-0.4496520170856259,NA
HR06,HR,2019,10.317003329109246,8.446930889412238,18.8,-0.8673306958548648,-1.3761781952736702,-0.6562770903485791,3.1104651162790695,NA,3.0606238964096524,NA,-0.2440524075969872,NA
HR06,HR,2020,10.052649358825288,8.382803381434151,18,-1.3359604473085964,-1.4769306166219696,-0.7373643635413678,3.214285714285715,NA,3.1104651162790695,NA,-0.21873160710234568,NA
HR06,HR,2021,10.137292427471174,8.385742920686976,17.4,-1.1859106478703867,-1.4723122288706212,-0.7981798184359594,3.2762248271716263,NA,3.214285714285715,NA,-0.16598770042734665,NA
HR06,HR,2022,10.214735112444618,8.48530070349635,18.1,-1.0486252264635065,-1.3158943670453955,-0.7272284543922691,4.265264387963774,NA,3.2762248271716263,NA,-0.13452081570204738,NA
HR06,HR,2023,10.276959630067868,8.682493273285784,20.1,-0.9383175953854143,-1.0060799129273914,-0.5245102714102975,4.207492795389048,NA,4.265264387963774,NA,0.36794026903341187,NA
HU11,HU,2013,10.257064382004659,NA,NA,-0.9735866142125462,NA,NA,10.120320855614974,NA,NA,NA,NA,NA
HU11,HU,2014,10.267080114943374,8.999512108630057,40.4,-0.9558313656998975,-0.5080032484659002,1.5330792858567144,8.045535942696343,NA,10.120320855614974,NA,3.3424805609981867,NA
HU11,HU,2015,10.243524855321837,9.087751316022924,42.5,-0.9975886181066291,-0.3693682993934367,1.7459333779877846,8.881701704192064,NA,8.045535942696343,NA,2.2884290151703377,NA
HU11,HU,2016,10.235021114830616,9.103091438396174,44.7,-1.0126635034527711,-0.3452670280106125,1.9689233792679537,9.639414494823278,NA,8.881701704192064,NA,2.7132257292707216,NA
HU11,HU,2017,10.263572358142136,9.012615209602895,41.9,-0.962049691818315,-0.48741662048347784,1.685117923093193,8.44670531172365,NA,9.639414494823278,NA,3.0981660347864706,NA
HU11,HU,2018,10.301728815554974,9.246639363653038,41.7,-0.8944083731177654,-0.11973509163635222,1.6648461047949963,10.278578290105669,NA,8.44670531172365,NA,2.49223481254679,NA
HU11,HU,2019,10.353312336020705,9.39991554809148,46.5,-0.8029644188279996,0.12108116965480004,2.151369743951728,10.927347903130538,NA,10.278578290105669,NA,3.422879976101418,NA
HU11,HU,2020,10.308241257309943,9.414745650391442,47.5,-0.8828635343634621,0.1443811350311989,2.252728835442714,12.836243511090137,NA,10.927347903130538,NA,3.7524739543673564,NA
HU11,HU,2021,10.362521402823962,9.378399613336502,49.8,-0.7866391762659332,0.08727691634003167,2.485854745871981,13.59100814313568,NA,12.836243511090137,NA,4.722248871210853,NA
HU11,HU,2022,10.381506420255295,9.38532599752751,55.6,-0.7529837558815378,0.09815914146362584,3.073737476519699,13.586895545831931,NA,13.59100814313568,NA,5.105691425757225,NA
HU11,HU,2023,10.392683880584805,9.330992835515206,55.8,-0.7331690716137905,0.01279487572419287,3.0940092948178957,12.214079502553853,NA,13.586895545831931,NA,5.103602105790421,NA
HU12,HU,2013,10.20180170332961,NA,NA,-1.0715527440358947,NA,NA,6.776629570747218,NA,NA,NA,NA,NA
HU12,HU,2014,10.166059712628165,8.201663271619607,22.9,-1.1349138511185217,-1.7615246269388594,-0.24070481523553747,7.436140018921475,NA,6.776629570747218,NA,1.6437873877245737,NA
HU12,HU,2015,10.19988156558993,8.09502292201242,24.8,-1.074956640980345,-1.9290700965059069,-0.04812254140266419,7.141532183268411,NA,7.436140018921475,NA,1.978838025050543,NA
HU12,HU,2016,10.153494507196408,8.194330757904769,26.2,-1.1571886408337069,-1.7730449328829474,0.09378018668471581,7.01909476661952,NA,7.141532183268411,NA,1.82916860985016,NA
HU12,HU,2017,10.159311347817725,8.174847415655965,26.2,-1.1468769191232822,-1.8036557264318789,0.09378018668471581,6.5743944636678195,NA,7.01909476661952,NA,1.7669668136628203,NA
HU12,HU,2018,10.216987587099883,8.315900291473131,26.9,-1.0446321839655306,-1.5820438281248894,0.1647315507284058,6.646525679758309,NA,6.5743944636678195,NA,1.5410460260005594,NA
HU12,HU,2019,10.256266546871235,8.4614118778914,26,-0.9750009651295232,-1.353426731840989,0.07350836838651871,6.879686990544506,NA,6.646525679758309,NA,1.577690797875091,NA
HU12,HU,2020,10.254685152840981,8.472080312721767,27.1,-0.9778043589675356,-1.336665272132883,0.18500336902660325,7.467057101024889,NA,6.879686990544506,NA,1.6961435775011577,NA
HU12,HU,2021,10.32263007379666,8.513372046574995,30,-0.857355964015113,-1.271790738589433,0.478944734350462,8.20849892999083,NA,7.467057101024889,NA,1.9945448089107305,NA
HU12,HU,2022,10.381506420255295,8.803122174486733,33,-0.7529837558815378,-0.8165566605232385,0.7830220088234194,8.275758486031842,NA,8.20849892999083,NA,2.3712189890133826,NA
HU12,HU,2023,10.347631216643862,8.775874088101784,32.3,-0.8130355426272352,-0.859366848646085,0.712070644779729,8.52163639048885,NA,8.275758486031842,NA,2.4053888147988394,NA
HU21,HU,2000,9.902004781417023,NA,NA,-1.603013485297229,NA,NA,6.5632475608495415,5.697841405974821,NA,NA,NA,NA
HU21,HU,2001,9.905403672836968,8.606332834198588,12,-1.5969881487394464,-1.1257375901227498,-1.3455189124872826,6.765255121656504,6.292949286154413,6.5632475608495415,5.697841405974821,1.5353830726632562,1.076154630770942
HU21,HU,2002,9.913186610613119,8.585988791310191,11.3,-1.583191056183206,-1.1577006531770633,-1.4164702765309727,6.446182392805008,6.178992458034916,6.765255121656504,6.292949286154413,1.6380088342116983,1.3635786949778868
HU21,HU,2003,9.969527976158604,8.60765525077255,11.8,-1.4833126995094503,-1.1236599065192732,-1.3657907307854797,5.45215855755379,6.1916543278259715,6.446182392805008,6.178992458034916,1.4759105362226674,1.308540044385067
HU21,HU,2004,10.04733447684671,8.580418728380913,13.7,-1.345382328954449,-1.166451926146831,-1.173208456952607,5.699688586389241,6.172661523139389,5.45215855755379,6.1916543278259715,0.9709172939774336,1.3146554500064918
HU21,HU,2005,10.085076983033758,8.755405597272256,13.3,-1.2784748364182934,-0.891525435147295,-1.2137520935490012,5.147041043475786,6.4575535934381305,5.699688586389241,6.172661523139389,1.0966698035066236,1.3054823415743555
HU21,HU,2006,10.09336292655757,8.869965145558181,12.6,-1.2637860475570852,-0.7115379033954236,-1.2847034575926912,4.908350677328659,6.27395648146783,5.147041043475786,6.4575535934381305,0.8159086541080329,1.4430789680564038
HU21,HU,2007,10.128612231655392,8.769801432219422,13.4,-1.2012983418904535,-0.8689077586775801,-1.2036161843999025,4.868872725019923,6.2612946116767745,4.908350677328659,6.27395648146783,0.6946469523070128,1.35440558654575
HU21,HU,2008,10.16624653090823,9.003164728067587,14.2,-1.134582671662204,-0.5022645216043994,-1.122528911207114,5.457357490057445,5.077409786213117,4.868872725019923,6.2612946116767745,0.6745909954711758,1.3482901809243255
HU21,HU,2009,10.05342540625169,8.82210748200288,15.7,-1.3345847202402243,-0.786728342495545,-0.9704902739706353,5.479452054794521,4.254388249794532,5.457357490057445,5.077409786213117,0.97355850406529,0.7764997553211473
HU21,HU,2010,10.10712468054895,8.675913086310759,15.1,-1.2393900933536341,-1.016418218462122,-1.0313057288652268,5.648926237161532,4.868488934660707,5.479452054794521,4.254388249794532,0.9847831905233901,0.3789983899285638
HU21,HU,2011,10.146864301916459,8.623696582529861,14.2,-1.1689422432066623,-1.0984569465546863,-1.122528911207114,5.173971983732489,5.602877382541907,5.648926237161532,4.868488934660707,1.070881042300503,0.6755955625676454
HU21,HU,2012,10.083125533854727,8.455949014321169,15.9,-1.2819342402727616,-1.3620095810666963,-0.950218455672438,4.758667573079538,5.166042874750504,5.173971983732489,5.602877382541907,0.8295903610798863,1.030289088610259
HU21,HU,2013,10.12711081072802,8.350103965402177,18,-1.203959964544602,-1.5283055327191704,-0.7373643635413678,3.7236428891879765,12.035107236397929,4.758667573079538,5.166042874750504,0.6186035482723482,0.8193075946711182
HU21,HU,2014,10.129983656154355,8.626289841412348,19,-1.198867168561011,-1.0943826090382067,-0.636005272050382,2.907846910412658,11.357697202576476,3.7236428891879765,12.035107236397929,0.09278067322011048,4.1369151442938366
HU21,HU,2015,10.181119289134408,8.714983806842529,17.6,-1.1082172004590356,-0.955033177603468,-0.777908000137762,2.519975414874001,11.693236752039436,2.907846910412658,11.357697202576476,-0.3216675942384409,3.809740943547633
HU21,HU,2016,10.202468511792867,8.641871745375395,19.4,-1.0703706687900865,-1.069901468214363,-0.5954616354539878,3.5253125640500103,13.022733080100231,2.519975414874001,11.693236752039436,-0.5187176821340409,3.971799192515378
HU21,HU,2017,10.202328732901417,8.627598676904578,19.1,-1.0706184598374018,-1.0923262630309079,-0.6258693629012833,3.769801483858031,12.225035283263754,3.5253125640500103,13.022733080100231,-0.00797694483203689,4.613916782764938
HU21,HU,2018,10.22038317610102,8.542430185397095,20.1,-1.0386127017238507,-1.226136729280324,-0.5245102714102975,3.905938620964528,13.427912913413994,3.769801483858031,12.225035283263754,0.11623059217906927,4.228646228615202
HU21,HU,2019,10.233721308550178,8.739435038918375,19.7,-1.014967716601093,-0.9166172011486764,-0.565053908006692,5.4390822784810124,14.497840910758157,3.905938620964528,13.427912913413994,0.18539224788526182,4.809609762650517
HU21,HU,2020,10.21843736244864,8.991300935952545,21.2,-1.0420621152783764,-0.520904038711033,-0.41301527077021327,5.508814102564102,15.504459559147037,5.4390822784810124,14.497840910758157,0.9642741609545757,5.326361537660877
HU21,HU,2021,10.250309412217034,8.989154380053694,22.2,-0.9855613910969333,-0.5242765493727999,-0.31165617927922745,5.080875356803045,16.935250845536274,5.508814102564102,15.504459559147037,0.9996999713653433,5.8125362845641115
HU21,HU,2022,10.270589522412111,8.931578102908764,23.2,-0.9496101133840816,-0.61473615894557,-0.21029708778824163,5.111821086261981,17.264459460103705,5.080875356803045,16.935250845536274,0.7822945460219772,6.503577119785066
HU21,HU,2023,10.268548109850025,9.07758750972417,22.6,-0.9532289985498966,-0.38533692388863017,-0.2711125426828329,5.411985018726591,16.70733718929728,5.111821086261981,17.264459460103705,0.7980158835783975,6.6625776659420985
HU22,HU,2000,9.933753479731603,NA,NA,-1.5467314306560247,NA,NA,5.342694317887456,5.176214750628747,NA,NA,NA,NA
HU22,HU,2001,9.905403672836968,8.76050223333414,12.6,-1.5969881487394464,-0.8835179756317725,-1.2847034575926912,5.4989624599132245,5.678461330392724,5.342694317887456,5.176214750628747,0.9153062519292913,0.8242203878014173
HU22,HU,2002,9.9437700339852,8.759988717301738,12.7,-1.5289747261690694,-0.8843247742318895,-1.2745675484435928,5.277921310991364,5.534962307603015,5.4989624599132245,5.678461330392724,0.994695048155981,1.0667944789833987
HU22,HU,2003,10.014990350235362,8.63221637862839,12.3,-1.4027199206637135,-1.0850712699022595,-1.3151111850399868,5.70500398951328,5.26846412242213,5.277921310991364,5.534962307603015,0.8823996659879558,0.9974875957885463
HU22,HU,2004,10.042245407339239,8.687071071520926,13.4,-1.3544039047448768,-0.9988876132236189,-1.2036161843999025,5.344207008151475,5.324838738518086,5.70500398951328,5.26846412242213,1.0993701840832828,0.8687748127123933
HU22,HU,2005,10.089760832346185,8.673219306921512,14.3,-1.2701716089813404,-1.020650486401452,-1.1123930020580153,5.316326143815626,5.422213075411103,5.344207008151475,5.324838738518086,0.9160747429189935,0.8960025168246564
HU22,HU,2006,10.153706056465039,8.622321282125583,13.6,-1.1568136198681729,-1.100617717340598,-1.1833443661017053,5.958112662493983,5.053215588237569,5.316326143815626,5.422213075411103,0.9019104466735203,0.9430321875640205
HU22,HU,2007,10.145141533606603,8.654446665838245,13.2,-1.1719962562937094,-1.0501446785800719,-1.2238880026980998,5.755813953488372,5.073715448636098,5.958112662493983,5.053215588237569,1.2279568083432642,0.7648144879201157
HU22,HU,2008,10.177675226731852,8.64324675128731,14,-1.1143226132355764,-1.067741160113183,-1.142800729505311,5.215742057847321,4.248596067595277,5.755813953488372,5.073715448636098,1.1251831349766188,0.7747154712336659
HU22,HU,2009,10.115667715128913,8.857147133987855,15.1,-1.2242455499689882,-0.7316766198885419,-1.0313057288652268,4.344606270056777,3.7514744529309327,5.215742057847321,4.248596067595277,0.8508107829732324,0.3762008928632675
HU22,HU,2010,10.20621558319318,8.596288142199683,17,-1.06372810111039,-1.1415190709957221,-0.8387234550323537,4.903677758318739,4.176846556200424,4.344606270056777,3.7514744529309327,0.4082482705753047,0.13610204750967417
HU22,HU,2011,10.201141188770897,8.60534636515323,15.5,-1.0727236618516864,-1.1272874576918894,-0.9907620922688324,6.617826617826618,4.320345578990132,4.903677758318739,4.176846556200424,0.6922729724909529,0.34154745126584196
HU22,HU,2012,10.141233164662008,8.832824193452304,17.2,-1.1789247619073289,-0.7698910341162847,-0.8184516367341566,5.030084235860409,4.187096486399688,6.617826617826618,4.320345578990132,1.5631108332703,0.4108543344606939
HU22,HU,2013,10.18268066188283,8.967327943198713,18.5,-1.105449299064424,-0.5585686407370327,-0.6866848177958749,3.4688995215311005,9.850182921493516,5.030084235860409,4.187096486399688,0.7564911679414013,0.3464979429226168
HU22,HU,2014,10.204674548755944,8.912338765380325,17.8,-1.066459948052304,-0.6449635902343371,-0.7576361818395649,3.9981929071606053,8.984063819655637,3.4688995215311005,9.850182921493516,-0.03663642384678575,3.081644583290876
HU22,HU,2015,10.25061708363133,8.811856156145232,19.7,-0.9850159709609843,-0.8028344712810467,-0.565053908006692,3.732503888024883,9.235187109537623,3.9981929071606053,8.984063819655637,0.23226012916237687,2.6633280382933777
HU22,HU,2016,10.238573516434984,8.802009575388078,20.1,-1.0063660338928067,-0.8183046943501207,-0.5245102714102975,4.157549234135667,10.449803838150508,3.732503888024883,9.235187109537623,0.09728232033710311,2.784615083884367
HU22,HU,2017,10.24693303913817,8.697767851578702,19,-0.9915468085849443,-0.9820816195801516,-0.636005272050382,3.854344122657581,9.932182363087636,4.157549234135667,10.449803838150508,0.3132178138552091,3.37124834521222
HU22,HU,2018,10.260255567348398,8.683400050335441,20.8,-0.9679294856554336,-1.004655251557309,-0.4535589073666075,3.8853503184713376,10.936675522615587,3.854344122657581,9.932182363087636,0.15918073055735332,3.1212485165450774
HU22,HU,2019,10.275194556756754,8.750398935227642,20.3,-0.9414466040634251,-0.8993915341081327,-0.5042384531121004,4.563617245005258,12.033418053936925,3.8853503184713376,10.936675522615587,0.17493278679423646,3.6063966989090384
HU22,HU,2020,10.26113678812247,8.82323941864748,22.1,-0.9663673140266668,-0.7849499269395346,-0.32179208842832585,3.890551517742625,13.027661283265617,4.563617245005258,12.033418053936925,0.5195122648622943,4.136099306183977
HU22,HU,2021,10.26273193221559,8.751417872922463,25,-0.9635395449597275,-0.8977906541863462,-0.0278507231044671,3.97119341563786,14.088529058889526,3.890551517742625,13.027661283265617,0.1775751484664867,4.616296996891165
HU22,HU,2022,10.302338220726691,8.80596571763032,25.3,-0.8933280587428772,-0.8120890947943055,0.0025570043428287167,4.007398273736127,14.370402139369311,3.97119341563786,14.088529058889526,0.2185435961381985,5.128672883367389
HU22,HU,2023,10.261038687827893,8.890970810444092,22.8,-0.9665412199325096,-0.6785353485478282,-0.25084072438463584,4.050222762251924,13.980904791797247,4.007398273736127,14.370402139369311,0.23693672518369255,5.264811403928707
HU23,HU,2000,9.817921664206482,NA,NA,-1.752070638770298,NA,NA,4.041655652480394,3.6734604389038426,NA,NA,NA,NA
HU23,HU,2001,9.831295700683246,8.338386883549626,11.4,-1.728362005291835,-1.5467145494578853,-1.4063343673818742,3.777859682594744,4.069219988951494,4.041655652480394,3.6734604389038426,0.25434047763849954,0.09842298842882814
HU23,HU,2002,9.888028050976963,8.3412006162495,12,-1.6277905359510378,-1.542293819704344,-1.3455189124872826,3.9956588185784843,3.93730013893561,3.777859682594744,4.069219988951494,0.12032439331582039,0.28956617794445033
HU23,HU,2003,9.890937701565383,8.469322940821158,10.8,-1.6226324941383747,-1.3409974519462486,-1.4671498222764656,4.014703993835879,3.781702367122003,3.9956588185784843,3.93730013893561,0.23097273789081998,0.2258517814392428
HU23,HU,2004,9.940280480682551,8.549180770646817,11.7,-1.5351607822935451,-1.2155307065161136,-1.3759266399345786,3.2787509520182776,3.886561735083347,4.014703993835879,3.781702367122003,0.24064824511840066,0.15070146761258776
HU23,HU,2005,9.976058245370963,8.589883775810288,13.2,-1.4717362573829091,-1.1515811401650669,-1.2238880026980998,3.79068047337278,3.8662663735424423,3.2787509520182776,3.886561735083347,-0.133237470241519,0.2013462443218553
HU23,HU,2006,9.992775689652401,8.537086855444473,12.9,-1.4421006451387022,-1.2345317760826022,-1.2542957301453954,3.7331607354425373,3.7478767645538285,3.79068047337278,3.8662663735424423,0.12683773079681943,0.19154402947490057
HU23,HU,2007,9.975849477102981,8.645888691879495,13,-1.4721063483689854,-1.0635903374769429,-1.244159820996297,5.081511713705957,3.565218510685681,3.7331607354425373,3.7478767645538285,0.09761601807687402,0.13436444286766314
HU23,HU,2008,10.065557928611147,8.62970914981273,12.8,-1.3130769633046595,-1.0890104433087546,-1.264431639294494,4.968191457134201,2.993565827283518,5.081511713705957,3.565218510685681,0.7826178339797009,0.0461445092450681
HU23,HU,2009,10.016037874180071,8.633408621744376,14.3,-1.4008629374478994,-1.0831981052564037,-1.1123930020580153,3.920981741993415,2.628249319547224,4.968191457134201,2.993565827283518,0.7250478223272434,-0.22995120894416365
HU23,HU,2010,10.047020756479244,8.739263493729265,15.3,-1.3459384722863394,-0.9168867203256788,-1.0110339105670294,4.363312555654497,2.9225320618903496,3.920981741993415,2.628249319547224,0.1930345942681784,-0.4063910761893533
HU23,HU,2011,10.076732478142375,8.54325261297697,16.1,-1.2932674391132817,-1.2248445915898287,-0.9299466373742408,3.892123812442537,3.3385869734789066,4.363312555654497,2.9225320618903496,0.41775161192322197,-0.2642589609085061
HU23,HU,2012,10.052754435978429,8.59087026593963,17.3,-1.33577417327569,-1.1500312394703225,-0.8083157275850578,2.81259553653317,3.1593112798675773,3.892123812442537,3.3385869734789066,0.17837392025657448,-0.06331355654592895
HU23,HU,2013,10.068270310705087,8.64098468230859,17.9,-1.3082686264177006,-1.0712951564253546,-0.7475002726904666,3.0444964871194378,6.639965784132821,2.81259553653317,3.1593112798675773,-0.3700580839006521,-0.14989978769403126
HU23,HU,2014,10.035897217069747,8.505815610076526,18.3,-1.3656575690079003,-1.2836628555325322,-0.706956636094072,2.8110214305594208,6.18670270971927,3.0444964871194378,6.639965784132821,-0.25224560419616443,1.5311800585587476
HU23,HU,2015,10.043249494911286,8.576204781913777,17.9,-1.352623922742636,-1.1730725687288117,-0.7475002726904666,2.5372311086596797,6.352448162303331,2.8110214305594208,6.18670270971927,-0.37085777587093594,1.3122639269767526
HU23,HU,2016,10.043403817163181,8.696517984403352,18.5,-1.3523503501593626,-0.9840453189074868,-0.6866848177958749,2.7785271108713245,7.191323105994078,2.5372311086596797,6.352448162303331,-0.509951283942172,1.3923153482268855
HU23,HU,2017,10.07529249176455,8.468592173501882,18.9,-1.2958201545410548,-1.342145579780631,-0.6461411811994807,2.8702951529921474,6.8090937969736975,2.7785271108713245,7.191323105994078,-0.38736584265154556,1.7974735619010238
HU23,HU,2018,10.116904128542899,8.78898793340082,18.4,-1.2220537156255584,-0.8387633399690219,-0.6968207269449737,2.5804735301942006,7.509283770134926,2.8702951529921474,6.8090937969736975,-0.3407449876160328,1.6128651822833722
HU23,HU,2019,10.15232045860622,8.908038188257041,18,-1.159269918820278,-0.651720340528048,-0.7373643635413678,3.4722222222222223,8.236534225350697,2.5804735301942006,7.509283770134926,-0.4879828664064558,1.9510415945033186
HU23,HU,2020,10.130815671128195,9.08942337147727,18.3,-1.1973922258167145,-0.3667412889112647,-0.706956636094072,3.489010989010989,8.784508986955137,3.4722222222222223,8.236534225350697,-0.03494839451035034,2.3022876265192056
HU23,HU,2021,10.185770891079462,9.122166713804415,18.4,-1.0999711390852227,-0.31529735905165845,-0.6968207269449737,3.0031612223393043,9.56588040627999,3.489010989010989,8.784508986955137,-0.026419208918119823,2.5669474273869897
HU23,HU,2022,10.219450560920924,9.142550440969522,20.4,-1.0402659820569617,-0.28327194698216945,-0.494102543963002,2.880872047754996,9.768834021689038,3.0031612223393043,9.56588040627999,-0.2732451302036161,2.944332698994757
HU23,HU,2023,10.168989516808308,9.222717087136479,22,-1.1297200823119715,-0.1573200120425925,-0.3319279975774245,2.7973856209150325,9.542202484482265,2.880872047754996,9.768834021689038,-0.3353716150773072,3.0423548474643054
HU31,HU,2000,9.80022208710708,NA,NA,-1.7834473130378303,NA,NA,3.1575483558353055,3.7373827830635684,NA,NA,NA,NA
HU31,HU,2001,9.861601050178574,8.494352564187986,10.8,-1.6746386267987512,-1.301672749659273,-1.4671498222764656,4.122147767247978,3.8988322231407633,3.1575483558353055,3.7373827830635684,-0.1948119414407033,0.12929607978577493
HU31,HU,2002,9.894377278655622,8.387668827823038,10.8,-1.6165350326356283,-1.4692863853072544,-1.4671498222764656,3.9459117965838426,3.812954861397574,4.122147767247978,3.8988322231407633,0.29523283109135706,0.20727262114314868
HU31,HU,2003,9.909629834577535,8.39670697668187,11.4,-1.5894962804540649,-1.4550863109437724,-1.4063343673818742,3.422331437406815,3.7786039167002987,3.9459117965838426,3.812954861397574,0.20569979267741875,0.16579573744241777
HU31,HU,2004,9.968137435185518,8.534107974209718,11.5,-1.4857777612972622,-1.239211975060756,-1.3961984582327756,4.323743395943058,3.5965439098047387,3.422331437406815,3.7786039167002987,-0.060294375450258515,0.14920498396212553
HU31,HU,2005,10.046794796462741,8.593786765368916,12.5,-1.346339039700773,-1.1454490501942018,-1.29483936674179,3.5702755477891017,3.81982505033703,4.323743395943058,3.5965439098047387,0.3976493190536059,0.06127399051657649
HU31,HU,2006,10.074038653731167,8.538555945363804,12.9,-1.2980428781313853,-1.2322236501126747,-1.2542957301453954,3.181123006336028,3.7511231609424787,3.5702755477891017,3.81982505033703,0.014865568731719918,0.16911388813847655
HU31,HU,2007,10.068508307585686,8.634057230840636,13.4,-1.3078467208231586,-1.0821790583759445,-1.2036161843999025,3.525488327775131,3.6755510826084725,3.181123006336028,3.7511231609424787,-0.1828353280346984,0.13593238117789186
HU31,HU,2008,10.082365046927528,8.510461708657159,12.8,-1.2832823826868667,-1.2763632473521926,-1.264431639294494,3.609756097560976,3.0950201172245175,3.525488327775131,3.6755510826084725,-0.007887651708199973,0.09943272352124882
HU31,HU,2009,9.99194032260101,8.649017426978563,13.5,-1.4435815302309338,-1.0586746991350284,-1.193480275250804,3.449144008056395,2.6484578361599365,3.609756097560976,3.0950201172245175,0.03492284515496024,-0.1809510102956903
HU31,HU,2010,10.01555748702346,8.360769913617526,15.1,-1.4017145369663893,-1.5115479797975877,-1.0313057288652268,4.462474645030427,2.8683038822225,3.449144008056395,2.6484578361599365,-0.046672803708129366,-0.39663080553948976
HU31,HU,2011,10.019574064302427,8.376121073779165,15.6,-1.3945942065627435,-1.4874293666539236,-0.9806261831197338,5.07782597601429,3.143111439800703,4.462474645030427,2.8683038822225,0.46812885967715195,-0.290449983265619
HU31,HU,2012,10.007701772037485,8.42937152740609,15.4,-1.4156406442891345,-1.4037661726523527,-1.000898001417931,5.172413793103448,2.823647654116041,5.07782597601429,3.143111439800703,0.7807453712067027,-0.15772395542328113
HU31,HU,2013,10.04638759945558,8.354676309897908,15.6,-1.3470608924198904,-1.521121801529415,-0.9806261831197338,5.461670340435954,6.334314202177592,5.172413793103448,2.823647654116041,0.8287987545711787,-0.3120179627899993
HU31,HU,2014,10.049260444881915,8.374748518423559,16.7,-1.3419680964362994,-1.489585824621372,-0.8691311824796495,5.002305209774089,5.884316826643284,5.461670340435954,6.334314202177592,0.9757495584633077,1.3835570428958694
HU31,HU,2015,10.106428396532818,8.622075576604347,17.1,-1.2406244209677428,-1.1010037517739275,-0.8285875458832549,4.507291206363234,6.066376833538843,5.002305209774089,5.884316826643284,0.7423786085114756,1.166218172304041
HU31,HU,2016,10.110095191661852,8.618582952922614,17.9,-1.2341241619093863,-1.1064911050781179,-0.7475002726904666,4.843549078439778,6.880494222864272,4.507291206363234,6.066376833538843,0.4908969863670086,1.2541491657495898
HU31,HU,2017,10.166610650299338,8.452751642792032,17.2,-1.133937184175971,-1.367033055916533,-0.8184516367341566,5.181128896377422,6.433931941799691,4.843549078439778,6.880494222864272,0.6617258407953345,1.6473500232325164
HU31,HU,2018,10.189399630581054,8.527393110140684,17.5,-1.0935383426006662,-1.2497618753346138,-0.7880439092868607,5.08230452674897,7.110645552336017,5.181128896377422,6.433931941799691,0.8332262824661348,1.4316702279887172
HU31,HU,2019,10.1938489173028,8.756491790105954,17.5,-1.08565093266951,-0.8898188889006567,-0.7880439092868607,5.17170045510964,7.952243697419266,5.08230452674897,7.110645552336017,0.7830206062421832,1.7585080715504744
HU31,HU,2020,10.187770564055668,8.98522774242833,17.1,-1.0964262471782786,-0.5304457934458416,-0.8285875458832549,5.11134676564157,8.529339568333492,5.17170045510964,7.952243697419266,0.828436357963034,2.164981531817635
HU31,HU,2021,10.250309412217034,8.80868102891399,16.9,-0.9855613910969333,-0.807822997527006,-0.8488593641814524,4.847097982109424,9.305670918491916,5.11134676564157,8.529339568333492,0.7977749148013215,2.4437061902865445
HU31,HU,2022,10.225604426495302,8.826819952983982,18.8,-1.029356804141069,-0.7793244548839772,-0.6562770903485791,4.369130257247856,9.56673809819121,4.847097982109424,9.305670918491916,0.6635287878746645,2.818657218941149
HU31,HU,2023,10.185383326583985,8.870354741753694,20,-1.1006581885477027,-0.7109257985236827,-0.5346461805593962,4.667753770892784,9.271319973794645,4.369130257247856,9.56673809819121,0.4207071748442088,2.9447469453913704
HU32,HU,2000,9.817921664206482,NA,NA,-1.752070638770298,NA,NA,2.8427753136260208,3.359243545887504,NA,NA,NA,NA
HU32,HU,2001,9.898235183358356,8.398611919836089,10.7,-1.6096959867910265,-1.4520934044459237,-1.4772857314255643,3.7613189310181103,3.5101529594493863,2.8427753136260208,3.359243545887504,-0.3547258725955726,-0.05333688476589418
HU32,HU,2002,9.931648673452854,8.469000025158035,10.7,-1.5504626961339336,-1.3415047932725641,-1.4772857314255643,3.22557599952231,3.5041165829069105,3.7613189310181103,3.5101529594493863,0.11192120672045446,0.019549054771577895
HU32,HU,2003,9.94599747874841,8.490477530330145,11.5,-1.5250260550572299,-1.3077609176903402,-1.3961984582327756,3.359454463262241,3.3320798514463648,3.22557599952231,3.5041165829069105,-0.16025190461912975,0.016633617190078772
HU32,HU,2004,10.000572710938672,8.4509881076298,12.7,-1.4282785862396452,-1.3698037925836803,-1.2745675484435928,3.5245156631306345,3.304916157005226,3.359454463262241,3.3320798514463648,-0.09223772118282178,-0.06645635388263928
HU32,HU,2005,10.04190481116855,8.494807665835383,12.6,-1.355007691775746,-1.3009577274421225,-1.2847034575926912,3.8698929429757474,3.304916157005226,3.5245156631306345,3.304916157005226,-0.008381793855523414,-0.07957582299938415
HU32,HU,2006,10.054333582651834,8.562605152681051,13.3,-1.3329747634076556,-1.1944393053733173,-1.2137520935490012,3.5606664802999406,3.226443261953047,3.8698929429757474,3.304916157005226,0.16707998700081161,-0.07957582299938415
HU32,HU,2007,10.041600854665763,8.633851096516057,14.5,-1.3555465263550064,-1.0825029214571573,-1.0921211837598181,2.942372330044454,3.326043474903889,3.5606664802999406,3.226443261953047,0.009983880814167746,-0.11747651155886975
HU32,HU,2008,10.094787566926085,8.64761432298522,14.4,-1.261260536549661,-1.0608791528739938,-1.1022570929089168,3.307888040712468,2.6560056786891315,2.942372330044454,3.326043474903889,-0.3041276691567332,-0.0693717914641384
HU32,HU,2009,10.044208751146767,8.593316544206235,14.9,-1.350923414856445,-1.1461878270811117,-1.0515775471634239,2.7912621359223304,2.32400496885299,3.307888040712468,2.6560056786891315,-0.11843497520321099,-0.39298536301051407
HU32,HU,2010,10.042586159411378,8.52381777887897,15,-1.3537998413419237,-1.2553791727019636,-1.0414416380143252,2.7844073190135243,2.6288419842479924,2.7912621359223304,2.32400496885299,-0.38089607667359354,-0.5533344299929528
HU32,HU,2011,10.085243167810285,8.39495343717621,15.9,-1.2781802347127265,-1.457841343170903,-0.950218455672438,3.618228046156855,2.8038969039797763,2.7844073190135243,2.6288419842479924,-0.3843785245717373,-0.4061048321272592
HU32,HU,2012,10.052754435978429,8.382979828569601,15.9,-1.33577417327569,-1.476653395867615,-0.950218455672438,3.5984848484848486,2.5232053947546746,3.618228046156855,2.8038969039797763,0.03922684334680096,-0.32155714226379145
HU32,HU,2013,10.059574603737534,8.42425075925938,17.5,-1.3236838176120727,-1.4118115467236578,-0.7880439092868607,4.02224281742354,5.583648301789652,3.5984848484848486,2.5232053947546746,0.029196720274193445,-0.45712498980348965
HU32,HU,2014,10.05367546309103,8.464776605987536,17.8,-1.3341414355248737,-1.3481403186689664,-0.7576361818395649,3.3281331253250133,5.245611215411034,4.02224281742354,5.583648301789652,0.2444781884570183,1.0210018640164444
HU32,HU,2015,10.0519075576544,8.494534788029693,17.7,-1.3372754648132237,-1.30138645296916,-0.7677720909886636,3.1748726655348043,5.38142968761673,3.3281331253250133,5.245611215411034,-0.1081498788549583,0.8577373594525065
HU32,HU,2016,10.03038844905111,8.506003485044577,17.1,-1.3754231593813586,-1.2833676802085778,-0.8285875458832549,3.6162241407395346,6.057503860373963,3.1748726655348043,5.38142968761673,-0.1860106843535436,0.9233347050362319
HU32,HU,2017,10.071300470495013,8.177974837664168,17.1,-1.3028969536272643,-1.7987421511216992,-0.8285875458832549,3.2958326731104424,5.767757786335148,3.6162241407395346,6.057503860373963,0.038208800662150766,1.2498637141641067
HU32,HU,2018,10.113137645747424,8.314901415396536,17.4,-1.228730694580716,-1.583613188708467,-0.7981798184359594,3.238993710691824,6.371395440582678,3.2958326731104424,5.767757786335148,-0.12455945527693717,1.10992271025216
HU32,HU,2019,10.166355776722602,8.568377306726429,18.5,-1.1343890076942245,-1.185370521713957,-0.6866848177958749,3.6355051935788483,7.044451425068674,3.238993710691824,6.371395440582678,-0.15343531408406427,1.4014664684020484
HU32,HU,2020,10.152555657764601,8.811395805780405,19.4,-1.1588529728481165,-0.8035577398967673,-0.5954616354539878,3.6881268197994177,7.533397925009171,3.6355051935788483,7.044451425068674,0.04800414061470424,1.7265377587391741
HU32,HU,2021,10.185770891079462,8.748059541285338,19.3,-1.0999711390852227,-0.903067017712691,-0.6055975446030862,4.197877652933832,8.067617249018237,3.6881268197994177,7.533397925009171,0.07473746902692109,1.9626882028405828
HU32,HU,2022,10.21014816825861,8.885339203330222,20.1,-1.056756666712018,-0.6873833152113472,-0.5245102714102975,4.566420664206642,8.155144708884128,4.197877652933832,8.067617249018237,0.33370583259407793,2.2207044288032347
HU32,HU,2023,10.190788745150892,8.94017244388805,20.8,-1.0910758094489812,-0.601233362862306,-0.4535589073666075,4.461023142509136,7.952926094711207,4.566420664206642,8.155144708884128,0.5209364839822731,2.262978273734968
HU33,HU,2000,9.826655344175236,NA,NA,-1.736588131476621,NA,NA,1.9606370618074644,1.6218292723104033,NA,NA,NA,NA
HU33,HU,2001,9.876416135963716,8.142770243362087,10.3,-1.6483753935974537,-1.8540530189591222,-1.5178293680219586,1.551399179118729,1.8144933879926677,1.9606370618074644,1.6218292723104033,-0.802877959191978,-0.8924699030885311
HU33,HU,2002,9.906956060862482,8.178833426729529,10.4,-1.5942361748849398,-1.7973931991663568,-1.5076934588728599,1.8774139902886997,1.7382904168646078,1.551399179118729,1.8144933879926677,-1.0107827979892585,-0.7994173574903751
HU33,HU,2003,9.909629834577535,8.277972641005748,10.6,-1.5894962804540649,-1.6416329614176808,-1.487421640574663,1.8162517112560037,1.6922810758061566,1.8774139902886997,1.7382904168646078,-0.8451577187163023,-0.8362217225403921
HU33,HU,2004,9.979066505717707,8.332551830439458,11.3,-1.4664034065197702,-1.5558821554990596,-1.4164702765309727,1.7672152008560602,1.6894054919900034,1.8162517112560037,1.6922810758061566,-0.8762299490758719,-0.8584432259668174
HU33,HU,2005,10.027089725383409,8.369048119511419,12.9,-1.3812709249770434,-1.498541871895898,-1.2542957301453954,2.5662791839185997,1.634769399483093,1.7672152008560602,1.6894054919900034,-0.9011419335747157,-0.859832069930969
HU33,HU,2006,10.04433349931725,8.627044650825855,13.7,-1.3507022693065402,-1.0931967080346412,-1.173208456952607,2.1809104833415867,1.616078104678097,2.5662791839185997,1.634769399483093,-0.4951940103378844,-0.8862201052498488
HU33,HU,2007,10.055145079773519,8.428069108206158,13.9,-1.3315361933947594,-1.405812437853373,-1.1529366386544095,1.8690878208751387,1.6390827752073223,2.1809104833415867,1.616078104678097,-0.6909726050383176,-0.8952475910168343
HU33,HU,2008,10.094787566926085,8.379678858617895,15.5,-1.261260536549661,-1.4818396369351143,-0.9907620922688324,2.0850536746490502,1.3630267288566156,1.8690878208751387,1.6390827752073223,-0.8493876568108698,-0.8841368393036217
HU33,HU,2009,10.039568371590265,8.464635213020319,16.6,-1.3591495819001198,-1.3483624648938535,-0.8792670916287478,1.9047619047619049,1.1761137808066577,2.0850536746490502,1.3630267288566156,-0.739670673330303,-1.0174658598621733
HU33,HU,2010,10.029163139079238,8.444851156480022,17.5,-1.377595310255262,-1.3794457186078095,-0.7880439092868607,2.2921441967076475,1.2954505091770152,1.9047619047619049,1.1761137808066577,-0.8312641766213293,-1.1077407175320262
HU33,HU,2011,10.055133366338914,8.430161688896273,17.4,-1.3315569582198212,-1.4025247290674974,-0.7981798184359594,2.164775115594788,1.4536076190654412,2.2921441967076475,1.2954505091770152,-0.6344626184890437,-1.0501036930197358
HU33,HU,2012,10.034976189957145,8.466717772715143,17,-1.3672903067587165,-1.3450905003583293,-0.8387234550323537,2.4953598680140234,1.3012016768093218,2.164775115594788,1.4536076190654412,-0.6991698447666946,-0.9737172749913985
HU33,HU,2013,10.085438114327452,8.35378354263109,18.4,-1.2778346460393701,-1.5225244517596892,-0.6968207269449737,2.3341523341523343,2.808007596473597,2.4953598680140234,1.3012016768093218,-0.5312231013982761,-1.0473260050914324
HU33,HU,2014,10.07546281727594,8.441907551797797,18.2,-1.2955182124064888,-1.3840704936626524,-0.7170925452431707,1.6666666666666667,2.6527260704013242,2.3341523341523343,2.808007596473597,-0.613121253446711,-0.31957176787600416
HU33,HU,2015,10.09823162932864,8.479536156575591,18.9,-1.2551551237731233,-1.324951198950368,-0.6461411811994807,1.8472671872024375,2.6929842438274694,1.6666666666666667,2.6527260704013242,-0.9522235359293262,-0.3945693419401896
HU33,HU,2016,10.085604171653557,8.524108853550798,18.8,-1.2775402702697307,-1.2549218575979695,-0.6562770903485791,1.983621474067334,3.048118845122389,1.8472671872024375,2.6929842438274694,-0.8604731782595965,-0.3751255264420673
HU33,HU,2017,10.102799137554383,8.280775668426115,20,-1.2470581383475061,-1.6372290510114929,-0.5346461805593962,1.730353280461428,2.9086530300389595,1.983621474067334,3.048118845122389,-0.7912012041116744,-0.20360329686934717
HU33,HU,2018,10.146535926149271,8.597884088524632,19.6,-1.1695243666905475,-1.1390116375767363,-0.5751898171557903,2.4290051794963388,3.1358241515150618,1.730353280461428,2.9086530300389595,-0.9198688695246636,-0.2709622291306986
HU33,HU,2019,10.173300249075414,8.71786416494485,20.8,-1.1220782928251427,-0.9505077709206113,-0.4535589073666075,2.050641940085592,3.522590174787667,2.4290051794963388,3.1358241515150618,-0.5649332279610356,-0.16124355596272386
HU33,HU,2020,10.16325094688135,8.917421453042296,21.5,-1.139893050759094,-0.6369780454182848,-0.38260754332291746,2.2648401826484017,3.7382589609991568,2.050641940085592,3.522590174787667,-0.7571528430652885,0.025555957215663876
HU33,HU,2021,10.208836164010458,8.724055388869004,21.6,-1.0590825036346014,-0.940780575507353,-0.37247163417381873,2.5214498336543514,4.022941758798323,2.2648401826484017,3.7382589609991568,-0.6483338578870439,0.12971925452703237
HU33,HU,2022,10.228667216025848,8.837929199094473,22.1,-1.023927287440741,-0.7618704249321404,-0.32179208842832585,2.604258314270632,4.099144729926382,2.5214498336543514,4.022941758798323,-0.5179686341797449,0.2672148069780388
HU33,HU,2023,10.198842479957989,8.950382224988385,22.8,-1.0767986652968804,-0.585192506142187,-0.25084072438463584,2.3661270236612704,4.018628383074094,2.604258314270632,4.099144729926382,-0.4758994989851662,0.3040191720280554
IE04,IE,2012,11.103114259285384,NA,NA,0.5262363061000933,NA,NA,5.320136096504794,NA,NA,NA,NA,NA
IE04,IE,2013,11.073566714822183,8.909588370014731,36.7,0.47385631572966636,-0.6492848090292943,1.1580506473400674,5.676470588235294,NA,5.320136096504794,NA,0.9038460143058775,NA
IE04,IE,2014,11.147573985552599,8.900644624623194,38.6,0.6050516552621494,-0.6633365636121793,1.3506329211729402,4.619407321324812,NA,5.676470588235294,NA,1.084874379945938,NA
IE04,IE,2015,11.095893720490599,9.102496241428982,38.4,0.5134361983614902,-0.3462021576845148,1.3303611028747426,4.664970313825275,NA,4.619407321324812,NA,0.5478552587891959,NA
IE04,IE,2016,11.08698836878042,8.948141770913262,39.2,0.4976493624230448,-0.5887125427084827,1.4114483760675318,4.91353280263519,NA,4.664970313825275,NA,0.5710025943894427,NA
IE04,IE,2017,11.0812316002811,10.03919959379568,39.9,0.48744413271488213,1.1254772169180765,1.4823997401112214,5.13161393246477,NA,4.91353280263519,NA,0.6972796238461261,NA
IE04,IE,2018,11.122403341631271,9.419716844468658,41.5,0.5604307532491709,0.15219150933177167,1.644574286496799,5.366492146596859,NA,5.13161393246477,NA,0.8080712295597963,NA
IE04,IE,2019,11.144948149138845,9.738220604947708,41.2,0.6003967410022498,0.6526011788883755,1.6141665590495033,4.886075949367089,NA,5.366492146596859,NA,0.927396246406457,NA
IE04,IE,2020,11.306103970101441,9.987819524091204,42.5,0.8860834369194728,1.044752632492635,1.7459333779877846,5.868665977249224,NA,4.886075949367089,NA,0.6833307376504486,NA
IE04,IE,2021,11.368577235175225,9.415426882052602,46.4,0.9968320315124822,0.1454514360849124,2.1412338348026294,5.798156234837458,NA,5.868665977249224,NA,1.1825152706376576,NA
IE04,IE,2022,11.365000211955909,9.685298948297868,48.7,0.9904909143338306,0.5694545665008075,2.374359745231897,5.6192660550458715,NA,5.798156234837458,NA,1.1466942549158412,NA
IE04,IE,2023,11.380187279007812,9.389020294392044,49.6,1.0174135720499202,0.10396334883136626,2.465582927573784,6.92071835304424,NA,5.6192660550458715,NA,1.0558128004726943,NA
IE05,IE,2012,11.421567990403918,NA,NA,1.0907706412692921,NA,NA,7.204610951008646,NA,NA,NA,NA,NA
IE05,IE,2013,11.345016051512145,9.829000523700694,37.3,0.9550642773451258,0.7952279066771832,1.218866102234658,7.193798449612403,NA,7.204610951008646,NA,1.8612144726437063,NA
IE05,IE,2014,11.414636770801645,9.621846512195964,39.1,1.078483420025761,0.4697627684053682,1.4013124669184331,7.244819646968535,NA,7.193798449612403,NA,1.8557214050297994,NA
IE05,IE,2015,11.987916635727004,9.696187688445464,38.9,2.0947571696684126,0.5865621537109268,1.3810406486202356,8.070279928528887,NA,7.244819646968535,NA,1.8816416686717632,NA
IE05,IE,2016,11.888015823518424,10.598259752120557,40.3,1.9176594217320218,2.0038313960613268,1.5229433767076157,8.127866972477065,NA,8.070279928528887,NA,2.300999685197066,NA
IE05,IE,2017,11.984713373862675,11.09209050934322,40.9,2.089078632630709,2.779701940468714,1.5837588316022073,7.8390127611835645,NA,8.127866972477065,NA,2.3302555913468015,NA
IE05,IE,2018,12.002902632173887,10.206955914423688,42.6,2.121323382321265,1.3890436025872184,1.7560692871368835,7.386836989725076,NA,7.8390127611835645,NA,2.183509185954591,NA
IE05,IE,2019,12.043646343727646,10.712196595401696,42.5,2.193551219104768,2.182840579534964,1.7459333779877846,7.834290401968827,NA,7.386836989725076,NA,1.9537906411916754,NA
IE05,IE,2020,12.131152067863553,11.65317648235474,43.2,2.348675750461494,3.6612389305665367,1.816884742031475,8.991378130559736,NA,7.834290401968827,NA,2.1811100890654367,NA
IE05,IE,2021,12.241656924255086,11.225619534324672,45.6,2.5445716673246603,2.989492918027921,2.060146561609841,9.87029831387808,NA,8.991378130559736,NA,2.7689445683821434,NA
IE05,IE,2022,12.26434488838251,10.81049248290609,49.4,2.5847914339451705,2.3372758443207378,2.4453111092755866,9.744639845820284,NA,9.87029831387808,NA,3.215461781861771,NA
IE05,IE,2023,12.123057894920187,10.558310351446856,50.5,2.3343269201768617,1.94106583762634,2.556806109915671,9.33689466960864,NA,9.744639845820284,NA,3.15162359715261,NA
IE06,IE,2012,11.733499118109014,NA,NA,1.6437421237482603,NA,NA,9.792477302204928,NA,NA,NA,NA,NA
IE06,IE,2013,11.765866078459789,10.168531431839106,44.6,1.7011201936452371,1.3286738832340979,1.958787470118855,9.375661375661375,NA,9.792477302204928,NA,3.175926427068495,NA
IE06,IE,2014,11.820101878909808,10.154161101764286,46.4,1.7972659396595128,1.3060962781428915,2.1412338348026294,9.843559528646892,NA,9.375661375661375,NA,2.9641717198873705,NA
IE06,IE,2015,11.823347024391499,10.3393764407248,47.9,1.803018725285854,1.5970929885950484,2.293272472039108,9.816971713810316,NA,9.843559528646892,NA,3.201877695274768,NA
IE06,IE,2016,11.84810853292657,10.483207775367267,49.2,1.8469143383456676,1.8230701969396779,2.42503929097739,9.921720267848723,NA,9.816971713810316,NA,3.1883703060730344,NA
IE06,IE,2017,11.904875269770415,10.534570207403046,49.6,1.9475467659554921,1.9037670703580318,2.465582927573784,9.873047766919353,NA,9.921720267848723,NA,3.2415856416097184,NA
IE06,IE,2018,11.962677830863377,11.128972141592017,50.7,2.05001543631171,2.8376476469136542,2.5770779282138685,9.408884225253585,NA,9.873047766919353,NA,3.2168585845907134,NA
IE06,IE,2019,11.965819703443021,10.731634507433139,51.7,2.0555851463656807,2.2133799964696164,2.6784370197048544,9.36339074636947,NA,9.408884225253585,NA,2.9810499012118212,NA
IE06,IE,2020,12.053443083536237,11.235743047847155,51.5,2.2109182506519973,3.00539823747821,2.658165201406657,10.472420617847002,NA,9.36339074636947,NA,2.9579378805660603,NA
IE06,IE,2021,12.130350112626479,11.286306662870668,53.9,2.3472540956892067,3.084840068392379,2.901427020985023,11.936900308993334,NA,10.472420617847002,NA,3.52135755993694,NA
IE06,IE,2022,12.125020532620017,10.604090858808364,56.5,2.337806158322886,2.012992801774108,3.164960658861586,11.819358769324499,NA,11.936900308993334,NA,4.265356165611601,NA
IE06,IE,2023,12.116976004828112,10.73177981804148,57,2.3235453357763842,2.213608297803935,3.215640204607079,11.502851640619214,NA,11.819358769324499,NA,4.205641618423845,NA
ITC1,IT,2000,11.252092779537366,NA,NA,0.7903358648948324,NA,NA,3.3972967630029087,3.3142957698895583,NA,NA,NA,NA
ITC1,IT,2001,11.25790485657641,9.816526861384895,8.9,0.8006391420323443,0.7756302063918832,-1.659732096109339,3.5149373588484942,3.5850917188402236,3.3972967630029087,3.3142957698895583,-0.07301272379105792,-0.07504567553252653
ITC1,IT,2002,11.24374405781774,9.771603187357023,9.2,0.7755357868773842,0.7050494357229764,-1.629324368662043,3.614571249229291,3.5856055631456343,3.5149373588484942,3.5850917188402236,-0.013247853162267263,0.05574283325799401
ITC1,IT,2003,11.232204354822498,9.823357552103227,9.4,0.7550789420616962,0.7863620849733556,-1.6090525503638458,3.6026435546994717,3.5614548807913993,3.614571249229291,3.5856055631456343,0.03736908333019516,0.05599100879649664
ITC1,IT,2004,11.234995514669802,9.73613058636858,9.6,0.7600269310936162,0.6493174955027359,-1.5887807320656486,3.143770361983194,3.7618541599010014,3.6026435546994717,3.5614548807913993,0.03130946491913163,0.044326758486905093
ITC1,IT,2005,11.22844727724423,9.785350786901546,10.3,0.7484186360719481,0.7266486524321422,-1.5178293680219586,3.3518038761359743,4.25874160323173,3.143770361983194,3.7618541599010014,-0.20181156613808715,0.1411152185026611
ITC1,IT,2006,11.229550835303538,9.804476598467636,11.2,0.7503749529696767,0.7566977200833178,-1.4266061856800714,3.690556978670853,4.56036821050695,3.3518038761359743,4.25874160323173,-0.09612444367473931,0.38110096423403433
ITC1,IT,2007,11.224718976477151,9.767205920993646,11.8,0.7418093437660886,0.6981407744106576,-1.3657907307854797,3.696919485187662,4.626140281599332,3.690556978670853,4.56036821050695,0.07597206095936411,0.5267800053346714
ITC1,IT,2008,11.200953735668296,9.774909887310478,12.9,0.6996798501877298,0.71024467934755,-1.2542957301453954,3.469640644361834,3.5768702099536767,3.696919485187662,4.626140281599332,0.07920440074920188,0.5585464742629194
ITC1,IT,2009,11.125176833608544,9.750063554637483,13.7,0.5653474218150792,0.6712079499102386,-1.173208456952607,3.3641485695530884,3.5768702099536767,3.469640644361834,3.5768702099536767,-0.03625991172713463,0.05177202464196339
ITC1,IT,2010,11.165455406906258,9.583432663273975,13.7,0.6367506913522952,0.4094097558803742,-1.173208456952607,3.378602186154356,3.439673780409411,3.3641485695530884,3.5768702099536767,-0.0898529776070707,0.05177202464196339
ITC1,IT,2011,11.16770285081239,9.718364638994741,14.1,0.6407348156610979,0.6214049463970954,-1.1326648203562126,3.843000054665719,3.4756428817880574,3.378602186154356,3.439673780409411,-0.08251011675122522,-0.014490844138054064
ITC1,IT,2012,11.117783174382577,9.704283405645885,14,0.5522404172874887,0.5992815488069001,-1.142800729505311,3.611725663716814,3.5532333719048523,3.843000054665719,3.4756428817880574,0.15341761153313693,0.0028814435570816183
ITC1,IT,2013,11.135180296940415,9.653404937024641,15.2,0.5830809195562178,0.5193450430902669,-1.021169819716128,3.6940509915014164,3.525999623718162,3.611725663716814,3.5532333719048523,0.035923442488324554,0.040355949870874486
ITC1,IT,2014,11.1306418026331,9.57760167062247,15.9,0.5750353681429868,0.40024852933303884,-0.950218455672438,3.7007650892604134,3.5635102580130367,3.6940509915014164,3.525999623718162,0.07774712188363925,0.0272026463302714
ITC1,IT,2015,11.13750447821044,9.550231428828987,16.2,0.5872010789384849,0.3572464196218042,-0.9198107282251423,3.7502092750711533,3.586633251756452,3.7007650892604134,3.5635102580130367,0.0811580803293293,0.045319460640913065
ITC1,IT,2016,11.145275306305638,9.585697351999821,16.6,0.6009767042295703,0.41296786814644243,-0.8792670916287478,3.675981370592149,3.6524053228488347,3.7502092750711533,3.586633251756452,0.10627717588545442,0.0564873598735002
ITC1,IT,2017,11.159371307411252,9.640988605762628,17,0.625965190264108,0.49983741713764296,-0.8387234550323537,3.1944827586206896,3.6770698495084773,3.675981370592149,3.6524053228488347,0.06856722485752119,0.0882538288017485
ITC1,IT,2018,11.158457657594333,9.672176599203159,18.1,0.6243455305095803,0.548837697285783,-0.7272284543922691,3.6300348085529586,3.803989392944558,3.1944827586206896,3.6770698495084773,-0.17604818231186034,0.10016625464984118
ITC1,IT,2019,11.1521734441671,9.681437498599859,19.3,0.6132052802862804,0.5633877409020017,-0.6055975446030862,3.951519176490121,3.9889733428918825,3.6300348085529586,3.803989392944558,0.04522502468952559,0.16146561265981962
ITC1,IT,2020,11.071071704508501,9.664281960325786,19.3,0.46943332158314616,0.5364342216534926,-0.6055975446030862,3.715504978662873,4.12514208382533,3.951519176490121,3.9889733428918825,0.2085485060170306,0.25080880652051735
ITC1,IT,2021,11.146918693579819,9.609317041532385,19.6,0.6038899957114955,0.4500773861510111,-0.5751898171557903,3.944896681277395,4.25925544753714,3.715504978662873,4.12514208382533,0.08864637615857679,0.316575324223531
ITC1,IT,2022,11.165385347972208,9.894870593551225,20,0.6366264953706138,0.8987181130031545,-0.5346461805593962,4.395789947655766,4.371273506116352,3.944896681277395,4.25925544753714,0.20518408434963378,0.38134913977253676
ITC1,IT,2023,11.167772277774363,9.97227037071643,19.9,0.6408578913232441,1.0203229469829485,-0.544782089708495,4.36841812002006,4.758198268089505,4.395789947655766,4.371273506116352,0.4342510789427882,0.4354514071659584
ITC2,IT,2005,11.338609908860924,10.027268144563065,10.1,0.9437078788193386,1.1067314019272463,-1.538101186320156,NA,NA,NA,NA,NA,NA
ITC2,IT,2006,11.334607814762343,10.018622639324429,10.3,0.9366132232683061,1.093148220324904,-1.5178293680219586,NA,NA,NA,NA,NA,NA
ITC2,IT,2007,11.319758556902203,10.043676252328673,11.5,0.9102894120057211,1.132510613364774,-1.3961984582327756,NA,NA,NA,NA,NA,NA
ITC2,IT,2008,11.338383768708477,10.061316625983437,11.4,0.9433069920714628,1.1602258702840598,-1.4063343673818742,NA,NA,NA,NA,NA,NA
ITC3,IT,2000,11.248596272478636,NA,NA,0.7841374815978897,NA,NA,3.063103496069645,3.0325351989766154,NA,NA,NA,NA
ITC3,IT,2001,11.26795519242991,9.793328258724094,10.7,0.8184557323714022,0.7391822690921588,-1.4772857314255643,3.1860550423445773,3.2669278447078876,3.063103496069645,3.0325351989766154,-0.24279269829489256,-0.21112985643873056
ITC3,IT,2002,11.24374405781774,9.740499901678966,11.1,0.7755357868773842,0.6561822421775333,-1.43674209482917,3.261545597335105,3.276354971227244,3.1860550423445773,3.2669278447078876,-0.18032970918885047,-0.09792334531679768
ITC3,IT,2003,11.268803507270826,9.753299851226505,11.1,0.8199595704738741,0.6762925809496443,-1.43674209482917,3.357039446201898,3.2613572699464495,3.261545597335105,3.276354971227244,-0.14197829469392134,-0.0933702498054951
ITC3,IT,2004,11.284160561692733,9.779095777134224,11.7,0.8471835708891854,0.7168212413961427,-1.3759266399345786,2.80866373777368,3.39162301821392,3.357039446201898,3.2613572699464495,-0.09346462063143705,-0.10061381084620384
ITC3,IT,2005,11.275461242012407,9.644153942162378,14.5,0.8317619753094823,0.5048105607496743,-1.0921211837598181,2.705949161594859,3.8351264703745533,2.80866373777368,3.39162301821392,-0.3720555529079307,-0.03769830923547719
ITC3,IT,2006,11.253539991673561,9.672633311926484,14.5,0.7929013896832727,0.5495552507068725,-1.0921211837598181,2.9497962160896742,4.118797277457006,2.705949161594859,3.8351264703745533,-0.42423756807789764,0.17650413868262216
ITC3,IT,2007,11.259810296288421,9.67231207230174,14.6,0.8040169832567106,0.5490505426487161,-1.0819852746107197,2.6984791490951032,4.183073140088982,2.9497962160896742,4.118797277457006,-0.3003561174583906,0.3135109217954543
ITC3,IT,2008,11.261578357484732,9.7047573316266,16.1,0.8071512886658252,0.6000261464312656,-0.9299466373742408,3.486904386241717,3.164086464496726,2.6984791490951032,4.183073140088982,-0.42803255336706914,0.344554754827063
ITC3,IT,2009,11.202546717433544,9.620810149251612,17.6,0.7025037860186021,0.46813451121385685,-0.777908000137762,3.065438373570521,3.163657958745847,3.486904386241717,3.164086464496726,-0.027489424867527822,-0.14759347816737148
ITC3,IT,2010,11.202414528443482,9.674647204106561,18.6,0.7022694498613242,0.5527193298965163,-0.6765489086467762,2.670957361222848,3.059531061282046,3.065438373570521,3.163657958745847,-0.24160651209130424,-0.1478004370542486
ITC3,IT,2011,11.19250353840692,9.67208558277619,18.4,0.684699882842884,0.5486946989736894,-0.6968207269449737,2.9322709163346614,3.1208073836578625,2.670957361222848,3.059531061282046,-0.4420144282448311,-0.19809144656545463
ITC3,IT,2012,11.156710244896837,9.71537636966377,17.9,0.6212478294338791,0.6167099975330449,-0.7475002726904666,3.4917555771096023,3.1503742804685713,2.9322709163346614,3.1208073836578625,-0.30925948338458775,-0.16849632574198792
ITC3,IT,2013,11.158641783619414,9.499525262480415,18.8,0.624671937309059,0.27758062255615173,-0.6562770903485791,3.4965034965034962,3.129806004426339,3.4917555771096023,3.1503742804685713,-0.025024877722634866,-0.154216162547448
ITC3,IT,2014,11.165478416755416,9.447663141630352,20,0.6367914817360392,0.19609867484523502,-0.5346461805593962,3.001341381623072,3.174799108268722,3.4965034965034962,3.129806004426339,-0.022612795513322875,-0.16415018911756268
ITC3,IT,2015,11.171842615791332,9.455574695532684,19.3,0.6480735253126871,0.2085287261199534,-0.6055975446030862,2.870734908136483,3.203937499328551,3.001341381623072,3.174799108268722,-0.27416966262534403,-0.1424195059954367
ITC3,IT,2016,11.166447586231694,9.415675369499592,19.7,0.6385095631792526,0.14584184127526365,-0.565053908006692,3.833497861138533,3.2300763501322214,2.870734908136483,3.203937499328551,-0.3405215791138856,-0.1283463016877741
ITC3,IT,2017,11.171862795305282,9.535995102811569,19.6,0.6481092982598325,0.33487935184413903,-0.5751898171557903,4.044607190412783,3.210365085591749,3.833497861138533,3.2300763501322214,0.14859021872064698,-0.11572180958825329
ITC3,IT,2018,11.170828949396881,9.49323192971088,19.6,0.6462765625888878,0.2676930012392932,-0.5751898171557903,3.7172862143690617,3.358199569645293,4.044607190412783,3.210365085591749,0.25583994541505495,-0.1252419183846131
ITC3,IT,2019,11.167211321531642,9.568545992998759,22,0.6398634641000773,0.38602091506413305,-0.3319279975774245,3.481012658227848,3.542885548274503,3.7172862143690617,3.358199569645293,0.08955129610372461,-0.05384110241191352
ITC3,IT,2020,11.090008905528252,9.695619429432206,22,0.5030039761020957,0.5856693469678621,-0.3319279975774245,3.745956070151541,3.625587158194312,3.481012658227848,3.542885548274503,-0.030482595379780937,0.03535817783224167
ITC3,IT,2021,11.169541082142437,9.556931679531191,21.7,0.6439935141795632,0.3677733604491072,-0.3623357250247204,3.1334688346883475,3.769565090489938,3.745956070151541,3.625587158194312,0.10411642312871038,0.07530124299957813
ITC3,IT,2022,11.188113599049764,9.864276400746197,21.9,0.6769176801105745,0.8506507687153249,-0.34206390672652326,3.730249226258348,3.881833597220455,3.1334688346883475,3.769565090489938,-0.20704504393229678,0.1448394289903813
ITC3,IT,2023,11.201953566499045,9.674877876473913,22.3,0.7014522861122068,0.5530817453447624,-0.3015202701301287,3.4904013961605584,4.209640496643531,3.730249226258348,3.881833597220455,0.09613688607761078,0.19906265735225745
ITC4,IT,2000,11.338958712559027,NA,NA,0.9443262156280211,NA,NA,4.260364257111596,4.016152987451574,NA,NA,NA,NA
ITC4,IT,2001,11.330929991591299,9.813134455300368,9.7,0.930093414404888,0.7703003076013415,-1.5786448229165502,4.224294365407723,4.420443739704286,4.260364257111596,4.016152987451574,0.36545085894211166,0.26393597919497275
ITC4,IT,2002,11.326199618271508,9.824271792901941,10.3,0.9217077121937353,0.7877984728366939,-1.5178293680219586,4.451051911435326,4.333491500708758,4.224294365407723,4.420443739704286,0.3471262967807126,0.4591995524124705
ITC4,IT,2003,11.305617480393543,9.838160528622112,11,0.8852210191897446,0.8096194323187303,-1.4468780039782685,4.391271381442214,4.312682417872221,4.451051911435326,4.333491500708758,0.46232577622087284,0.417203526555031
ITC4,IT,2004,11.30932843339966,9.746199186485626,11.3,0.8917995584984029,0.6651365390515172,-1.4164702765309727,4.007608329068584,4.620359571241014,4.391271381442214,4.312682417872221,0.4319555148712239,0.4071531955806006
ITC4,IT,2005,11.314681955165689,9.77939414006973,11.9,0.9012899382794269,0.7172900072836793,-1.3556548216363813,4.345786530254479,5.249834327046249,4.007608329068584,4.620359571241014,0.23704343944911205,0.5557545178453881
ITC4,IT,2006,11.308308721215328,9.830782243112273,12.6,0.88999187818634,0.7980272130987138,-1.2847034575926912,4.746361242224816,5.586495560080214,4.345786530254479,5.249834327046249,0.4088478773480941,0.8597770298218967
ITC4,IT,2007,11.317048528143339,9.826719947109403,13.1,0.9054852469601392,0.7916448325661273,-1.2340239118471983,4.581186246784462,5.738104592174982,4.746361242224816,5.586495560080214,0.6123515715107467,1.022377027372496
ITC4,IT,2008,11.322697172540776,9.872468426945986,14.1,0.9154988012002296,0.8635214774236597,-1.1326648203562126,4.618921391540971,4.188571102382879,4.581186246784462,5.738104592174982,0.5284378326976474,1.0956008673290576
ITC4,IT,2009,11.271636907785833,9.85770340697961,15.2,0.82498244105036,0.8403237646203386,-1.021169819716128,4.971574014605486,4.077093872901432,4.618921391540971,4.188571102382879,0.547608392216843,0.347210150125965
ITC4,IT,2010,11.320036286783171,9.76247179717864,15.5,0.9107817537131289,0.6907028674599055,-0.9907620922688324,4.671753527209904,3.982709818607141,4.971574014605486,4.077093872901432,0.7267662606623498,0.2933690913343753
ITC4,IT,2011,11.32711503914725,9.751416282034489,15.9,0.9233305115676725,0.6733332556482856,-0.950218455672438,4.657593536597095,4.109793860215989,4.671753527209904,3.982709818607141,0.5744486655986699,0.24778366155749648
ITC4,IT,2012,11.288588289114973,9.774467193868071,15.9,0.8550327618779197,0.7095491519889511,-0.950218455672438,4.726583129290892,4.1610733857774544,4.657593536597095,4.109793860215989,0.5672549753508729,0.309162468579908
ITC4,IT,2013,11.285082882018912,9.658892477730253,16.5,0.8488186011660286,0.527966663215077,-0.8894030007778465,4.932170772849302,4.041421159467368,4.726583129290892,4.1610733857774544,0.6023037104617507,0.33392935562403925
ITC4,IT,2014,11.292569715565207,9.57029531979513,17.2,0.8620907791484779,0.3887693285924448,-0.8184516367341566,4.8154283009938474,4.1268870354031435,4.932170772849302,4.041421159467368,0.7067482589769082,0.2761399525210662
ITC4,IT,2015,11.294769455167058,9.543504219735999,17.9,0.8659903363284628,0.34667712375478815,-0.7475002726904666,4.95558121450621,4.12391430928364,4.8154283009938474,4.1268870354031435,0.647439661658304,0.31741809759461814
ITC4,IT,2016,11.295955532511911,9.541982052195037,19.3,0.8680929381192596,0.34428560613177195,-0.6055975446030862,4.782679321467524,4.243566535593724,4.95558121450621,4.12391430928364,0.7186414494774427,0.31598233602684306
ITC4,IT,2017,11.301074526785289,9.593219463737727,19.3,0.8771675626140206,0.42478605655172785,-0.6055975446030862,4.672428340136365,4.2257301788766934,4.782679321467524,4.243566535593724,0.6308022202160257,0.37377173912981526
ITC4,IT,2018,11.296474136226212,9.616424270868002,20.4,0.8690122854983624,0.4612437418572976,-0.494102543963002,4.971266988962875,4.369907395672697,4.672428340136365,4.2257301788766934,0.5747914903434674,0.36515716972316115
ITC4,IT,2019,11.290856831701051,9.630273496214448,21.3,0.8590542885723518,0.48300262554773304,-0.40287936162111454,5.124794264198589,4.610698211352622,4.971266988962875,4.369907395672697,0.7266102826372602,0.4347916057602832
ITC4,IT,2020,11.228578092182731,9.649008573340982,21.2,0.7486505363988105,0.5124378000018915,-0.41301527077021327,5.517177857603389,4.670895915272602,5.124794264198589,4.610698211352622,0.8046066382022807,0.5510882927501168
ITC4,IT,2021,11.313869242497177,9.580144384751081,21.6,0.8998492134231322,0.4042434546518546,-0.37247163417381873,5.541532547530278,4.896823100355001,5.517177857603389,4.670895915272602,1.0039490040593804,0.5801624644975749
ITC4,IT,2022,11.338511929258472,9.743682197516367,21.2,0.9435341868687481,0.6611820312099462,-0.41301527077021327,5.206987968187072,5.1948388938354,5.541532547530278,4.896823100355001,1.0163219003561261,0.6892803436485299
ITC4,IT,2023,11.322950179058152,9.858766672457138,21.8,0.9159473149154829,0.8419942890922022,-0.35219981587562166,6.158749972137396,5.411104719029406,5.206987968187072,5.1948388938354,0.8463634488513925,0.8332154408180452
ITF1,IT,2000,11.101716236865316,NA,NA,0.5237579816832545,NA,NA,2.630144263028405,2.7837644413300806,NA,NA,NA,NA
ITF1,IT,2001,11.089625656905495,9.537947000227312,9.2,0.5023245775417684,0.33794602942229857,-1.629324368662043,3.256971308833011,2.986727091567588,2.630144263028405,2.7837644413300806,-0.4627486783225228,-0.3312806805162572
ITF1,IT,2002,11.065052269074364,9.599365755960457,9.3,0.4587624527917249,0.43444265858226266,-1.6191884595129444,3.0901511902208876,3.0026077569487675,3.256971308833011,2.986727091567588,-0.14430216732123494,-0.2332541684225638
ITF1,IT,2003,11.047611176087878,9.56590531632234,11,0.4278440025692495,0.38187207819933333,-1.4468780039782685,2.6444327731092434,3.0022204236467864,3.0901511902208876,3.0026077569487675,-0.22905167692266204,-0.2255841550717211
ITF1,IT,2004,11.05235894763541,9.551700985382398,10.9,0.4362605472418675,0.3595552787328594,-1.4570139131273672,3.065824468085106,3.0909197498002015,2.6444327731092434,3.0022204236467864,-0.4554896964181777,-0.22577122856808363
ITF1,IT,2005,11.050464122048874,9.551946948310182,14.3,0.4329015220578964,0.3599417175844137,-1.1123930020580153,3.090528350515464,3.4863870511217563,3.065824468085106,3.0909197498002015,-0.24141036476181488,-0.18293139790118298
ITF1,IT,2006,11.050562109953946,9.536522422507446,14.7,0.433075228726837,0.3357078377444861,-1.071849365461621,2.991805358230161,3.7532596961859586,3.090528350515464,3.4863870511217563,-0.22886006843879078,0.008070641884429311
ITF1,IT,2007,11.056582054675152,9.544686633286839,14.6,0.4437470003496873,0.3485348449112513,-1.0819852746107197,2.632671026156942,3.812134358086915,2.991805358230161,3.7532596961859586,-0.2790142420011449,0.1369642808778539
ITF1,IT,2008,11.039834386524944,9.586026571391933,14.3,0.4140578091707883,0.41348511342785055,-1.1123930020580153,3.1188701451549625,2.884083766542895,2.632671026156942,3.812134358086915,-0.4614650085960889,0.1653994523248796
ITF1,IT,2009,11.018764239999914,9.681346797969843,16,0.3767060057592023,0.563245238746841,-0.9400825465233394,2.7868852459016393,2.8817597667310144,3.1188701451549625,2.884083766542895,-0.2144616060896141,-0.28282864495849624
ITF1,IT,2010,11.04219807725792,9.625919857626378,16.1,0.41824800839313403,0.47616250898537904,-0.9299466373742408,2.3040526640608925,2.786475774443941,2.7868852459016393,2.8817597667310144,-0.38311966508678386,-0.2839510859366686
ITF1,IT,2011,11.050289023208936,9.725739551579894,16.4,0.4325911180728469,0.6329918663260609,-0.8995389099269453,2.209722780233025,2.8496111026666764,2.3040526640608925,2.786475774443941,-0.628412768047211,-0.32997116604172294
ITF1,IT,2012,11.04002792481664,9.55204225185089,17.4,0.41440090143241176,0.3600914514941233,-0.7981798184359594,3.0036043251902287,2.873238434087455,2.209722780233025,2.8496111026666764,-0.6763351137551609,-0.2994781861347155
ITF1,IT,2013,11.032125067994276,9.675293283007012,17.5,0.4003912240878248,0.5537344015195187,-0.7880439092868607,2.9320669006813955,2.855421102196376,3.0036043251902287,2.873238434087455,-0.27302002096840355,-0.2880667028566328
ITF1,IT,2014,11.034592797527344,9.631042546315944,17.5,0.40476585661743825,0.4842109004722847,-0.7880439092868607,2.8287945957356975,2.8871824329587343,2.9320669006813955,2.855421102196376,-0.3093631293159607,-0.2966720836892853
ITF1,IT,2015,11.030039209893479,9.4800339447831945,16.5,0.3966935487236373,0.24695729856958865,-0.8894030007778465,3.226482296249738,2.9042250982458535,2.8287945957356975,2.8871824329587343,-0.3618284870460259,-0.28133205698760033
ITF1,IT,2016,11.020872691955645,9.525103702904403,17,0.38044373405927334,0.31776758581551695,-0.8387234550323537,3.241792277513937,2.9491557612755304,3.226482296249738,2.9042250982458535,-0.1597914793188607,-0.27310082314767176
ITF1,IT,2017,11.031410959836185,9.458791811660106,17,0.3991252989788593,0.21358322222959733,-0.8387234550323537,2.901512055578259,2.9410217619339507,3.241792277513937,2.9491557612755304,-0.1520135601149739,-0.25140029756967874
ITF1,IT,2018,11.022354297976783,9.46542648430042,18.3,0.38307023011943137,0.22400713163199126,-0.706956636094072,3.0370520348248635,3.063806418661603,2.901512055578259,2.9410217619339507,-0.3248858861631686,-0.255328840993281
ITF1,IT,2019,11.015093851486482,9.455288593243104,19.3,0.37019937657961804,0.20807922325702657,-0.6055975446030862,3.3475349969567865,3.219514406057553,3.0370520348248635,3.063806418661603,-0.25602760415195713,-0.1960265426465237
ITF1,IT,2020,10.9392195734037,9.500277461962938,20.6,0.23569432624323822,0.2787624230282214,-0.47383072566480455,3.153717627401838,3.3039530658891874,3.3475349969567865,3.219514406057553,-0.0982931594147461,-0.12082299710899572
ITF1,IT,2021,11.005472965657832,9.438316222670776,21,0.35314408768116967,0.18141348362206466,-0.43328708906841035,3.0026920687512946,3.42286438959704,3.153717627401838,3.3039530658891874,-0.19675806376008298,-0.0800409749020777
ITF1,IT,2022,11.028747511552195,9.600988376800503,21.2,0.39440370880945436,0.4369920010363722,-0.41301527077021327,3.180212014134275,3.5382897135870723,3.0026920687512946,3.42286438959704,-0.27348347397679146,-0.02260941151894046
ITF1,IT,2023,11.030465352949136,9.70422209405233,21.6,0.39744898778151044,0.5991852205430682,-0.37247163417381873,3.0950479233226837,3.830339023279974,3.180212014134275,3.5382897135870723,-0.18329813877354462,0.03313849039693835
ITF2,IT,2005,11.130649533968105,9.850036286196222,12.7,0.5750490737574625,0.8282777486741054,-1.2745675484435928,NA,NA,NA,NA,NA,NA
ITF2,IT,2006,11.145707286870346,9.887374396986075,13.3,0.6017424916488183,0.8869406406101885,-1.2137520935490012,NA,NA,NA,NA,NA,NA
ITF2,IT,2007,11.134455564101144,9.975230079445712,13.4,0.5817961596943798,1.0249730235314207,-1.2036161843999025,NA,NA,NA,NA,NA,NA
ITF2,IT,2008,11.090952840453967,9.960442893368555,14.3,0.5046773233537036,1.0017404849660587,-1.1123930020580153,NA,NA,NA,NA,NA,NA
ITF2,IT,2009,11.09149281510753,9.877520897713303,15.1,0.5056345557622759,0.8714595476785135,-1.0313057288652268,1.747930082796688,NA,NA,NA,NA,NA
ITF2,IT,2010,11.09689273546896,9.770759217419632,14.6,0.5152071879952204,0.7037234522656693,-1.0819852746107197,1.694915254237288,NA,1.747930082796688,NA,-0.9109393387782069,NA
ITF2,IT,2017,10.987608337177793,9.295311769284316,18.4,0.3214748209195576,-0.04326458974388017,-0.6968207269449737,1.6252390057361379,NA,1.694915254237288,NA,-0.9378724255029538,NA
ITF2,IT,2018,10.995043363582711,9.364943166201572,19.7,0.33465515852691846,0.06613513687071523,-0.565053908006692,2.2620169651272386,NA,1.6252390057361379,NA,-0.9732700018892261,NA
ITF2,IT,2019,11.008754686042746,9.332887120827314,19.6,0.35896171094845347,0.015771037404834484,-0.5751898171557903,2.029520295202952,NA,2.2620169651272386,NA,-0.6497681351337413,NA
ITF2,IT,2020,10.932485541222354,9.318976785074874,19.2,0.22375666620342297,-0.0060838584583427745,-0.6157334537521849,2.292263610315186,NA,2.029520295202952,NA,-0.7678832577219362,NA
ITF2,IT,2021,11.007022152644662,9.253531891598094,19.2,0.35589038693975006,-0.10890605895489454,-0.6157334537521849,2.002002002002002,NA,2.292263610315186,NA,-0.6344019528765095,NA
ITF2,IT,2022,11.011021788953087,9.647402073628161,19.5,0.36298068547814216,0.5099137858765121,-0.5853257263048891,2.0428015564202333,NA,2.002002002002002,NA,-0.7818633572042495,NA
ITF2,IT,2023,11.020790087425718,9.665313959979077,20.2,0.38029729805043555,0.538055623563188,-0.5143743622611991,1.60075329566855,NA,2.0428015564202333,NA,-0.7611359877618293,NA
ITF3,IT,2000,10.97884930617166,NA,NA,0.3059473729339262,NA,NA,1.8697206720030008,2.0237129249447374,NA,NA,NA,NA
ITF3,IT,2001,10.982492876716444,9.740580616687422,8.9,0.3124064609399501,0.6563090556589479,-1.659732096109339,2.344591477433662,2.1548713528772154,1.8697206720030008,2.0237129249447374,-0.8490661498896229,-0.6983689062345936
ITF3,IT,2002,10.958813018737848,9.760928383003348,8.7,0.2704283285629362,0.6882779686885855,-1.680003914407536,2.274419979175317,2.1645541898386735,2.344591477433662,2.1548713528772154,-0.6078178626979692,-0.6350222599089392
ITF3,IT,2003,10.940733373913758,9.707734590051052,9.1,0.23837789462701384,0.6047037957692936,-1.6394602778111413,1.8858010463778112,2.1853869602709013,2.274419979175317,2.1645541898386735,-0.643467040476218,-0.630345661858052
ITF3,IT,2004,10.948887006665451,9.756439629027053,9.6,0.25283213144353095,0.6812255687714849,-1.5887807320656486,2.2119602059402443,2.2226512116074217,1.8858010463778112,2.1853869602709013,-0.8408968484060217,-0.620283890294022
ITF3,IT,2005,10.967324477864805,9.672165671970216,10.5,0.2855168970111046,0.5488205292215262,-1.4975575497237614,2.1718146718146714,2.5325019943740803,2.2119602059402443,2.2226512116074217,-0.675198435918974,-0.6022860735527288
ITF3,IT,2006,10.97715192584054,9.680310174237624,11,0.3029383660260995,0.5616165718246233,-1.4468780039782685,2.1427981667608096,2.7355481512628375,2.1718146718146714,2.5325019943740803,-0.6955935438839819,-0.4526349359243376
ITF3,IT,2007,11.000458730462865,9.72987747924093,11.2,0.3442551733568502,0.6394930737541733,-1.4266061856800714,2.1633215305962077,2.7739860798068072,2.1427981667608096,2.7355481512628375,-0.7103347788988058,-0.35456809194815714
ITF3,IT,2008,10.991481189808392,9.770988716351573,11.3,0.3283403654912724,0.7040840240985515,-1.4164702765309727,2.1568509975435863,2.125822841992841,2.1633215305962077,2.7739860798068072,-0.6999083085492322,-0.3360034148370595
ITF3,IT,2009,10.983046157397835,9.588694353025767,11.9,0.3133872814206334,0.41767653560706774,-1.3556548216363813,2.429301108757942,2.1085111031829613,2.1568509975435863,2.125822841992841,-0.7031955289854227,-0.6490520540616009
ITF3,IT,2010,10.986141371176258,9.541423891392117,12.6,0.3188742777465076,0.34340866495365785,-1.2847034575926912,2.27258300006348,2.0386773093397186,2.429301108757942,2.1085111031829613,-0.5647828872227227,-0.6574132445162175
ITF3,IT,2011,10.981533427793806,9.550150215528655,12.9,0.31070561147033454,0.35711882326086475,-1.2542957301453954,2.139654067905189,2.092959880184256,2.27258300006348,2.0386773093397186,-0.644400279705224,-0.6911414365195858
ITF3,IT,2012,10.971742016950508,9.472810487506617,12.5,0.2933480267707453,0.23560833407575804,-1.29483936674179,2.485334006181795,2.104990071560613,2.139654067905189,2.092959880184256,-0.7119320732681486,-0.6649241444161272
ITF3,IT,2013,10.96583062015444,9.361730205788652,13.8,0.28286868194263576,0.061087169913874084,-1.1630725478035082,2.4691358024691357,2.090319106467495,2.485334006181795,2.104990071560613,-0.5363165330579709,-0.6591138256256311
ITF3,IT,2014,10.955091948441977,9.233456696954553,14.3,0.26383185397236064,-0.14044672743161563,-1.1123930020580153,2.2574232027191687,2.1231820682760794,2.4691358024691357,2.090319106467495,-0.5445456952986704,-0.6661995802481874
ITF3,IT,2015,10.961277846683982,9.19315995155749,14.3,0.27479781734546704,-0.20375800833461513,-1.1123930020580153,2.0134654471544713,2.152230579160454,2.2574232027191687,2.1231820682760794,-0.6521019010760531,-0.6503274898936613
ITF3,IT,2016,10.945396815590614,9.291836057337319,14.9,0.24664494471745294,-0.04872537257499917,-1.0515775471634239,2.0446893174165903,2.1821593479504156,2.0134654471544713,2.152230579160454,-0.7760395910836084,-0.6362976957409994
ITF3,IT,2017,10.950441897302518,9.23918118215909,15.2,0.25558854176717255,-0.13145283754700196,-1.021169819716128,2.2077300466674643,2.1613265775181874,2.0446893174165903,2.1821593479504156,-0.7601769498471163,-0.6218427563109843
ITF3,IT,2018,10.951775383334196,9.238191711254537,15.5,0.25795246021682156,-0.13300742141640007,-0.9907620922688324,2.228717573986116,2.257568108529043,2.2077300466674643,2.1613265775181874,-0.6773474808116803,-0.6319045278750145
ITF3,IT,2019,10.95150274870495,9.294018036430169,15.6,0.25746915104463874,-0.04529720759763733,-0.9806261831197338,2.644038615261637,2.3611451220864588,2.228717573986116,2.257568108529043,-0.6666852018084028,-0.5854219775510446
ITF3,IT,2020,10.871544146265633,9.323875776195004,15.7,0.11572367263372113,0.001613075869522378,-0.9704902739706353,2.5735061650331965,2.4277513036092153,2.644038615261637,2.3611451220864588,-0.45568994015717107,-0.5353965499157962
ITF3,IT,2021,10.9414511068929,9.246286941839697,16.1,0.23965024558608675,-0.12028879085451306,-0.9299466373742408,2.8204482498111307,2.504040322093431,2.5735061650331965,2.4277513036092153,-0.4915224921154034,-0.5032272239293905
ITF3,IT,2022,10.969951378085758,9.465216613532146,16.5,0.2901736971201277,0.2236773981254125,-0.8894030007778465,3.2826896088840076,2.5674188912957017,2.8204482498111307,2.504040322093431,-0.3660686753995396,-0.466381299892097
ITF3,IT,2023,10.962160002974313,9.53817616060436,16.9,0.2763616473974121,0.33830606934264806,-0.8488593641814524,3.4966698382492862,2.774572918410532,3.2826896088840076,2.5674188912957017,-0.13123651711526543,-0.4357708399226535
ITF4,IT,2000,10.994776832867762,NA,NA,0.3341826699822325,NA,NA,1.4915336078907626,1.3099372611520221,NA,NA,NA,NA
ITF4,IT,2001,10.993518346728152,9.468649037637745,8.6,0.3319517065275128,0.2290701702857078,-1.6901398235566343,1.3645864059204995,1.418819514316832,1.4915336078907626,1.3099372611520221,-1.0411962627786953,-1.043106909296156
ITF4,IT,2002,10.967565809847443,9.45906828942724,8.9,0.28594471486048245,0.21401760375113127,-1.659732096109339,1.3653302908265836,1.4236587255686015,1.3645864059204995,1.418819514316832,-1.105689162087012,-0.9905191671960267
ITF4,IT,2003,10.966430719409042,9.415540876284714,9.1,0.2839324993849436,0.1456305354334945,-1.6394602778111413,1.5257973521646797,1.413235809026329,1.3653302908265836,1.4236587255686015,-1.1053112467521289,-0.9881819342137986
ITF4,IT,2004,10.979849232269418,9.386495461754912,9.1,0.3077199777416413,0.09999651759605344,-1.6394602778111413,1.6436527436527435,1.4564164632728864,1.5257973521646797,1.413235809026329,-1.0237892764482577,-0.9932159744832127
ITF4,IT,2005,10.985306980415237,9.441518513107159,9.2,0.3173951233591814,0.18644468669698033,-1.629324368662043,1.4525912969853614,1.6559408656535297,1.6436527436527435,1.4564164632728864,-0.9639152833376226,-0.9723606647956398
ITF4,IT,2006,10.97715192584054,9.437967117159124,9.4,0.3029383660260995,0.18086499473306772,-1.6090525503638458,1.4792170733559733,1.781201987670482,1.4525912969853614,1.6559408656535297,-1.060980098082474,-0.8759947510668554
ITF4,IT,2007,10.95278526099351,9.432143640524394,10.5,0.25974270651414255,0.1717155767981821,-1.4975575497237614,1.5344397177573426,1.8024200677743936,1.4792170733559733,1.781201987670482,-1.0474534233088315,-0.8154963742576465
ITF4,IT,2008,10.921176842723629,9.407048572524209,11.2,0.20370933133256716,0.13228805271939104,-1.4266061856800714,1.4338321711196427,1.3814086888704618,1.5344397177573426,1.8024200677743936,-1.019398701427283,-0.8052485065663393
ITF4,IT,2009,10.915351144626484,9.448486117628299,11.9,0.19338190765749752,0.19739167416984632,-1.3556548216363813,1.419532770927969,1.3775000951671095,1.4338321711196427,1.3814086888704618,-1.0705102838352345,-1.0085877760201736
ITF4,IT,2010,10.930571520021449,9.410896186600935,11.2,0.22036361226633283,0.13833314080820924,-1.4266061856800714,1.524715140585294,1.325199388946064,1.419532770927969,1.3775000951671095,-1.0777747982350632,-1.010475541121204
ITF4,IT,2011,10.921020009758415,9.389778484729794,11.6,0.2034313079178671,0.10515456169429752,-1.386062549083677,1.5732706187657124,1.3536762859276297,1.524715140585294,1.325199388946064,-1.0243390716492264,-1.0357356360445138
ITF4,IT,2012,10.906024945293492,9.390394252812836,11.6,0.1768490200646477,0.1061220111915821,-1.386062549083677,1.8196522442377678,1.3667049316054702,1.5732706187657124,1.3536762859276297,-0.9996714656165195,-1.0219819188798647
ITF4,IT,2013,10.898593675369753,9.258754852383367,12.4,0.16367534170601902,-0.1007001273303049,-1.3049752758908884,1.5560165975103735,1.3650298200183193,1.8196522442377678,1.3667049316054702,-0.8745023786545963,-1.015689368543097
ITF4,IT,2014,10.897104690791627,9.215224165772414,13.2,0.16103576541361067,-0.16909233868063878,-1.2238880026980998,1.593276722402171,1.3784307127155264,1.5560165975103735,1.3650298200183193,-1.0084370141139554,-1.016498410729253
ITF4,IT,2015,10.898589464834572,9.204966687801535,14,0.16366787753949555,-0.1852081332137112,-1.142800729505311,1.3678721039582797,1.394437334548302,1.593276722402171,1.3784307127155264,-0.9895077786084348,-1.0100260732400064
ITF4,IT,2016,10.88618669811753,9.279365159969556,13.3,0.14168104875193274,-0.06831872877741975,-1.2137520935490012,1.3682531688071855,1.4160276616715808,1.3678721039582797,1.394437334548302,-1.1040199311829884,-1.0022952256834061
ITF4,IT,2017,10.880957141890253,9.239752307587024,13.3,0.13241042712151085,-0.13055552730414072,-1.2137520935490012,1.3973726048029453,1.4085827212842432,1.3682531688071855,1.4160276616715808,-1.1038263390710787,-0.9918675708396195
ITF4,IT,2018,10.8831468769451,9.222965318921107,14,0.13629224888268995,-0.1569300085301307,-1.142800729505311,1.4323784143904064,1.4681422443829428,1.3973726048029453,1.4085827212842432,-1.089032812120958,-0.9954633138892012
ITF4,IT,2019,10.879981430864639,9.2744759183908,14.8,0.13068074923949172,-0.07600034534335169,-1.0617134563125223,1.4974493993746913,1.5438945128241013,1.4323784143904064,1.4681422443829428,-1.0712488348619786,-0.966697369492549
ITF4,IT,2020,10.81428011907606,9.26375652987899,15.3,0.014209680616639851,-0.09284185972602747,-1.0110339105670294,1.674720879853358,1.5783273621155367,1.4974493993746913,1.5438945128241013,-1.038190867318373,-0.9301106839630571
ITF4,IT,2021,10.885361640241857,9.200691073756047,15.3,0.14021843910473789,-0.19192566335664019,-1.0110339105670294,2.0667330677290834,1.6254166100654464,1.674720879853358,1.5783273621155367,-0.948131759568799,-0.9134803723587427
ITF4,IT,2022,10.910781443040904,9.459019228769527,15.8,0.1852810339843382,0.2139405232561407,-0.9603543648215366,1.9947755877463786,1.6818120334995272,2.0667330677290834,1.6254166100654464,-0.7489780786060289,-0.8907372975701395
ITF4,IT,2023,10.893587829852843,9.527649560141432,16.2,0.15480130006448192,0.32176744935497414,-0.9198107282251423,2.0224719101123596,1.8208462952330537,1.9947755877463786,1.6818120334995272,-0.785534587445758,-0.8634995439695596
ITF5,IT,2000,11.019304260863974,NA,NA,0.37766332008677733,NA,NA,1.3435620982790795,1.4474427036994573,NA,NA,NA,NA
ITF5,IT,2001,11.032232858908841,9.825350325565438,6.9,0.4005823089028084,0.789492983987629,-1.8624502790913104,1.5707307729144717,1.5585859800016233,1.3435620982790795,1.4474427036994573,-1.1163701265722537,-0.9766947940076955
ITF5,IT,2002,11.010216197197813,9.849255718583898,6.7,0.36155258411979435,0.8270513782841227,-1.8827220973895076,1.5521382963434416,1.564738554225493,1.5707307729144717,1.5585859800016233,-1.0009617817495295,-0.9230150272830414
ITF5,IT,2003,10.964314316502664,9.708683225574301,8.1,0.2801806761498837,0.6061942220926902,-1.7408193693021272,1.5606292060608564,1.560173741091654,1.5521382963434416,1.564738554225493,-1.0104073047762487,-0.9200434687679266
ITF5,IT,2004,10.971685921630257,9.764640630911298,9.1,0.29324858458737907,0.6941103794147119,-1.6394602778111413,1.6239752088808692,1.6091958647463596,1.5606292060608564,1.560173741091654,-1.0060936737789343,-0.9222481734726893
ITF5,IT,2005,10.983324819211246,9.733280803296308,9.5,0.31388127519806047,0.6448401260570552,-1.5989166412147473,1.5919811320754718,1.8134216349515895,1.6239752088808692,1.6091958647463596,-0.9739120477324429,-0.8985715620780649
ITF5,IT,2006,11.004128513538742,9.735216798228253,10.7,0.35076072925559393,0.6478818188229442,-1.4772857314255643,1.8414322250639388,1.9479843873317115,1.5919811320754718,1.8134216349515895,-0.9901659764669761,-0.7999349907215129
ITF5,IT,2007,11.013409882809944,9.747072699597947,11.4,0.36721414499223476,0.6665089385711727,-1.4063343673818742,1.9024504814843815,1.9739839751809682,1.8414322250639388,1.9479843873317115,-0.8634375100434052,-0.7349441302941637
ITF5,IT,2008,11.009663508891581,9.749923472645893,12.5,0.360572813763772,0.6709878633937806,-1.29483936674179,1.8575851393188854,1.5022204613055248,1.9024504814843815,1.9739839751809682,-0.8324384473920324,-0.7223868991496464
ITF5,IT,2009,10.975746854916224,9.797953451270557,12.8,0.3004475464733252,0.7464490312501003,-1.264431639294494,1.9691325172964342,1.4962663572179087,1.8575851393188854,1.5022204613055248,-0.8552313561746168,-0.9502383375505447
ITF5,IT,2010,10.97709153565634,9.731429176741155,12.4,0.30283131018358245,0.6419309866760549,-1.3049752758908884,1.589912280701754,1.4442671815193955,1.9691325172964342,1.4962663572179087,-0.7985620188094814,-0.9531140393393654
ITF5,IT,2011,10.992152996621266,9.672751928681611,12.5,0.3295313014904718,0.5497416126234411,-1.29483936674179,1.2987012987012987,1.4772132241375373,1.589912280701754,1.4442671815193955,-0.9912170136009832,-0.9782285016284
ITF5,IT,2012,10.985777335066892,9.735434284474035,12.5,0.3182289378968019,0.6482235172073569,-1.29483936674179,1.7611447440836547,1.495670946809147,1.2987012987012987,1.4772132241375373,-1.1391607275871394,-0.9623162850635919
ITF5,IT,2013,11.017211784143559,9.503599260498031,13.7,0.37395391165853376,0.28398138843315013,-1.173208456952607,1.7386427369601793,1.485152029587692,1.7611447440836547,1.495670946809147,-0.9042259035346834,-0.9534016095182476
ITF5,IT,2014,10.984582376952682,9.521579762985624,15.1,0.3161105928480841,0.31223103074426406,-1.0313057288652268,1.8121911037891267,1.4994418793979707,1.7386427369601793,1.485152029587692,-0.9156575826668415,-0.9584820160118308
ITF5,IT,2015,11.016988453697989,9.633550717538444,15.1,0.37355800577867526,0.4881515545190526,-1.0313057288652268,2.1231422505307855,1.5107546771644411,1.8121911037891267,1.4994418793979707,-0.8782928566817697,-0.951580331718661
ITF5,IT,2016,10.9830080863364,9.680344001221918,15.5,0.31331979148643985,0.5616697182929962,-0.9907620922688324,2.2384174908901615,1.53377721296989,2.1231422505307855,1.5107546771644411,-0.7203205604407463,-0.9461164983199015
ITF5,IT,2017,10.980952738566057,9.596332838724813,15.9,0.3096762028778329,0.4296775622160569,-0.950218455672438,1.5948963317384368,1.5292123998360507,2.2384174908901615,1.53377721296989,-0.6617573597253754,-0.9349971180697946
ITF5,IT,2018,11.004767913474707,9.596893348072303,16.5,0.35189421642338214,0.4305581932545704,-0.8894030007778465,1.6765819361817198,1.593516723982304,1.5948963317384368,1.5292123998360507,-0.9886849695963301,-0.9372018227745572
ITF5,IT,2019,10.974798311308472,9.617618321870447,15.9,0.29876602924600193,0.46311974692131463,-0.950218455672438,2.0234291799787005,1.67488947984639,1.6765819361817198,1.593516723982304,-0.947186288408117,-0.9061442434552929
ITF5,IT,2020,10.87333786871966,9.61711107088195,17,0.11890346867349501,0.4623227914971338,-0.8387234550323537,1.994609164420485,1.7155758577784326,2.0234291799787005,1.67488947984639,-0.7709777227809221,-0.8668429856747424
ITF5,IT,2021,10.986693071006236,9.544915507012004,17.6,0.31985229579527086,0.3488944344652577,-0.777908000137762,2.11864406779661,1.7747199583820852,1.994609164420485,1.7155758577784326,-0.7856191353730287,-0.8471923567844674
ITF5,IT,2022,11.016965342853934,9.728649698415374,17.6,0.3735170363576618,0.6375640748742856,-0.777908000137762,2.0700636942675157,1.8356502902120224,2.11864406779661,1.7747199583820852,-0.7226057691073663,-0.8186270523488478
ITF5,IT,2023,11.0124218377552,9.789629282312447,17.5,0.3654626021350113,0.7333707095643662,-0.7880439092868607,1.6503352243424447,1.9870830041737233,2.0700636942675157,1.8356502902120224,-0.7472860227068604,-0.789199037376582
ITF6,IT,2000,10.955646409091996,NA,NA,0.264814766225693,NA,NA,1.957333875962438,1.7783449656928916,NA,NA,NA,NA
ITF6,IT,2001,10.94637156830245,9.646408496502204,10.4,0.248372923762313,0.508352750614224,-1.5076934588728599,2.0276717557251906,1.9152170266330026,1.957333875962438,1.7783449656928916,-0.8045560744146346,-0.8168762532605591
ITF6,IT,2002,10.904623689890645,9.685333605446356,9.9,0.17436496442344074,0.5695090172620686,-1.5583730046183528,2.0038679025419395,1.923399595493553,2.0276717557251906,1.9152170266330026,-0.7688223699556556,-0.7507700474077392
ITF6,IT,2003,10.878073058919599,9.684294216775202,9.6,0.12729770994061193,0.5678760062712692,-1.5887807320656486,1.7294847328244276,1.9224077689650012,2.0038679025419395,1.923399595493553,-0.7809154250421079,-0.7468180459708857
ITF6,IT,2004,10.888393403519364,9.600813172133929,10.1,0.14559295445504078,0.4367167323576816,-1.538101186320156,1.8692179364036197,1.9796857509888521,1.7294847328244276,1.9224077689650012,-0.9203101171806037,-0.7472970764480802
ITF6,IT,2005,10.907077808808774,9.581856931092835,11.7,0.17871546892846205,0.40693408143656923,-1.3759266399345786,1.6402210046786503,2.2402881713657665,1.8692179364036197,1.9796857509888521,-0.8493215543088333,-0.7196330663901066
ITF6,IT,2006,10.910527898211946,9.638722529693908,11.9,0.18483156598486297,0.49627712518054745,-1.3556548216363813,1.5086176890138863,2.412865987333732,1.6402210046786503,2.2402881713657665,-0.9656587073176207,-0.5937678085072919
ITF6,IT,2007,10.916996153141923,9.601028882726581,12.3,0.19629807317186956,0.4370556409665676,-1.3151111850399868,1.6159781646884004,2.4438605663509683,1.5086176890138863,2.412865987333732,-1.032517048849216,-0.5104165054754759
ITF6,IT,2008,10.917232064432612,9.72876161506083,13.5,0.1967162815664778,0.6377399100716027,-1.193480275250804,1.4899811611577325,1.864137960412599,1.6159781646884004,2.4438605663509683,-0.9779747805683338,-0.49544680306315214
ITF6,IT,2009,10.901638882762501,9.756534805577655,13.7,0.16907368992093666,0.6813751031636832,-1.173208456952607,1.3073034687118703,1.859922697666255,1.4899811611577325,1.864137960412599,-1.0419849512198813,-0.775440116983248
ITF6,IT,2010,10.913280022911387,9.636044423772743,14,0.18971035601205033,0.49206948224084734,-1.142800729505311,1.3549652344446426,1.792726450356889,1.3073034687118703,1.859922697666255,-1.1347905730999632,-0.7774759965113239
ITF6,IT,2011,10.884442303618487,9.630420506085857,13.8,0.13858869814472993,0.4832335966391341,-1.1630725478035082,1.7575004438132436,1.8269444655919167,1.3549652344446426,1.792726450356889,-1.1105769991845624,-0.8099303113412409
ITF6,IT,2012,10.869517528951029,9.662901192788278,13.7,0.11213101553303746,0.5342648613101805,-1.173208456952607,1.6690856313497822,1.8537237818628078,1.7575004438132436,1.8269444655919167,-0.90607731488319,-0.793403759878036
ITF6,IT,2013,10.868056951509672,9.52944581445647,14.3,0.10954179758943437,0.3245895919471854,-1.1123930020580153,1.1598685482312006,1.8482687359557746,1.6690856313497822,1.8537237818628078,-0.9509946309726413,-0.7804699369937887
ITF6,IT,2014,10.861013404229254,9.440965071693531,14,0.0970554490476319,0.18557516027601845,-1.142800729505311,1.1315688530878407,1.8668654833661156,1.1598685482312006,1.8482687359557746,-1.2096918338880256,-0.7831046046183575
ITF6,IT,2015,10.855145428247575,9.28984567141587,15.2,0.08665307785238478,-0.051852520460927476,-1.021169819716128,1.4391287436795022,1.8790153583408722,1.1315688530878407,1.8668654833661156,-1.2240689084592662,-0.7741227831709636
ITF6,IT,2016,10.848517461024416,9.373997315689296,15.7,0.07490344296286224,0.08036035024481679,-0.9704902739706353,1.4919663351185923,1.9075303710367288,1.4391287436795022,1.8790153583408722,-1.067819469737085,-0.7682546598253327
ITF6,IT,2017,10.862334629792251,9.298104858170253,15.1,0.09939763292531811,-0.03887629403160379,-1.0313057288652268,1.0624417520969245,1.9038110215546602,1.4919663351185923,1.9075303710367288,-1.0409764246641149,-0.7544825336059952
ITF6,IT,2018,10.872157755369505,9.13912647678824,15.1,0.11681143946971267,-0.28865142753195,-1.0313057288652268,0.8145131432802665,1.9876203632172647,1.0624417520969245,1.9038110215546602,-1.2591875018153238,-0.7562788978954741
ITF6,IT,2019,10.874541707568822,9.136167303722136,15.2,0.12103755691914363,-0.29330066248585707,-1.021169819716128,1.096858152072876,2.0872989293366935,0.8145131432802665,1.9876203632172647,-1.3851425016569845,-0.7158008225725517
ITF6,IT,2020,10.806646494220988,9.132173405406586,15.9,6.772804235187535e-4,-0.2995755816055584,-0.950218455672438,1.4117192032488879,2.134410689442891,1.096858152072876,2.0872989293366935,-1.2417029619140527,-0.6676582596145199
ITF6,IT,2021,10.881859009690656,9.086074383612088,15.8,0.1340092004733654,-0.3720029721907475,-0.9603543648215366,1.5766198807921552,2.2068140260271525,1.4117192032488879,2.134410689442891,-1.0817443196246228,-0.6449043119477883
ITF6,IT,2022,10.895843405932037,9.358140277622141,16.2,0.1587998405677423,0.05544693896390488,-0.9198107282251423,2.0060560181680542,2.276737796290035,1.5766198807921552,2.2068140260271525,-0.9979699423432524,-0.6099350871126011
ITF6,IT,2023,10.885670132116056,9.446365795123912,16.6,0.14076531369934275,0.1940603794869263,-0.8792670916287478,2.894785674522175,2.4517951785793803,2.0060560181680542,2.276737796290035,-0.7798037981723559,-0.5761634384703999
ITG1,IT,2000,11.021504481773576,NA,NA,0.3815637304982514,NA,NA,1.576245448459416,1.4110396077077414,NA,NA,NA,NA
ITG1,IT,2001,11.038542028102107,9.632852789524396,9.3,0.41176679910639274,0.4870550213843763,-1.6191884595129444,1.468396901366754,1.527228605907935,1.576245448459416,1.4110396077077414,-0.9981601649425562,-0.9942766915898565
ITG1,IT,2002,11.020600506503529,9.578247370974127,9,0.3799612211594757,0.4012630062080364,-1.6495961869602402,1.4725784011648773,1.5324823693048133,1.468396901366754,1.527228605907935,-1.0529503878087885,-0.9381599517665579
ITG1,IT,2003,11.017935407941762,9.549871745366346,9.2,0.37523670548354676,0.3566813114346535,-1.629324368662043,1.6397001760773897,1.5209645033962722,1.4725784011648773,1.5324823693048133,-1.050826063355373,-0.9356224991832435
ITG1,IT,2004,11.011851963355593,9.56558884686061,9.5,0.36445236537571085,0.38137486467026627,-1.5989166412147473,1.4433402588300084,1.5787559007619338,1.6397001760773897,1.5209645033962722,-0.9659233035120753,-0.9411853760005097
ITG1,IT,2005,11.012652434305766,9.57381992209083,9.8,0.3658713888994452,0.39430692434157166,-1.5685089137674515,1.6251424236631744,1.777186502905569,1.4433402588300084,1.5787559007619338,-1.0656798966049361,-0.9132733975840513
ITG1,IT,2006,10.99649488868367,9.589533345810338,10.3,0.3372283290624728,0.41899469932813665,-1.5178293680219586,1.7758041382094478,1.9067119774209147,1.6251424236631744,1.777186502905569,-0.9733190684130246,-0.8174357653988698
ITG1,IT,2007,10.996727382850008,9.658603178179012,10.9,0.33764047979835093,0.5275121370499174,-1.4570139131273672,1.8268841009011256,1.9315663196446082,1.7758041382094478,1.9067119774209147,-0.8967785016652261,-0.7548777997871576
ITG1,IT,2008,10.991481189808392,9.573079319417591,11.5,0.3283403654912724,0.3931433439228312,-1.3961984582327756,1.8899878065302804,1.480348870981944,1.8268841009011256,1.9315663196446082,-0.8708283835104469,-0.7428736971814781
ITG1,IT,2009,10.962843450080316,9.51313907183825,11.9,0.27757321856115763,0.29896963796970466,-1.3556548216363813,1.7858364693807731,1.4781261249294184,1.8899878065302804,1.480348870981944,-0.8387698515384223,-0.9608018363561323
ITG1,IT,2010,10.975271698939354,9.43353705339991,12.5,0.29960522045452814,0.17390480456599178,-1.29483936674179,1.7493925720236028,1.4253864231376783,1.7858364693807731,1.4781261249294184,-0.8916817833916597,-0.9618753739875345
ITG1,IT,2011,10.96899969164655,9.469206450751084,12.4,0.28848660848291524,0.22994593674897748,-1.3049752758908884,1.6436829642011423,1.4611524278010422,1.7493925720236028,1.4253864231376783,-0.9101963513867005,-0.9873474941508059
ITG1,IT,2012,10.964649788641017,9.420288781795149,12.1,0.28077537962510357,0.15309009516989794,-1.3353830033381842,1.7113519680547633,1.4807530066278576,1.6436829642011423,1.4611524278010422,-0.9638999304132991,-0.9700732977182427
ITG1,IT,2013,10.96583062015444,9.279924751453985,13,0.28286868194263576,-0.0674395398178031,-1.244159820996297,1.8601860186018602,1.4682248016045325,1.7113519680547633,1.4807530066278576,-0.9295220931384928,-0.9606066476958773
ITG1,IT,2014,10.94090731345002,9.212933808258079,13.4,0.23868624347291553,-0.1726907798581966,-1.2036161843999025,1.931379231992729,1.4817633457426418,1.8601860186018602,1.4682248016045325,-0.8539100332694513,-0.9666574961637809
ITG1,IT,2015,10.947291604709243,9.18493625468716,13.3,0.2500039052534578,-0.2166784756698382,-1.2137520935490012,1.7317939609236233,1.498939110693975,1.931379231992729,1.4817633457426418,-0.8177417942583358,-0.96011867604524
ITG1,IT,2016,10.931361497474231,9.193894449221023,13.2,0.22176403359139946,-0.20260401965785396,-1.2238880026980998,1.764008301215535,1.5221769103340137,1.7317939609236233,1.498939110693975,-0.9191369616248298,-0.9518231579844044
ITG1,IT,2017,10.946993618023603,9.171631068699147,13.1,0.2494756535828745,-0.23758260475653023,-1.2340239118471983,2.088065059711334,1.5054052810285943,1.764008301215535,1.5221769103340137,-0.9027711325834242,-0.9405998100197447
ITG1,IT,2018,10.944949418263796,9.155971466294968,13.6,0.24585182745183154,-0.2621858196531989,-1.1833443661017053,1.8565463763793617,1.5783517651160202,2.088065059711334,1.5054052810285943,-0.7381408014576962,-0.9487001394203253
ITG1,IT,2019,10.943049612993892,9.204503798306842,14,0.24248397460479748,-0.18593539112342153,-1.142800729505311,1.8992998659317744,1.661401640351289,1.8565463763793617,1.5783517651160202,-0.8557590781930949,-0.9134685862443064
ITG1,IT,2020,10.876915690067543,9.242207808507317,14.2,0.12524600072324504,-0.1266976249601568,-1.122528911207114,2.1171649719229015,1.6977738484835234,1.8992998659317744,1.661401640351289,-0.8340390524344429,-0.8733573165619136
ITG1,IT,2021,10.951319608033655,9.152987391861329,14.6,0.257144491017109,-0.26687417780326855,-1.0819852746107197,2.2239205196790217,1.7561714493180556,2.1171649719229015,1.6977738484835234,-0.7233571931621695,-0.8557903371389679
ITG1,IT,2022,10.996006491833091,9.432835500307869,14.8,0.33636253047260434,0.17280257597554569,-1.0617134563125223,2.576779026217228,1.8072946085261403,2.2239205196790217,1.7561714493180556,-0.6691222459937204,-0.8275855757321272
ITG1,IT,2023,10.960686163356012,9.557371841878078,15.2,0.27374891911773036,0.36846491113669033,-1.021169819716128,2.591593297358705,1.9558144583994315,2.576779026217228,1.8072946085261403,-0.4898597827093206,-0.802894210209876
ITG2,IT,2000,10.985706475897798,NA,NA,0.31810332330979524,NA,NA,1.4543856640658492,1.6710251617353447,NA,NA,NA,NA
ITG2,IT,2001,10.989122735255114,9.803593168618589,7.5,0.32415944863222057,0.7553097401166978,-1.8016348241967188,2.1261993136774286,1.7885136871825529,1.4543856640658492,1.6710251617353447,-1.0600685070143134,-0.8687093666349979
ITG2,IT,2002,10.943308832201883,9.743933078110445,8.3,0.24294350177922197,0.6615761963368868,-1.72054755100393,1.8264941559018215,1.8007955251484349,2.1261993136774286,1.7885136871825529,-0.7187674827625018,-0.8119649836308158
ITG2,IT,2003,10.945062385003343,9.804809123232255,8.2,0.2460520876371409,0.7572201585227647,-1.730683460153029,1.4394968630264544,1.8028811202747166,1.8264941559018215,1.8007955251484349,-0.8710264869990278,-0.8060331250524692
ITG2,IT,2004,10.9696346388597,9.762044690078952,9.3,0.2896122021494877,0.6900318282159781,-1.6191884595129444,1.538571971843247,1.855716196807189,1.4394968630264544,1.8028811202747166,-1.067632454319589,-0.80502582831275
ITG2,IT,2005,10.967324477864805,9.770376310934157,9.8,0.2855168970111046,0.703121857774039,-1.5685089137674515,1.5015901933413958,2.095327903537788,1.538571971843247,1.855716196807189,-1.017299395239022,-0.7795076442398634
ITG2,IT,2006,10.97715192584054,9.809483058069734,9.4,0.3029383660260995,0.764563500981372,-1.6090525503638458,1.7446056670186014,2.2485032789235957,1.5015901933413958,2.095327903537788,-1.0360872226203695,-0.6637804410321229
ITG2,IT,2007,10.958627536617737,9.840720459365055,10.4,0.27009951776522667,0.8136414071150014,-1.5076934588728599,1.7674153539756612,2.2781650762751595,1.7446056670186014,2.2485032789235957,-0.912628239429088,-0.5898000915927455
ITG2,IT,2008,10.955996607882858,9.878703638393786,11,0.2654355761652782,0.8733177827969972,-1.4468780039782685,2.2977022977022976,1.7303487564384719,1.7674153539756612,2.2781650762751595,-0.901040249923652,-0.5754740935167388
ITG2,IT,2009,10.949771368512963,9.779881467666328,11.2,0.25439987136568587,0.7180556605406859,-1.4266061856800714,2.178387650085763,1.726177566185908,2.2977022977022976,1.7303487564384719,-0.6316389402808592,-0.8400573704829847
ITG2,IT,2010,10.955031817591609,9.742808504063273,11.8,0.26372525786021406,0.659809348352139,-1.3657907307854797,1.5281593406593408,1.6724155584861993,2.178387650085763,1.726177566185908,-0.6922542782742321,-0.8420719639624231
ITG2,IT,2011,10.958130019409646,9.607870865710739,12.4,0.26921755119093577,0.44780526112510094,-1.3049752758908884,1.634320735444331,1.7081024084247989,1.5281593406593408,1.6724155584861993,-1.022589317065228,-0.868037835475185
ITG2,IT,2012,10.946695985024421,9.4602735690464,13,0.24894802890494308,0.2159112503914102,-1.244159820996297,1.9132217287324906,1.7277996957285715,1.634320735444331,1.7081024084247989,-0.9686562170201981,-0.8508018690399897
ITG2,IT,2013,10.933684995181023,9.314231533314313,14,0.22588298119664094,-0.013539248818235313,-1.142800729505311,1.8881759853345554,1.7173717200971628,1.9132217287324906,1.7277996957285715,-0.8269663380944993,-0.8412885109426416
ITG2,IT,2014,10.933738823971408,9.262968698439721,14,0.22597840542133524,-0.09407964250635524,-1.142800729505311,1.5727871250914411,1.7384594041517896,1.8881759853345554,1.7173717200971628,-0.8396903098086875,-0.8463249946412376
ITG2,IT,2015,10.952559395644101,9.304734424409503,13.1,0.2593423069194566,-0.02846040743077773,-1.2340239118471983,1.563055062166963,1.7528268372439535,1.5727871250914411,1.7384594041517896,-0.9999170945738107,-0.8361401053840768
ITG2,IT,2016,10.915332659198333,9.257132431985855,14.7,0.19334913787692276,-0.10324915486385619,-1.071849365461621,1.6062823487417457,1.779939573885617,1.563055062166963,1.7528268372439535,-1.0048612677773887,-0.8292009500660109
ITG2,IT,2017,10.915412045973303,9.216504136290583,15,0.1934898696562989,-0.1670813431963912,-1.0414416380143252,1.9614835948644795,1.7669625375443077,1.6062823487417457,1.779939573885617,-0.9829005392448112,-0.8161060924496613
ITG2,IT,2018,10.9189288695619,9.19566432419815,16.2,0.19972426879341035,-0.1998233223400943,-0.9198107282251423,1.50087260034904,1.8478372818856799,1.9614835948644795,1.7669625375443077,-0.8024478955878979,-0.8223737166079143
ITG2,IT,2019,10.918993470139656,9.18564887703977,16,0.19983878855138965,-0.21555885587178253,-0.9400825465233394,1.8537590113285274,1.9393717346502708,1.50087260034904,1.8478372818856799,-1.0364517808924865,-0.7833129874788026
ITG2,IT,2020,10.84239818518483,9.241563266510733,17.5,0.06405558350873111,-0.12771028191290612,-0.7880439092868607,1.6918646508279338,1.989889483264652,1.8537590113285274,1.9393717346502708,-0.8571751413340619,-0.7391038527911259
ITG2,IT,2021,10.909542438439072,9.212934052392988,18,0.18308460614940625,-0.17269039629139266,-0.7373643635413678,2.0135424091233074,2.0552381305548155,1.6918646508279338,1.989889483264652,-0.9394222214453265,-0.7147048873179274
ITG2,IT,2022,10.941603023081504,9.456133336909254,17.4,0.2399195528547854,0.209406422340021,-0.7981798184359594,1.8610421836228286,2.128002227182869,2.0135424091233074,2.0552381305548155,-0.7760004921477541,-0.6831429228067254
ITG2,IT,2023,10.935292715267302,9.560411293082058,17.9,0.2287330441770856,0.3732402731931053,-0.7475002726904666,2.8690662493479393,2.2892882502819956,1.8610421836228286,2.128002227182869,-0.8534750763453786,-0.6479994587765222
ITH1,IT,2000,11.289768468368255,NA,NA,0.857124907910538,NA,NA,1.6070711128967454,1.2002894344411257,NA,NA,NA,NA
ITH1,IT,2001,11.289390473149977,9.911142366435623,7,0.8564548222484918,0.9242831251083014,-1.8523143699422118,1.294749789603159,1.294749789603159,1.6070711128967454,1.2002894344411257,-0.982499823936109,-1.0960644066413332
ITH1,IT,2004,11.287154575905339,9.877766403019399,8.8,0.8524911671200841,0.8718452675485481,-1.6698680052584374,1.3119895040839669,1.3374465295455091,1.294749789603159,1.294749789603159,-1.1411682100241445,-1.050442125217485
ITH1,IT,2005,11.28431085728939,9.972552473328838,9.8,0.8474500052764953,1.0207661658474407,-1.5685089137674515,1.552413765791454,1.5055958528705948,1.3119895040839669,1.3374465295455091,-1.132409929787489,-1.029820535533756
ITH1,IT,2006,11.295605656959074,10.03918563500643,10.3,0.8674727011952983,1.125455285895644,-1.5178293680219586,1.9640393743131703,1.6163765835318278,1.552413765791454,1.5055958528705948,-1.0102673582228985,-0.9486080973970628
ITH1,IT,2007,11.300632290808677,10.04706860694302,10,0.8763835950587726,1.137840431289155,-1.5482370954692544,1.7636684303350967,1.639126197864045,1.9640393743131703,1.6163765835318278,-0.8011494847203838,-0.8951034322717119
ITH1,IT,2008,11.297345581343363,9.946992378363912,10.4,0.8705571274699698,0.9806080256233005,-1.5076934588728599,1.7233950883239983,1.247107481327718,1.7636684303350967,1.639126197864045,-0.9029437969519943,-0.8841158671120417
ITH1,IT,2009,11.266172413313756,9.942425038959176,10.8,0.8152953359786291,0.9734321580641869,-1.4671498222764656,1.6260162601626018,1.2426564698279365,1.7233950883239983,1.247107481327718,-0.9234038350687823,-1.0734523160228815
ITH1,IT,2010,11.27517388272591,9.831794550900074,11.4,0.8312525632100014,0.7996176765984901,-1.4063343673818742,1.3085690164626425,1.1993003207745077,1.6260162601626018,1.2426564698279365,-0.9728751338599597,-1.0756020570323819
ITH1,IT,2011,11.283350011180492,9.899109968147766,12.6,0.8457466789647538,0.9053787063907829,-1.2847034575926912,1.2642225031605563,1.2260063897731974,1.3085690164626425,1.1993003207745077,-1.1341476377505133,-1.0965421268656668
ITH1,IT,2012,11.306445906514979,9.943702684769695,12.8,0.8866895998468424,0.9754395011388525,-1.264431639294494,1.6522098306484923,1.2410079470502395,1.2642225031605563,1.2260063897731974,-1.1566769662640817,-1.0836436808086625
ITH1,IT,2013,11.309058793894623,9.858725824094085,13.6,0.8913215588901815,0.8419301111502322,-1.1833443661017053,1.981015270326042,1.2307871058285187,1.6522098306484923,1.2410079470502395,-0.9595680323433187,-1.0763982574062712
ITH1,IT,2014,11.308769446779317,9.859414623643083,14.8,0.8908086228953713,0.8430123023123911,-1.0617134563125223,1.6893283889575605,1.2441401403278636,1.981015270326042,1.2307871058285187,-0.7925252319977201,-1.0813346997243838
ITH1,IT,2015,11.312032522590838,9.859039968583238,16.2,0.8965931942596116,0.8424236718534824,-0.9198107282251423,2.0090200902009023,1.2533718678829664,1.6893283889575605,1.2441401403278636,-0.9407107168110127,-1.0748854766958817
ITH1,IT,2016,11.300851503124118,9.890716724652949,16.3,0.8767722005818538,0.8921918598762163,-0.9096748190760436,1.886792452830189,1.273318993493099,2.0090200902009023,1.2533718678829664,-0.7782979627054044,-1.0704267546021025
ITH1,IT,2017,11.309523581271815,9.897248010194886,16.5,0.8921455041209579,0.902453335077969,-0.8894030007778465,1.6660055533518445,1.2682085728822385,1.886792452830189,1.273318993493099,-0.8403931848709895,-1.060792730078044
ITH1,IT,2018,11.301281837794315,9.953678129472358,16.8,0.8775350702649524,0.991112185755925,-0.8589952733305507,1.9638648860958365,1.320466744935231,1.6660055533518445,1.2682085728822385,-0.9525594008698879,-1.0632609512371003
ITH1,IT,2019,11.308682615653652,10.04216016856482,17.7,0.8906546942488848,1.1301286541246418,-0.7677720909886636,1.9014357780364768,1.3893749970429623,1.9638648860958365,1.320466744935231,-0.8012381298488809,-1.0380213993848142
ITH1,IT,2020,11.261935107015418,10.039017958412783,17.1,0.807783711336524,1.1251918447711413,-0.8285875458832549,2.1454112038140645,1.4221806003191308,1.9014357780364768,1.3893749970429623,-0.8329539464836063,-1.0047402237562477
ITH1,IT,2021,11.333046367136916,9.988163130519924,17.7,0.9338451891365473,1.045292481627209,-0.7677720909886636,1.7324738114423852,1.4736145109832748,2.1454112038140645,1.4221806003191308,-0.7090072794900047,-0.9888958363158536
ITH1,IT,2022,11.374380753320391,10.238244240202297,17.6,1.0071201359922637,1.4382015175214227,-0.777908000137762,1.8327605956471937,1.5232350465919517,1.7324738114423852,1.4736145109832748,-0.9187915776354963,-0.9640543846505122
ITH1,IT,2023,11.38658993914145,10.24324924602602,18.1,1.0287637969920556,1.4460650143498772,-0.7272284543922691,1.648141050210809,1.6486876299746873,1.8327605956471937,1.5232350465919517,-0.8678429519447098,-0.9400887533964489
ITH2,IT,2000,11.332538144756105,NA,NA,0.9329442451191503,NA,NA,2.068068747173225,2.0113934788972734,NA,NA,NA,NA
ITH2,IT,2001,11.341825040996367,9.89576016340223,8.9,0.9494074587118029,0.9001157396890033,-1.659732096109339,2.393259468731167,2.1655624850546675,2.068068747173225,2.0113934788972734,-0.7482995143008512,-0.704318928692155
ITH2,IT,2002,11.30621432589125,9.939612176772847,10,0.8862790685806669,0.9690127959974671,-1.5482370954692544,2.2125,2.1755267296178027,2.393259468731167,2.1655624850546675,-0.5830930967041251,-0.6298586773657379
ITH2,IT,2003,11.29501934940172,10.018302776628467,10.3,0.8664333327886763,1.0926456755959217,-1.5178293680219586,1.9069814915623298,2.1716517456210274,2.2125,2.1755267296178027,-0.6749242047157435,-0.6250461656103499
ITH2,IT,2004,11.29162885630026,9.943808660523688,10.1,0.8604228842308735,0.9756060024446981,-1.538101186320156,1.857999914599257,2.240571103849378,1.9069814915623298,2.1716517456210274,-0.8301365614726363,-0.6269176979596677
ITH2,IT,2005,11.293082843362226,9.942647690585503,10.4,0.8630004191728841,0.9737819719143876,-1.5076934588728599,2.340972574911122,2.5206770899019504,1.857999914599257,2.240571103849378,-0.8550206381755004,-0.5936311583182351
ITH2,IT,2006,11.28417696113545,9.998566404432413,12.1,0.8472126427686675,1.0616373400145183,-1.3353830033381842,2.4374555495126136,2.709444167459118,2.340972574911122,2.5206770899019504,-0.6096563712461721,-0.45834610563899975
ITH2,IT,2007,11.289536476553621,10.014595981319962,13,0.856713647711517,1.0868218315927838,-1.244159820996297,2.816272480906627,2.7421047468605053,2.4374555495126136,2.709444167459118,-0.5606401923200823,-0.3671757440508197
ITH2,IT,2008,11.272720534037973,9.940853039497838,14.4,0.8269034241196265,0.9709623481950423,-1.1022570929089168,2.6245551601423487,2.0886163742615698,2.816272480906627,2.7421047468605053,-0.36819008839102907,-0.351401399963715
ITH2,IT,2009,11.229906235329361,9.945741150092298,14.8,0.7510049833247692,0.9786421878416777,-1.0617134563125223,2.3008849557522124,2.0825271136952095,2.6245551601423487,2.0886163742615698,-0.46558810640017895,-0.6670219625878993
ITH2,IT,2010,11.240853424390469,9.770779466665964,15.3,0.7704114574674249,0.7037552663913492,-1.0110339105670294,2.4325519681556838,2.0069649257581026,2.3008849557522124,2.0825271136952095,-0.6300220567106798,-0.6699629419939696
ITH2,IT,2011,11.247177279786767,9.787080029470655,16,0.7816219824291385,0.7293655111005908,-0.9400825465233394,3.0329670329670333,2.047652257724237,2.4325519681556838,2.0069649257581026,-0.5631313553689276,-0.7064578228056605
ITH2,IT,2012,11.22344898694401,9.82892170067928,16.5,0.7395579878336425,0.795104065746576,-0.8894030007778465,2.7753303964757707,2.0772682068424437,3.0329670329670333,2.047652257724237,-0.2581029048234367,-0.686806733137827
ITH2,IT,2013,11.244686509977948,9.79687608464554,16.7,0.7772065055774703,0.7447563520930154,-0.8691311824796495,2.4923480542195016,2.0639825474249305,2.7753303964757707,2.0772682068424437,-0.3889898672572883,-0.6725028787537576
ITH2,IT,2014,11.23437618148496,9.72714011759232,16.6,0.7589290169742718,0.6351923325761812,-0.8792670916287478,3.157439446366782,2.0800360525544255,2.4923480542195016,2.0639825474249305,-0.5327531910794255,-0.6789195610942746
ITH2,IT,2015,11.221235371120908,9.669453232050355,18.3,0.7356338317792428,0.5445589432297364,-0.706956636094072,2.7202072538860103,2.100518110823092,3.157439446366782,2.0800360525544255,-0.19486727064275108,-0.6711660699328167
ITH2,IT,2016,11.21550374322089,9.673493082862688,18.7,0.725473169711917,0.5509060595307089,-0.6664129994976778,3.0789245446660884,2.1312411982260913,2.7202072538860103,2.100518110823092,-0.41699403930223156,-0.6612736846578526
ITH2,IT,2017,11.216374526092979,9.67960859487983,18.7,0.7270168376979861,0.5605143019673603,-0.6664129994976778,3.2203389830508473,2.1198930308069657,3.0789245446660884,2.1312411982260913,-0.23475514190730523,-0.646435106745407
ITH2,IT,2018,11.214924269262104,9.662346907898069,20.8,0.724445915470236,0.5333940096808865,-0.4535589073666075,3.692824171212757,2.206526601592,3.2203389830508473,2.1198930308069657,-0.16291246247883862,-0.6519160229112653
ITH2,IT,2019,11.217486458695651,9.772981925047596,21.2,0.7289880004486868,0.7072156069201608,-0.41301527077021327,3.586321934945788,2.322499336924043,3.692824171212757,2.206526601592,0.07712386122000973,-0.6100739068158102
ITH2,IT,2020,11.186236937622805,9.772321431849356,21.3,0.6735908551828694,0.70617788861323,-0.40287936162111454,3.6047497879558943,2.379240174019673,3.586321934945788,2.322499336924043,0.02301760371237956,-0.55406161721838
ITH2,IT,2021,11.235722989023738,9.743301330863885,22.1,0.7613165509366935,0.6605836415538008,-0.32179208842832585,3.678646934460888,2.461998760807933,3.6047497879558943,2.379240174019673,0.03237949314518192,-0.526657036389088
ITH2,IT,2022,11.27647653833902,9.926905251936745,21.8,0.8335618274724053,0.9490486108062128,-0.35219981587562166,3.709810387469085,2.5458644858809856,3.678646934460888,2.461998760807933,0.06992140942810135,-0.48668645264295035
ITH2,IT,2023,11.275647614229454,9.920037080137066,21.4,0.8320923640139118,0.9382578447079848,-0.3927434524720162,4.093327875562832,2.752345775994838,3.709810387469085,2.5458644858809856,0.08575335692882613,-0.44618114536843634
ITH3,IT,2000,11.245087496948956,NA,NA,0.7779173495430752,NA,NA,1.885113766373531,2.180433365545086,NA,NA,NA,NA
ITH3,IT,2001,11.235776294065676,9.705615481231375,8.8,0.7614110466937563,0.6013744079384741,-1.6698680052584374,2.5002807654999533,2.2941160227685002,1.885113766373531,2.180433365545086,-0.8412460067917501,-0.6226763679874752
ITH3,IT,2002,11.213540419614993,9.743684248152006,8.7,0.7219927156356424,0.6611852530177533,-1.680003914407536,2.261952830038343,2.3278960123434578,2.5002807654999533,2.2941160227685002,-0.5287231412483788,-0.5677701359289483
ITH3,IT,2003,11.20092608486774,9.808650630618478,8.7,0.6996308326232193,0.7632556522288607,-1.680003914407536,2.1854007987726525,2.3256223591989897,2.261952830038343,2.3278960123434578,-0.6498007176386416,-0.5514551412601287
ITH3,IT,2004,11.219122165513511,9.740087686791092,9.1,0.7318876765106025,0.65553460048088,-1.6394602778111413,2.464895130694318,2.3723946524566233,2.1854007987726525,2.3256223591989897,-0.6886913931922609,-0.5525532659012992
ITH3,IT,2005,11.222216727493596,9.76294944397091,10.2,0.7373735173702176,0.6914533109495704,-1.5279652771710572,2.4364762831568614,2.7059720495093273,2.464895130694318,2.3723946524566233,-0.5467000808505237,-0.5299632732829337
ITH3,IT,2006,11.212717997153305,9.774103821175666,11.2,0.7205347778812107,0.7089782475554874,-1.4266061856800714,2.5394446534122763,2.9131992932480077,2.4364762831568614,2.7059720495093273,-0.5611376883302137,-0.36885270092834177
ITH3,IT,2007,11.217250681869626,9.776633248269453,11.4,0.7285700304244035,0.7129522972629877,-1.4063343673818742,2.801396072576572,2.922943521010015,2.5394446534122763,2.9131992932480077,-0.5088267383308627,-0.26876648363308425
ITH3,IT,2008,11.184449234996833,9.767482042557877,12.2,0.6704217307078995,0.6985745962924026,-1.3252470941890857,2.695871946082561,2.2830725646382257,2.801396072576572,2.922943521010015,-0.3757477398367411,-0.26406023517092453
ITH3,IT,2009,11.150100242061,9.723443892156745,13,0.6095300406571899,0.6293850951795452,-1.244159820996297,2.411490608637172,2.2976889062812362,2.695871946082561,2.2830725646382257,-0.4293570889121976,-0.5731038841860623
ITH3,IT,2010,11.15789679193233,9.643021905447785,13.1,0.6233512638620966,0.5030319879710575,-1.2340239118471983,2.896876954910736,2.177510097216484,2.411490608637172,2.2976889062812362,-0.5738311432936888,-0.5660445114928231
ITH3,IT,2011,11.16770285081239,9.679830790425921,13.9,0.6407348156610979,0.5608633992578563,-1.1529366386544095,2.8549640150612463,2.230778542315455,2.896876954910736,2.177510097216484,-0.3272406531528696,-0.624088242526123
ITH3,IT,2012,11.134437609287714,9.660390393190523,14.1,0.5817643305535276,0.5303200777536369,-1.1326648203562126,2.6235451249761494,2.27949968112549,2.8549640150612463,2.230778542315455,-0.34853365502668693,-0.5983607509329848
ITH3,IT,2013,11.145512492177621,9.500906191084145,13.8,0.6013971721200897,0.2797502359548585,-1.1630725478035082,2.741002255565362,2.2590368028252756,2.6235451249761494,2.27949968112549,-0.4661012338678234,-0.5748295086221873
ITH3,IT,2014,11.14675936765417,9.469972323934405,14.9,0.6036075529365416,0.23114922033348312,-1.0515775471634239,2.6702917900665146,2.285995832966828,2.741002255565362,2.2590368028252756,-0.4064295689664705,-0.5847126303927221
ITH3,IT,2015,11.153389288750464,9.428637757285694,15.4,0.6153606515269542,0.16620739105386484,-1.000898001417931,2.7330953894294234,2.3038602505305077,2.6702917900665146,2.285995832966828,-0.44235255789953587,-0.5716920096474143
ITH3,IT,2016,11.15803238930641,9.46823037291408,15.9,0.6235916421838004,0.22841239508170777,-0.950218455672438,2.795989201696876,2.3356913945530637,2.7330953894294234,2.3038602505305077,-0.4104464887066069,-0.5630638874667886
ITH3,IT,2017,11.159371307411252,9.484264150837836,16.2,0.625965190264108,0.25360348701890445,-0.9198107282251423,2.8699551569506725,2.314903708660782,2.795989201696876,2.3356913945530637,-0.3784945887141111,-0.547690142490401
ITH3,IT,2018,11.15012427603519,9.52699971321168,17.9,0.6095726465440557,0.32074645768162446,-0.7475002726904666,2.694158724167217,2.432484056988999,2.8699551569506725,2.314903708660782,-0.34091771557007783,-0.5577301392096745
ITH3,IT,2019,11.148032651501069,9.591310973394242,18.9,0.6058647488169797,0.42178757697114466,-0.6461411811994807,2.5810659709280657,2.573450551946033,2.694158724167217,2.432484056988999,-0.4302274558581738,-0.5009414077662839
ITH3,IT,2020,11.072541212487861,9.590843566526548,19.4,0.47203837101133167,0.42105322169741316,-0.5954616354539878,2.5507274119448695,2.6465322601610852,2.5810659709280657,2.573450551946033,-0.4876818891497514,-0.4328576800137103
ITH3,IT,2021,11.15094824906582,9.500610783216997,20,0.6110333330475884,0.2792861128532619,-0.5346461805593962,3.127866003765024,2.7069464722855283,2.5507274119448695,2.6465322601610852,-0.5030947663088795,-0.39756081654751435
ITH3,IT,2022,11.176814043795831,9.688880400218837,19.7,0.6568865537972446,0.5750814801975539,-0.565053908006692,3.258075071284999,2.7904220234467205,3.127866003765024,2.7069464722855283,-0.20989144625524103,-0.36838207608212564
ITH3,IT,2023,11.170167488500319,9.754801857617972,19.7,0.6451039671660932,0.678652422858247,-0.565053908006692,3.1784730687615697,3.033702909904827,3.258075071284999,2.7904220234467205,-0.14374142364534787,-0.32806521425629326
ITH4,IT,2000,11.183473809718633,NA,NA,0.6686925593805545,NA,NA,2.2657621950063147,2.48943586417511,NA,NA,NA,NA
ITH4,IT,2001,11.184573583490861,9.679012480133718,8.8,0.6706421677370363,0.5595777303467568,-1.6698680052584374,3.051172441262151,2.662777455388646,2.2657621950063147,2.48943586417511,-0.6478654485858776,-0.47343493300674555
ITH4,IT,2002,11.18063701850805,9.774304314579695,9.3,0.6636636779965757,0.709293248037451,-1.6191884595129444,2.85471570473534,2.6784408521850493,3.051172441262151,2.662777455388646,-0.24885402382550134,-0.3897147432696211
ITH4,IT,2003,11.152971691745705,9.718807001733193,9.7,0.6146203623596008,0.6220999541779771,-1.5786448229165502,2.1252575047452837,2.689927343169079,2.85471570473534,2.6784408521850493,-0.34865980394999796,-0.3821496658837366
ITH4,IT,2004,11.161493052676875,9.683761164817486,10.5,0.6297264840907477,0.5670385142629625,-1.4975575497237614,2.7782967903360762,2.7588462890732557,2.1252575047452837,2.689927343169079,-0.7192459493035975,-0.37660194246742107
ITH4,IT,2005,11.175845510311472,9.676464425009966,11.3,0.6551695997996847,0.5555744136494254,-1.4164702765309727,2.8978396528725407,3.1131871321563462,2.7782967903360762,2.7588462890732557,-0.3874828522339378,-0.3433156019695283
ITH4,IT,2006,11.171767393540211,9.732735421951325,12,0.6479401761338989,0.6439832630228016,-1.3455189124872826,2.810595139897274,3.3523149899147775,2.8978396528725407,3.1131871321563462,-0.32675157437246816,-0.17217674021773624
ITH4,IT,2007,11.18060536019162,9.723754777456548,13.3,0.6636075561651404,0.6298735352843368,-1.2137520935490012,2.9493034400675326,3.3937359725541563,2.810595139897274,3.3523149899147775,-0.3710743440214994,-0.05668322545989631
ITH4,IT,2008,11.14746505071731,9.699550307941497,13.5,0.6048585425779276,0.59184525400564,-1.193480275250804,2.609704233520201,2.6001238682030308,2.9493034400675326,3.3937359725541563,-0.30060646212045705,-0.03667779859500126
ITH4,IT,2009,11.09961633662901,9.73030312929896,13.5,0.520035413322504,0.6401618238014738,-1.193480275250804,2.4182358771060457,2.594554660453198,2.609704233520201,2.6001238682030308,-0.47313281239142807,-0.41997505281315994
ITH4,IT,2010,11.131761561119784,9.718718238737805,13.1,0.5770204041185742,0.6219604962917532,-1.2340239118471983,2.445814277192285,2.500226204190411,2.4182358771060457,2.594554660453198,-0.5704043492137961,-0.42266485810591914
ITH4,IT,2011,11.137715596384725,9.650147728251035,13.6,0.5875753356876313,0.5142275563653833,-1.1833443661017053,2.1618405394684648,2.561139413954203,2.445814277192285,2.500226204190411,-0.5563937136720774,-0.46822343525202476
ITH4,IT,2012,11.099292662984945,9.671764655911224,13.5,0.519461625460694,0.5481904823006815,-1.193480275250804,2.8788484606157536,2.5841123959222623,2.1618405394684648,2.561139413954203,-0.7006606954486332,-0.4388036898624732
ITH4,IT,2013,11.11419002104858,9.602894596092119,17.1,0.545870705676813,0.4399869125073867,-0.8285875458832549,2.652358777080381,2.5698413010633163,2.8788484606157536,2.5841123959222623,-0.3363996566535472,-0.42770824302984223
ITH4,IT,2014,11.111252679197259,9.47642608015782,17.3,0.5406635745705886,0.24128888717540858,-0.8083157275850578,2.5989847715736043,2.5966431133593852,2.652358777080381,2.5698413010633163,-0.45146305409684767,-0.4346008690925373
ITH4,IT,2015,11.127262984158243,9.462570813171023,17.2,0.5690456156139106,0.2195205113042626,-0.8184516367341566,2.452371301175517,2.621356472749267,2.5989847715736043,2.5966431133593852,-0.4785786132380127,-0.42165618112113445
ITH4,IT,2016,11.128008690284707,9.488865323424381,17.6,0.5703675555731519,0.26083251078346814,-0.777908000137762,3.016894609814964,2.6526832663420747,2.452371301175517,2.621356472749267,-0.5530625533081661,-0.40972017013451634
ITH4,IT,2017,11.131040800785026,9.468590955012003,17.4,0.5757426864577705,0.228978915138482,-0.7981798184359594,2.9592850049652437,2.640500624389316,3.016894609814964,2.6526832663420747,-0.26626816685284216,-0.39459001536274674
ITH4,IT,2018,11.131826791593612,9.517353440303188,19.9,0.5771360405158801,0.30559094356357697,-0.544782089708495,3.044681692368525,2.751884779385965,2.9592850049652437,2.640500624389316,-0.2955355346018001,-0.40047396444065714
ITH4,IT,2019,11.145262566627254,9.54217811447488,21.1,0.6009541201454033,0.3445936447575041,-0.4231511799193116,3.9478878799842083,2.881020784085206,3.044681692368525,2.751884779385965,-0.25215151450143014,-0.34667785858547706
ITH4,IT,2020,11.082767744271692,9.514172585744081,20.7,0.49016731018687104,0.3005934189615564,-0.4636948165157062,3.4842519685039366,2.9600339190359537,3.9478878799842083,2.881020784085206,0.20670370096201784,-0.2843079983596272
ITH4,IT,2021,11.1589589728119,9.44655424542058,21.3,0.6252342299513033,0.19435645872486718,-0.40287936162111454,3.033287374433721,3.072810375970061,3.4842519685039366,2.9600339190359537,-0.028836930818279892,-0.24614638576860892
ITH4,IT,2022,11.169209444410612,9.651915083865232,21.2,0.6434056080941309,0.5170042954455092,-0.41301527077021327,2.8935185185185186,3.180713776123065,3.033287374433721,3.072810375970061,-0.25794016196944125,-0.19167782859023907
ITH4,IT,2023,11.149622959268687,9.682048863307601,21.3,0.6086839443564798,0.5643482721400623,-0.40287936162111454,3.436956941494497,3.4341127287404416,2.8935185185185186,3.180713776123065,-0.3289468372728426,-0.13956285104303326
ITH5,IT,2005,11.226893275377497,NA,NA,0.7456638013033101,NA,NA,2.3653166258729588,NA,NA,NA,NA,NA
ITH5,IT,2006,11.23409285673804,9.899479890296481,13.4,0.7584267570476008,0.9059599008480228,-1.2036161843999025,2.7092337407,NA,2.3653166258729588,NA,-0.5972888798554912,NA
ITH5,IT,2007,11.232131908866277,9.930111112556013,14.2,0.7549505145203166,0.9540854230897458,-1.122528911207114,2.74909815146302,NA,2.7092337407,NA,-0.4225689056244498,NA
ITH5,IT,2008,11.211316522703843,9.908360427442299,14.8,0.7180503339282228,0.91991234728677,-1.0617134563125223,2.654730668313011,NA,2.74909815146302,NA,-0.4023166165670898,NA
ITH5,IT,2009,11.154705008447749,9.919986815772216,15.9,0.6176930749592903,0.9381788730369214,-0.950218455672438,2.963621158268869,NA,2.654730668313011,NA,-0.4502580638326895,NA
ITH5,IT,2010,11.181885948302353,9.756312331268822,16.4,0.6658777005756926,0.6810255679016802,-0.8995389099269453,3.0658392932267566,NA,2.963621158268869,NA,-0.2933326416348355,NA
ITH5,IT,2011,11.196816988660638,9.763762364864675,16.1,0.6923464906019309,0.6927305124344526,-0.9299466373742408,3.0726980672573707,NA,3.0658392932267566,NA,-0.24140283315534483,NA
ITH5,IT,2012,11.161105856369876,9.666549667369251,17.3,0.6290400873291714,0.5399970760780837,-0.8083157275850578,3.3149458784346377,NA,3.0726980672573707,NA,-0.23791837492334292,NA
ITH5,IT,2013,11.168735596788633,9.594992027874273,17.9,0.6425656014429104,0.42757097887887047,-0.7475002726904666,2.6998523518245094,NA,3.3149458784346377,NA,-0.11484938678152234,NA
ITH5,IT,2014,11.182451950135121,9.575707434436927,17.8,0.6668810722970532,0.39727244483644236,-0.7576361818395649,2.9976334472784645,NA,2.6998523518245094,NA,-0.42733492613320345,NA
ITH5,IT,2015,11.192720200812888,9.545996242158424,18.7,0.6850839680501128,0.3505924059952795,-0.6664129994976778,3.0637896721483187,NA,2.9976334472784645,NA,-0.2760534019485993,NA
ITH5,IT,2016,11.203463463988808,9.553605388615317,20.3,0.7041289354721092,0.36254733694609387,-0.5042384531121004,3.34509743747123,NA,3.0637896721483187,NA,-0.24244410073572734,NA
ITH5,IT,2017,11.201756325583425,9.570412596559363,20.7,0.7011026300765355,0.3889535852139299,-0.4636948165157062,3.140613847251963,NA,3.34509743747123,NA,-0.09953151107606793,NA
ITH5,IT,2018,11.197784759385408,9.639814800778606,21.2,0.694062092428248,0.4979932211278534,-0.41301527077021327,3.297422472815143,NA,3.140613847251963,NA,-0.20341516813613822,NA
ITH5,IT,2019,11.184696635872662,9.656914217403486,22.1,0.6708603071016052,0.5248585661711811,-0.32179208842832585,3.50233158051394,NA,3.297422472815143,NA,-0.12375179043136086,NA
ITH5,IT,2020,11.12823011834845,9.62374804406248,22.9,0.570760089032608,0.47275031533901835,-0.24070481523553747,3.600223112418235,NA,3.50233158051394,NA,-0.019651958020157807,NA
ITH5,IT,2021,11.210784040676486,9.568210917037934,23.4,0.7171063839664894,0.3854944683729524,-0.19002526949004456,3.5283335879028566,NA,3.600223112418235,NA,0.030079809299293974,NA
ITH5,IT,2022,11.224882446836853,9.788812972412185,23.3,0.7420991335277287,0.7320881835218742,-0.20016117863914293,3.6198413495330852,NA,3.5283335879028566,NA,-0.006442176171320136,NA
ITH5,IT,2023,11.219185469050734,9.821137254237254,22.8,0.7319998969583719,0.7828737163595667,-0.25084072438463584,3.425677688412273,NA,3.6198413495330852,NA,0.04004644874638555,NA
ITI1,IT,2000,11.17972848698847,NA,NA,0.6620530916310634,NA,NA,2.63808112550927,2.3600428981784964,NA,NA,NA,NA
ITI1,IT,2001,11.184573583490861,9.651568509163608,9.4,0.6706421677370363,0.516459782778986,-1.6090525503638458,2.609813584743946,2.552159394476994,2.63808112550927,2.3600428981784964,-0.45871651955999804,-0.5359288999078632
ITI1,IT,2002,11.177109677990082,9.627690671177264,9.5,0.6574106351220833,0.4789446809211588,-1.5989166412147473,2.3017292143158934,2.5827468151756805,2.609813584743946,2.552159394476994,-0.4730772587647804,-0.4431408424708677
ITI1,IT,2003,11.149456749638261,9.663952274133067,10.2,0.6083892985915167,0.5359162429693228,-1.5279652771710572,2.7645250807736717,2.541161670180836,2.3017292143158934,2.5827468151756805,-0.6295931486158767,-0.42836778860343944
ITI1,IT,2004,11.163186533183207,9.698707927644415,11.4,0.6327285776394924,0.590521768074204,-1.4063343673818742,3.36302117284373,2.588933035092269,2.7645250807736717,2.541161670180836,-0.39447928432796375,-0.4484525022883704
ITI1,IT,2005,11.157678206356024,9.689988486862264,12.4,0.6229637693819282,0.5768224243868576,-1.3049752758908884,2.8800351466922134,2.9707602754994795,3.36302117284373,2.588933035092269,-0.09042572817840053,-0.4253799799560943
ITI1,IT,2006,11.155559583313357,9.623127474031728,13.5,0.6192080104317489,0.4717753213748695,-1.193480275250804,2.7938169179450894,3.2089297422881344,2.8800351466922134,2.9707602754994795,-0.33579678534601237,-0.2409657906671819
ITI1,IT,2007,11.158591892654442,9.692695230814515,14.7,0.6245834938085154,0.581075061293508,-1.071849365461621,2.814207183873709,3.2525769605885086,2.7938169179450894,3.2089297422881344,-0.3795981725276866,-0.1259351577443955
ITI1,IT,2008,11.141165817289323,9.724811773937349,14.7,0.5936916658613213,0.6315342103698811,-1.071849365461621,2.6126126126126126,2.4741442877511277,2.814207183873709,3.2525769605885086,-0.36923931981573554,-0.10485450784368273
ITI1,IT,2009,11.112478250271417,9.60208613901535,15.5,0.5428361883098671,0.4387167242432733,-0.9907620922688324,2.342993610017427,2.478955792130697,2.6126126126126126,2.4741442877511277,-0.4716552705705281,-0.4808204293012758
ITI1,IT,2010,11.131761561119784,9.476738289309614,14.9,0.5770204041185742,0.24177940721902338,-1.0515775471634239,2.4479404660878648,2.3820383467708113,2.342993610017427,2.478955792130697,-0.6086296261774621,-0.4784965781311182
ITI1,IT,2011,11.145297133837122,9.557160589459647,15.3,0.6010153986764252,0.36813300688306017,-1.0110339105670294,2.478153123777227,2.4356522527145774,2.4479404660878648,2.3820383467708113,-0.5553135473964536,-0.5253055802728582
ITI1,IT,2012,11.122352870072643,9.531929969636266,16.2,0.5603412805094571,0.3284925137550153,-0.9198107282251423,2.588173935719408,2.46452127899199,2.478153123777227,2.4356522527145774,-0.5399646317846458,-0.4994112386625342
ITI1,IT,2013,11.117215741965117,9.396689996498635,16.9,0.5512345095174047,0.11601342036265504,-0.8488593641814524,2.778685845047401,2.4363396104830874,2.588173935719408,2.46452127899199,-0.4840708347077442,-0.4854681316415905
ITI1,IT,2014,11.124715859365553,9.34658881233993,17,0.5645302362638759,0.03729812679267034,-0.8387234550323537,3.050337108070956,2.4476810136634994,2.778685845047401,2.4363396104830874,-0.387285201037744,-0.49907925992394014
ITI1,IT,2015,11.119882876860622,9.36789043701766,17.4,0.5559626350750863,0.07076567188529213,-0.7981798184359594,2.8281784722670626,2.479299471014952,3.050337108070956,2.4476810136634994,-0.24927839756948705,-0.4936016107371409
ITI1,IT,2016,11.111914707211444,9.334926013897812,19.3,0.5418371753431044,0.01897439615367527,-0.6055975446030862,2.864299017404149,2.5174478271672474,2.8281784722670626,2.479299471014952,-0.36214149582611277,-0.47833058876182116
ITI1,IT,2017,11.116568768176492,9.346946507253353,20.3,0.5500875959097349,0.037860110717630256,-0.5042384531121004,3.2311305783025457,2.4834236176260105,2.864299017404149,2.5174478271672474,-0.343791200236035,-0.4599057687698598
ITI1,IT,2018,11.117520395942373,9.35566324432851,20.7,0.5517745805346382,0.05155520653951339,-0.4636948165157062,3.488002036789511,2.5817157785229163,3.2311305783025457,2.4834236176260105,-0.15743001579910065,-0.47633871633025804
ITI1,IT,2019,11.143874641352406,9.386843054682357,21.4,0.5984936952995431,0.1005426300240561,-0.3927434524720162,3.4642471924370284,2.7257172310257256,3.488002036789511,2.5817157785229163,-0.02693178621810585,-0.42886575671133004
ITI1,IT,2020,11.03666292482296,9.377548765550417,21,0.40843564541985294,0.08594012691300193,-0.43328708906841035,3.68417668616987,2.7865483935388453,3.4642471924370284,2.7257172310257256,-0.03899994338212318,-0.35931621097590766
ITI1,IT,2021,11.11129848946168,9.293186740472258,20.8,0.5407447840671078,-0.046603278631071984,-0.4535589073666075,3.7157334026243993,2.890339416583829,3.68417668616987,2.7865483935388453,0.0727306853682747,-0.32993609261034745
ITI1,IT,2022,11.144739453348661,9.566430422708521,20.8,0.600026778500162,0.38269708671036573,-0.4535589073666075,3.7607049770386003,2.9838200731011657,3.7157334026243993,2.890339416583829,0.08876242222593138,-0.2798073030826685
ITI1,IT,2023,11.133622617922244,9.59416531957985,21.5,0.5803195661695207,0.42627211564469925,-0.38260754332291746,3.5725303881039054,3.2529206394727637,3.7607049770386003,2.9838200731011657,0.11160930010442871,-0.23465819463389803
ITI2,IT,2000,11.15118230508211,NA,NA,0.6114482525308179,NA,NA,2.7706728454501683,1.9882922105844432,NA,NA,NA,NA
ITI2,IT,2001,11.147669026555409,9.798503721313619,10.6,0.6052201378519018,0.7473135750470135,-1.487421640574663,2.179851237558095,2.151176465547623,2.7706728454501683,1.9882922105844432,-0.3913560396868932,-0.715476335017887
ITI2,IT,2002,11.142964402208879,9.712640610117273,10.3,0.5968800817678965,0.6124117734599904,-1.5178293680219586,2.1097902582426835,2.161115165850462,2.179851237558095,2.151176465547623,-0.691510732941865,-0.6368068095148656
ITI2,IT,2003,11.129900570844393,9.859812886760317,11.5,0.5737213600025445,0.843638024013735,-1.3961984582327756,2.176035201212227,2.1533850656149207,2.1097902582426835,2.161115165850462,-0.7271037638578938,-0.6320066350773927
ITI2,IT,2004,11.119964593980292,9.711103404233977,12.1,0.5561074979399767,0.6099966287001821,-1.3353830033381842,2.458923726258668,2.2179866175833682,2.176035201212227,2.1533850656149207,-0.6934493912501325,-0.635740104084316
ITI2,IT,2005,11.106384911968473,9.589696094554686,13.8,0.5320343092559411,0.4192503981784653,-1.1630725478035082,2.2299644952438817,2.5051046263320247,2.458923726258668,2.2179866175833682,-0.5497337293202854,-0.6045389702407449
ITI2,IT,2006,11.112147090378045,9.65411568583694,14,0.5422491293057755,0.5204617193196633,-1.142800729505311,2.2684943753259335,2.6933877820691237,2.2299644952438817,2.5051046263320247,-0.666051729263326,-0.4658672642693171
ITI2,IT,2007,11.099655034951727,9.687804192185217,15.1,0.5201040152252371,0.5733906213340104,-1.0313057288652268,2.3334805892641413,2.7278971581206455,2.2684943753259335,2.6933877820691237,-0.6464774209057825,-0.3749306263149774
ITI2,IT,2008,11.079256800690777,9.721829935452089,15,0.48394333474997875,0.6268493651773602,-1.0414416380143252,2.375102375102375,2.075531913242689,2.3334805892641413,2.7278971581206455,-0.6134625195381469,-0.35826335396264203
ITI2,IT,2009,11.030970145679419,9.851017616879968,15.2,0.39834385193457716,0.8298195432276163,-1.021169819716128,1.9371139809096014,2.072495088150155,2.375102375102375,2.075531913242689,-0.5923174324355077,-0.673341470511184
ITI2,IT,2010,11.05067989231383,9.603720465594037,15.9,0.43328402573480007,0.4412844578925031,-0.950218455672438,1.9701660568533632,1.9976787608704574,1.9371139809096014,2.072495088150155,-0.814828373728272,-0.6748081904781893
ITI2,IT,2011,11.038592983445744,9.682637851118505,16.8,0.41185712946911884,0.5652736464445413,-0.8589952733305507,2.045964125560538,2.0412986121995798,1.9701660568533632,1.9976787608704574,-0.7980369504224539,-0.7109428369380516
ITI2,IT,2012,10.999618386478764,9.56858764044599,16.8,0.34276546547774306,0.386086348468359,-0.8589952733305507,2.73037542662116,2.062832462855729,2.045964125560538,2.0412986121995798,-0.7595293099465197,-0.6898754046847003
ITI2,IT,2013,10.99526997560512,9.435554446702465,18.8,0.33505688177557635,0.17707438446162327,-0.6562770903485791,2.757036186099943,2.0479244124014717,2.73037542662116,2.062832462855729,-0.4118283095328491,-0.6794750267368432
ITI2,IT,2014,10.982871512549051,9.372758679001858,20.2,0.3130776822419631,0.0784142954336298,-0.5143743622611991,2.1007194244604315,2.0747036882174523,2.757036186099943,2.0479244124014717,-0.39828386231493285,-0.686675288393052
ITI2,IT,2015,10.995410853053441,9.263787884860292,20.1,0.33530662027400265,-0.09279259708683871,-0.5245102714102975,2.2054718034617538,2.0907160387053585,2.1007194244604315,2.0747036882174523,-0.731712013277194,-0.67374148504764
ITI2,IT,2016,10.9830080863364,9.237304646236241,19.8,0.31331979148643985,-0.13440111269342836,-0.5549179988575933,2.2959183673469385,2.1230168146895823,2.2054718034617538,2.0907160387053585,-0.6784947345472427,-0.6660078706761563
ITI2,IT,2017,10.989265338385422,9.276697439119788,20.7,0.3244122463089163,-0.07251005545718595,-0.4636948165157062,2.3209736767619584,2.1128020393783316,2.2959183673469385,2.1230168146895823,-0.6325452291867634,-0.6504073037543707
ITI2,IT,2018,10.991780717947895,9.313006316510908,21.2,0.3288713497523306,-0.015464219295208859,-0.41301527077021327,2.7166142407778096,2.198937442002929,2.3209736767619584,2.1128020393783316,-0.6198163976555248,-0.6553408163706621
ITI2,IT,2019,10.987870392875825,9.399040580437141,20.7,0.32193937644147363,0.11970648486576743,-0.4636948165157062,2.853146853146853,2.312128195451918,2.7166142407778096,2.198937442002929,-0.41881939526915496,-0.6137393045792336
ITI2,IT,2020,10.912007009878813,9.32446364079384,22.3,0.18745364021386696,0.002536685465859019,-0.3015202701301287,2.3653462524935884,2.373692922327832,2.853146853146853,2.312128195451918,-0.3494568265385674,-0.5590706512635748
ITI2,IT,2021,10.9803539055625,9.269897191038773,23,0.30861463016410623,-0.08319410480720198,-0.23056890608643874,2.981260647359455,2.4507178496748274,2.3653462524935884,2.373692922327832,-0.5972738286638819,-0.529336237387009
ITI2,IT,2022,11.003542322521794,9.498896509686103,22.5,0.34972156744432326,0.2765927724360752,-0.28124845183193165,2.875035582123541,2.536301102282599,2.981260647359455,2.4507178496748274,-0.28437126417938113,-0.4921348854965971
ITI2,IT,2023,11.009616786827593,9.559529580484432,22.5,0.3604899878875018,0.37185499124554305,-0.28124845183193165,3.631827003049626,2.7367315583898346,2.875035582123541,2.536301102282599,-0.3383367106796038,-0.45080005006280655
ITI3,IT,2005,11.086898024294976,NA,NA,0.4974892055178435,NA,NA,1.9992540776959358,NA,NA,NA,NA,NA
ITI3,IT,2006,11.100129778374027,9.512579938874666,14.3,0.5209456098937715,0.29809116940429586,-1.1123930020580153,2.1641998920140426,NA,1.9992540776959358,NA,-0.783259383290902,NA
ITI3,IT,2007,11.109722234069451,9.564258786327612,15.3,0.5379504996767729,0.3792851714408772,-1.0110339105670294,1.9893648908180597,NA,2.1641998920140426,NA,-0.699462075204995,NA
ITI3,IT,2008,11.077574714507792,9.552484233521158,13.9,0.48096144032634197,0.3607858605687158,-1.1529366386544095,2.1521906225980016,NA,1.9893648908180597,NA,-0.7882833800679667,NA
ITI3,IT,2009,11.03787863602323,9.497547574159482,13.8,0.41059078020754036,0.274473424205729,-1.1630725478035082,2.2748375116063135,NA,2.1521906225980016,NA,-0.7055631360491451,NA
ITI3,IT,2010,11.031924014281735,9.33924670096589,15.3,0.40003480897048943,0.02576274171274441,-1.0110339105670294,2.215634264315806,NA,2.2748375116063135,NA,-0.6432549217637746,NA
ITI3,IT,2011,11.040272244965465,9.413887971827517,16.1,0.4148340165110167,0.14303361358870814,-0.9299466373742408,2.8130959949141765,NA,2.215634264315806,NA,-0.6733319065808681,NA
ITI3,IT,2012,11.011574122398912,9.424203922925553,15.4,0.3639598267604098,0.1592412767960941,-1.000898001417931,2.639064475347661,NA,2.8130959949141765,NA,-0.36980383637511915,NA
ITI3,IT,2013,11.005456820912114,9.261900071737884,16.8,0.35311546731218096,-0.09575859013931694,-0.8589952733305507,2.753788496007821,NA,2.639064475347661,NA,-0.458216949021003,NA
ITI3,IT,2014,11.024788797430721,9.204410475614283,18.3,0.387385954497575,-0.18608201287028922,-0.706956636094072,2.6801476488525116,NA,2.753788496007821,NA,-0.39993378406858354,NA
ITI3,IT,2015,11.030039209893479,9.183126197863814,18.6,0.3966935487236373,-0.21952230374736953,-0.6765489086467762,2.658289028516191,NA,2.6801476488525116,NA,-0.4373454927699619,NA
ITI3,IT,2016,11.025707512010229,9.168776332163834,18.5,0.3890145927381464,-0.2420677567188145,-0.6866848177958749,2.8367644674987846,NA,2.658289028516191,NA,-0.4484503125571618,NA
ITI3,IT,2017,11.021841508820035,9.20546311596208,19.2,0.3821611904147632,-0.18442818182034798,-0.6157334537521849,2.3786249592701205,NA,2.8367644674987846,NA,-0.3577795586006602,NA
ITI3,IT,2018,11.009594954223022,9.245437755901255,20.7,0.3604512844474042,-0.12162296930882323,-0.4636948165157062,2.7027027027027026,NA,2.3786249592701205,NA,-0.590527856434544,NA
ITI3,IT,2019,11.01667238377953,9.265449002391055,20.5,0.3729976973135895,-0.09018277146527229,-0.4839666348139033,2.248258391386954,NA,2.7027027027027026,NA,-0.4258868643458807,NA
ITI3,IT,2020,10.9392195734037,9.30992721537183,21.5,0.23569432624323822,-0.020301876411782577,-0.38260754332291746,2.4983776768332255,NA,2.248258391386954,NA,-0.6567578938451313,NA
ITI3,IT,2021,11.00856894336296,9.255223993977511,21.5,0.3586324382472753,-0.10624755221931773,-0.38260754332291746,2.7515467274503416,NA,2.4983776768332255,NA,-0.5296899660688803,NA
ITI3,IT,2022,11.03167149024363,9.4737397203853,21.6,0.3995871505635204,0.23706827639186562,-0.37247163417381873,2.232002514932411,NA,2.7515467274503416,NA,-0.4010726681999876,NA
ITI3,IT,2023,11.023564014308443,9.54265121827733,22.6,0.3852147375888157,0.34533695063588427,-0.2711125426828329,2.384313725490196,NA,2.232002514932411,NA,-0.6650163555290434,NA
ITI4,IT,2000,11.362675239176344,NA,NA,0.9863693518142514,NA,NA,6.374494822663961,5.777019098063881,NA,NA,NA,NA
ITI4,IT,2001,11.373815583129389,9.750650263411831,12.7,1.0061182385520473,0.6721297435601967,-1.2745675484435928,6.279211735546317,6.2957135640350215,6.374494822663961,5.777019098063881,1.4394911494933134,1.114395720853459
ITI4,IT,2002,11.36354525763036,9.718900418966124,12.8,0.9879116646890221,0.62224672445972,-1.264431639294494,6.280875733530847,6.277630637698413,6.279211735546317,6.2957135640350215,1.3910845485766326,1.3649137806144642
ITI4,IT,2003,11.3338301904879,9.699571594545475,12.8,0.9352347008649345,0.5918786979513149,-1.264431639294494,6.255673250646548,6.2424165179902795,6.280875733530847,6.277630637698413,1.391929908323046,1.3561801234851814
ITI4,IT,2004,11.335303919802922,9.709153956152337,13.5,0.9378472336060422,0.6069337993355165,-1.193480275250804,6.592825882220331,6.388983394613316,6.255673250646548,6.2424165179902795,1.379126308355893,1.3391724753913146
ITI4,IT,2005,11.337218120188101,9.667750994060789,15.6,0.9412406051895136,0.5418845121693807,-0.9806261831197338,6.639015407374744,7.371171814580685,6.592825882220331,6.388983394613316,1.5504097268334065,1.409961064754974
ITI4,IT,2006,11.340057419529908,9.732743944609863,16.5,0.9462739328275444,0.6439966531967083,-0.8894030007778465,6.845543607171687,7.9593427870030045,6.639015407374744,7.371171814580685,1.573875359384964,1.8843365467244364
ITI4,IT,2007,11.323809879121383,9.737212139246488,16.9,0.9174713360093358,0.651016751792294,-0.8488593641814524,7.007618063158492,8.037384890139947,6.845543607171687,7.9593427870030045,1.6787977380361472,2.1684102365084748
ITI4,IT,2008,11.308098373119623,9.759997143449349,18.2,0.8896189865830748,0.6868148736318931,-0.7170925452431707,7.196223128752808,5.743708444285918,7.007618063158492,8.037384890139947,1.7611363119328423,2.2061028620138003
ITI4,IT,2009,11.283823923889077,9.664990546182032,19.5,0.8465868009973324,0.5375474996055127,-0.5853257263048891,7.329602788734979,5.689459665276092,7.196223128752808,5.743708444285918,1.8569532130982735,1.098307405088991
ITI4,IT,2010,11.27517388272591,9.589673237562604,19.1,0.8312525632100014,0.4192144869545674,-0.6258693629012833,6.763859055801838,5.544796254583225,7.329602788734979,5.689459665276092,1.9247139896061531,1.0721064337011428
ITI4,IT,2011,11.283350011180492,9.582775590578677,19.3,0.8457466789647538,0.40837741161594915,-0.6055975446030862,6.941273175632477,5.659955943358468,6.763859055801838,5.544796254583225,1.637299591840103,1.0022371766668812
ITI4,IT,2012,11.243843983465084,9.658795850037404,19.5,0.775712928651455,0.527814848894969,-0.5853257263048891,6.29212466639526,5.878854525327939,6.941273175632477,5.659955943358468,1.7274311645611093,1.057856782595471
ITI4,IT,2013,11.23129942919549,9.610503852472192,20.4,0.7534747479910968,0.45194201616141194,-0.494102543963002,6.414873503196182,5.79510202440049,6.29212466639526,5.878854525327939,1.3976446959141942,1.1635800004762615
ITI4,IT,2014,11.220971155016912,9.502403712675724,21,0.7351654464282948,0.2821030316759168,-0.43328708906841035,6.75781590176783,5.744660177251002,6.414873503196182,5.79510202440049,1.4600047026662077,1.1231293779827418
ITI4,IT,2015,11.203679214602607,9.444782451953452,23.3,0.7045114043127028,0.19157274721680012,-0.20016117863914293,6.840574677720386,5.782729495854389,6.75781590176783,5.744660177251002,1.6342294924714598,1.0987670712536897
ITI4,IT,2016,11.210170397245527,9.43684127426056,23.3,0.7160185562776413,0.17909615322238848,-0.20016117863914293,6.4661460568094045,5.961655293290306,6.840574677720386,5.782729495854389,1.6762733762400677,1.1171537178416537
ITI4,IT,2017,11.205764346980963,9.427210109218468,23.1,0.7082077931627271,0.16396437547223008,-0.22043299693734,6.1496311907270815,5.973076088871322,6.4661460568094045,5.961655293290306,1.4860526626537973,1.2035709568050834
ITI4,IT,2018,11.200440803443525,9.459988759656433,24.9,0.6987705568612527,0.21546377883721018,-0.03798663225356583,6.656620021528525,6.19958853456147,6.1496311907270815,5.973076088871322,1.3252538339201456,1.2090869507814723
ITI4,IT,2019,11.196625206737934,9.487158627801513,25.7,0.6920065119185265,0.25815107621770783,0.043100640939222896,7.019424552978003,6.509853481179069,6.656620021528525,6.19958853456147,1.5828190193503682,1.3184874979798558
ITI4,IT,2020,11.119861868677933,9.486512718980254,26.3,0.5559253931171869,0.25713627181061505,0.10391609583381453,7.7904427882507665,6.570764390944487,7.019424552978003,6.509853481179069,1.7671343547986689,1.4683386676717591
ITI4,IT,2021,11.178709450229317,9.455713965410105,26.5,0.6602466086694068,0.20874753670239202,0.12418791413201162,8.208492154950802,6.785856041053619,7.7904427882507665,6.570764390944487,2.1588342161628478,1.497757302212501
ITI4,IT,2022,11.23803266622373,9.668050276554824,26.1,0.7654109984345243,0.542354722799607,0.08364427753561744,8.069326187491896,7.062810333893255,8.208492154950802,6.785856041053619,2.371215547094478,1.601641855434495
ITI4,IT,2023,11.21118085226812,9.77532645893264,26.7,0.7178098260875263,0.7108991660245002,0.1444597324302087,8.284398631236535,7.6928575567793,8.069326187491896,7.062810333893255,2.3005151567969895,1.7354047093619307
LT01,LT,2013,10.43426433533865,NA,NA,-0.6594579101899745,NA,NA,5.102837802655558,NA,NA,NA,NA,NA
LT01,LT,2014,10.468781361786187,8.803953173446327,45.8,-0.5982683411146329,-0.8152510561117012,2.080418379908038,4.403811485964461,NA,5.102837802655558,NA,0.7934521122144349,NA
LT01,LT,2015,10.496814397813862,8.848226260533044,47.3,-0.5485731740928105,-0.7456924397676031,2.232457017144516,5.074476142388286,NA,4.403811485964461,NA,0.4383262555076221,NA
LT01,LT,2016,10.475881562691123,8.872083155192001,50.5,-0.5856815606634905,-0.7082102425245328,2.556806109915671,4.921592279855247,NA,5.074476142388286,NA,0.7790435575441056,NA
LT01,LT,2017,10.482125792183862,8.900977340530208,52.4,-0.5746121913929676,-0.6628138248638686,2.749388383748544,4.70285446888161,NA,4.921592279855247,NA,0.701374074489887,NA
LT01,LT,2018,10.521316037304123,8.9174097936151,53.3,-0.5051382401964287,-0.6369963638522703,2.8406115660904314,5.935865362747328,NA,4.70285446888161,NA,0.5902488555083067,NA
LT01,LT,2019,10.57635660528179,9.030533212202526,54.7,-0.40756585396164025,-0.45926517339692047,2.982514294177812,6.4655172413793105,NA,5.935865362747328,NA,1.216654528023773,NA
LT01,LT,2020,10.609638658520531,9.072809879139019,55.9,-0.3485655661264034,-0.3928431854749394,3.1041452039669943,6.997484564372285,NA,6.4655172413793105,NA,1.4857332059852992,NA
LT01,LT,2021,10.663702548394252,9.078376245348622,58.6,-0.25272457214803096,-0.3840977205190815,3.3778147509926564,8.390373150805917,NA,6.997484564372285,NA,1.755988197545785,NA
LT01,LT,2022,10.65070308815384,9.22626811639765,60.6,-0.27576918091616537,-0.15174089619009584,3.580532933974628,8.794788273615636,NA,8.390373150805917,NA,2.463616423756006,NA
LT01,LT,2023,10.687678616661957,9.238497382180615,62.1,-0.21022133718218802,-0.13252717375187698,3.732571571211107,9.508615188257817,NA,8.794788273615636,NA,2.669071159184025,NA
LT02,LT,2013,10.079278580990763,NA,NA,-1.2887538714005133,NA,NA,0.9837515198408312,NA,NA,NA,NA,NA
LT02,LT,2014,10.08578910953008,8.392300766087281,31,-1.2772124242721243,-1.462009024773959,0.5803038258414478,1.0792143319663283,NA,0.9837515198408312,NA,-1.2991644461408007,NA
LT02,LT,2015,10.089967119478747,8.431748373988933,32.6,-1.2698059163928894,-1.4000318462151444,0.7424783722270253,1.1225144323284157,NA,1.0792143319663283,NA,-1.2506665396525536,NA
LT02,LT,2016,10.1047369129184,8.48152059148148,34.1,-1.243622974554669,-1.3218334008621473,0.894517009463504,1.3621368521868682,NA,1.1225144323284157,NA,-1.228668819581919,NA
LT02,LT,2017,10.17921727240079,8.499272468091688,34.6,-1.111588973647004,-1.2939429587048477,0.9451965552089969,1.4363438520130576,NA,1.3621368521868682,NA,-1.1069336071778964,NA
LT02,LT,2018,10.206876515682794,8.583359185766415,34.7,-1.062556442413519,-1.1618320958929858,0.9553324643580956,1.4986522911051214,NA,1.4363438520130576,NA,-1.0692342763262894,NA
LT02,LT,2019,10.236216322365435,8.603790537329022,36,-1.010544716247207,-1.1297318598748574,1.0870992832963768,1.6754376543872838,NA,1.4986522911051214,NA,-1.0375797630636483,NA
LT02,LT,2020,10.241431718308727,8.687814568608339,37.6,-1.001299197059383,-0.9977194853143313,1.2492738296819543,1.5428383849436482,NA,1.6754376543872838,NA,-0.9477676170975528,NA
LT02,LT,2021,10.284063839845984,8.727316427620261,37.8,-0.9257237082612003,-0.9356570714034353,1.269545647980151,2.272477769239214,NA,1.5428383849436482,NA,-1.0151319323393173,NA
LT02,LT,2022,10.250327049553146,8.786722577079853,38.5,-0.9855301247594925,-0.8423225011114147,1.3404970120238415,2.638190954773869,NA,2.272477769239214,NA,-0.6444537400481711,NA
LT02,LT,2023,10.211995701489077,8.757015362711247,39.7,-1.053481478381517,-0.8889962901532851,1.4621279218130248,2.7242593743526,NA,2.638190954773869,NA,-0.45866072307458555,NA
LU00,LU,2000,11.834152843918076,NA,NA,1.822174588591234,NA,NA,2.814159292035398,2.726225579079395,NA,NA,NA,NA
LU00,LU,2001,11.808897254088992,10.63368678218471,18.3,1.7774030999250787,2.0594917385989193,-0.706956636094072,3.1602806260118728,3.1377313268649636,2.814159292035398,2.726225579079395,-0.36926365027326374,-0.3590706900065445
LU00,LU,2002,11.812884425823528,10.698388496566672,18.1,1.7844713020668965,2.1611463107927458,-0.7272284543922691,2.5007974481658697,2.5204727051866107,3.1602806260118728,3.1377313268649636,-0.1934238681106448,-0.16032243206488764
LU00,LU,2003,11.819529393290956,10.688437570821833,18.6,1.7962510738983322,2.14551214855784,-0.6765489086467762,3.186295503211992,3.1891695453381597,2.5007974481658697,2.5204727051866107,-0.5284606513105926,-0.45844481897737294
LU00,LU,2004,11.837764987785304,10.709261927447834,14.3,1.8285779654003502,2.1782298452100632,-1.1123930020580153,3.7707006369426757,3.806428167016514,3.186295503211992,3.1891695453381597,-0.18020754802051375,-0.13547889982218053
LU00,LU,2005,11.83534262385847,10.751356987636404,23.7,1.8242837541057606,2.244366505974272,-0.15961754204274872,3.6713178294573647,3.806428167016514,3.7707006369426757,3.806428167016514,0.11668738829943058,0.16264348709030538
LU00,LU,2006,11.855573743481864,10.655691578167437,26.5,1.860148184477501,2.094064054699095,0.12418791413201162,3.39344262295082,3.5492370746505335,3.6713178294573647,3.806428167016514,0.06619800927688715,0.16264348709030538
LU00,LU,2007,11.891378184008886,10.645048956373873,24,1.923619998602686,2.077343150534815,-0.12920981459545292,3.548546081813701,3.8578663854897095,3.39344262295082,3.5492370746505335,-0.07497073989887042,0.038425825876769855
LU00,LU,2008,11.841417412566413,10.722080562446902,26.5,1.8350527496282392,2.1983695411885416,0.12418791413201162,3.5590706870983686,3.7035517300701213,3.548546081813701,3.8578663854897095,0.0038263631452645545,0.1874870193330123
LU00,LU,2009,11.799020350017171,10.784837070589685,27.7,1.7598939583171898,2.2969679484884207,0.24581882392119453,3.551660516605166,3.9607428224361017,3.5590706870983686,3.7035517300701213,0.009173171096516882,0.11295642260489096
LU00,LU,2010,11.817388823324738,10.57119868408502,34.8,1.7924564088507031,1.9613150374062704,0.9654683735071936,4.1269841269841265,4.680877881060848,3.551660516605166,3.9607428224361017,0.005408587300589379,0.2371740838184265
LU00,LU,2011,11.798607870033463,10.52257275367356,35.5,1.7591627402763281,1.8849175539590313,1.036419737550884,3.738317757009346,4.320810351748475,4.1269841269841265,4.680877881060848,0.29768984358664063,0.5849835352163266
LU00,LU,2012,11.79118099250548,10.64688565482208,37,1.745996848474977,2.0802288359727514,1.1884583747873627,4.2408821034775235,5.143821847319613,3.738317757009346,4.320810351748475,0.10023593618044066,0.41107880951737646
LU00,LU,2013,11.803849235384112,10.613168650752913,39.1,1.7684542963627168,2.0272551604365074,1.4013124669184331,3.9446076374318086,4.835192536480436,4.2408821034775235,5.143821847319613,0.35555335389173864,0.8085753254006905
LU00,LU,2014,11.805675021106218,10.59539674475308,40.7,1.7716909321062213,1.999333249576204,1.5634870133040104,4.278728606356967,5.401012939685593,3.9446076374318086,4.835192536480436,0.20503724160446285,0.659514131944448
LU00,LU,2015,11.802605540084683,10.629022405093469,45.9,1.7662495531601476,2.0521634125678387,2.0905542890571365,3.931490852471779,5.19526006579281,4.278728606356967,5.401012939685593,0.37478048660119095,0.9327929866142262
LU00,LU,2016,11.821204536611608,10.50451816373837,41.1,1.7992206604612395,1.8565515109023982,1.6040306499004047,3.570057581573897,4.783754318007241,3.931490852471779,5.19526006579281,0.19837353040368988,0.8334188576433981
LU00,LU,2017,11.799993560515981,10.537772085498641,42.6,1.7616192034257818,1.908797625593447,1.7560692871368835,3.831982313927782,5.349574721212398,3.570057581573897,4.783754318007241,0.014754835506003644,0.6346705997017412
LU00,LU,2018,11.781766827037917,10.539857825098961,39.9,1.729308020164703,1.9120745861624755,1.4823997401112214,4.257602862254025,6.12114799831034,3.831982313927782,5.349574721212398,0.1478202763182705,0.9079494543715194
LU00,LU,2019,11.773393977400309,10.428624326524725,44.1,1.7144651697228621,1.7373126989513514,1.908107924373362,4.332755632582322,6.429777309149516,4.257602862254025,6.12114799831034,0.3640479894204852,1.2806024380121264
LU00,LU,2020,11.750898831164697,10.535095783809961,47,1.674587218285302,1.9045928173310516,2.202049289697221,4.2465753424657535,6.378339090676319,4.332755632582322,6.429777309149516,0.40222779940683906,1.429663631468369
LU00,LU,2021,11.789662780964766,10.468323408337717,47.1,1.7433054604991725,1.7996849748135286,2.2121851988463197,4.996734160679295,7.870047426399009,4.2465753424657535,6.378339090676319,0.3584456861614338,1.4048200992256616
LU00,LU,2022,11.745782928319919,10.542791294065012,50.5,1.6655180740767443,1.9166834367259602,2.556806109915671,5.973025048169558,9.567508636014482,4.996734160679295,7.870047426399009,0.7395483522889206,2.1252825342641692
LU00,LU,2023,11.727402571605335,10.425989698798599,52.3,1.6329345574019847,1.7331733657521065,2.7392524745994455,5.886016817190906,9.721823291434067,5.973025048169558,9.567508636014482,1.2355327373349636,2.945119098273505
LV00,LV,2000,9.5898967752854,NA,NA,-2.156298526498134,NA,NA,2.03522400766202,2.022195010268186,NA,NA,NA,NA
LV00,LV,2001,9.63972708895408,8.1958130744745,18.2,-2.0679625446918783,-1.7707160261732686,-0.7170925452431707,1.9360750911094162,1.9068944175774556,2.03522400766202,2.022195010268186,-0.7649856046220875,-0.6991020257579348
LV00,LV,2002,9.69404520246267,8.342496324409977,17.8,-1.9716708793704796,-1.5402580983946468,-0.7576361818395649,1.8610949692844099,1.8714173121341542,1.9360750911094162,1.9068944175774556,-0.8153561601956845,-0.7547896851897645
LV00,LV,2003,9.77528701034641,8.284050763295177,18.9,-1.8276506167078324,-1.632083462969678,-0.6461411811994807,2.189591483163302,2.2084498138455184,1.8610949692844099,1.8714173121341542,-0.8534482596821954,-0.7719243496303274
LV00,LV,2004,9.854062669208606,8.405234908735588,17.9,-1.6880021847454139,-1.4416878516772822,-0.7475002726904666,2.593465432788718,2.6341750791651366,2.189591483163302,2.2084498138455184,-0.68656240269665,-0.6091450374449795
LV00,LV,2005,9.950748739128914,8.630373718255711,19.8,-1.5166033256054436,-1.0879663222771845,-0.5549179988575933,2.277562155929781,2.341488959257899,2.593465432788718,2.6341750791651366,-0.481382599107552,-0.40352906415822404
LV00,LV,2006,10.015900657115115,8.81250964364607,20.3,-1.4011061870536337,-0.8018077598103196,-0.5042384531121004,2.253874999361825,2.4567895519486287,2.277562155929781,2.341488959257899,-0.6418707225905976,-0.5448900457928685
LV00,LV,2007,10.080942154458484,8.972477510174791,20.9,-1.2858047951302938,-0.5504780200643508,-0.4434229982175091,2.3084489761380946,2.5809594210001845,2.253874999361825,2.4567895519486287,-0.653904492376208,-0.48920238636103897
LV00,LV,2008,10.052943388059179,9.122252905154959,22.2,-1.3354392111544728,-0.31516194154456395,-0.31165617927922745,2.4172907384586213,2.2616654720104705,2.3084489761380946,2.5809594210001845,-0.6261793126600703,-0.42923106081906837
LV00,LV,2009,10.031276142245328,8.958677951626818,24.8,-1.3738495138615763,-0.5721588709360387,-0.04812254140266419,2.542652724270776,2.048802839350662,2.4172907384586213,2.2616654720104705,-0.5708845073478448,-0.5834430407841351
LV00,LV,2010,10.064695125043881,8.556005178497536,25.8,-1.3146064860912732,-1.204808699113874,0.05323655008832163,3.173856823792171,2.394704617422851,2.542652724270776,2.048802839350662,-0.5071969443090957,-0.6862510274275124
LV00,LV,2011,10.080439766302794,8.4240039694015465,26.9,-1.2866953966078556,-1.412199284786852,0.1647315507284058,2.9944289693593316,2.288273301092947,3.173856823792171,2.394704617422851,-0.18652676173220192,-0.5191880491320241
LV00,LV,2012,10.133725884522926,8.63630698817146,27.7,-1.1922331862971443,-1.0786444052189228,0.24581882392119453,2.523983554134308,1.9601100757424081,2.9944289693593316,2.288273301092947,-0.27768137065186205,-0.5705920424537129
LV00,LV,2013,10.133119720804332,8.82042301004688,29.2,-1.1933077544319814,-0.7893748608713749,0.39785746115767323,3.1099675578923818,2.4656588283094543,2.523983554134308,1.9601100757424081,-0.5166814299148762,-0.7290876885289199
LV00,LV,2014,10.169709247330923,8.741677465307252,31,-1.1284441902360387,-0.9130940658281541,0.5803038258414478,3.36875423920416,2.6430443555259617,3.1099675578923818,2.4656588283094543,-0.21898438134576836,-0.4849187202508981
LV00,LV,2015,10.19241884438834,8.718518033780175,30.2,-1.0881860741457057,-0.9494804603252001,0.49921655264865905,3.2920432987389803,2.6164365264434855,3.36875423920416,2.6430443555259617,-0.08751316243632346,-0.39924539804808346
LV00,LV,2016,10.219509460326647,8.6845614087026,31.6,-1.0401615689708452,-1.0028306107559817,0.6411192807360394,3.1232508675696855,2.4745281046702794,3.2920432987389803,2.6164365264434855,-0.126484568520768,-0.4120963963785057
LV00,LV,2017,10.252546520590077,8.612154950352489,33.4,-0.9815955889578237,-1.116590309675223,0.8235656454198136,3.553866785873939,2.820429882742469,3.1232508675696855,2.4745281046702794,-0.2122360707079316,-0.4806350541407575
LV00,LV,2018,10.275446363920434,8.708987788792077,33.9,-0.9410002164854249,-0.9644536799132961,0.8742451911653065,3.507807345502529,2.8292991591032948,3.553866785873939,2.820429882742469,0.006529436752878645,-0.31357207584526875
LV00,LV,2019,10.261717275946873,8.797009804419497,33.9,-0.9653382624690926,-0.8261599665594137,0.8742451911653065,3.274725274725275,2.6430443555259617,3.507807345502529,2.8292991591032948,-0.016870108916246067,-0.3092884097351279
LV00,LV,2020,10.234939184670376,8.7952016197791,35.7,-1.0128087439823106,-0.8290008532008706,1.0566915558490815,3.952967525195968,3.130854555371357,3.274725274725275,2.6430443555259617,-0.13528263229531678,-0.39924539804808346
LV00,LV,2021,10.315038367943925,8.792121592171378,37.8,-0.8708140528913842,-0.8338399659167984,1.269545647980151,4.479166666666667,3.4324099516394204,3.952967525195968,3.130854555371357,0.20928430960938874,-0.16364376199034308
LV00,LV,2022,10.331244514148251,8.887860952065676,39,-0.8420848370615709,-0.6834213291754044,1.3911765577693342,5.292259083728277,4.1596906132271005,4.479166666666667,3.4324099516394204,0.4766088958963863,-0.01799911424555781
LV00,LV,2023,10.302515479895254,8.885565591533515,39.5,-0.8930138250658974,-0.6870276307263947,1.4418561035148272,5.23637186156978,4.106474955062148,5.292259083728277,4.1596906132271005,0.8896836747654305,0.3332615067859822
MT00,MT,2000,10.569074759793107,NA,NA,-0.4204746422723291,NA,NA,7.062937062937064,6.812175038795856,NA,NA,NA,NA
MT00,MT,2001,10.551529510913067,9.212200034099995,5.4,-0.45157773337784635,-0.17384363181643905,-2.0144889163277893,6.050077872289447,6.010742681290462,7.062937062937064,6.812175038795856,1.7892399851700986,1.614353354557384
MT00,MT,2002,10.563936149365187,9.070727138976883,9.5,-0.4295840410268368,-0.3961154335474238,-1.5989166412147473,6.654543537845247,6.678602979211624,6.050077872289447,6.010742681290462,1.2746778303363002,1.2272790894482777
MT00,MT,2003,10.584985675878874,8.884550666974816,8.8,-0.3922687914479025,-0.6886222055040356,-1.6698680052584374,5.19403457415246,5.2093103237850675,6.654543537845247,6.678602979211624,1.5817641047794084,1.5498409770392
MT00,MT,2004,10.584614852920447,9.146937786352018,9.2,-0.39292616258802304,-0.27637887278491946,-1.629324368662043,6.578699973139942,6.478244889835276,5.19403457415246,5.2093103237850675,0.8397827450295717,0.8402048243391713
MT00,MT,2005,10.605244943204028,9.136211315438288,11.2,-0.3563544626370918,-0.2932315145162905,-1.4266061856800714,6.3006448393155,6.344672830251044,6.578699973139942,6.478244889835276,1.5432333510029779,1.4530724107619235
MT00,MT,2006,10.612739022497257,9.206393454624518,11.5,-0.34306943985953275,-0.18296650217818097,-1.3961984582327756,6.094522521119635,6.211100770666811,6.3006448393155,6.344672830251044,1.4019731934762216,1.3885600332437393
MT00,MT,2007,10.638781133666734,9.119704189206741,11.9,-0.2969036566425318,-0.31916629648066486,-1.3556548216363813,5.862164685694099,6.144314740874694,6.094522521119635,6.211100770666811,1.2972570145744078,1.3240476557255547
MT00,MT,2008,10.659981021863995,9.213111607312014,12.4,-0.25932185552164233,-0.17241143506900725,-1.3049752758908884,6.368221941992434,6.74538900900374,5.862164685694099,6.144314740874694,1.1792124239806914,1.2917914669664619
MT00,MT,2009,10.64055179016253,9.152360136272629,13.3,-0.29376475045306516,-0.26785967562406937,-1.2137520935490012,5.83804143126177,6.211100770666811,6.368221941992434,6.74538900900374,1.436304342259731,1.582097165798292
MT00,MT,2010,10.698430182589403,9.109594047329434,13.9,-0.19116165117518244,-0.33505060738608194,-1.1529366386544095,5.052372150338877,5.476454442953532,5.83804143126177,6.211100770666811,1.1669571036983466,1.3240476557255547
MT00,MT,2011,10.683716613498653,9.204897171394675,14.9,-0.2172449220963226,-0.18531735227641047,-1.0515775471634239,5.71256764882742,6.344672830251044,5.052372150338877,5.476454442953532,0.7678140817350345,0.9692295793755399
MT00,MT,2012,10.704791875040018,9.04415292992398,16.2,-0.1798840511120774,-0.4378668751972502,-0.9198107282251423,6.011560693641619,6.94574709838009,5.71256764882742,6.344672830251044,1.1032127446988649,1.3885600332437393
MT00,MT,2013,10.720859649655477,9.139626897566398,17.8,-0.15140013155388396,-0.28786520323161346,-0.7576361818395649,6.1224489795918355,7.413249306924903,6.011560693641619,6.94574709838009,1.2551099746796102,1.678865732075569
MT00,MT,2014,10.755562732088192,9.019706528334911,19.6,-0.08988073436967375,-0.47627526234669687,-0.5751898171557903,6.200735680504467,7.8807515154697185,6.1224489795918355,7.413249306924903,1.3114444739774707,1.9046590533892143
MT00,MT,2015,10.807705703176014,9.018108307439878,21.2,0.0025549780756400553,-0.478786269402812,-0.41301527077021327,5.912076806467913,7.813965485677601,6.200735680504467,7.8807515154697185,1.351216412553331,2.1304523747028608
MT00,MT,2016,10.790718745520943,9.410978911103419,21.6,-0.027558410179130764,0.1384631114587593,-0.37247163417381873,6.111645813282001,8.481825783598763,5.912076806467913,7.813965485677601,1.2045692442128078,2.098196185943768
MT00,MT,2017,10.865630461002688,9.297662312303107,22.1,0.1052402709584124,-0.03957158953081364,-0.32179208842832585,5.722070844686648,8.415039753806647,6.111645813282001,8.481825783598763,1.3059561488610623,2.4207580735346905
MT00,MT,2018,10.86954473144039,9.230631841634057,23.9,0.11217923836023658,-0.14488493222815663,-0.13934572374455165,5.3322048243757925,8.415039753806647,5.722070844686648,8.415039753806647,1.1080406467254096,2.3885018847755983
MT00,MT,2019,10.850154800567886,9.251382080211714,26.9,0.07780601341594545,-0.11228368439909396,0.1647315507284058,5.7324840764331215,9.617188290064739,5.3322048243757925,8.415039753806647,0.9099772817878193,2.3885018847755983
MT00,MT,2020,10.783518456465254,9.279561384566733,29.7,-0.04032262047995573,-0.06801043513063638,0.44853700690316617,5.9713067080263675,10.285048587985901,5.7324840764331215,9.617188290064739,1.1133308736550018,2.969113282439258
MT00,MT,2021,10.878782122562352,9.210994974474884,30.8,0.12855469245656076,-0.1757369328182567,0.5600320075432507,5.609939759036144,9.951118439025322,5.9713067080263675,10.285048587985901,1.2346597701792308,3.2916751700301803
MT00,MT,2022,10.855330130279713,9.42030757731784,32.1,0.08698050576020448,0.15311962531197634,0.6917988264815323,6.1771973173314505,11.687555213620342,5.609939759036144,9.951118439025322,1.0510747687544701,3.1303942262347197
MT00,MT,2023,10.890038384944791,9.491016634550107,31.8,0.14850907194597826,0.26421249250776124,0.6613910990342365,6.45054581541515,13.02327580946267,6.1771973173314505,11.687555213620342,1.3392582341733497,3.9690551339711173
NL11,NL,2000,11.301383239826064,NA,NA,0.8777148292785373,NA,NA,3.7867292040281417,4.07137040331597,NA,NA,NA,NA
NL11,NL,2001,11.3743994639216,9.628626637652923,26,1.0071533049451817,0.48041520256930514,0.07350836838651871,4.57350272232305,4.363543630387006,3.7867292040281417,4.07137040331597,0.12483037016162012,0.29060478095568926
NL11,NL,2002,11.3671331135388,9.58661862281964,23.8,0.9942719853636776,0.41441530106159796,-0.14948163289365002,4.03002383867019,4.058667219530272,4.57350272232305,4.363543630387006,0.5245343770741125,0.43171804659060725
NL11,NL,2003,11.38103552503406,9.553993551225028,24.2,1.018917288162166,0.3631571894733225,-0.10893799629725583,3.844005651016855,4.025321362092816,4.03002383867019,4.058667219530272,0.24843117530499653,0.28446942158025773
NL11,NL,2004,11.401802662910637,9.52428022988882,26.6,1.0557319372898182,0.31647380561337196,0.13432382328111034,3.7135189533713526,3.955453851271481,3.844005651016855,4.025321362092816,0.15392848395263167,0.2683641032197504
NL11,NL,2005,11.482407538279293,9.555795406747974,28.5,1.1986230868700478,0.3659881322712023,0.3269060971139833,3.127606338615513,3.8427130951734183,3.7135189533713526,3.955453851271481,0.08763741710188325,0.23461962665487862
NL11,NL,2006,11.548035741588414,9.603359290670689,27.3,1.3149645534728465,0.44071700643204587,0.20527518732480035,3.296588292750995,3.825246217468085,3.127606338615513,3.8427130951734183,-0.2100233637617427,0.18016831219792648
NL11,NL,2007,11.509536619006026,9.683771122357776,29.3,1.24671577995304,0.5670541588174827,0.40799337030677196,3.496248090842686,4.050727729664212,3.296588292750995,3.825246217468085,-0.12417557835300974,0.17173219305670864
NL11,NL,2008,11.651671897509063,9.691018340740245,28.4,1.4986840789959364,0.5784404550122946,0.31677018796488454,3.557312252964427,3.4854360512006832,3.496248090842686,4.050727729664212,-0.02274254907472297,0.2806348219706135
NL11,NL,2009,11.554281521674298,9.72616270951755,27.5,1.3260366715353757,0.633656700937225,0.22554700562299745,3.2140248356464576,3.4155685403793488,3.557312252964427,3.4854360512006832,0.00827983501836406,0.007611329763923002
NL11,NL,2010,11.576909993248721,9.7736008904143,28.4,1.3661509735763437,0.7081880797542459,0.31677018796488454,3.7446504992867338,3.420332234298985,3.2140248356464576,3.4155685403793488,-0.1661202344222058,-0.026133146800948602
NL11,NL,2011,11.593813825162908,9.532717505472426,33.8,1.396117001852945,0.32972983210549306,0.8641092820162078,3.7302725968436152,3.258366641031345,3.7446504992867338,3.420332234298985,0.1034531548642896,-0.023832387035162092
NL11,NL,2012,11.642753548598822,9.455557785736067,33.1,1.4828742024554238,0.20850215869191194,0.7931579179725181,3.4371643394199785,3.3044156822544974,3.7302725968436152,3.258366641031345,0.0961487590198971,-0.1020582190719103
NL11,NL,2013,11.68647876699999,9.440789531829536,33.2,1.5603874632155659,0.18529936495980612,0.8032938271216169,3.363471971066908,3.0217698430227333,3.4371643394199785,3.3044156822544974,-0.05275882648865822,-0.0798175413359721
NL11,NL,2014,11.564833991930048,9.366639756282341,33.1,1.3447434135141814,0.06880069435240312,0.7931579179725181,2.8688524590163937,2.9979513734245513,3.363471971066908,3.0217698430227333,-0.09019670946853875,-0.21632928743931726
NL11,NL,2015,11.45846927917417,9.495324067920754,31.6,1.1561868775609185,0.2709800148327738,0.6411192807360394,3.423160961398398,3.0519399045137647,2.8688524590163937,2.9979513734245513,-0.3414779184397684,-0.22783308626825066
NL11,NL,2016,11.369168120455509,9.912954615624308,33.7,0.9978795150125013,0.9271303976689144,0.8539733728671098,3.963636363636364,3.35046472347765,3.423160961398398,3.0519399045137647,-0.059872952949938066,-0.20175780892266787
NL11,NL,2017,11.358320491488241,9.834520250284275,36.3,0.978649534614127,0.8039000948848763,1.1175070107436724,3.7563822027716998,3.279009314683103,3.963636363636364,3.35046472347765,0.21470439223109405,-0.05757686360003391
NL11,NL,2018,11.339010399130173,9.704091799929115,36,0.9444178422639422,0.5989805120051057,1.0870992832963768,4.094599364631133,3.3917500707811667,3.7563822027716998,3.279009314683103,0.1094132040802477,-0.09208826008683456
NL11,NL,2019,11.304620607395732,9.811583712701648,36.2,0.8834538267216551,0.7678638949504334,1.1073711015945744,3.965217391304348,5.675147356260248,4.094599364631133,3.3917500707811667,0.2812374351432893,-0.03763694562988201
NL11,NL,2020,11.211523602501297,9.8785554588780915,37.9,0.7184174317021187,0.8730849740465698,1.2796815571292497,4.344779257182902,5.967320583331284,3.965217391304348,5.675147356260248,0.2155076006249179,1.065193902103883
NL11,NL,2021,11.282395924022756,9.925990176660402,40.6,0.8440553344878221,0.9476109118730347,1.5533511041549117,4.217462932454696,7.71718414981108,4.344779257182902,5.967320583331284,0.40833615310547206,1.2063071677388009
NL11,NL,2022,11.439565280645795,9.76464724599195,41.9,1.1226750822876417,0.6941207725426243,1.685117923093193,4.014017202930869,8.24754207286394,4.217462932454696,7.71718414981108,0.343655728617467,2.0514529217044535
NL11,NL,2023,11.290626019813402,9.45230646045086,42.4,0.8586451200721577,0.2033939156710304,1.735797468838686,4.629340006255865,8.384101298560186,4.014017202930869,8.24754207286394,0.24029933520943672,2.307604175628708
NL12,NL,2000,11.036303969298906,NA,NA,0.4077993121057013,NA,NA,1.8107640588792062,2.465049208276452,NA,NA,NA,NA
NL12,NL,2001,11.081019370355182,9.636927439414594,19.8,0.4870679051237964,0.49345681143560194,-0.5549179988575933,2.6870520783564262,2.632970662188893,1.8107640588792062,2.465049208276452,-0.8790178373214022,-0.48521315336688137
NL12,NL,2002,11.048679382420266,9.605310712797895,18.2,0.42973765019447874,0.4437829372718322,-0.7170925452431707,2.362791270354296,2.4471250081397304,2.6870520783564262,2.632970662188893,-0.43383784021940275,-0.4041107711626874
NL12,NL,2003,11.05591954409011,9.495788039826087,19.3,0.44257254410652735,0.2717089733464253,-0.6055975446030862,2.4453024453024454,2.415050123684545,2.362791270354296,2.4471250081397304,-0.5985718344748532,-0.4938701492201382
NL12,NL,2004,11.05681094788516,9.454427494836613,22.5,0.444152767541305,0.20672632880956532,-0.28124845183193165,2.300389818848888,2.3725980707291527,2.4453024453024454,2.415050123684545,-0.5566537392734446,-0.5093616154838606
NL12,NL,2005,11.069355583158071,9.481708161560524,25.2,0.466391091799146,0.24958770476337938,-0.007578904806270009,2.5747213779128666,2.2763734173635966,2.300389818848888,2.3725980707291527,-0.6302736007695826,-0.529865026715258
NL12,NL,2006,11.08859187255768,9.51524985567606,23,0.5004919510014793,0.30228594620165644,-0.23056890608643874,2.3512901476732684,2.280146933181854,2.5747213779128666,2.2763734173635966,-0.49090512835574296,-0.5763394255064255
NL12,NL,2007,11.117494531230001,9.5850195067587,23.1,0.5517287292326236,0.41190288758668464,-0.22043299693734,2.4298318423560517,2.418823639502803,2.3512901476732684,2.280146933181854,-0.6044147418842961,-0.5745169000636345
NL12,NL,2008,11.117373917557929,9.622915075027796,24.5,0.5515149130561372,0.4714416156904792,-0.07853026884996,2.4203821656050954,2.092414521223563,2.4298318423560517,2.418823639502803,-0.5645132589995623,-0.5075390900410695
NL12,NL,2009,11.105163783408397,9.61788366486133,22.6,0.5298695709204941,0.46353663430181835,-0.2711125426828329,2.3006618342262843,2.043358815586221,2.4203821656050954,2.092414521223563,-0.5693139717505084,-0.6651875408424807
NL12,NL,2010,11.05463698364238,9.510723116464666,24,0.4402989032635396,0.2951738666785267,-0.12920981459545292,2.5426456388799488,2.0565661209501207,2.3006618342262843,2.043358815586221,-0.6301354089853409,-0.688880371598762
NL12,NL,2011,11.070146933448592,9.44061167598448,26.4,0.46779394680284264,0.18501993094458655,0.1140520049829129,1.715210355987055,1.9839259414486712,2.5426456388799488,2.0565661209501207,-0.5072005438953024,-0.6825015325489939
NL12,NL,2012,11.053707097693682,9.394333721414412,26.8,0.438650461136679,0.1123114143502082,0.15459564157930744,2.0994832041343665,1.9924163520397495,1.715210355987055,1.9839259414486712,-0.9275619189830355,-0.7175851473227185
NL12,NL,2013,11.06158659712217,9.404603819931431,26.3,0.4526187319925549,0.12844703735662216,0.10391609583381453,1.9967266775777412,1.825438277081873,2.0994832041343665,1.9924163520397495,-0.7323400494353323,-0.7134844650764391
NL12,NL,2014,11.06606817792469,9.611575298644917,27.2,0.4605633907973704,0.4536253935395459,0.19513927817570162,1.6474464579901154,1.8065706979905876,1.9967266775777412,1.825438277081873,-0.7845433766267513,-0.7941312159199354
NL12,NL,2015,11.082142548877775,9.548931589405731,26,0.4890590039195326,0.35520420757605087,0.07350836838651871,1.7038007863695939,1.852796266764237,1.6474464579901154,1.8065706979905876,-0.9619879652639092,-0.8032438431338897
NL12,NL,2016,11.07341683995528,9.478935812384266,25.4,0.47359062718505923,0.245231993756702,0.012692913491927083,1.7816650469711697,2.041472057677092,1.7038007863695939,1.852796266764237,-0.9333583147528496,-0.7809179064597015
NL12,NL,2017,11.08352226530914,9.450183786284738,27.2,0.49150487665453657,0.20005892623025326,0.19513927817570162,1.5097976228718277,2.0009067626308283,1.7816650469711697,2.041472057677092,-0.893800988236348,-0.6897916343201576
NL12,NL,2018,11.079372789385392,9.481916565732348,29,0.48414895206327485,0.2499151340615443,0.37758564285947616,1.6896120150187734,2.0735469421322774,1.5097976228718277,2.0009067626308283,-1.03191760786659,-0.7093837828301595
NL12,NL,2019,11.085753612848782,9.500445493247415,31.8,0.4954604663579404,0.2790264214168563,0.6613910990342365,1.8253726802555523,3.422578847159192,1.6896120150187734,2.0735469421322774,-0.9405666264590937,-0.6743001680564351
NL12,NL,2020,11.062466139347855,9.495487566669873,33.3,0.45417792799847345,0.27123689203540563,0.8134297362707149,1.8221124150710315,3.606537743299225,1.8253726802555523,3.422578847159192,-0.8715962294967673,-0.02274732225869599
NL12,NL,2021,11.102737484648285,9.538737383490284,34.3,0.525568384206021,0.3391878214402388,0.9147888277617007,2.5237529691211402,4.625387014228643,1.8221124150710315,3.606537743299225,-0.8732525397659212,0.06610079307735914
NL12,NL,2022,11.150092697420225,9.582897291304715,33.5,0.6095166660022622,0.40856861884065976,0.8337015545689124,2.3969599532300494,4.941418964007675,2.5237529691211402,4.625387014228643,-0.5167985738598032,0.5581826626308964
NL12,NL,2023,11.106740741043266,9.60730980427679,34.1,0.5326651002015108,0.44692376268897255,0.894517009463504,2.5944076102623237,5.035756859464102,2.3969599532300494,4.941418964007675,-0.5812131421208462,0.7108191684646323
NL13,NL,2000,11.0174156847787,NA,NA,0.3743153736175298,NA,NA,2.315110520088374,2.722175540632006,NA,NA,NA,NA
NL13,NL,2001,11.024197034488486,9.716048452766131,16.3,0.3863369151347785,0.6177659250444214,-0.9096748190760436,3.4170514459600816,2.9144636181489663,2.315110520088374,2.722175540632006,-0.6227950530895133,-0.36102676981915205
NL13,NL,2002,10.992189194465524,9.789451655489454,16.4,0.32959547070548134,0.733091635371759,-0.8995389099269453,2.5347927594675714,2.7221755406320054,3.4170514459600816,2.9144636181489663,-0.06297676585696255,-0.26815584241387896
NL13,NL,2003,11.001137197897902,9.7161402845951,16.5,0.34545791687951927,0.6179102044561318,-0.8894030007778465,2.3789068286179824,2.694111875264665,2.5347927594675714,2.7221755406320054,-0.5111900367975677,-0.36102676981915227
NL13,NL,2004,11.02547197769244,9.669578347853239,19.6,0.3885970526169016,0.5447555159718713,-0.5751898171557903,2.2077546007369167,2.6473390996524313,2.3789068286179824,2.694111875264665,-0.5903846585444951,-0.37458090517019216
NL13,NL,2005,11.024424395887683,9.635247692650793,23.2,0.3867399668305091,0.49081771693402415,-0.21029708778824163,2.9085696081554637,2.53300564815586,2.2077546007369167,2.6473390996524313,-0.677335006624741,-0.39717113075525867
NL13,NL,2006,11.043910901138382,9.757889806413397,23.1,0.4212843926340165,0.6835039807613698,-0.22043299693734,2.837312891697312,2.526769278074229,2.9085696081554637,2.53300564815586,-0.32130044260347973,-0.45239168218542125
NL13,NL,2007,11.066622200856244,9.819681947454026,23.2,0.46154552709150365,0.7805872454387733,-0.21029708778824163,2.93354313973924,2.682678530115008,2.837312891697312,2.526769278074229,-0.3575009430339922,-0.45540371226343007
NL13,NL,2008,11.059479939139027,9.82450034270615,23.2,0.4488841839319456,0.788157553469932,-0.21029708778824163,2.818104184457728,2.3157720903123744,2.93354313973924,2.682678530115008,-0.308613156607347,-0.3801029603132084
NL13,NL,2009,11.040100190061334,9.883572005994223,23.4,0.41452900861999725,0.8809666037043257,-0.19002526949004456,2.6902059688944933,2.260684154591299,2.818104184457728,2.3157720903123744,-0.3672595293014989,-0.55731072990273
NL13,NL,2010,11.026278119082312,9.438392801225028,24,0.39002612833218636,0.18153379821103693,-0.12920981459545292,2.5108225108225106,2.2877084249450337,2.6902059688944933,2.260684154591299,-0.43223557138839175,-0.5839169955918084
NL13,NL,2011,11.052216542730163,9.37797219752864,24.6,0.4360081009658377,0.08660539207653976,-0.06839435970086129,2.547211242863417,2.1806507385436986,2.5108225108225106,2.2877084249450337,-0.5233676256555194,-0.5708648652537701
NL13,NL,2012,11.053707097693682,9.31957948867045,23.8,0.438650461136679,-0.005136934922338985,-0.14948163289365002,3.29004329004329,2.1837689235845144,2.547211242863417,2.1806507385436986,-0.5048810832579862,-0.6225713815929224
NL13,NL,2013,11.056805711521829,9.38245811965127,25.3,0.44414348485247884,0.09365334279355939,0.0025570043428287167,2.532751091703057,2.0143475363668673,3.29004329004329,2.1837689235845144,-0.12750063155662064,-0.6210653665539178
NL13,NL,2014,11.06290861763432,9.42729733733062,26.9,0.4549623251050784,0.16410142186286727,0.1647315507284058,3.2685512367491167,1.9654959707274235,2.532751091703057,2.0143475363668673,-0.5122272638613726,-0.7028921836731589
NL13,NL,2015,11.06663836234181,9.357563848000812,27.8,0.4615741771358184,0.05454129516271965,0.25595473307029326,2.4539877300613497,2.0372142266661823,3.2685512367491167,1.9654959707274235,-0.1384192245426621,-0.7264864192842281
NL13,NL,2016,11.07341683995528,9.402603582118434,28.6,0.47359062718505923,0.1253044109037012,0.337042006263082,2.809482001755926,2.239896254319195,2.4539877300613497,2.0372142266661823,-0.5522413600580974,-0.691848073387126
NL13,NL,2017,11.075963650335213,9.4595801287891,28.9,0.478105449164338,0.2148217680898786,0.3674497337103774,2.5213675213675213,2.192084083693356,2.809482001755926,2.239896254319195,-0.37163985082237405,-0.593957095851838
NL13,NL,2018,11.08964433970722,9.292407475471936,28.6,0.5023576972135462,-0.04782760245293686,0.337042006263082,2.0313161235717305,2.2908266099858494,2.5213675213675213,2.192084083693356,-0.5180104512339531,-0.6170493264499058
NL13,NL,2019,11.082904608072706,9.42205013717773,31.1,0.4904099335489617,0.1558574071276692,0.5904397349905465,2.2378781599668462,3.7771614794412787,2.0313161235717305,2.2908266099858494,-0.766970924276495,-0.5693588502147656
NL13,NL,2020,11.053894658297713,9.373467182070511,33.8,0.4389829565372785,0.07952744331587513,0.8641092820162078,2.7777777777777777,3.9663313719174234,2.2378781599668462,3.7771614794412787,-0.6620313556417201,0.14850831837734793
NL13,NL,2021,11.094726760902207,9.440813803068492,34.6,0.5113674873023093,0.18533749814431752,0.9451965552089969,3.0769230769230766,5.1055083068287175,2.7777777777777777,3.9663313719174234,-0.38774652582534114,0.23987323074361652
NL13,NL,2022,11.10237722438056,9.54187590157865,35.8,0.5249297379260283,0.34411883009499983,1.0668274649981795,3.7109375,5.430838946087143,3.0769230769230766,5.1055083068287175,-0.23577194618196062,0.7900707249932365
NL13,NL,2023,11.098490841571124,9.541042068106588,36.6,0.5180402079216807,0.3428087723060688,1.1479147381909685,4.06441717791411,5.531660262406846,3.7109375,5.430838946087143,0.08632596312917767,0.947198294062699
NL21,NL,2000,11.027953190081485,NA,NA,0.3929955866882184,NA,NA,2.0002304792321746,2.4351855146915193,NA,NA,NA,NA
NL21,NL,2001,11.053990697967263,9.568478505273497,20.3,0.4391532094993307,0.38591488331666823,-0.5042384531121004,2.713204260735579,2.5858752966399035,2.0002304792321746,2.4351855146915193,-0.7827633426930486,-0.499636662899005
NL21,NL,2002,11.041074783035047,9.57757292864147,19.7,0.41625670449136504,0.40020337204763407,-0.565053908006692,2.3684558531818913,2.41103651117415,2.713204260735579,2.5858752966399035,-0.42055176507403225,-0.42685680061757764
NL21,NL,2003,11.050389576080647,9.543347608501719,20.2,0.4327693717500177,0.34643106770861504,-0.5143743622611991,2.301173241412668,2.3859215475160855,2.3684558531818913,2.41103651117415,-0.5956940603746465,-0.5113001023671826
NL21,NL,2004,11.078355766871935,9.514820438548897,22.1,0.4823460398271083,0.30161127761255524,-0.32179208842832585,2.4728141617339054,2.3241000985116202,2.301173241412668,2.3859215475160855,-0.629875599145777,-0.5234300794140873
NL21,NL,2005,11.08331741553984,9.532032399637462,24.3,0.49114173213142065,0.3286534442350004,-0.0988020871481571,2.7633417995461307,2.2149466026131113,2.4728141617339054,2.3241000985116202,-0.5426769809827914,-0.5532884844526216
NL21,NL,2006,11.09862540154726,9.581816745047076,24.7,0.5182787472108935,0.40687094407879165,-0.058258450551762916,2.471985351197919,2.229436004723533,2.7633417995461307,2.2149466026131113,-0.39508042587245484,-0.6060072308487837
NL21,NL,2007,11.109462359532737,9.626440468032031,24.8,0.5374898107776463,0.4769804537426677,-0.04812254140266419,2.932482622325201,2.330861819496484,2.471985351197919,2.229436004723533,-0.5430980410267582,-0.5990091671678772
NL21,NL,2008,11.132878104093894,9.660724672983147,25.7,0.5789997398398514,0.5308452735639296,0.043100640939222896,2.832167832167832,2.059427019961253,2.932482622325201,2.330861819496484,-0.309151930536483,-0.5500227214015317
NL21,NL,2009,11.114568241436375,9.6675906008639,26.7,0.5465411905049264,0.5416325141818723,0.1444597324302087,3.0594405594405596,1.9937417303940088,2.832167832167832,2.059427019961253,-0.3601147840719992,-0.6811197810238467
NL21,NL,2010,11.08061247004564,9.54013549745609,26.3,0.4863465783711758,0.34138443521515627,0.10391609583381453,2.9505865623889087,2.021754574474157,3.0594405594405596,1.9937417303940088,-0.2446535774598203,-0.7128443363772894
NL21,NL,2011,11.090931054910854,9.452162417382464,27.6,0.5046387033411364,0.2031676058021944,0.23568291477209616,2.7772832472850273,1.931920281389543,2.9505865623889087,2.021754574474157,-0.2999545983740458,-0.6993147465942035
NL21,NL,2012,11.071378240256493,9.60041307694961,28.6,0.46997672848276195,0.4360881322473573,0.337042006263082,2.923242467718795,1.9454437233592698,2.7772832472850273,1.931920281389543,-0.3879977618098988,-0.7427027414158239
NL21,NL,2013,11.083600064659349,9.479544829545626,29.7,0.49164279434918,0.24618883670264313,0.44853700690316617,2.9613578909353557,1.7696389777528214,2.923242467718795,1.9454437233592698,-0.31384619989709334,-0.7361712153136445
NL21,NL,2014,11.097126574944662,9.42653287719352,30.3,0.5156217236091933,0.16290035835259623,0.5093524617977578,2.7305605786618443,1.7522516952203155,2.9613578909353557,1.7696389777528214,-0.29448244777457433,-0.8210810546419767
NL21,NL,2015,11.124317473928487,9.452626276162942,31.6,0.5638240041306704,0.20389638658239825,0.6411192807360394,2.9992816091954024,1.7860603001446327,2.7305605786618443,1.7522516952203155,-0.4117342468695431,-0.8294787310590644
NL21,NL,2016,11.14055614279291,9.483809580127465,31.4,0.5926108740448983,0.252889298970937,0.620847462437842,3.0833032816444286,1.9782863681428924,2.9992816091954024,1.7860603001446327,-0.27521608738866293,-0.8131499158036158
NL21,NL,2017,11.14059700764337,9.530220700224271,32,0.5926833166289597,0.32580703544118594,0.6816629173324337,3.0520961234871073,1.9261245205453745,3.0833032816444286,1.9782863681428924,-0.23253061518549656,-0.720308937636923
NL21,NL,2018,11.13390566840564,9.473648644262346,34.2,0.5808213398994199,0.23692518428983333,0.9046529186126027,3.337874659400545,1.9860140492684506,3.0520961234871073,1.9261245205453745,-0.24838476618293476,-0.7455019668881865
NL21,NL,2019,11.132984613227453,9.565722731803127,33.4,0.5791885523957351,0.3815852148392658,0.8235656454198136,3.3237725662223716,3.372166851165448,3.337874659400545,1.9860140492684506,-0.10320089402905426,-0.7165766370071062
NL21,NL,2020,11.131174475337083,9.562381693920717,34.3,0.5759796561240055,0.37633602198766913,0.9147888277617007,3.534758458172025,3.5470056366312015,3.3237725662223716,3.372166851165448,-0.1103651706831351,-0.04709521153371855
NL21,NL,2021,11.16085583948866,9.559204878069517,37.7,0.6285968734490184,0.3713448427063004,1.259409738831053,4.1659886086248985,4.570923385767659,3.534758458172025,3.5470056366312015,-0.003178153767458654,0.037348090215886406
NL21,NL,2022,11.166680755504125,9.653186032046317,39.9,0.6389229106998832,0.5190011156976908,1.4823997401112214,4.475502512562814,4.863609308398175,4.1659886086248985,4.570923385767659,0.3175052634461555,0.5318779236666117
NL21,NL,2023,11.146999196523529,9.63273143911725,40.9,0.6040327061631742,0.4868643645549288,1.5837588316022073,5.1207581779272395,4.919634996558471,4.475502512562814,4.863609308398175,0.47474739821859346,0.6732388100209227
NL22,NL,2000,11.092884715743667,NA,NA,0.5081020278734766,NA,NA,3.9734312678450783,3.3304362664897007,NA,NA,NA,NA
NL22,NL,2001,11.092383129005496,9.648758787769886,23.6,0.507212847097455,0.5120453552944748,-0.1697534511918471,3.6969776623540493,3.687759552302901,3.9734312678450783,3.3304362664897007,0.21968049064888512,-0.06725016939718298
NL22,NL,2002,11.08220207445891,9.613852383766412,23,0.48916452704923263,0.4572029821101981,-0.23056890608643874,3.516932517121545,3.399152282992239,3.6969776623540493,3.687759552302901,0.07923395645484671,0.1053291468323651
NL22,NL,2003,11.083119770389265,9.558223065785096,24.1,0.49079135949396646,0.3698022914972518,-0.1190739054463542,3.2767350065786194,3.4037333507590746,3.516932517121545,3.399152282992239,-0.012234254283276994,-0.03406183935303926
NL22,NL,2004,11.108104242272711,9.52329691385748,26.5,0.5350822276672922,0.314928891827826,0.12418791413201162,3.4616464353869536,3.295314746943958,3.2767350065786194,3.4037333507590746,-0.13426162961039892,-0.031849284016763124
NL22,NL,2005,11.107291166437838,9.558257496963193,27.5,0.5336408590129819,0.36985638723046416,0.22554700562299745,3.2869608247422684,3.215909572318803,3.4616464353869536,3.295314746943958,-0.04032120418939295,-0.08421309364196797
NL22,NL,2006,11.13136154894553,9.620319821296313,25.9,0.5763112882100916,0.4673641440140576,0.06337245923741999,3.1515358774993927,3.211328504551967,3.2869608247422684,3.215909572318803,-0.12906661427380367,-0.12256405280408955
NL22,NL,2007,11.133367880386292,9.646427642403298,27.9,0.5798679838156373,0.5083828312450628,0.2660906422193916,3.1905177353659364,3.420530599237473,3.1515358774993927,3.211328504551967,-0.19786645665563724,-0.1247766081403659
NL22,NL,2008,11.129796437556486,9.700115292640836,28.2,0.573536759193343,0.5927329163876346,0.29649836966668747,3.5959756947903183,2.951734664431266,3.1905177353659364,3.420530599237473,-0.17806253033651262,-0.02373658111708354
NL22,NL,2009,11.125429480867979,9.710413497422325,29.2,0.5657952986609134,0.6089126978884242,0.39785746115767323,3.8691663342640603,2.826518812137752,3.5959756947903183,2.951734664431266,0.027921996656351592,-0.250154743862687
NL22,NL,2010,11.107491558596882,9.645616400155673,29.5,0.5339961013707393,0.5071082671254622,0.4282651886049691,3.710034184596823,2.886072693106618,3.8691663342640603,2.826518812137752,0.16671084847903186,-0.3106312563875712
NL22,NL,2011,11.115932357116272,9.529889923574435,30.9,0.5489594072290307,0.3252873435110421,0.5701679166923491,3.2407407407407414,2.8005594281256805,3.710034184596823,2.886072693106618,0.08586705242900806,-0.2818680370159802
NL22,NL,2012,11.098088390584067,9.649408064446447,30,0.517326768642391,0.5130654510279771,0.478944734350462,3.4110233069920977,2.8036134733035714,3.2407407407407414,2.8005594281256805,-0.15254777161534697,-0.32316906995980393
NL22,NL,2013,11.10513935890634,9.532855388652399,31.2,0.5298262727308896,0.32994646401094874,0.6005756441396449,3.1926568891549443,2.5592898590723236,3.4110233069920977,2.8036134733035714,-0.06603923713198755,-0.32169403306895294
NL22,NL,2014,11.13316651142786,9.509074423368682,32.9,0.5795110098506188,0.2925835614145621,0.7728860996743208,3.3140772271207055,2.5012630006924024,3.1926568891549443,2.5592898590723236,-0.176975777515038,-0.43969698433701987
NL22,NL,2015,11.150519846322512,9.550685408435317,34,0.610273888160481,0.35795967897060316,0.8843811003144052,3.455964325529543,2.557762836483378,3.3140772271207055,2.5012630006924024,-0.11529068710838256,-0.4677226852631857
NL22,NL,2016,11.161970237296726,9.475413968942984,34,0.6305724063576179,0.23969873251661036,0.8843811003144052,3.416055460665126,2.8692754446282196,3.455964325529543,2.557762836483378,-0.04320788253444705,-0.44043450278244545
NL22,NL,2017,11.165879253117655,9.504321517446794,33.4,0.6375020587120834,0.2851161453996661,0.8235656454198136,3.3129311182356944,2.7898702700030644,3.416055460665126,2.8692754446282196,-0.06348275557822615,-0.28998073991565976
NL22,NL,2018,11.166875687643211,9.502625026390618,34.3,0.6392684738847004,0.28245074349813143,0.9147888277617007,3.701224177505739,2.8478971283829853,3.3129311182356944,2.7898702700030644,-0.11587294401338077,-0.32833169907778137
NL22,NL,2019,11.174186454185788,9.647013893274512,35.3,0.6522285315834903,0.5093039054713141,1.0161479192526865,4.194218779520121,4.953661278538555,3.701224177505739,2.8478971283829853,0.08139131061341498,-0.30030599815161574
NL22,NL,2020,11.146985081363725,9.620627588313278,37.7,0.6040076837138294,0.46784768490232903,1.259409738831053,4.02621722846442,5.271281977039177,4.194218779520121,4.953661278538555,0.3318470176616491,0.7167319380900378
NL22,NL,2021,11.183189273939307,9.66586961325493,38.1,0.6681881526133636,0.5389286250993067,1.2999533754274473,4.489317587667899,6.856331424364399,4.02621722846442,5.271281977039177,0.24649730575217044,0.8701357747385245
NL22,NL,2022,11.187611752196142,9.656626470797319,42.7,0.6760280382185765,0.5244064798790392,1.7662051962859822,4.533588583362339,7.328181404348496,4.489317587667899,6.856331424364399,0.48176586127930576,1.6356799210901098
NL22,NL,2023,11.167089157913876,9.733192082128154,42.4,0.6396469002793458,0.644700733886702,1.735797468838686,4.716172183158978,7.448816188875176,4.533588583362339,7.328181404348496,0.5042568246348372,1.863573120726564
NL23,NL,2000,11.060945873235834,NA,NA,0.4514828978105233,NA,NA,5.066054458281276,5.4240993734359,NA,NA,NA,NA
NL23,NL,2001,11.08482165630492,9.659330892703364,18.6,0.49380835361287073,0.5286554685575732,-0.6765489086467762,5.4325955734406435,5.856850911363008,5.066054458281276,5.4240993734359,0.7747650951858172,0.9439432281713621
NL23,NL,2002,11.087681540223535,9.676336539159616,19.6,0.4988781722674865,0.5553734888125614,-0.5751898171557903,5.619585295418476,5.409394224088861,5.4325955734406435,5.856850911363008,0.9609787246746232,1.1529527371452288
NL23,NL,2003,11.114812563742266,9.643250619889402,21.9,0.5469743094074389,0.5033913272704749,-0.34206390672652326,5.55623495080944,5.34217068421669,5.619585295418476,5.409394224088861,1.0559749839386234,0.9368409633033175
NL23,NL,2004,11.135316805797595,9.593772860224,23.6,0.5833229136966602,0.4256555123861369,-0.1697534511918471,4.841746615260468,5.270745673102506,5.55623495080944,5.34217068421669,1.023791152136054,0.9043734667636881
NL23,NL,2005,11.145470077178883,9.626022194029428,28.2,0.6013219815326541,0.476323292410845,0.29649836966668747,5.120502148227713,5.056470639759957,4.841746615260468,5.270745673102506,0.6608101366716832,0.869876751690331
NL23,NL,2006,11.19075400151456,9.638876539152283,25.1,0.6815984161308646,0.4965190935078866,-0.017714813955368374,5.422423052705656,5.024959605444876,5.120502148227713,5.056470639759957,0.8024261174910471,0.7663866064702609
NL23,NL,2007,11.19445557236613,9.679218586976026,23.4,0.6881603233581187,0.5599015502498483,-0.19002526949004456,4.46170370982401,5.384185396636797,5.422423052705656,5.024959605444876,0.9558107859938874,0.7511674674673094
NL23,NL,2008,11.164674878175894,9.729431154728633,24.3,0.6353670201158854,0.6387918415257774,-0.0988020871481571,5.378486055776892,4.592208067517768,4.46170370982401,5.384185396636797,0.46773720199688024,0.9246656521009564
NL23,NL,2009,11.126971501219794,9.717267602063178,25.9,0.568528893368916,0.6196813627019161,0.06337245923741999,4.005934718100891,4.533387470129617,5.378486055776892,4.592208067517768,0.9334895038005203,0.5421579584934423
NL23,NL,2010,11.126039230952644,9.770027034519789,25.8,0.5668762244753383,0.7025731003752715,0.05323655008832163,4.177279673968415,4.57330144692872,4.005934718100891,4.533387470129617,0.23619319602550323,0.5137488990212663
NL23,NL,2011,11.167071318607459,10.148463279769958,28.2,0.6396152759019107,1.2971442795319938,0.29649836966668747,5.2631578947368425,4.310709494303046,4.177279673968415,4.57330144692872,0.3232414555715526,0.5330264750916717
NL23,NL,2012,11.105810436677977,9.871319162239697,29.3,0.5310159163325743,0.8617158372923093,0.40799337030677196,5.337361530715005,4.350623471102148,5.2631578947368425,4.310709494303046,0.87489941782831,0.40620031673374196
NL23,NL,2013,11.12771368094488,9.958618977150314,28.6,0.5698445819501281,0.9988748820271923,0.337042006263082,5.02028397565923,3.985095473047212,5.337361530715005,4.350623471102148,0.9125970397465278,0.4254778928041472
NL23,NL,2014,11.166527110522054,9.519716793629698,29.3,0.6386505387370847,0.30930407038941315,0.40799337030677196,5.149763531266421,3.92207340441705,5.02028397565923,3.985095473047212,0.7515123485224589,0.2489358803699101
NL23,NL,2015,11.189961578373808,9.437828875700141,29.2,0.6801936592471391,0.18064779992599753,0.39785746115767323,4.09504550050556,4.064923426645416,5.149763531266421,3.92207340441705,0.8172917576993248,0.21849760236400703
NL23,NL,2016,11.218265127120226,9.690601500903682,30,0.730368373854395,0.5777855469366142,0.478944734350462,4.16258570029383,4.482969815225488,4.09504550050556,4.064923426645416,0.28146408524333655,0.28749103251072045
NL23,NL,2017,11.207976439782545,9.628448959296875,30.1,0.7121292493023276,0.480136047411754,0.4890806434995607,4.056011588604539,4.377933034175219,4.16258570029383,4.482969815225488,0.31577648627781396,0.4893982766165438
NL23,NL,2018,11.204015234592667,9.718780772680082,33,0.7051070789842662,0.6220587450199433,0.7830220088234194,3.648960739030023,4.564898504444698,4.056011588604539,4.377933034175219,0.2616337139490408,0.4386678132733722
NL23,NL,2019,11.227430968704601,9.662994264422368,30.2,0.7466169895227581,0.5344110886124585,0.49921655264865905,4.678362573099415,7.529036465683293,3.648960739030023,4.564898504444698,0.05483995207374197,0.5289680380242178
NL23,NL,2020,11.191720975205117,9.7420535262465,32.4,0.6833126050260854,0.6586231827657542,0.7222065539288278,4.821428571428572,7.928176233674315,4.678362573099415,7.529036465683293,0.577806254615686,1.960581713568522
NL23,NL,2021,11.212211867165651,9.50019562282737,35,0.7196375431241051,0.2786338434010147,0.9857401918053911,8.220376038478356,10.08353098082584,4.821428571428572,7.928176233674315,0.6504879749016319,2.153357474272574
NL23,NL,2022,11.257601441616341,9.639096666373153,35,0.8001012674652569,0.49686494119800434,0.9857401918053911,7.806691449814126,10.778874471378622,8.220376038478356,10.08353098082584,2.37725290823233,3.194346582074457
NL23,NL,2023,11.285731247436674,9.391870220538594,35.9,0.8499679817645138,0.10844094306482606,1.0769633741472782,6.1364553895841745,11.083481136424398,7.806691449814126,10.778874471378622,2.167089012470577,3.5301822494062534
NL32,NL,2000,11.232048546425,NA,NA,0.7548027349348831,NA,NA,5.406560063963523,3.9651293776371084,NA,NA,NA,NA
NL32,NL,2001,11.231080064930914,9.045784620140557,28.4,0.7530858731023431,-0.4353032836061559,0.31677018796488454,4.527886376008314,4.568474763852627,5.406560063963523,3.9651293776371084,0.9477519227830622,0.23929269384819282
NL32,NL,2002,11.261160227990436,9.023173444733665,29.1,0.8064100555351977,-0.4708282984337077,0.3877215520085749,3.908055605434715,4.316240070618714,4.527886376008314,4.568474763852627,0.5013599361724635,0.5306952929437376
NL32,NL,2003,11.261258470770812,8.955946583772722,30.8,0.80658421403072,-0.5764501951051793,0.5600320075432507,4.543046393601183,4.094273540572871,3.908055605434715,4.316240070618714,0.18646773804301262,0.40887146389041606
NL32,NL,2004,11.29615647377565,8.953405515890278,34.4,0.8684491538945757,-0.580442533963163,0.9249247369107995,4.3589762660766995,4.037772969288474,4.543046393601183,4.094273540572871,0.5090616694360155,0.30166649432349324
NL32,NL,2005,11.306114286316689,8.961648104295596,36.7,0.8861017248437364,-0.5674923856384064,1.1580506473400674,4.293349466286859,3.912664561444454,4.3589762660766995,4.037772969288474,0.41554864972498373,0.27437795661554876
NL32,NL,2006,11.305328387960254,9.02857565886745,34.4,0.884708534678866,-0.4623407371393129,0.9249247369107995,4.385901404854074,3.8601997452518004,4.293349466286859,3.912664561444454,0.3822083119697279,0.21395333740510167
NL32,NL,2007,11.314376239355285,9.08072161514139,34.2,0.900747984912541,-0.38041284809803916,0.9046529186126027,4.4836429420702695,4.106380805848099,4.385901404854074,3.8601997452518004,0.42922740937530235,0.18861398096201093
NL32,NL,2008,11.31519966088785,9.112369286904734,34.5,0.9022076937556979,-0.33069035519713635,0.9350606460598981,4.5884235020360675,3.355730358783975,4.4836429420702695,4.106380805848099,0.47888297499699106,0.3075140381180527
NL32,NL,2009,11.283540561911334,9.106385665128732,35.3,0.8460844750702481,-0.3400913813927996,1.0161479192526865,4.473836368892744,3.2689616243115087,4.5884235020360675,3.355730358783975,0.5321145704828546,-0.0550336771446323
NL32,NL,2010,11.357418302353283,9.07417576945875,37.3,0.9770501916209968,-0.390697199121375,1.218866102234658,5.035077462730196,3.1680677470179437,4.473836368892744,3.2689616243115087,0.47390094840103725,-0.096941074338975
NL32,NL,2011,11.356212190673467,9.701550044465517,38.7,0.9749120742470447,0.5949870928702112,1.3607688303220389,4.564647641234712,3.08533476763722,5.035077462730196,3.1680677470179437,0.7590278735382066,-0.1456706059603036
NL32,NL,2012,11.358662144277769,9.687143560737063,38.6,0.9792551947510562,0.5723526858189878,1.3506329211729402,4.577464788732395,3.1075314206418048,4.564647641234712,3.08533476763722,0.5200357363468369,-0.1856288218897932
NL32,NL,2013,11.377870031505157,9.608340773507711,38.5,1.013305704405416,0.44854354567487026,1.3404970120238415,4.2797344110854505,2.831082196857437,4.577464788732395,3.1075314206418048,0.5265472229346351,-0.1749083249331007
NL32,NL,2014,11.425263602088757,9.60653442093413,39.2,1.0973219844682425,0.44570553744197233,1.4114483760675318,4.137336589570464,2.802831911215238,4.2797344110854505,2.831082196857437,0.3752914648824853,-0.30842724157554097
NL32,NL,2015,11.429543856031177,9.653488725924237,40.8,1.1049097439372633,0.5194766860432307,1.5736229224531084,4.41438234247063,2.8169570540363367,4.137336589570464,2.802831911215238,0.3029491980017948,-0.3220715104295134
NL32,NL,2016,11.451768712654884,9.070393898514267,41.6,1.1443085432988724,-0.3966389964388947,1.6547101956458976,4.879739377555971,3.0570844819950223,4.41438234247063,2.8169570540363367,0.44369656043497885,-0.3152493760025275
NL32,NL,2017,11.462536187330134,9.833131410492186,42.9,1.163396431312911,0.8017180520092102,1.7864770145841788,4.819687776944577,2.9481190945179723,4.879739377555971,3.0570844819950223,0.6801115734512245,-0.19927309074376504
NL32,NL,2018,11.460956165490169,9.944872718326799,44.4,1.1605954700057706,0.9772777717602098,1.9385156518206577,4.8422744625276275,3.085334767637221,4.819687776944577,2.9481190945179723,0.6496036002826541,-0.2519009848947998
NL32,NL,2019,11.469650667079625,9.84384153285161,45.4,1.176008524383219,0.8185450080951571,2.0398747433116435,5.31705395825128,5.8074515770176065,4.8422744625276275,3.085334767637221,0.6610782985541251,-0.1856288218897928
NL32,NL,2020,11.404814190665824,9.931784073356695,48.5,1.0610705804049327,0.9567138559854568,2.3540879269336994,5.518460329929301,6.1323298619028845,5.31705395825128,5.8074515770176065,0.9022801977384136,1.1290939412536534
NL32,NL,2021,11.456349231146193,9.882038765896814,49.9,1.1524285924882443,0.8785576896954571,2.4959906550210795,7.1616,7.807168224976065,5.518460329929301,6.1323298619028845,1.0046005375890448,1.2860030330743308
NL32,NL,2022,11.479026779449415,9.863183362061992,49.1,1.1926298946041276,0.8489334667721609,2.4149033818282915,7.226021068194418,8.368138182728288,7.1616,7.807168224976065,1.839363648919326,2.0949132579883862
NL32,NL,2023,11.467398353945491,9.960747453920892,51.6,1.1720157682195365,1.0022189880930725,2.6683011105557557,7.1874431852614995,8.55983654958606,7.226021068194418,8.368138182728288,1.872091439685207,2.3658494538029737
NL34,NL,2000,11.03213729660406,NA,NA,0.4004129021823784,NA,NA,1.5136986301369866,1.5975283810422707,NA,NA,NA,NA
NL34,NL,2001,11.001769998701041,11.83980675193626,17,0.3465797055281866,3.954458675884714,-0.8387234550323537,1.6470588235294117,1.7260790214510362,1.5136986301369866,1.5975283810422707,-1.0299357818409023,-0.9042067010116739
NL34,NL,2002,11.004141527989365,11.804430050778882,18.8,0.3507838004383501,3.8988774064217084,-0.6562770903485791,1.7560439560439562,1.5981319051756449,1.6470588235294117,1.7260790214510362,-0.9621848949311613,-0.8421195589097368
NL34,NL,2003,11.031732318476104,11.653140457742431,19.1,0.399694982949904,3.6611823313467537,-0.6258693629012833,1.505962521294719,1.5848543742414063,1.7560439560439562,1.5981319051756449,-0.9068172533583242,-0.9039152120816181
NL34,NL,2004,11.06043414025458,11.685805071104566,21.7,0.45057573042598176,3.712502568050255,-0.3623357250247204,1.3645484949832778,1.5558852158394303,1.505962521294719,1.5848543742414063,-1.033865951871112,-0.9103279685428509
NL34,NL,2005,11.064069227234922,11.64624960435483,21.3,0.45701977931346616,3.6503559296067367,-0.40287936162111454,1.4748858447488584,1.4979468990354796,1.3645484949832778,1.5558852158394303,-1.1057084219542557,-0.9243194371855413
NL34,NL,2006,11.080153003911816,11.701511935430283,20.4,0.4855320662991076,3.737180037400006,-0.494102543963002,1.228684359119142,1.4979468990354798,1.4748858447488584,1.4979468990354796,-1.0496538143856304,-0.9523023744709214
NL34,NL,2007,11.133367880386292,11.749678821238678,19.9,0.5798679838156373,3.8128563037483127,-0.544782089708495,1.510272071071627,1.586061422508155,1.228684359119142,1.4979468990354798,-1.1747313850279097,-0.9523023744709213
NL34,NL,2008,11.149659581055898,11.78800110677212,20,0.6087488651103475,3.8730654586154327,-0.5346461805593962,1.8538713195201746,1.3639645414263433,1.510272071071627,1.586061422508155,-1.0316765742754452,-0.909744990682739
NL34,NL,2009,11.097258603901283,11.823811192040264,23.1,0.515855776069459,3.929327629300242,-0.22043299693734,1.2882447665056358,1.3368059554244915,1.8538713195201746,1.3639645414263433,-0.8571180854810538,-1.0170129169433633
NL34,NL,2010,11.113712418471986,11.787100906175418,25.7,0.5450240424830546,3.8716511296842686,0.043100640939222896,1.2479652740097664,1.3494799622253557,1.2882447665056358,1.3368059554244915,-1.144472952414017,-1.030129918795885
NL34,NL,2011,11.131246592089314,9.697148802459806,26.4,0.5761075000736805,0.5880721853212266,0.1140520049829129,1.3781697905181918,1.2861099282210344,1.2479652740097664,1.3494799622253557,-1.1649361151573339,-1.024008651264708
NL34,NL,2012,11.116522092272904,9.829836984041908,24.9,0.550004851863659,0.7965420916096135,-0.03798663225356583,1.0165864098448367,1.3024050798221456,1.3781697905181918,1.2861099282210344,-1.098788404594694,-1.0546149889205927
NL34,NL,2013,11.126224477393412,9.649527877084077,22,0.5672046174758356,0.5132536918271277,-0.3319279975774245,0.8805723720418274,1.1949777840814866,1.0165864098448367,1.3024050798221456,-1.2824833596579017,-1.0467447878090796
NL34,NL,2014,11.143438061749688,9.510432797408086,23.8,0.5977197550008901,0.29471773874160484,-0.14948163289365002,0.9873834339001646,1.1750614876801286,0.8805723720418274,1.1949777840814866,-1.3515824773099936,-1.0986298173590554
NL34,NL,2015,11.169025712520218,9.528861866316415,24.9,0.6430798999913295,0.32367213560267244,-0.03798663225356583,1.7684887459807075,1.19678835648161,0.9873834339001646,1.1750614876801286,-1.2973193273505503,-1.108248952050905
NL34,NL,2016,11.173206310563652,11.753618724122,25.1,0.6504909958788536,3.819046389218457,-0.017714813955368374,2.0342612419700212,1.3162861348897588,1.7684887459807075,1.19678835648161,-0.9004949353249416,-1.0977553505688873
NL34,NL,2017,11.186470234561583,9.742297317433902,26.1,0.6740044290222057,0.6590062095386425,0.08364427753561744,1.7934782608695652,1.2885240247545324,2.0342612419700212,1.3162861348897588,-0.7654747178114126,-1.0400405424177905
NL34,NL,2018,11.193543934725373,9.582081433609616,27.8,0.6865442306603442,0.4072868032696433,0.25595473307029326,1.7875920084121977,1.338616527824615,1.7934782608695652,1.2885240247545324,-0.8877995293413714,-1.0534490332003685
NL34,NL,2019,11.18067576962554,9.798265846114257,29.1,0.6637323734904937,0.7469398430391732,0.3877215520085749,1.930099113197705,2.2034666109502568,1.7875920084121977,1.338616527824615,-0.8907899181104383,-1.0292554520057169
NL34,NL,2020,11.167684397376876,9.944965782672519,29.7,0.6407021025950181,0.9774239876115359,0.44853700690316617,1.4106583072100314,2.326585534158652,1.930099113197705,2.2034666109502568,-0.8183921321253296,-0.6115518152354058
NL34,NL,2021,11.184415515662552,10.088912984651373,31.8,0.6703619552362983,1.2035832381883405,0.6613910990342365,2.623762376237624,2.9783915982030993,1.4106583072100314,2.326585534158652,-1.0822832859062632,-0.5520880735039729
NL34,NL,2022,11.24246601755124,10.006764825795324,29.8,0.773270159121562,1.0745180963325272,0.4586729160522649,1.9412643106022895,3.1872109483506725,2.623762376237624,2.9783915982030993,-0.4659908638595568,-0.2372800290434454
NL34,NL,2023,11.259884878259122,10.029988359767952,32.1,0.8041491973874642,1.1110052038746798,0.6917988264815323,2.4781341107871717,3.2451492651546228,1.9412643106022895,3.1872109483506725,-0.8127198846019851,-0.13642485924405398
NL35,NL,2019,11.372012197515708,NA,NA,1.002921312283051,NA,NA,6.036074421246982,NA,NA,NA,NA,NA
NL35,NL,2020,11.366724151191391,9.99976599333919,52.7,0.993547003162675,1.0635220458262844,2.7797961111958402,6.467591282196433,NA,6.036074421246982,NA,1.2675636667782713,NA
NL35,NL,2021,11.392743981191622,9.924543476910197,55.7,1.0396732877529093,0.9453379636891286,3.083873385668798,6.764902880107167,NA,6.467591282196433,NA,1.4867868795086538,NA
NL35,NL,2022,11.373952837801287,9.875658551993565,51.5,1.0063615548249538,0.8685335671349473,2.658165201406657,7.318334626325316,NA,6.764902880107167,NA,1.6378298851807542,NA
NL35,NL,2023,11.36403620392681,9.83092481927771,56.1,0.9887819827728983,0.7982512182775723,3.124417022265192,7.2923272035510465,NA,7.318334626325316,NA,1.9189894328424177,NA
NL36,NL,2019,11.297739846303509,NA,NA,0.8712560550861573,NA,NA,4.075714436359801,NA,NA,NA,NA,NA
NL36,NL,2020,11.26520375196492,9.897166020497227,40.8,0.8135781553111323,0.9023245188986851,1.5736229224531084,4.572575109562278,NA,4.075714436359801,NA,0.2716433380813227,NA
NL36,NL,2021,11.305461196953752,9.880531539577035,44.2,0.8849439699384433,0.876189646619629,1.918243833522461,5.5027488054256795,NA,4.572575109562278,NA,0.5240631226041513,NA
NL36,NL,2022,11.312910268102838,9.867186962168615,44.7,0.898149205166829,0.8552236286320357,1.9689233792679537,6.226029785326493,NA,5.5027488054256795,NA,0.9966186226506631,NA
NL36,NL,2023,11.292577239944665,9.861521094773444,45.7,0.8621041178854415,0.8463218347357728,2.0702824707589396,6.149966049083325,NA,6.226029785326493,NA,1.364066559150206,NA
NL41,NL,2000,11.17398474547024,NA,NA,0.651870955318862,NA,NA,4.467793608273725,4.6317380717095515,NA,NA,NA,NA
NL41,NL,2001,11.171991148560908,9.687996597928167,21.9,0.6483368346732921,0.5736929150780651,-0.34206390672652326,4.972199661895911,4.924771034559248,4.467793608273725,4.6317380717095515,0.470831048898739,0.5612500842093567
NL41,NL,2002,11.149484081542232,9.686146860311359,22.1,0.6084377508366281,0.5707867434579832,-0.32179208842832585,4.772168207603201,4.474999510185294,4.972199661895911,4.924771034559248,0.7270841078230408,0.7027785833840694
NL41,NL,2003,11.153899952450312,9.624045191628724,23,0.6162659233580481,0.4732171717278088,-0.23056890608643874,4.25761029333447,4.6022076180890386,4.772168207603201,4.474999510185294,0.62546226630173,0.48554879395311457
NL41,NL,2004,11.182827788468646,9.619309678898853,25.8,0.6675473343722456,0.46577708261623363,0.05323655008832163,4.431506663409604,4.422753323010542,4.25761029333447,4.6022076180890386,0.3640517646271496,0.5469875222770209
NL41,NL,2005,11.202447511921424,9.620403363099925,27.9,0.7023279208540365,0.4674953987479944,0.2660906422193916,4.327174772491762,4.30235993517307,4.431506663409604,4.422753323010542,0.45239621737030267,0.4603150305343672
NL41,NL,2006,11.204318640548697,9.688994325959992,26.5,0.7056449375895723,0.5752604719381849,0.12418791413201162,4.240510295326311,4.29100206839595,4.327174772491762,4.30235993517307,0.399392558910884,0.4021676626563843
NL41,NL,2007,11.20623774106439,9.726906029955035,27.4,0.7090469958099113,0.6348245513071475,0.21541109647389872,4.1798949281254645,4.629466498354127,4.240510295326311,4.29100206839595,0.355364464453563,0.3966820619131785
NL41,NL,2008,11.204124843966584,9.77114269132631,28.2,0.705301387447273,0.7043259382477347,0.29649836966668747,4.439712956391452,3.932093478238957,4.1798949281254645,4.629466498354127,0.3245700813340627,0.5601529640607151
NL41,NL,2009,11.185327622449048,9.779796023087876,28.8,0.6719788796055278,0.7179214163069457,0.3573138245612791,4.15836851748586,3.90029145126302,4.439712956391452,3.932093478238957,0.4565652547240905,0.22333707842787112
NL41,NL,2010,11.195542436719618,9.715043469057703,28.5,0.6900870467256264,0.6161869685991723,0.3269060971139833,4.247104247104247,3.932093478238957,4.15836851748586,3.90029145126302,0.3136340338095595,0.20797739634689413
NL41,NL,2011,11.207306630799357,9.626493441036718,29.3,0.7109418549273696,0.47706368102931207,0.40799337030677196,4.259094942324756,3.698121422630284,4.247104247104247,3.932093478238957,0.35871438521950383,0.22333707842787112
NL41,NL,2012,11.205307642836518,9.70358648063808,30,0.707398177368156,0.5981865915218215,0.478944734350462,4.006423123243677,3.8117000904014837,4.259094942324756,3.698121422630284,0.3648060098279311,0.11033370311782889
NL41,NL,2013,11.21460104230838,9.62901880180359,31.6,0.7238729194723935,0.4810313420232055,0.6411192807360394,3.744922826969943,3.486865100575851,4.006423123243677,3.8117000904014837,0.2364413201527509,0.16518971054988785
NL41,NL,2014,11.23142220146194,9.630189162180661,32.2,0.7536923907851525,0.4828701261200464,0.701934735630631,3.733224888165921,3.420989473268555,3.744922826969943,3.486865100575851,0.10359150530903748,0.008301529294198397
NL41,NL,2015,11.247656987355347,9.570587175818805,33.2,0.7824723772175832,0.3892278712989583,0.8032938271216169,3.5423878914741165,3.5799996081482353,3.733224888165921,3.420989473268555,0.09764860954061116,-0.023514955016395913
NL41,NL,2016,11.267754392020409,9.596021112020871,33.2,0.8180997662934366,0.42918780015900404,0.8032938271216169,4.106873860302862,3.863946277576237,3.5423878914741165,3.5799996081482353,6.978219617785671e-4,0.05328345538848698
NL41,NL,2017,11.281039032891197,9.653427062689284,34.4,0.8416499249793161,0.5193798053063108,0.9249247369107995,3.8026641883519208,3.8094285170460607,4.106873860302862,3.863946277576237,0.28747323869887004,0.19042347396863568
NL41,NL,2018,11.28165120223564,9.717173761291823,34.4,0.8427351395021987,0.6195339269877702,0.9249247369107995,3.5752239259146807,4.0456721460101575,3.8026641883519208,3.8094285170460607,0.13292580923804673,0.16409259040124713
NL41,NL,2019,11.28500082052608,9.732553717271248,36,0.8486731278184979,0.6436977820012348,1.0870992832963768,3.806767586821015,7.212245403471224,3.5752239259146807,4.0456721460101575,0.017379489851991645,0.2781930858599305
NL41,NL,2020,11.266364518200882,9.734447441472634,38.1,0.8156358871926341,0.6466730621060021,1.2999533754274473,4.059750055461066,7.571153993628217,3.806767586821015,7.212245403471224,0.1350104559272364,1.8075785730657443
NL41,NL,2021,11.309794898210871,9.6763412238577,41.1,0.8926264773765455,0.5553808490654404,1.6040306499004047,5.742446968073709,9.504262919094048,4.059750055461066,7.571153993628217,0.26353296468323145,1.980923556551052
NL41,NL,2022,11.298595095222074,9.71448275652693,40,0.8727721854764361,0.615306018334039,1.4925356492603201,5.582337734926291,10.269783139871938,5.742446968073709,9.504262919094048,1.1183923146117438,2.9145728030447016
NL41,NL,2023,11.298408160255457,9.709207632744105,43,0.8724407991656885,0.6070181320464066,1.7966129237332775,5.34990728658746,10.56054452936621,5.582337734926291,10.269783139871938,1.037052131516357,3.284302293136782
NL42,NL,2000,11.106543464674706,NA,NA,0.5323153813171427,NA,NA,3.503915909585858,3.962968657858718,NA,NA,NA,NA
NL42,NL,2001,11.112887109203204,9.616816371739963,18.3,0.5435609871822913,0.4618597818923535,-0.706956636094072,4.272186743008148,4.222516339093836,3.503915909585858,3.962968657858718,-0.018847072416374438,0.2382491135478785
NL42,NL,2002,11.114637350212064,9.586369058519658,19.6,0.5466637021068499,0.41402320399907117,-0.5751898171557903,3.6814614439392828,3.9451247547738033,4.272186743008148,4.222516339093836,0.3714570282839056,0.3636049555400453
NL42,NL,2003,11.106109288613963,9.516683190676618,19.6,0.5315457018634365,0.30453789667443615,-0.5751898171557903,4.066653800254002,3.8526608933337925,3.6814614439392828,3.9451247547738033,0.07135126273384766,0.2296308994109168
NL42,NL,2004,11.143671073267454,9.47945762052574,21.7,0.5981328228641768,0.24605182030836853,-0.3623357250247204,3.4279327930805232,3.8510387203260725,4.066653800254002,3.8526608933337925,0.26704026938054526,0.18497288070120735
NL42,NL,2005,11.14872211256526,9.505230574886482,24,0.6070869811398069,0.2865443895507504,-0.12920981459545292,3.4690860111007034,3.7131540146699162,3.4279327930805232,3.8510387203260725,-0.05744872259735709,0.1841894066887561
NL42,NL,2006,11.164618770702013,9.60180154719708,21.8,0.6352675563873422,0.4382695945217132,-0.35219981587562166,3.434199462528861,3.7017988036158798,3.4690860111007034,3.7131540146699162,-0.03654168167958724,0.11759411563041758
NL42,NL,2007,11.178025030970034,9.641434586500006,22.7,0.6590333141347213,0.5005381092521866,-0.26097663353373457,3.940308695015304,3.8915930455190604,3.434199462528861,3.7017988036158798,-0.05426507084720016,0.11210979754326025
NL42,NL,2008,11.160193914740857,9.712991378286716,23.2,0.6274234557405167,0.6129628745945525,-0.21029708778824163,3.5766961651917404,3.4065633162109323,3.940308695015304,3.8915930455190604,0.20285325285877281,0.20377625700003246
NL42,NL,2009,11.131583346442357,9.708536382471122,25.6,0.5767044765768062,0.6059635130152587,0.03296473179012453,3.771849126034959,3.299499897701446,3.5766961651917404,3.4065633162109323,0.018127430554736697,-0.030482472722829775
NL42,NL,2010,11.132146120160824,9.519177963759203,26.1,0.5777021257043258,0.308457500549748,0.08364427753561744,2.9834048107402573,3.404941143203213,3.771849126034959,3.299499897701446,0.11727085441948477,-0.08219175754459862
NL42,NL,2011,11.146329834300643,9.396100567187306,25.5,0.6028461037762044,0.1150873524051978,0.022828822641025807,3.343294732909974,3.2070360362614347,2.9834048107402573,3.404941143203213,-0.28328196633844843,-0.031265946735280825
NL42,NL,2012,11.12259191363998,9.50720123515831,25.5,0.5607650416030673,0.2896405459476191,0.022828822641025807,3.2491645005569993,3.247590361454422,3.343294732909974,3.2070360362614347,-0.10044733782882272,-0.12684977625430827
NL42,NL,2013,11.142484998265191,9.47949375108304,26.1,0.5960302252261733,0.2461085859811285,0.08364427753561744,2.4938130592042644,3.0253526593968516,3.2491645005569993,3.247590361454422,-0.14826825473592312,-0.10726292594303212
NL42,NL,2014,11.163669965721274,9.454394252315316,27.4,0.6335855758147628,0.2066741006064425,0.21541109647389872,2.589679647036256,2.9685766041266697,2.4938130592042644,3.0253526593968516,-0.5320089256091979,-0.21459886564882527
NL42,NL,2015,11.178850352948738,9.451319128084574,27.1,0.6604963919668185,0.2018426917155815,0.18500336902660325,2.481203007518797,3.0561739465435225,2.589679647036256,2.9685766041266697,-0.48330588922775153,-0.24202045608461167
NL42,NL,2016,11.219599350133363,9.485184277674923,29.4,0.7327335987774727,0.25504912259257706,0.41812927945587036,2.530459231490159,3.3806085480874204,2.481203007518797,3.0561739465435225,-0.5384152014546003,-0.19971285941225517
NL42,NL,2017,11.21195786508173,9.524442230525349,29.3,0.7191872645323799,0.3167283290917488,0.40799337030677196,2.403129657228018,3.3076107627400435,2.530459231490159,3.3806085480874204,-0.5133915960218702,-0.04301805692204652
NL42,NL,2018,11.20531647095064,9.647731387510682,30.9,0.7074138272822562,0.5104311796142963,0.5701679166923491,2.623428675532884,3.4195407002726887,2.403129657228018,3.3076107627400435,-0.5780787516614463,-0.07827438748234339
NL42,NL,2019,11.188407766908865,9.60223564612473,32.2,0.6774391620105745,0.4389516188111997,0.701934735630631,2.8121081855633174,5.727892890257525,2.623428675532884,3.4195407002726887,-0.46616039359802985,-0.02421468062322119
NL42,NL,2020,11.168963988082501,9.645297896433748,33.6,0.6429704788698117,0.5066078575164794,0.843837463718011,2.6156941649899395,6.065304875863179,2.8121081855633174,5.727892890257525,-0.3703056724771523,1.0906688390946147
NL42,NL,2021,11.2169681187003,9.626439531987632,34.6,0.7280691205736135,0.47697898309859155,0.9451965552089969,3.6725188104621997,7.758853495922328,2.6156941649899395,6.065304875863179,-0.470089751645339,1.2536314336844314
NL42,NL,2022,11.192204182770352,9.673191870940737,38.4,0.6841692043839597,0.5504328175253301,1.3303611028747426,3.4126706335316768,8.313636664562393,3.6725188104621997,7.758853495922328,0.066808142827008,2.0715783026833217
NL42,NL,2023,11.175890094808919,9.656517875387474,37.8,0.6552486363351857,0.5242358627627008,1.269545647980151,3.24585635359116,8.500186560450135,3.4126706335316768,8.313636664562393,-0.06520234696823364,2.3395264149415786
PL21,PL,2004,9.827065628505142,8.145921374325063,14.6,-1.735860805749897,-1.8491021938839616,-1.0819852746107197,NA,NA,NA,NA,NA,NA
PL21,PL,2005,9.835206045119723,8.148689024951802,16.1,-1.721429997653,-1.8447538648925195,-0.9299466373742408,NA,NA,NA,NA,NA,NA
PL21,PL,2006,9.889174292746599,8.186922487500942,17,-1.6257585521112141,-1.7846842621617895,-0.8387234550323537,NA,NA,NA,NA,NA,NA
PL21,PL,2007,9.905852047880956,8.348524075881302,19,-1.59619329823958,-1.530787738869225,-0.636005272050382,NA,NA,NA,NA,NA,NA
PL21,PL,2008,9.912918678576803,8.461304206769176,19.7,-1.5836660289004694,-1.3535958967846367,-0.565053908006692,2.72547828727604,NA,NA,NA,NA,NA
PL21,PL,2009,9.919955745243435,8.430794174844936,20.2,-1.5711911687748408,-1.40153101369003,-0.5143743622611991,2.560136128084152,NA,2.72547828727604,NA,-0.41431619985088547,NA
PL21,PL,2010,9.978385580291345,8.323462113136573,21.7,-1.467610507411699,-1.5701632504068819,-0.3623357250247204,2.5686024250159543,NA,2.560136128084152,NA,-0.49831486274918213,NA
PL21,PL,2011,10.025737367596404,8.383458820748428,23.1,-1.3836682980632868,-1.4759008386056012,-0.22043299693734,2.618249824670771,NA,2.5686024250159543,NA,-0.49401373576833757,NA
PL21,PL,2012,10.046489694444846,8.458667118783678,24.4,-1.3468799049756952,-1.357739095362355,-0.08866617799905874,2.99489243151215,NA,2.618249824670771,NA,-0.46879140162340793,NA
PL21,PL,2013,10.060023899677942,8.439675741418048,25.8,-1.322887334606138,-1.3875769498908725,0.05323655008832163,3.2728104974061645,NA,2.99489243151215,NA,-0.2774459182945746,NA
PL21,PL,2014,10.07792199666401,8.388475556830173,26.6,-1.2911587370251516,-1.4680189120589804,0.13432382328111034,2.898440471662229,NA,3.2728104974061645,NA,-0.13625539529381261,NA
PL21,PL,2015,10.1226230824528,8.46401647421769,27.3,-1.2119155211944586,-1.3493345817671356,0.20527518732480035,3.4741413343861036,NA,2.898440471662229,NA,-0.3264463408178523,NA
PL21,PL,2016,10.143420856382523,8.607295850737184,28.9,-1.175046562438106,-1.1242245694063477,0.3674497337103774,3.555397221232633,NA,3.4741413343861036,NA,-0.03397342928366062,NA
PL21,PL,2017,10.195057771055646,8.40139138181498,30.7,-1.0835079543244839,-1.4477265183271852,0.549896098394152,3.5905002810567734,NA,3.555397221232633,NA,0.007306942770768249,NA
PL21,PL,2018,10.252407675331275,8.37174363158924,33.6,-0.9818417249211033,-1.4943068816837903,0.843837463718011,3.545308908546353,NA,3.5905002810567734,NA,0.025140326000297253,NA
PL21,PL,2019,10.24487494153596,8.480656343352186,33,-0.995195271918994,-1.3231912439222886,0.7830220088234194,4.028546655105716,NA,3.545308908546353,NA,0.002181784246837542,NA
PL21,PL,2020,10.219300542713027,8.518798374460047,34,-1.0405319247072833,-1.2632652915435936,0.8843811003144052,4.430212597385448,NA,4.028546655105716,NA,0.24768072275933228,NA
PL21,PL,2021,10.255446192134329,8.48961847187271,34.3,-0.9764552373541735,-1.309110607119966,0.9147888277617007,5.30146224210456,NA,4.430212597385448,NA,0.45173879390212895,NA
PL21,PL,2022,10.27712430132363,8.508332394848173,36.4,-0.9380256767523164,-1.2797086685112218,1.127642919892771,4.850547104350148,NA,5.30146224210456,NA,0.8943591489568125,NA
PL21,PL,2023,10.277844216590841,8.501510685574612,36.2,-0.9367494571730202,-1.2904264361076219,1.1073711015945744,6.308795473981976,NA,4.850547104350148,NA,0.6652810430635988,NA
PL22,PL,2004,10.059124543477305,8.24141996087108,13,-1.3244816555551306,-1.699061842508713,-1.244159820996297,NA,NA,NA,NA,NA,NA
PL22,PL,2005,10.032374110030672,8.238490143824038,14.6,-1.371903107042731,-1.703664955445798,-1.0819852746107197,NA,NA,NA,NA,NA,NA
PL22,PL,2006,10.039187606307896,8.243209175674684,15.4,-1.359824578153995,-1.696250759878822,-1.000898001417931,NA,NA,NA,NA,NA,NA
PL22,PL,2007,10.053905147840094,8.441243099229384,16.6,-1.3337342651436201,-1.3851144326406277,-0.8792670916287478,NA,NA,NA,NA,NA,NA
PL22,PL,2008,10.069761150069773,8.57287960670994,16.6,-1.3056257620787233,-1.1782968393071793,-0.8792670916287478,1.7525546643226018,NA,NA,NA,NA,NA
PL22,PL,2009,10.08829106006265,8.581509451798823,17.6,-1.2727771269510035,-1.1647382617796878,-0.777908000137762,2.0772634077910865,NA,1.7525546643226018,NA,-0.9085899158207499,NA
PL22,PL,2010,10.184237634495494,8.549508203925079,20.5,-1.1026891979480729,-1.2150162674453462,-0.4839666348139033,1.959910913140312,NA,2.0772634077910865,NA,-0.7436283572198089,NA
PL22,PL,2011,10.215606130025742,8.461808335916569,21.7,-1.0470811424003257,-1.3528038461674599,-0.3623357250247204,2.2274881516587675,NA,1.959910913140312,NA,-0.8032468639976508,NA
PL22,PL,2012,10.216941675683417,8.524045103447769,22.7,-1.0447135727779029,-1.2550220170684359,-0.26097663353373457,2.520346547650302,NA,2.2274881516587675,NA,-0.6673097843839499,NA
PL22,PL,2013,10.213550554523952,8.413448014098647,23.3,-1.050725134716627,-1.4287840249388475,-0.20016117863914293,2.314206069531373,NA,2.520346547650302,NA,-0.5185291358061147,NA
PL22,PL,2014,10.23146458890792,8.411228791846902,24.4,-1.018968284339554,-1.4322707036267153,-0.08866617799905874,2.376066529862836,NA,2.314206069531373,NA,-0.6232545404810957,NA
PL22,PL,2015,10.275051108968611,8.498004534734505,25,-0.9417008990953151,-1.2959350422875753,-0.0278507231044671,2.286429302695939,NA,2.376066529862836,NA,-0.5918276135586914,NA
PL22,PL,2016,10.288159702027436,8.55492964337359,25.4,-0.9184628266711853,-1.2064985007512565,0.012692913491927083,2.266516637196592,NA,2.286429302695939,NA,-0.637365952145355,NA
PL22,PL,2017,10.321098491951012,8.520172575362814,27.2,-0.8600710540093572,-1.2611062482135447,0.19513927817570162,2.4619302806812753,NA,2.266516637196592,NA,-0.6474821698411999,NA
PL22,PL,2018,10.39201811403218,8.497631851774084,28.2,-0.7343492998273028,-1.2965205743289967,0.29649836966668747,2.6026079521162893,NA,2.4619302806812753,NA,-0.5482063115542158,NA
PL22,PL,2019,10.412193331737866,8.626393969981823,29.7,-0.6985839687873153,-1.0942190098927391,0.44853700690316617,2.5609820625429913,NA,2.6026079521162893,NA,-0.4767379313301911,NA
PL22,PL,2020,10.359366482658546,8.692318849679335,31,-0.7922320162425268,-0.9906426903686851,0.5803038258414478,3.1168554864102975,NA,2.5609820625429913,NA,-0.4978851032505196,NA
PL22,PL,2021,10.413349221580138,8.56533705007889,30.8,-0.696534881463566,-1.1901471492240188,0.5600320075432507,3.5670039231881066,NA,3.1168554864102975,NA,-0.21548511177972562,NA
PL22,PL,2022,10.471806954941158,8.443212248151244,31.9,-0.5929047637615433,-1.3820206507656072,0.6715270081833349,3.353047055798406,NA,3.5670039231881066,NA,0.01320348754606276,NA
PL22,PL,2023,10.45135514370264,8.544753256726239,33,-0.6291604220638949,-1.22248689056437,0.7830220088234194,3.8012892663460556,NA,3.353047055798406,NA,-0.09549287196975494,NA
PL41,PL,2004,9.926438102318347,8.383187101460557,12.7,-1.5596996622104142,-1.4763277439546982,-1.2745675484435928,NA,NA,NA,NA,NA,NA
PL41,PL,2005,9.938641632367965,8.357561514173865,13.8,-1.5380660273992268,-1.5165887808951737,-1.1630725478035082,NA,NA,NA,NA,NA,NA
PL41,PL,2006,9.956238523327144,8.39207223394633,15.4,-1.506871388530362,-1.4623680776559869,-1.000898001417931,NA,NA,NA,NA,NA,NA
PL41,PL,2007,9.972714993110081,8.462310022379693,16.4,-1.4776629604106002,-1.3520156333160462,-0.8995389099269453,NA,NA,NA,NA,NA,NA
PL41,PL,2008,9.976867403177078,8.554785066515771,16.2,-1.4703018343585101,-1.2067256492707525,-0.9198107282251423,1.388460351743289,NA,NA,NA,NA,NA
PL41,PL,2009,10.025316260901262,8.695013911415552,17.2,-1.3844148089844894,-0.9864084077001646,-0.8184516367341566,1.3903908543179362,NA,1.388460351743289,NA,-1.0935604978853226,NA
PL41,PL,2010,10.07369576009567,8.571899890853285,17.5,-1.2986507379604053,-1.1798360967632002,-0.7880439092868607,1.6211794452294193,NA,1.3903908543179362,NA,-1.0925797459961213,NA
PL41,PL,2011,10.13336803178877,8.479051032439575,20.3,-1.1928675646561475,-1.3257133902922622,-0.5042384531121004,1.8593371059013744,NA,1.6211794452294193,NA,-0.975332377608678,NA
PL41,PL,2012,10.151407634304345,8.541579411473604,21.5,-1.1608881151547186,-1.2274734026598813,-0.38260754332291746,1.7149529300153252,NA,1.8593371059013744,NA,-0.8543413058021598,NA
PL41,PL,2013,10.159691384851223,8.550370849290328,22.4,-1.146203213862264,-1.2136609425301255,-0.2913843609810304,1.884302368208813,NA,1.7149529300153252,NA,-0.9276926989215962,NA
PL41,PL,2014,10.20183279130155,8.450496015146339,23.4,-1.0714976332745616,-1.3705769320802759,-0.19002526949004456,2.092113184828417,NA,1.884302368208813,NA,-0.8416582208407717,NA
PL41,PL,2015,10.236381967809457,8.663103959050243,24.6,-1.010251070635687,-1.0365429765814684,-0.06839435970086129,2.1573896353166986,NA,2.092113184828417,NA,-0.7360842352513401,NA
PL41,PL,2016,10.25572442627428,8.788728326426142,25.7,-0.9759620017288057,-0.8391712153429828,0.043100640939222896,1.8894692719417037,NA,2.1573896353166986,NA,-0.7029218852096968,NA
PL41,PL,2017,10.277394057716283,8.58622723362414,25.6,-0.9375474699332316,-1.1573260301605193,0.03296473179012453,2.0815101887735965,NA,1.8894692719417037,NA,-0.8390332823071981,NA
PL41,PL,2018,10.3262667364694,8.491394463770039,25.2,-0.8509091218412786,-1.3063202993473328,-0.007578904806270009,2.2776775157134854,NA,2.0815101887735965,NA,-0.7414708680113926,NA
PL41,PL,2019,10.367609425129839,8.612269345520765,26.5,-0.77761945688728,-1.1164105804052449,0.12418791413201162,2.1740469298515737,NA,2.2776775157134854,NA,-0.6418121164393852,NA
PL41,PL,2020,10.353268902790427,8.674053021241534,28.5,-0.8030414144709559,-1.0193406158154368,0.3269060971139833,2.0947289905519644,NA,2.1740469298515737,NA,-0.6944594913757758,NA
PL41,PL,2021,10.364418598108559,8.594732337984683,29.5,-0.7832759502333343,-1.1439634360856412,0.4282651886049691,2.2664753019973687,NA,2.0947289905519644,NA,-0.7347553292768834,NA
PL41,PL,2022,10.403165022218994,8.561663165477638,27.9,-0.714588776437193,-1.1959192863458423,0.2660906422193916,2.138395002402691,NA,2.2664753019973687,NA,-0.6475031693339026,NA
PL41,PL,2023,10.419891874246856,8.577126629139334,28.9,-0.6849364867439448,-1.1716242302073798,0.3674497337103774,2.544375113588175,NA,2.138395002402691,NA,-0.7125717154454864,NA
PL42,PL,2004,9.979081835803768,8.126521580579574,12.6,-1.4663762303271342,-1.8795817221728746,-1.2847034575926912,NA,NA,NA,NA,NA,NA
PL42,PL,2005,9.983847069136011,8.331614528625405,15.6,-1.4579287305233315,-1.5573547751326229,-0.9806261831197338,NA,NA,NA,NA,NA,NA
PL42,PL,2006,9.998572887153705,8.264384308712192,16.1,-1.4318237454906815,-1.6629819491427136,-0.9299466373742408,NA,NA,NA,NA,NA,NA
PL42,PL,2007,10.002128878316375,8.536323166950655,17.6,-1.4255199125921478,-1.2357316272437335,-0.777908000137762,NA,NA,NA,NA,NA,NA
PL42,PL,2008,10.007370857470493,8.54726865695331,19.5,-1.4162272683943662,-1.2185348788376063,-0.5853257263048891,2.1427306534443065,NA,NA,NA,NA,NA
PL42,PL,2009,10.01526592504776,8.683601021929984,19.3,-1.4022313993235473,-1.0043394997775992,-0.6055975446030862,2.1105527638190953,NA,2.1427306534443065,NA,-0.7103690776423435,NA
PL42,PL,2010,10.042924101428918,8.515685785843749,20.1,-1.3532007594234063,-1.2681555617200115,-0.5245102714102975,1.6335227272727268,NA,2.1105527638190953,NA,-0.7267163886767293,NA
PL42,PL,2011,10.083148274809744,8.486129272088752,20.8,-1.2818939265672917,-1.3145925810479393,-0.4535589073666075,1.55734701355808,NA,1.6335227272727268,NA,-0.9690616285602691,NA
PL42,PL,2012,10.07269206683887,8.570969908703452,21,-1.3004300209458846,-1.1812972162789992,-0.43328708906841035,1.5691868758915837,NA,1.55734701355808,NA,-1.007761123768432,NA
PL42,PL,2013,10.055647525078143,8.630082775476321,22.5,-1.3306454906072345,-1.0884234301614857,-0.28124845183193165,2.0826041302065104,NA,1.5691868758915837,NA,-1.001746126687379,NA
PL42,PL,2014,10.094800034451362,8.726071571099725,23.9,-1.2612384349210546,-0.9376128983586647,-0.13934572374455165,1.7108938547486037,NA,2.0826041302065104,NA,-0.7409151137010406,NA
PL42,PL,2015,10.146433731146518,8.686001473422335,24.1,-1.1697055314322338,-1.0005680870436735,-0.1190739054463542,1.4954954954954958,NA,1.7108938547486037,NA,-0.9297548281249076,NA
PL42,PL,2016,10.139314074429869,8.753098210951904,24.5,-1.182326801897644,-0.8951506307317051,-0.07853026884996,1.6092981671881987,NA,1.4954954954954958,NA,-1.0391835077561562,NA
PL42,PL,2017,10.168591197867483,8.321502142329642,26,-1.1304261965649083,-1.5732426123031489,0.07350836838651871,1.9610691458454388,NA,1.6092981671881987,NA,-0.981368415083108,NA
PL42,PL,2018,10.187636839173493,8.418412416625047,26.7,-1.0966633060665176,-1.4209843210231206,0.1444597324302087,2.1246458923512748,NA,1.9610691458454388,NA,-0.8026584478366956,NA
PL42,PL,2019,10.216998572007704,8.53273722616187,28.6,-1.0446127106259917,-1.2413655935192538,0.337042006263082,2.1127745907373723,NA,2.1246458923512748,NA,-0.719556666325559,NA
PL42,PL,2020,10.19452051371454,8.517661746650502,29.6,-1.0844603696559383,-1.265051077512739,0.4384010977540678,1.7507294706127552,NA,2.1127745907373723,NA,-0.7255876354825115,NA
PL42,PL,2021,10.228777945052167,8.70911736267466,29.9,-1.0237309941298174,-0.9642501029644137,0.46880882520136324,2.2488962472406184,NA,1.7507294706127552,NA,-0.9095171677201253,NA
PL42,PL,2022,10.23443489262858,8.630638372838238,30,-1.0137027205469649,-1.0875505164732295,0.478944734350462,2.6390580592773043,NA,2.2488962472406184,NA,-0.6564338443764928,NA
PL42,PL,2023,10.226550922203291,8.680018555911266,33,-1.0276789172990042,-1.009968006750102,0.7830220088234194,3.0972259628332885,NA,2.6390580592773043,NA,-0.45822020857279344,NA
PL43,PL,2004,9.972650945473479,8.103928843851866,11.8,-1.4777764999499907,-1.9150777675046067,-1.3657907307854797,NA,NA,NA,NA,NA,NA
PL43,PL,2005,9.983847069136011,8.102625672127912,14.2,-1.4579287305233315,-1.9171252150159912,-1.122528911207114,NA,NA,NA,NA,NA,NA
PL43,PL,2006,9.982906770409306,8.222238209346612,14.8,-1.459595631754718,-1.7291987989058317,-1.0617134563125223,NA,NA,NA,NA,NA,NA
PL43,PL,2007,9.997286253840587,8.219534102173313,14.3,-1.4341046064480214,-1.7334472930994358,-1.1123930020580153,NA,NA,NA,NA,NA,NA
PL43,PL,2008,9.976867403177078,8.340153751562497,14.7,-1.4703018343585101,-1.5439385764610805,-1.071849365461621,2.0442520442520444,NA,NA,NA,NA,NA
PL43,PL,2009,9.98968908325811,8.340297910211506,15.3,-1.4475723828464366,-1.5437120850004902,-1.0110339105670294,2.4108241082410826,NA,2.0442520442520444,NA,-0.7603990974307857,NA
PL43,PL,2010,9.963996842839247,8.270077297117503,16.3,-1.4931179376525483,-1.6540375447111724,-0.9096748190760436,2.109704641350211,NA,2.4108241082410826,NA,-0.5741697450294246,NA
PL43,PL,2011,9.988696095916056,8.607865947099894,18.1,-1.4493326870733918,-1.123328875955037,-0.7272284543922691,2.4541339051703597,NA,2.109704641350211,NA,-0.7271472597486233,NA
PL43,PL,2012,10.033126466632678,8.676410157139737,19.3,-1.370569377547296,-1.0156372573554124,-0.6055975446030862,2.4185587364264562,NA,2.4541339051703597,NA,-0.5521670988184605,NA
PL43,PL,2013,10.019929442476064,8.433877769911541,18.7,-1.3939642149458036,-1.3966862960452342,-0.6664129994976778,2.176601533514717,NA,2.4185587364264562,NA,-0.5702403272163135,NA
PL43,PL,2014,10.07792199666401,8.349611453770843,20.6,-1.2911587370251516,-1.5290793307500572,-0.47383072566480455,1.91114420451725,NA,2.176601533514717,NA,-0.6931616778417811,NA
PL43,PL,2016,10.101573746447023,8.44438758217141,22.4,-1.2492304330531945,-1.3801740524467512,-0.2913843609810304,1.5258215962441315,NA,1.91114420451725,NA,-0.8280217812861932,NA
PL43,PL,2017,10.125531708407037,8.393273648874159,22.5,-1.2067592957875088,-1.4604805029343224,-0.28124845183193165,2.4299065420560746,NA,1.5258215962441315,NA,-1.0237769597453243,NA
PL43,PL,2018,10.180174117971903,8.314263549987176,23.7,-1.1098927392318783,-1.584615355898704,-0.15961754204274872,2.4700070571630204,NA,2.4299065420560746,NA,-0.5644753093625702,NA
PL43,PL,2019,10.181023469549427,8.419139931379073,24.8,-1.1083870632692892,-1.4198413033799004,-0.04812254140266419,2.3176550783912746,NA,2.4700070571630204,NA,-0.5441030723784915,NA
PL43,PL,2020,10.158020111495013,8.395201528267567,25.9,-1.1491659400005962,-1.4574515607053538,0.06337245923741999,2.52387448840382,NA,2.3176550783912746,NA,-0.6215023428929424,NA
PL43,PL,2021,10.215172292996389,8.303179308779068,28.1,-1.0478502208409446,-1.6020300999880437,0.28636246051758907,2.3085714285714287,NA,2.52387448840382,NA,-0.516736838502582,NA
PL51,PL,2004,10.016822163786616,8.365063610377089,14,-1.3994725991715804,-1.504802039425024,-1.142800729505311,NA,NA,NA,NA,NA,NA
PL51,PL,2005,10.04804022677507,8.439406532180735,15.8,-1.3441312207786942,-1.3879999116332482,-0.9603543648215366,NA,NA,NA,NA,NA,NA
PL51,PL,2006,10.101858713270671,8.45836486447426,17.3,-1.2487252621582954,-1.358213975090212,-0.8083157275850578,NA,NA,NA,NA,NA,NA
PL51,PL,2007,10.124731200408707,8.593735156187405,18.2,-1.2081783849878374,-1.145530134742238,-0.7170925452431707,NA,NA,NA,NA,NA,NA
PL51,PL,2008,10.10540848880001,8.65266624215083,18.6,-1.2424324479355917,-1.0529419492551513,-0.6765489086467762,3.906181881593861,NA,NA,NA,NA,NA
PL51,PL,2009,10.134170665813343,8.647436915958027,18.5,-1.1914447065729488,-1.0611578817396161,-0.6866848177958749,3.897355053424418,NA,3.906181881593861,NA,0.18551583141471154,NA
PL51,PL,2010,10.244406155961947,8.637998429989539,19.8,-0.9960263048964774,-1.0759869363087107,-0.5549179988575933,3.7063246351172046,NA,3.897355053424418,NA,0.18103154399830146,NA
PL51,PL,2011,10.31228243026111,8.535696806741523,21.2,-0.8756996023307685,-1.2367157183100488,-0.41301527077021327,3.676268861454047,NA,3.7063246351172046,NA,0.08398249256982904,NA
PL51,PL,2012,10.31968683397526,8.673817323298461,22.5,-0.8625735506641425,-1.0197109270784201,-0.28124845183193165,4.116022099447514,NA,3.676268861454047,NA,0.06871327864146191,NA
PL51,PL,2013,10.309881663462384,8.660004634069328,23.7,-0.8799555276228177,-1.0414124079100526,-0.15961754204274872,4.4954476479514405,NA,4.116022099447514,NA,0.2921208123109506,NA
PL51,PL,2014,10.308695936843911,8.730201698214898,25.1,-0.8820575076683997,-0.931123946574164,-0.017714813955368374,4.353393085787452,NA,4.4954476479514405,NA,0.4848801115698554,NA
PL51,PL,2015,10.325481962595504,8.76813697908331,27.2,-0.8523003185956766,-0.8715228249568018,0.19513927817570162,4.65239695736777,NA,4.353393085787452,NA,0.41271223050009254,NA
PL51,PL,2016,10.316133554069841,8.74091538299859,27.2,-0.8688725772198359,-0.9142913934693677,0.19513927817570162,4.369639100178023,NA,4.65239695736777,NA,0.564614960795349,NA
PL51,PL,2017,10.372391786338563,8.640955073113236,28.8,-0.7691415938833731,-1.0713416762141328,0.3573138245612791,4.072031148604802,NA,4.369639100178023,NA,0.4209656819664584,NA
PL51,PL,2018,10.418925566952105,8.698504576560502,29.8,-0.6866494942954519,-0.9809241315048383,0.4586729160522649,4.720406681190995,NA,4.072031148604802,NA,0.2697721199479577,NA
PL51,PL,2019,10.385682206189534,8.837057355756272,31.7,-0.7455811905923377,-0.7632402010255785,0.6512551898851378,5.135276142207648,NA,4.720406681190995,NA,0.5991658938009073,NA
PL51,PL,2020,10.380419891856379,8.906377865909697,35,-0.7549098836903417,-0.6543289168159464,0.9857401918053911,5.168941597672857,NA,5.135276142207648,NA,0.8099317394452261,NA
PL51,PL,2021,10.449215134768634,8.784204125016192,36.5,-0.6329540925496261,-0.8462793076592414,1.1377788290418698,5.300774270399048,NA,5.168941597672857,NA,0.8270347775255374,NA
PL51,PL,2022,10.474260943902726,8.68283457437611,36.7,-0.5885544896351724,-1.0055436857708493,1.1580506473400674,5.474968385033103,NA,5.300774270399048,NA,0.8940096391665849,NA
PL51,PL,2023,10.453565089353443,8.649786110166561,36.1,-0.6252427722553845,-1.0574670006779645,1.0972351924454755,5.545787545787546,NA,5.474968385033103,NA,0.982505354872293,NA
PL52,PL,2004,9.939861122650488,8.060179372796355,12.7,-1.5359041932970756,-1.9838137168737335,-1.2745675484435928,NA,NA,NA,NA,NA,NA
PL52,PL,2005,9.927013594372845,8.134306552941666,13.1,-1.5586794668330823,-1.8673505464989595,-1.2340239118471983,NA,NA,NA,NA,NA,NA
PL52,PL,2006,9.92883954913903,8.098681219866352,14.3,-1.5554425314190854,-1.9233224481344338,-1.1123930020580153,NA,NA,NA,NA,NA,NA
PL52,PL,2007,9.982616064092793,8.196185743674071,15.1,-1.4601109772541898,-1.7701305157518823,-1.0313057288652268,NA,NA,NA,NA,NA,NA
PL52,PL,2012,10.024117396690313,8.39798385462503,18.1,-1.3865400785107997,-1.4530801742857935,-0.7272284543922691,1.5811373092926493,NA,NA,NA,NA,NA
PL52,PL,2014,10.06937493608555,8.401700104944327,20.9,-1.3063104174415308,-1.4472414752654998,-0.4434229982175091,1.3904034896401307,NA,1.5811373092926493,NA,-0.9956749562632667,NA
PL52,PL,2015,10.085809109330082,8.514597975503943,23.1,-1.277176969910329,-1.2698646492732129,-0.22043299693734,1.665812403895438,NA,1.3904034896401307,NA,-1.0925733268821165,NA
PL52,PL,2016,10.088670341611115,8.738181680066635,24.8,-1.2721047609653622,-0.9185863863410004,-0.04812254140266419,2.1238938053097343,NA,1.665812403895438,NA,-0.9526575264547779,NA
PL52,PL,2017,10.121523687009498,8.739931147700617,24.7,-1.2138644588737006,-0.9158377515390002,-0.058258450551762916,1.9178082191780823,NA,2.1238938053097343,NA,-0.7199387485856511,NA
PL52,PL,2018,10.161269963332751,8.530971366070634,25.9,-1.143404811248322,-1.2441399829437605,0.06337245923741999,1.391996022868506,NA,1.9178082191780823,NA,-0.8246362665222611,NA
PL52,PL,2019,10.158800332764717,8.573148247196778,25.9,-1.14778281381071,-1.177874771143694,0.06337245923741999,1.7635843660629171,NA,1.391996022868506,NA,-1.0917642733263964,NA
PL61,PL,2004,9.870868251163536,7.8477191121585,12.1,-1.658210327690592,-2.3176156432930366,-1.3353830033381842,NA,NA,NA,NA,NA,NA
PL61,PL,2005,9.860523853104013,7.896525047368073,12.5,-1.6765482126346523,-2.2409353495536797,-1.29483936674179,NA,NA,NA,NA,NA,NA
PL61,PL,2006,9.894937997463348,8.081812333878014,13.3,-1.61554102632198,-1.9498256004065313,-1.2137520935490012,NA,NA,NA,NA,NA,NA
PL61,PL,2007,9.905852047880956,8.201931573770313,12.2,-1.59619329823958,-1.761103090344207,-1.3252470941890857,NA,NA,NA,NA,NA,NA
PL61,PL,2008,9.898666655869603,8.383315035204687,12.5,-1.608931100016345,-1.4761267438706522,-1.29483936674179,2.5549938516190736,NA,NA,NA,NA,NA
PL61,PL,2009,9.919955745243435,8.55622764444318,15.3,-1.5711911687748408,-1.2044591769914985,-1.0110339105670294,1.8697225572979495,NA,2.5549938516190736,NA,-0.5009272899089042,NA
PL61,PL,2010,9.934582957632953,8.47063322607981,16.2,-1.5452609854710007,-1.3389388281726362,-0.9198107282251423,2.210796915167095,NA,1.8697225572979495,NA,-0.8490651921045327,NA
PL61,PL,2011,9.974444073208854,8.425388512245304,17.1,-1.4745977581892709,-1.4100239929601888,-0.8285875458832549,2.5921052631578947,NA,2.210796915167095,NA,-0.675789421726732,NA
PL61,PL,2012,9.948964674310968,8.48640892789837,19,-1.5197660012078302,-1.3141532064199268,-0.636005272050382,2.1766641356618575,NA,2.5921052631578947,NA,-0.48207360514534914,NA
PL61,PL,2013,9.982888170795714,8.292743028392085,20.1,-1.4596286039559119,-1.6184268157191093,-0.5245102714102975,1.6964755391899,NA,2.1766641356618575,NA,-0.6931298741162216,NA
PL61,PL,2014,10.007408212336351,8.31368430702911,20.7,-1.4161610480857247,-1.5855254198075348,-0.4636948165157062,1.8216805644644,NA,1.6964755391899,NA,-0.9370797550164892,NA
PL61,PL,2015,10.021270588192511,8.460638779031822,20.2,-1.3915867178986183,-1.354641367876289,-0.5143743622611991,1.9719648372535048,NA,1.8216805644644,NA,-0.8734719325312399,NA
PL61,PL,2016,10.05342440254944,8.568769410851562,21.2,-1.3345864995391528,-1.1847544765677567,-0.41301527077021327,2.4550687184306352,NA,1.9719648372535048,NA,-0.7971231172585589,NA
PL61,PL,2017,10.080534342476302,8.208930578832804,23.2,-1.2865277380376559,-1.7501067686515575,-0.21029708778824163,2.740362285183465,NA,2.4550687184306352,NA,-0.5516921862837112,NA
PL61,PL,2018,10.13418900473008,8.21788429476549,24.7,-1.1914121965184064,-1.7360393490881592,-0.058258450551762916,2.0668274199104375,NA,2.740362285183465,NA,-0.406754692677426,NA
PL61,PL,2019,10.155047983146165,8.369807589278558,25.3,-1.1544347383769284,-1.4973486488876648,0.0025570043428287167,2.4426605504587156,NA,2.0668274199104375,NA,-0.7489301449325241,NA
PL61,PL,2020,10.150557390293423,8.370010370398159,24.7,-1.1623953731659569,-1.4970300541153483,-0.058258450551762916,2.6282710547366013,NA,2.4426605504587156,NA,-0.5579958992856027,NA
PL61,PL,2021,10.190907670996758,8.396015920390495,26.9,-1.0908649853424628,-1.4561720477334787,0.1647315507284058,2.595658984112777,NA,2.6282710547366013,NA,-0.4637003230367962,NA
PL61,PL,2022,10.22504515227874,8.370796076600406,28.2,-1.0303482495762184,-1.4957956103510304,0.29649836966668747,2.553332596440809,NA,2.595658984112777,NA,-0.48026821074392895,NA
PL61,PL,2023,10.204141020803707,8.373762534512235,28.2,-1.0674057521625355,-1.4911349299836185,0.29649836966668747,3.6290771457196933,NA,2.553332596440809,NA,-0.5017712562293462,NA
PL62,PL,2004,9.856479513711436,8.063207101157232,11.8,-1.6837177579314446,-1.9790567728857107,-1.3657907307854797,NA,NA,NA,NA,NA,NA
PL62,PL,2005,9.847945070897152,8.13261983961541,13.4,-1.6988470703853409,-1.8700005863507936,-1.2036161843999025,NA,NA,NA,NA,NA,NA
PL62,PL,2006,9.85984667765208,8.224530743166762,14.5,-1.6777486658125988,-1.7255969384767338,-1.0921211837598181,NA,NA,NA,NA,NA,NA
PL62,PL,2007,9.878896237892427,8.310521699103095,14.7,-1.6439788280789434,-1.5904942766424242,-1.071849365461621,NA,NA,NA,NA,NA,NA
PL62,PL,2008,9.8793423830432,8.316792682459912,15,-1.6431879305906452,-1.5806417690781178,-1.0414416380143252,1.1440829460135862,NA,NA,NA,NA,NA
PL62,PL,2009,9.919955745243435,8.332793251876707,15.8,-1.5711911687748408,-1.5555028519032221,-0.9603543648215366,1.2622222222222221,NA,1.1440829460135862,NA,-1.2177113824762666,NA
PL62,PL,2010,9.851633874652203,8.23291125002269,19.7,-1.6923077958473642,-1.712430102831891,-0.565053908006692,1.5491160925824676,NA,1.2622222222222221,NA,-1.1576931676071769,NA
PL62,PL,2011,9.910224480474561,8.290573459647836,19.7,-1.5884421303740528,-1.621835482470035,-0.565053908006692,1.3638109873223203,NA,1.5491160925824676,NA,-1.0119426728648764,NA
PL62,PL,2012,9.939160674214348,8.49297297264003,19.4,-1.5371459033276904,-1.3038402623743417,-0.5954616354539878,1.1671612265084075,NA,1.3638109873223203,NA,-1.1060830974617033,NA
PL62,PL,2013,9.934569593524907,8.470632474814957,18.9,-1.5452846765039943,-1.3389400085046872,-0.6461411811994807,1.1546469808820747,NA,1.1671612265084075,NA,-1.2059869395814147,NA
PL62,PL,2015,9.98506753952855,8.350998420219335,21.9,-1.45576515894505,-1.526900231133988,-0.34206390672652326,1.0619150467962564,NA,1.1546469808820747,NA,-1.2123445431407878,NA
PL62,PL,2016,10.002838905761333,8.469851761341888,22.6,-1.4242612215095112,-1.3401666080603396,-0.2711125426828329,1.2454212454212454,NA,1.0619150467962564,NA,-1.2594550835453182,NA
PL62,PL,2017,10.02017119274921,8.387743649485241,23.1,-1.3935356555778604,-1.4691688310177784,-0.22043299693734,1.4901256732495514,NA,1.2454212454212454,NA,-1.1662285562434744,NA
PL62,PL,2018,10.056757264597264,8.337731357405914,23.4,-1.3286782156142942,-1.547744463894271,-0.19002526949004456,1.2977649603460708,NA,1.4901256732495514,NA,-1.0419115348417187,NA
PL62,PL,2019,10.052190597706458,8.549258529183565,23.6,-1.3367737095753334,-1.2154085380254798,-0.1697534511918471,1.448251501236312,NA,1.2977649603460708,NA,-1.139636414914824,NA
PL62,PL,2020,10.031368873028304,8.451716131664496,24.2,-1.3736851266812686,-1.3686599747961512,-0.10893799629725583,1.7546907574704655,NA,1.448251501236312,NA,-1.0631848415184708,NA
PL62,PL,2023,10.099724346650586,8.375478498403902,28,-1.2525089303120487,-1.4884389337959785,0.27622655136849034,1.8429211160868066,NA,1.7546907574704655,NA,-0.9075047178946811,NA
PL63,PL,2004,10.004399643788059,8.190435503960732,14.5,-1.4214944453087863,-1.7791648692254354,-1.0921211837598181,NA,NA,NA,NA,NA,NA
PL63,PL,2005,10.021792000700135,8.392331328991128,15.8,-1.3906623912709908,-1.4619610065885797,-0.9603543648215366,NA,NA,NA,NA,NA,NA
PL63,PL,2006,10.039187606307896,8.464809815058997,16.6,-1.359824578153995,-1.3480881430197655,-0.8792670916287478,NA,NA,NA,NA,NA,NA
PL63,PL,2007,10.053905147840094,8.605835607782815,17.5,-1.3337342651436201,-1.126518795675982,-0.7880439092868607,NA,NA,NA,NA,NA,NA
PL63,PL,2008,10.028603077576266,8.78943388305827,18.5,-1.3785881513412293,-0.8380626966849739,-0.6866848177958749,3.9415690719053016,NA,NA,NA,NA,NA
PL63,PL,2009,10.064536974054542,8.811835254971783,19.5,-1.314886846014548,-0.8028673096666394,-0.5853257263048891,3.4793650793650794,NA,3.9415690719053016,NA,0.20349356125939588,NA
PL63,PL,2010,10.060623678528318,8.978093928615449,21.1,-1.3218240851558771,-0.541653916726437,-0.4231511799193116,4.32674375233122,NA,3.4793650793650794,NA,-0.031319613731110446,NA
PL63,PL,2011,10.116906754734698,8.60727526177821,22.7,-1.222049060081294,-1.1242569172635337,-0.26097663353373457,4.119050609066934,NA,4.32674375233122,NA,0.3991735880365182,NA
PL63,PL,2012,10.143407591637269,8.661865070577253,23.9,-1.1750700773271197,-1.0384894269795863,-0.13934572374455165,4.08115671641791,NA,4.119050609066934,NA,0.29365938396048785,NA
PL63,PL,2013,10.13569023275168,8.663016686374306,25.9,-1.188750915835231,-1.036680092987446,0.06337245923741999,4.362943023777478,NA,4.08115671641791,NA,0.27440817585913746,NA
PL63,PL,2014,10.159600027678277,8.527177308730403,26.7,-1.1463651659948744,-1.2501009266294751,0.1444597324302087,4.047592572000445,NA,4.362943023777478,NA,0.417563878899052,NA
PL63,PL,2015,10.154246270883311,8.617998008025078,26.5,-1.1558559624201126,-1.1074101274546342,0.12418791413201162,3.2738994661025487,NA,4.047592572000445,NA,0.25735660676041544,NA
PL63,PL,2016,10.195328715984541,8.607124313751896,28.1,-1.0830276405446333,-1.124494075694109,0.28636246051758907,3.7198902327472307,NA,3.2738994661025487,NA,-0.13570216727936402,NA
PL63,PL,2017,10.21354258572975,8.565804898973946,30.6,-1.0507392612835267,-1.1894120994694246,0.5397601892450536,4.391455538996523,NA,3.7198902327472307,NA,0.09087421376125283,NA
PL63,PL,2018,10.283284913895715,8.600022100950694,32.8,-0.9271045381919316,-1.1356525497906937,0.762750190525222,4.646544876886417,NA,4.391455538996523,NA,0.4320490723063035,NA
PL63,PL,2019,10.268645160869871,8.667898397710367,32.8,-0.9530569527309514,-1.0290103073846797,0.762750190525222,4.584870848708487,NA,4.646544876886417,NA,0.5616419323916472,NA
PL63,PL,2020,10.243481340910241,8.511223946779733,34.5,-0.9976657576626149,-1.2751656749076254,0.9350606460598981,4.075935231714126,NA,4.584870848708487,NA,0.5303097184673948,NA
PL63,PL,2021,10.303609593512952,8.487354832871858,35.3,-0.8910742506680799,-1.3126670701353722,1.0161479192526865,4.005853301627949,NA,4.075935231714126,NA,0.2717555085926316,NA
PL63,PL,2022,10.37379041353909,8.508051000240187,35,-0.7666621973505509,-1.2801507750112697,0.9857401918053911,4.4190890156660325,NA,4.005853301627949,NA,0.23615183407100604,NA
PL63,PL,2023,10.351388119913212,8.467591746265414,38.6,-0.8063755456411483,-1.3437173774324496,1.3506329211729402,6.36666967264857,NA,4.4190890156660325,NA,0.44608768836656837,NA
PL71,PL,2004,9.827065628505142,7.851778541824891,13.8,-1.735860805749897,-2.3112377661373893,-1.1630725478035082,NA,NA,NA,NA,NA,NA
PL71,PL,2005,9.835206045119723,8.005034206690224,14.8,-1.721429997653,-2.0704537436894555,-1.0617134563125223,NA,NA,NA,NA,NA,NA
PL71,PL,2006,9.865781413171893,8.121835453315478,16,-1.6672279475929839,-1.8869442204749332,-0.9400825465233394,NA,NA,NA,NA,NA,NA
PL71,PL,2007,9.88976591012933,8.188635344187704,17.5,-1.6247097707869638,-1.7819931477858364,-0.7880439092868607,NA,NA,NA,NA,NA,NA
PL71,PL,2008,9.898666655869603,8.349074359057886,18.4,-1.608931100016345,-1.5299231744378905,-0.6968207269449737,2.202510711869503,NA,NA,NA,NA,NA
PL71,PL,2009,9.925495925619051,8.308319344626913,19.2,-1.561369892591074,-1.5939544539226398,-0.6157334537521849,3.071859572133846,NA,2.202510711869503,NA,-0.6799990558630167,NA
PL71,PL,2010,9.973612301538688,8.211634200794155,20.2,-1.4760722696204303,-1.7458590367872604,-0.5143743622611991,2.917968107841526,NA,3.071859572133846,NA,-0.23834435502162554,NA
PL71,PL,2011,10.002747849371707,8.215778295346903,21.3,-1.424422640432757,-1.7393481403927158,-0.40287936162111454,2.7757427757427755,NA,2.917968107841526,NA,-0.3165257293014532,NA
PL71,PL,2012,10.050904712653963,8.357425598489082,21.9,-1.3390532440642664,-1.5168023216169777,-0.34206390672652326,2.6355548094678527,NA,2.7757427757427755,NA,-0.3887803665031873,NA
PL71,PL,2013,10.042402298328122,8.441737425810272,23.5,-1.3541257784695397,-1.384337783094565,-0.17988936034094583,3.0509835407466883,NA,2.6355548094678527,NA,-0.4599999621530714,NA
PL71,PL,2014,10.047682111474291,8.328342058636562,23.5,-1.3447660645989536,-1.5624962391558042,-0.17988936034094583,3.129657228017883,NA,3.0509835407466883,NA,-0.24894999082385927,NA
PL71,PL,2015,10.089967119478747,8.30156425981686,25.4,-1.2698059163928894,-1.6045675460649145,0.012692913491927083,3.2553243177585225,NA,3.129657228017883,NA,-0.20898145183562927,NA
PL71,PL,2016,10.110084436114931,8.396610467350065,26.8,-1.2341432286526426,-1.4552379393037163,0.15459564157930744,2.9069767441860463,NA,3.2553243177585225,NA,-0.14513888705889053,NA
PL71,PL,2017,10.137460279272311,8.367496906810796,27.3,-1.1856130909705844,-1.5009790231363198,0.20527518732480035,2.9025631865678307,NA,2.9069767441860463,NA,-0.3221096641853429,NA
PL71,PL,2018,10.187636839173493,8.306636634194101,28.1,-1.0966633060665176,-1.59659820472287,0.28636246051758907,3.2335864225100495,NA,2.9025631865678307,NA,-0.3243518808127697,NA
PL71,PL,2019,10.278661939113343,8.421318266996611,29,-0.9352998511691212,-1.4164188627628225,0.37758564285947616,3.3007560390927533,NA,3.2335864225100495,NA,-0.15618237496312104,NA
PL71,PL,2020,10.267091206549376,8.540335940587553,29.1,-0.9558117032126717,-1.229427052608177,0.3877215520085749,4.023871959490008,NA,3.3007560390927533,NA,-0.12205824105852889,NA
PL71,PL,2021,10.306739486521879,8.43709854617344,30.4,-0.8855257772281895,-1.3916260494016528,0.5194883709468562,4.042533687780732,NA,4.023871959490008,NA,0.24530584037546144,NA
PL71,PL,2022,10.320926923982023,8.418869375120444,30.2,-0.8603751986930115,-1.4202663814630394,0.49921655264865905,4.212880143112701,NA,4.042533687780732,NA,0.25478654530548994,NA
PL71,PL,2023,10.351388119913212,8.3523814810978,30.4,-0.8063755456411483,-1.5247272676621353,0.5194883709468562,4.217475016044742,NA,4.212880143112701,NA,0.3413275373143321,NA
PL72,PL,2005,9.683189837821097,7.993443159861465,15.4,-1.990914573075763,-2.088664743473793,-1.000898001417931,NA,NA,NA,NA,NA,NA
PL72,PL,2006,9.746517992345076,7.842785190853001,16.2,-1.8786504853349288,-2.325367457357616,-0.9198107282251423,NA,NA,NA,NA,NA,NA
PL72,PL,2007,9.79930879997408,7.81518286882616,16.1,-1.7850663298495857,-2.368734194452561,-0.9299466373742408,NA,NA,NA,NA,NA,NA
PL72,PL,2008,9.829331962468538,7.965824585082487,17.3,-1.7318431943599992,-2.132057015696845,-0.8083157275850578,0.9710391822827938,NA,NA,NA,NA,NA
PL72,PL,2009,9.832944368253806,8.173012036667439,19.1,-1.7254393532393937,-1.806539338831864,-0.6258693629012833,1.0341261633919339,NA,0.9710391822827938,NA,-1.3056226862073748,NA
PL72,PL,2010,9.840764202415299,8.214182097619563,21,-1.7115768531393438,-1.7418559687966366,-0.43328708906841035,1.054365733113674,NA,1.0341261633919339,NA,-1.2735726507816982,NA
PL72,PL,2012,9.883450067200341,8.19081610817527,21.5,-1.6359060917608985,-1.7785668918924762,-0.38260754332291746,0.946969696969697,NA,1.054365733113674,NA,-1.2632903561596112,NA
PL72,PL,2013,9.894160055187031,8.155020801255032,23.6,-1.616920112458663,-1.8348058439246022,-0.1697534511918471,1.0686469842419852,NA,0.946969696969697,NA,-1.3178506902012257,NA
PL72,PL,2014,9.921641390578927,7.974128815741713,26,-1.5682029649140772,-2.119010019599044,0.07350836838651871,0.971379011274935,NA,1.0686469842419852,NA,-1.256035062015903,NA
PL72,PL,2019,10.120627759259687,8.165331026646593,28.9,-1.215452702085117,-1.8186071765258727,0.3674497337103774,1.038338658146965,NA,0.971379011274935,NA,-1.3054500431192875,NA
PL81,PL,2004,9.61135705567845,7.560252152563435,15.3,-2.1182551188053353,-2.7692625753199818,-1.0110339105670294,NA,NA,NA,NA,NA,NA
PL81,PL,2005,9.613663775172487,7.666103226049827,16,-2.114165914538788,-2.60295715831056,-0.9400825465233394,NA,NA,NA,NA,NA,NA
PL81,PL,2006,9.648537583984872,7.6910304391500635,17.3,-2.0523438645864527,-2.5637933554980132,-0.8083157275850578,NA,NA,NA,NA,NA,NA
PL81,PL,2007,9.69984800644344,7.79291346082774,17.1,-1.9613840409155006,-2.4037222494788177,-0.8285875458832549,NA,NA,NA,NA,NA,NA
PL81,PL,2008,9.726816398942944,7.88195952224293,18.5,-1.9135762056082666,-2.263819630743416,-0.6866848177958749,1.2170177950501126,NA,NA,NA,NA,NA
PL81,PL,2009,9.730945200298684,8.031195705788809,19.3,-1.9062569315642104,-2.029350721548248,-0.6055975446030862,1.0367481010059534,NA,1.2170177950501126,NA,-1.180658341511395,NA
PL81,PL,2010,9.731144477398075,8.019045806614002,20.8,-1.9059036659126387,-2.048439749012371,-0.4535589073666075,1.14134311627433,NA,1.0367481010059534,NA,-1.2722406296271613,NA
PL81,PL,2011,9.779604298057496,7.976248121180757,21.4,-1.8199972061506653,-2.1156803228543444,-0.3927434524720162,1.4294592914853947,NA,1.14134311627433,NA,-1.2191032962857349,NA
PL81,PL,2012,9.80210442774639,8.192538328966648,22.1,-1.7801104203669804,-1.7758610653244595,-0.32179208842832585,1.5595162316995543,NA,1.4294592914853947,NA,-1.072731834854571,NA
PL81,PL,2013,9.813687701964458,8.130355589284159,24,-1.7595763352840021,-1.8735580098435356,-0.12920981459545292,1.4784523435042465,NA,1.5595162316995543,NA,-1.0066590973747456,NA
PL81,PL,2014,9.849445099374437,8.109902462678754,25.5,-1.6961879161773359,-1.9056924572064682,0.022828822641025807,1.2278031456113647,NA,1.4784523435042465,NA,-1.0478419284870475,NA
PL81,PL,2015,9.867860374892977,8.1768887982455,26.9,-1.6635424976881197,-1.8004484563339322,0.1647315507284058,1.7881571233144422,NA,1.2278031456113647,NA,-1.1751790673174298,NA
PL81,PL,2016,9.908942819994207,8.125962812419184,27.1,-1.5907141758126404,-1.8804596175863513,0.18500336902660325,1.8394261915779733,NA,1.7881571233144422,NA,-0.8905028231770925,NA
PL81,PL,2017,9.965362956254216,8.038245354763816,26.6,-1.4906961794719285,-2.018274831867173,0.13432382328111034,1.629304367922348,NA,1.8394261915779733,NA,-0.8644566338492988,NA
PL81,PL,2018,9.991088161089406,8.09213541791552,26.9,-1.4450921874643112,-1.933606730449569,0.1647315507284058,1.7184098980410127,NA,1.629304367922348,NA,-0.9712046787465506,NA
PL81,PL,2019,10.060489400521153,8.298834589049719,28.8,-1.3220621245885962,-1.6088562038959218,0.3573138245612791,1.6754540128881077,NA,1.7184098980410127,NA,-0.9259364578439476,NA
PL81,PL,2020,10.035579405564649,8.437319086471819,31.2,-1.3662209648460013,-1.39127955271455,0.6005756441396449,2.106002106002106,NA,1.6754540128881077,NA,-0.9477593064996814,NA
PL81,PL,2021,10.05184723689309,8.406318808470306,33.5,-1.3373823975872992,-1.4399849081790108,0.8337015545689124,1.771631043547834,NA,2.106002106002106,NA,-0.7290282562234157,NA
PL81,PL,2022,10.072465564683522,8.325163590645166,31.3,-1.300831549429268,-1.5674900141582657,0.6107115532887436,1.5497737556561084,NA,1.771631043547834,NA,-0.898898556062948,NA
PL81,PL,2023,10.074245261349601,8.263235489064487,29.8,-1.2976766174061491,-1.6647868900307694,0.4586729160522649,2.2877304803095835,NA,1.5497737556561084,NA,-1.0116085607479581,NA
PL82,PL,2004,9.629706194346648,7.892394770908901,13,-2.0857269434795374,-2.2474245359764806,-1.244159820996297,NA,NA,NA,NA,NA,NA
PL82,PL,2005,9.645162442231857,8.028869719308224,13.4,-2.05832709925903,-2.0330051403356184,-1.2036161843999025,NA,NA,NA,NA,NA,NA
PL82,PL,2006,9.677525120858125,7.996199125336416,14.1,-2.0009566197284454,-2.084334773332921,-1.1326648203562126,NA,NA,NA,NA,NA,NA
PL82,PL,2007,9.693290605897282,8.072524821990196,15.1,-1.9730085797292285,-1.9644174556103624,-1.0313057288652268,NA,NA,NA,NA,NA,NA
PL82,PL,2008,9.71538770311932,8.164145144405666,16.4,-1.9338362640348974,-1.8204703474329376,-0.8995389099269453,1.2833853624696496,NA,NA,NA,NA,NA
PL82,PL,2009,9.75743681574566,8.157487585475952,18.3,-1.859294296014654,-1.83093021408902,-0.706956636094072,1.2509951097463894,NA,1.2833853624696496,NA,-1.1469416720890258,NA
PL82,PL,2010,9.76117676449695,8.147992213475762,21,-1.8526643549099893,-1.8458486438048431,-0.43328708906841035,1.5466408893185113,NA,1.2509951097463894,NA,-1.1633968698013901,NA
PL82,PL,2011,9.836116508320838,8.3149208827057,21,-1.7198159869264413,-1.5835826031049214,-0.43328708906841035,1.4220914551918598,NA,1.5466408893185113,NA,-1.0132001486689302,NA
PL82,PL,2012,9.851701368885761,8.554499405270372,20.5,-1.692188146402103,-1.2071744591975193,-0.4839666348139033,1.6098839385997754,NA,1.4220914551918598,NA,-1.0764749116362902,NA
PL82,PL,2013,9.883797268151485,8.498498973383429,21.9,-1.635290596199156,-1.2951582166684632,-0.34206390672652326,1.357295463114239,NA,1.6098839385997754,NA,-0.981070826037598,NA
PL82,PL,2014,9.951055275785219,8.463769811348808,23.1,-1.5160599170956282,-1.3497221203146352,-0.22043299693734,1.3949883750968741,NA,1.357295463114239,NA,-1.1093931747235173,NA
PL82,PL,2015,9.971146201009942,8.471658711847258,23.8,-1.4804440143557367,-1.3373276604010162,-0.14948163289365002,1.2093726379440666,NA,1.3949883750968741,NA,-1.090244070691254,NA
PL82,PL,2016,9.954520328490526,8.408883284244903,25.3,-1.5099172940575936,-1.4359557925634794,0.0025570043428287167,1.243811133921024,NA,1.2093726379440666,NA,-1.1845423053938915,NA
PL82,PL,2017,9.974708818672454,8.288413948725218,27.5,-1.474128434423594,-1.6252283471117777,0.22554700562299745,1.4191106906338693,NA,1.243811133921024,NA,-1.1670465400764956,NA
PL82,PL,2018,10.056757264597264,8.302014995645237,28.3,-1.3286782156142942,-1.6038593831013246,0.30663427881578614,2.097064110245656,NA,1.4191106906338693,NA,-1.0779892273952567,NA
PL82,PL,2019,10.139896178125564,8.501731793159069,28.4,-1.1812948858271537,-1.290079048142381,0.31677018796488454,2.47835882841219,NA,2.097064110245656,NA,-0.7335690200322462,NA
PL82,PL,2020,10.092737819404597,8.54230885714362,29.4,-1.2648941973965395,-1.2263273513035542,0.41812927945587036,2.1294117647058823,NA,2.47835882841219,NA,-0.5398601278010682,NA
PL82,PL,2021,10.125667149128358,8.414482090188587,29.7,-1.2065191951697607,-1.427159360684695,0.44853700690316617,2.1175030599755202,NA,2.1294117647058823,NA,-0.7171354634860195,NA
PL82,PL,2022,10.156725908301263,8.469360540273305,30.2,-1.1514602203564615,-1.340938378454004,0.49921655264865905,2.4855420204257412,NA,2.1175030599755202,NA,-0.7231854345223848,NA
PL82,PL,2023,10.145815453850853,8.385569974356349,30.6,-1.1708015737390154,-1.4725839494180648,0.5397601892450536,2.614772864200506,NA,2.4855420204257412,NA,-0.5362108557253372,NA
PL84,PL,2005,9.719823971000878,8.064081363029787,15.6,-1.9259719330680383,-1.977683196969077,-0.9806261831197338,NA,NA,NA,NA,NA,NA
PL84,PL,2006,9.753162535063744,8.145212397773745,16.7,-1.8668714664708344,-1.8502160856673258,-0.8691311824796495,NA,NA,NA,NA,NA,NA
PL84,PL,2007,9.811073641553666,8.274144735905837,18.9,-1.7642103738016714,-1.6476470842125244,-0.6461411811994807,NA,NA,NA,NA,NA,NA
PL84,PL,2008,9.787441020759378,8.316886756078521,19.5,-1.8061047671301742,-1.5804939675315013,-0.5853257263048891,1.7561566410981024,NA,NA,NA,NA,NA
PL84,PL,2009,9.832944368253806,8.280146552309116,19.9,-1.7254393532393937,-1.6382174719574387,-0.544782089708495,1.2747875354107647,NA,1.7561566410981024,NA,-0.9067600060481211,NA
PL84,PL,2010,9.85702472328708,8.178039375982392,21.5,-1.682751245389003,-1.7986407532655246,-0.38260754332291746,1.1216931216931216,NA,1.2747875354107647,NA,-1.1513096202294568,NA
PL84,PL,2011,9.87913389340453,8.217151650437183,22.6,-1.6435575276405612,-1.7371904259410018,-0.2711125426828329,1.203039257070494,NA,1.1216931216931216,NA,-1.229086069456519,NA
PL84,PL,2012,9.86239665800251,8.45665010027112,24,-1.6732282243130805,-1.3609080864155252,-0.12920981459545292,1.3764474546646275,NA,1.203039257070494,NA,-1.1877598485033192,NA
PL84,PL,2013,9.894160055187031,8.313741133547556,24.7,-1.616920112458663,-1.5854361381636553,-0.058258450551762916,1.480008835873647,NA,1.3764474546646275,NA,-1.0996634016884073,NA
PL84,PL,2014,9.916653849067886,8.312964403794078,26.1,-1.5770445583888162,-1.5866564787922488,0.08364427753561744,1.4810045074050227,NA,1.480008835873647,NA,-1.0470511847440116,NA
PL84,PL,2015,9.913437883389296,8.501918498154193,27.8,-1.5827456159330728,-1.2897857109937882,0.25595473307029326,1.4330218068535827,NA,1.4810045074050227,NA,-1.0465453544238426,NA
PL84,PL,2016,9.944569997637357,8.484682872622852,28.1,-1.5275566019506963,-1.316865057447242,0.28636246051758907,1.271363067944977,NA,1.4330218068535827,NA,-1.0709219726334351,NA
PL84,PL,2017,9.997698336897152,8.261060986708362,29.2,-1.433374092054124,-1.6682033081096073,0.39785746115767323,1.3897531632441402,NA,1.271363067944977,NA,-1.1530493500701144,NA
PL84,PL,2018,10.043963913137356,8.374083736273851,30.5,-1.3513574479650596,-1.490630281413222,0.5296242800959549,1.274409044193217,NA,1.3897531632441402,NA,-1.0929037117517568,NA
PL84,PL,2019,10.056348607855123,8.525657518922381,32.3,-1.3294026560578938,-1.2524887085334746,0.712070644779729,1.398880895283773,NA,1.274409044193217,NA,-1.1515019048612058,NA
PL84,PL,2021,10.08359593520767,8.564051261147954,31.7,-1.2811003429460948,-1.1921672861702244,0.6512551898851378,2.006294256490952,NA,1.398880895283773,NA,-1.0882665563500709,NA
PL84,PL,2022,10.125954249634509,8.562438087471408,33,-1.2060102418194656,-1.1947017859362667,0.7830220088234194,2.3517978620019435,NA,2.006294256490952,NA,-0.7796827661217745,NA
PL84,PL,2023,10.124570345237117,8.558859687639067,34.7,-1.208463538711843,-1.200323904415966,0.9553324643580956,2.3205928237129485,NA,2.3517978620019435,NA,-0.6041568081246824,NA
PL91,PL,2013,10.708520806500148,NA,NA,-0.1732736407540559,NA,NA,8.360341779611078,NA,NA,NA,NA,NA
PL91,PL,2014,10.675120495748475,9.06548950225228,48,-0.23248356791808175,-0.40434442292787576,2.303408381188207,9.241902136457615,NA,8.360341779611078,NA,2.4483596069967586,NA
PL91,PL,2015,10.707728780601661,9.19894278643227,51.7,-0.174677693432192,-0.19467244374210876,2.6784370197048544,9.700654199431707,NA,9.241902136457615,NA,2.8962181060098002,NA
PL91,PL,2016,10.770936021983527,9.13472961155814,52.1,-0.06262795274911316,-0.29555945861318544,2.7189806563012486,8.417113084317899,NA,9.700654199431707,NA,3.1292775996077857,NA
PL91,PL,2017,10.812660816641419,9.246257227134318,53.3,0.01133908519241011,-0.12033547641287909,2.8406115660904314,8.720718090928994,NA,8.417113084317899,NA,2.4772010937033064,NA
PL91,PL,2018,10.860126008113017,9.273207150812642,56.7,0.09548233016862827,-0.07799373959268699,3.1852324771597837,9.163787145818937,NA,8.720718090928994,NA,2.6314413354492947,NA
PL91,PL,2019,10.83113313842939,9.364881925507785,57.4,0.044085631646665215,0.06603891999938102,3.256183841203473,9.513513513513514,NA,9.163787145818937,NA,2.856533401285781,NA
PL91,PL,2020,10.80747563255691,9.315568381899414,56.1,0.002147123648745971,-0.011438890700919939,3.124417022265192,8.879582422918185,NA,9.513513513513514,NA,3.0342046462374666,NA
PL91,PL,2021,10.816939914893952,9.259393457044265,57.8,0.018924795928575298,-0.09969679868245318,3.2967274777998674,8.773067625729617,NA,8.879582422918185,NA,2.7121490722693777,NA
PL91,PL,2022,10.858255367614014,9.219726685798552,58.1,0.09216617875556035,-0.16201831055907762,3.3271352052471634,8.82180882180882,NA,8.773067625729617,NA,2.658036433445426,NA
PL91,PL,2023,10.891606367896221,9.262809323605218,57.7,0.15128869148421745,-0.09433004051782405,3.286591568650769,10.07351252010108,NA,8.82180882180882,NA,2.682798389613939,NA
PL92,PL,2013,10.081623011481405,NA,NA,-1.2845978154995952,NA,NA,1.8802762854950115,NA,NA,NA,NA,NA
PL92,PL,2014,10.098975405861841,8.249237390667687,20.4,-1.2538366044729696,-1.6867796721022508,-0.494102543963002,2.0917620728243094,NA,1.8802762854950115,NA,-0.8437035888602178,NA
PL92,PL,2015,10.150347630467653,8.237761043011524,21.5,-1.1627672219220397,-1.7048104649873954,-0.38260754332291746,1.8120418416934354,NA,2.0917620728243094,NA,-0.7362626104402014,NA
PL92,PL,2016,10.183586898107858,8.274585848401749,21.6,-1.103842781649774,-1.6469540407207162,-0.37247163417381873,1.713022656106097,NA,1.8120418416934354,NA,-0.8783686862011176,NA
PL92,PL,2017,10.22447165626194,8.406100348212924,21.8,-1.0313649065060315,-1.4403281368587717,-0.35219981587562166,1.5447154471544715,NA,1.713022656106097,NA,-0.9286733346420628,NA
PL92,PL,2018,10.276505226910336,8.287790161162905,22.6,-0.9391231321380689,-1.6262083962247338,-0.2711125426828329,1.419764617971231,NA,1.5447154471544715,NA,-1.014178329721227,NA
PL92,PL,2019,10.330453448241748,8.387896060928698,23.6,-0.8434871879275321,-1.4689293733738804,-0.1697534511918471,1.6411598872331856,NA,1.419764617971231,NA,-1.0776570131418595,NA
PL92,PL,2020,10.322210505770455,8.506692425434531,26.2,-0.8580997472827789,-1.2822852677674725,0.09378018668471581,1.654210264075735,NA,1.6411598872331856,NA,-0.96518172746212,NA
PL92,PL,2021,10.387743270674967,8.497041549541454,26.3,-0.7419274677581347,-1.297448013756164,0.10391609583381453,2.114684764433953,NA,1.654210264075735,NA,-0.9585517535313888,NA
PL92,PL,2022,10.48401711884809,8.530399764193412,28.2,-0.5712593688738913,-1.2450380417486824,0.29649836966668747,1.914436413361985,NA,2.114684764433953,NA,-0.7246172112591888,NA
PL92,PL,2023,10.449140303373088,8.691172675455489,29.7,-0.6330867488447365,-0.9924434749614528,0.44853700690316617,1.787109375,NA,1.914436413361985,NA,-0.8263492427014107,NA
PT11,PT,2000,10.259292127056916,NA,NA,-0.9696374107675578,NA,NA,1.285109016767317,NA,NA,NA,NA,NA
PT11,PT,2001,10.2601887091382,8.826765200108971,6.8,-0.9680480075993039,-0.7794104785718928,-1.872586188240409,1.562586579486895,NA,1.285109016767317,NA,-1.1460660051870653,NA
PT11,PT,2002,10.26836824892975,8.844975108019876,7.5,-0.9535478444453226,-0.7508004113417722,-1.8016348241967188,1.4510961819885686,NA,1.562586579486895,NA,-1.005099270709666,NA
PT11,PT,2003,10.256275068428995,8.791537102652793,7.2,-0.9749858586588667,-0.8347582728354194,-1.8320425516440146,1.5495043205663586,NA,1.4510961819885686,NA,-1.06173966032131,NA
PT11,PT,2004,10.274408692411502,8.729706287208142,8.1,-0.9428397339354528,-0.9319022998903473,-1.7408193693021272,1.3799356071695847,NA,1.5495043205663586,NA,-1.0117454416704494,NA
PT11,PT,2005,10.293531326986805,8.729098433638276,9.4,-0.9089403547109263,-0.9328573146869635,-1.6090525503638458,1.3087510128583888,NA,1.3799356071695847,NA,-1.0978913179813008,NA
PT11,PT,2006,10.307812047450394,8.7793110743409,9.8,-0.8836244100544374,-0.853966908797338,-1.5685089137674515,1.552289278755676,NA,1.3087510128583888,NA,-1.1340551782473252,NA
PT11,PT,2007,10.339869762579713,8.775299637807121,10.6,-0.8267945502377297,-0.8602693826748711,-1.487421640574663,1.536378620202496,NA,1.552289278755676,NA,-1.010330601285676,NA
PT11,PT,2008,10.353616772416016,8.841910789583396,10.8,-0.8024247335260737,-0.755614842963893,-1.4671498222764656,1.608946197295601,NA,1.536378620202496,NA,-1.018413682157672,NA
PT11,PT,2009,10.346086363929304,8.90692298564376,11.8,-0.8157741583661178,-0.6534724648055176,-1.3657907307854797,1.5852360108837102,NA,1.608946197295601,NA,-0.9815472261044662,NA
PT11,PT,2010,10.381272836787144,8.794024015927944,12.5,-0.7533978376617586,-0.8308510177111396,-1.29483936674179,1.2345679012345678,NA,1.5852360108837102,NA,-0.9935926957257792,NA
PT11,PT,2011,10.383885468774155,8.792857027911417,12.8,-0.7487663313620878,-0.8326845034032656,-1.264431639294494,1.4032090781526447,NA,1.2345679012345678,NA,-1.1717423731919872,NA
PT11,PT,2012,10.394100822728873,8.699068064780688,14.8,-0.7306572075245702,-0.9800388202807633,-1.0617134563125223,1.6049933125278644,NA,1.4032090781526447,NA,-1.0860677125975673,NA
PT11,PT,2013,10.415647399315255,8.630777878245926,16.5,-0.6924608194789947,-1.0873313358429677,-0.8894030007778465,1.9661242112255066,NA,1.6049933125278644,NA,-0.983555407421946,NA
PT11,PT,2014,10.417621488264711,8.623625268816014,16.5,-0.6889612812926094,-1.0985689894138595,-0.8894030007778465,2.171503097489403,NA,1.9661242112255066,NA,-0.8000903264642368,NA
PT11,PT,2015,10.419300717813158,8.622433402370381,18.2,-0.6859844509273334,-1.1004415622629753,-0.7170925452431707,2.0539069586626924,NA,2.171503097489403,NA,-0.6957518327731792,NA
PT11,PT,2016,10.427441614006613,8.646799565839412,18.7,-0.671552792663789,-1.0621592393429546,-0.6664129994976778,1.9667748711094137,NA,2.0539069586626924,NA,-0.7554941179333865,NA
PT11,PT,2017,10.432376576190762,8.657078791605958,20.2,-0.6628044084450558,-1.0460092762737647,-0.5143743622611991,2.4903863761215894,NA,1.9667748711094137,NA,-0.7997597721729606,NA
PT11,PT,2018,10.444886304953503,8.733742251448884,20.5,-0.6406279642080371,-0.9255612898846428,-0.4839666348139033,2.5872836495568907,NA,2.4903863761215894,NA,-0.533749781048172,NA
PT11,PT,2019,10.467311119763187,8.751349213814253,21.7,-0.6008746918082704,-0.897898526324496,-0.3623357250247204,2.6701323251417772,NA,2.5872836495568907,NA,-0.48452312617178345,NA
PT11,PT,2020,10.422334390836411,8.813351984068062,23.1,-0.6806065501023447,-0.8004843365276904,-0.22043299693734,3.190220632081097,NA,2.6701323251417772,NA,-0.44243357075507483,NA
PT11,PT,2021,10.462962685402301,8.78086840701915,23.7,-0.6085833171471129,-0.8515201422984394,-0.15961754204274872,3.290457672749028,NA,3.190220632081097,NA,-0.1782134675130391,NA
PT11,PT,2022,10.477827235670695,8.865704782142664,24.9,-0.5822323964846908,-0.7182314728708458,-0.03798663225356583,3.413748682515517,NA,3.290457672749028,NA,-0.12729011299692428,NA
PT11,PT,2023,10.49263830527791,8.908110553058904,25.8,-0.5559762829058484,-0.651606646276736,0.05323655008832163,3.5179943388596846,NA,3.413748682515517,NA,-0.06465466648780424,NA
PT15,PT,2022,10.595078497850043,9.082052009975586,24.8,-0.37437688444633566,-0.3783226296392116,-0.04812254140266419,1.7195767195767195,NA,NA,NA,NA,NA
PT19,PT,2019,10.55365914681141,NA,NA,-0.4478024515439636,NA,NA,2.5417201540436456,NA,NA,NA,NA,NA
PT19,PT,2020,10.510703541286501,8.793242746102337,26.3,-0.5239513919932398,-0.8320784913669563,0.10391609583381453,3.457518091664433,NA,2.5417201540436456,NA,-0.5076707173172661,NA
PT19,PT,2021,10.543988580648893,8.80301318788285,28,-0.46494581054965395,-0.81672789225486,0.27622655136849034,3.5975114958074115,NA,3.457518091664433,NA,-0.04241852379844604,NA
PT19,PT,2022,10.55602798297817,8.899087413022743,29.6,-0.44360313082685576,-0.6657831398825484,0.4384010977540678,2.9457565533350634,NA,3.5975114958074115,NA,0.02870222858597066,NA
PT19,PT,2023,10.560460901616672,8.901889949046078,30.6,-0.4357447371831204,-0.661380001523214,0.5397601892450536,3.1472986748216107,NA,2.9457565533350634,NA,-0.30240838453658664,NA
PT1A,PT,2019,10.804162216021437,NA,NA,-0.0037266885198911767,NA,NA,6.612645058023209,NA,NA,NA,NA,NA
PT1A,PT,2020,10.730857553752346,9.332483903609871,38.4,-0.13367648886774963,0.015137532185817544,1.3303611028747426,6.3567657107361,NA,6.612645058023209,NA,1.560478449023347,NA
PT1A,PT,2021,10.765243557275236,9.333415267558214,40.5,-0.07271918882376022,0.016600822681748523,1.543215195005813,7.833773623247306,NA,6.3567657107361,NA,1.4304842410097593,NA
PT1A,PT,2022,10.810532989496432,9.427661266843987,41.8,0.007567009800386976,0.16467320113245054,1.6749820139440943,9.26877470355731,NA,7.833773623247306,NA,2.1808475503285876,NA
PT1A,PT,2023,10.8206159179077,9.506256451084427,41.5,0.025441378133962363,0.2881561707380349,1.644574286496799,8.750119537152147,NA,9.26877470355731,NA,2.90987015770703,NA
PT1B,PT,2019,10.633140214481417,NA,NA,-0.3069035161224046,NA,NA,4.654327708219924,NA,NA,NA,NA,NA
PT1B,PT,2020,10.566340621591898,8.459235876583165,28.4,-0.4253215469898803,-1.3568455049630743,0.31677018796488454,4.350220264317181,NA,4.654327708219924,NA,0.5655958388168004,NA
PT1B,PT,2021,10.61014725089997,8.504295469162626,27.9,-0.3476639661991843,-1.28605118906825,0.2660906422193916,4.958217270194986,NA,4.350220264317181,NA,0.4111003442006732,NA
PT1B,PT,2022,10.616131907047876,8.642936627699793,30.7,-0.33705475189415063,-1.0682284034716827,0.549896098394152,6.93610049153468,NA,4.958217270194986,NA,0.7199806430277438,NA
PT1B,PT,2023,10.592721763834893,8.714412185474073,32.4,-0.3785547512458237,-0.9559312670315815,0.7222065539288278,6.006790284669627,NA,6.93610049153468,NA,1.7248032894327463,NA
PT1C,PT,2021,10.536887959099317,9.132708341905174,20.5,-0.4775333366926143,-0.29873512874531855,-0.4839666348139033,1.786576533075809,NA,NA,NA,NA,NA
PT1C,PT,2023,10.562507985238398,9.295400954722234,22.3,-0.43211579872676265,-0.043124468147039796,-0.3015202701301287,2.132591562355123,NA,1.786576533075809,NA,-0.8913058093439854,NA
PT1D,PT,2020,10.490602361965415,8.676568005282824,21.5,-0.5595854725370236,-1.0153892579691446,-0.38260754332291746,1.5655577299412915,NA,NA,NA,NA,NA
PT1D,PT,2021,10.505522299821099,8.713928573768586,20.5,-0.5331363643148027,-0.956691082153929,-0.4839666348139033,2.0764119601328903,NA,1.5655577299412915,NA,-1.0035898391971056,NA
PT1D,PT,2022,10.503802722073956,8.785586468997824,21.5,-0.5361847213770514,-0.8441074705229337,-0.38260754332291746,2.96061326989162,NA,2.0764119601328903,NA,-0.7440609175853318,NA
PT1D,PT,2023,10.554294386701008,8.737472798513481,22.7,-0.4466763390393715,-0.9197001288702402,-0.26097663353373457,2.829945973758683,NA,2.96061326989162,NA,-0.2948607370889599,NA
RO11,RO,2000,8.983045449539498,NA,NA,-3.2320856071619555,NA,NA,1.4599874225687324,1.2685044260199525,NA,NA,NA,NA
RO11,RO,2001,9.085945099081759,7.186256965042612,8.8,-3.049671712875186,-3.35685629139281,-1.6698680052584374,1.0825979574833178,1.4082618806041336,1.4599874225687324,1.2685044260199525,-1.0572226495123844,-1.0631180606552708
RO11,RO,2002,9.24391826034331,7.267087189076199,10.2,-2.7696270318029086,-3.229861791742329,-1.5279652771710572,1.4074019858632971,1.3581136174886335,1.0825979574833178,1.4082618806041336,-1.2489475587189258,-0.9956182729064001
RO11,RO,2003,9.27810460294671,7.434873634174287,9.4,-2.709023677822128,-2.9662480767226787,-1.6090525503638458,1.5531010075063505,1.2767254527601983,1.4074019858632971,1.3581136174886335,-1.0839375925902313,-1.019838784980995
RO11,RO,2004,9.369874368344398,7.582413744247451,8.4,-2.5463401277960385,-2.7344439133526413,-1.7104116418548319,1.2344545397838642,1.312075867743256,1.5531010075063505,1.2767254527601983,-1.0099182192892995,-1.0591474849053375
RO11,RO,2005,9.4028043287003,7.6738823421665145,9.4,-2.487964007625074,-2.5907351835384604,-1.6090525503638458,1.002127421341395,1.1871162612915171,1.2344545397838642,1.312075867743256,-1.171799964131466,-1.0420740091806229
RO11,RO,2006,9.470285689456365,7.775109974546433,9.1,-2.368337382441783,-2.431693776953358,-1.6394602778111413,1.1485942210493871,1.3285179212237481,1.002127421341395,1.1871162612915171,-1.2898289495974975,-1.1024267605796136
RO11,RO,2007,9.53983699486097,7.953890214058882,9.6,-2.245041292241088,-2.1508074211906623,-1.5887807320656486,1.1720461585490505,1.3334505372678958,1.1485942210493871,1.3285179212237481,-1.2154195225366973,-1.0341328576807556
RO11,RO,2008,9.588540288906612,8.305474677009354,11,-2.1587032184869046,-1.5984237863423263,-1.4468780039782685,1.5873015873015872,1.1928709800096895,1.1720461585490505,1.3334505372678958,-1.2035052509318374,-1.0317505122307955
RO11,RO,2009,9.599076120696624,8.40620741209632,12.1,-2.14002597211225,-1.4401599259640834,-1.3353830033381842,1.5086794510588024,1.259461296605682,1.5873015873015872,1.1928709800096895,-0.9925433223653252,-1.09964735755466
RO11,RO,2010,9.558240738550268,8.058521583215146,12.1,-2.212416316638604,-1.986418313865868,-1.3353830033381842,1.616484590105693,1.0802429136683198,1.5086794510588024,1.259461296605682,-1.0324856719202091,-1.0674856939801978
RO11,RO,2011,9.555851847158536,7.962772177377146,12.6,-2.2166511899713357,-2.13685273405472,-1.2847034575926912,2.025700517579868,1.2191782655784769,1.616484590105693,1.0802429136683198,-0.9777175016134791,-1.15404424532875
RO11,RO,2012,9.569107054313928,8.004069951762538,13,-2.1931532094869617,-2.07196871007166,-1.244159820996297,2.1035318559556786,1.3498925907483874,2.025700517579868,1.2191782655784769,-0.7698238167086828,-1.0869415151548723
RO11,RO,2013,9.560993567125522,7.955799828796387,13.7,-2.207536278825553,-2.1478071750449406,-1.173208456952607,2.394122731201383,1.3720893629470516,2.1035318559556786,1.3498925907483874,-0.7302832156477905,-1.0238093607309284
RO11,RO,2014,9.62051518348364,7.93995718084558,14.2,-2.1020201776296172,-2.1726979776340243,-1.122528911207114,2.375662279952145,1.430458652802798,2.394122731201383,1.3720893629470516,-0.5826545340678148,-1.0130888062061076
RO11,RO,2015,9.680344001221918,8.019631778754984,14.2,-1.9959594895440809,-2.047519112706548,-1.122528911207114,2.6817588158467567,1.5915907769116189,2.375662279952145,1.430458652802798,-0.5920329843615209,-0.9848977183815791
RO11,RO,2016,9.736870056902903,8.217604791357822,17.4,-1.8957537260521025,-1.7364784842734422,-0.7981798184359594,2.6192133658197005,1.5603508752986845,2.6817588158467567,1.5915907769116189,-0.43652697271504115,-0.9070744336828811
RO11,RO,2017,9.823920047430612,8.184943595230095,17.4,-1.7414370899855807,-1.7877933520697178,-0.7981798184359594,2.519167579408543,1.8645288646877851,2.6192133658197005,1.5603508752986845,-0.4683018944792339,-0.9221626215326286
RO11,RO,2018,9.866825053879927,8.058745395845301,17.1,-1.665377848329911,-1.9860666759318917,-0.8285875458832549,2.640681683961866,1.878504610146203,2.519167579408543,1.8645288646877851,-0.5191280862274189,-0.7752513187850861
RO11,RO,2019,9.927114920735011,8.261524597283735,17.7,-1.5584998419616767,-1.667474917290998,-0.7677720909886636,2.508104419041119,1.7592997224126368,2.640681683961866,1.878504610146203,-0.45739535964606826,-0.7685013400101991
RO11,RO,2020,9.927420202924914,8.322937400518864,18.9,-1.5579586572893844,-1.5709876402578686,-0.6461411811994807,2.9192006950477847,1.816024806920334,2.508104419041119,1.7592997224126368,-0.5247484959452727,-0.8260746883842359
RO11,RO,2021,9.93092891941218,8.296849136029168,20.1,-1.5517386299011713,-1.6119756015709739,-0.5245102714102975,2.997916855357305,1.8859035342124244,2.9192006950477847,1.816024806920334,-0.31589953887466005,-0.7986777157096943
RO11,RO,2022,9.957670553624402,8.48395473725736,19.3,-1.504332777131573,-1.3180090501495267,-0.6055975446030862,2.568973315241972,1.8817930208423017,2.997916855357305,1.8859035342124244,-0.2759094223381144,-0.7649278218352589
RO11,RO,2023,10.005441179821625,8.518623771593017,18.2,-1.4196480770775235,-1.2635396147191282,-0.7170925452431707,2.7224743031762197,1.7288819234737265,2.568973315241972,1.8817930208423017,-0.4938253126630643,-0.7669131097102255
RO12,RO,2000,9.277844989760142,NA,NA,-2.7094839034164884,NA,NA,1.2783726534260949,1.1253663610677564,NA,NA,NA,NA
RO12,RO,2001,9.323616750958879,7.485770733833865,8.3,-2.628342662938342,-2.8862822992896855,-1.72054755100393,1.3356363788589172,1.1925106560724206,1.2783726534260949,1.1253663610677564,-1.1494882752011097,-1.1322506091250746
RO12,RO,2002,9.429635406138404,7.519447400763115,8.5,-2.440399595645379,-2.833371998499243,-1.7002757327057332,1.3725631028114096,1.1799211007590458,1.3356363788589172,1.1925106560724206,-1.1203966243333483,-1.0998213861197825
RO12,RO,2003,9.453995269410374,7.657577282771216,7.9,-2.3972159935291413,-2.616352492959957,-1.7610911876003248,0.8371591785238662,1.1729269033627268,1.3725631028114096,1.1799211007590458,-1.101636766276674,-1.105901865433275
RO12,RO,2004,9.521680381212402,7.830528377503647,8,-2.2772281715689453,-2.344624460504901,-1.750955278451226,1.3941578148710163,1.1253663610677564,0.8371591785238662,1.1729269033627268,-1.3736376520184697,-1.1092799094963262
RO12,RO,2005,9.54421598275013,7.917124843332446,9.3,-2.2372785035683416,-2.208570466087434,-1.6191884595129444,1.1232806928171164,1.0176557211644408,1.3941578148710163,1.1253663610677564,-1.090666019628957,-1.1322506091250746
RO12,RO,2006,9.606417863780944,7.9983248916504595,9.7,-2.1270110011884307,-2.0809949257368827,-1.5786448229165502,1.4461387112641415,1.1246669413281245,1.1232806928171164,1.0176557211644408,-1.228279536795259,-1.1842724876960644
RO12,RO,2007,9.693987674688229,8.322846190925262,10.8,-1.9717728609166958,-1.5711309420591606,-1.4671498222764656,1.3194350359029938,1.1435512742981861,1.4461387112641415,1.1246669413281245,-1.0642582007482921,-1.13258841353138
RO12,RO,2008,9.735470720760384,8.522931030952797,11.1,-1.8982343793517849,-1.256772365787183,-1.43674209482917,1.4307961845435078,1.0372394738741346,1.3194350359029938,1.1435512742981861,-1.1286273814016343,-1.1234676945611415
RO12,RO,2009,9.758835340183493,8.606187558709209,11.4,-1.8568150816529405,-1.1259658362807397,-1.4063343673818742,1.8464626191670848,1.0589214858027243,1.4307961845435078,1.0372394738741346,-1.0720526539979256,-1.1748139643195206
RO12,RO,2010,9.796651761995266,8.3602041580366,11.8,-1.7897765562414087,-1.5124368533320007,-1.3657907307854797,1.7133258678611423,0.939320710325666,1.8464626191670848,1.0589214858027243,-0.8608819224027155,-1.1643420277240617
RO12,RO,2011,9.84539785304838,8.241635707169525,11.2,-1.703362614699225,-1.6987228778015113,-1.4266061856800714,1.4214723217381258,1.109979126795854,1.7133258678611423,0.939320710325666,-0.9285192941836381,-1.2221065812022383
RO12,RO,2012,9.869764285628843,8.40971219946943,12.4,-1.66016736693453,-1.4346534619631361,-1.3049752758908884,1.4177909901669334,1.2316781614918078,1.4214723217381258,1.109979126795854,-1.0767894495770274,-1.1396823060637877
RO12,RO,2013,9.830122231681555,8.266723325187547,13.1,-1.7304422558211163,-1.6593070585864464,-1.2340239118471983,1.6346917924849584,1.2603543708167164,1.4177909901669334,1.2316781614918078,-1.0786596739116847,-1.0809043393666955
RO12,RO,2014,9.873350524605254,8.420706788321413,14.3,-1.6538099126531978,-1.417379573058163,-1.1123930020580153,1.911332277765211,1.2932270985794168,1.6346917924849584,1.2603543708167164,-0.9684677091682138,-1.0670543587081855
RO12,RO,2015,9.893437216682626,8.371514498442487,14.6,-1.6182015141652335,-1.494666878821905,-1.0819852746107197,2.9219701162147205,1.3848510844711979,1.911332277765211,1.2932270985794168,-0.8279262345639725,-1.0511775516118447
RO12,RO,2016,9.92209437335482,8.63291840192333,17.8,-1.567399946122826,-1.0839683025636213,-0.7576361818395649,2.6777970511708586,1.3652673317615043,2.9219701162147205,1.3848510844711979,-0.3144925917526325,-1.0069251743858731
RO12,RO,2017,9.981764857798012,8.417514851968015,17.5,-1.4616199411404922,-1.422394508559857,-0.7880439092868607,2.84240446362775,1.606567141934516,2.6777970511708586,1.3652673317615043,-0.438539665286129,-1.0163836977624165
RO12,RO,2018,10.088062026923554,8.426101003310595,17.9,-1.2731831421999287,-1.4089045794311041,-0.7475002726904666,2.3212321232123214,1.669514918501389,2.84240446362775,1.606567141934516,-0.35491427526397135,-0.899841177587148
RO12,RO,2019,10.09219467109446,8.575020454104951,18.1,-1.2658570558597926,-1.174933297426551,-0.7272284543922691,2.097370136926755,1.5673996365151286,2.3212321232123214,1.669514918501389,-0.6196850992839091,-0.8694387810196865
RO12,RO,2020,10.074974157180742,8.506866928564696,18.3,-1.2963844776595188,-1.282011101291162,-0.706956636094072,2.35487404162103,1.6296479933423695,2.097370136926755,1.5673996365151286,-0.7334135495088834,-0.9187582243402351
RO12,RO,2021,10.05892292059071,8.547174229838737,17.1,-1.324839079667697,-1.2186832357710689,-0.8285875458832549,1.9852777158153023,1.7114801028793036,2.35487404162103,1.6296479933423695,-0.6025940187181502,-0.8886936321790787
RO12,RO,2022,10.044681930614031,8.736807688413876,16.4,-1.35008459266702,-0.9207451009128365,-0.8995389099269453,2.3312073894875742,1.651330005270959,1.9852777158153023,1.7114801028793036,-0.7903597847607621,-0.8491705166413792
RO12,RO,2023,10.144167389323252,8.598091547965902,18.9,-1.173723156755603,-1.1386856925696933,-0.6461411811994807,2.1577805685580547,1.5443187851072753,2.3312073894875742,1.651330005270959,-0.6146173716500679,-0.8782216955836198
RO21,RO,2000,8.518739841408399,NA,NA,-4.055176788668809,NA,NA,0.7440572719886104,0.8259885897584416,NA,NA,NA,NA
RO21,RO,2001,8.59124885724565,6.652193694282069,6.8,-3.9266374592482363,-4.195937200332914,-1.872586188240409,1.0163777218259968,0.8451134820119223,0.7440572719886104,0.8259885897584416,-1.4209361492708712,-1.2768435117379133
RO21,RO,2002,8.848605523699165,6.760444707085949,7,-3.4704120789162425,-4.025861175281021,-1.8523143699422118,0.8652033135763862,0.8632045963057554,1.0163777218259968,0.8451134820119223,-1.282589379287929,-1.2676066079056931
RO21,RO,2003,8.823368445831763,6.958563999965787,7,-3.5151507507648825,-3.714590722041555,-1.8523143699422118,0.6671985241088023,0.8404614811935079,0.8652033135763862,0.8632045963057554,-1.3593904094636107,-1.2588689961725117
RO21,RO,2004,8.996670122454455,7.060284163503631,7.2,-3.2079326614924937,-3.5547754867468235,-1.8320425516440146,0.7850912412937623,0.8223703668996748,0.6671985241088023,0.8404614811935079,-1.4599826458540486,-1.2698534223513682
RO21,RO,2005,9.003648389785402,7.108207080317931,8.5,-3.1955620370552418,-3.4794825265281957,-1.7002757327057332,0.7468554098554441,0.7329485733901564,0.7850912412937623,0.8223703668996748,-1.4000896901954076,-1.2785910340845497
RO21,RO,2006,9.04907222438006,7.253047751956709,9.4,-3.115037578529787,-3.2519195221727584,-1.6090525503638458,0.8889091893074007,0.8203028109803797,0.7468554098554441,0.7329485733901564,-1.4195146132236351,-1.3217798006514176
RO21,RO,2007,9.110274335173745,7.4693047058706155,9.8,-3.0065424046578744,-2.912152510679361,-1.5685089137674515,0.6670936971007972,0.848731704870689,0.8889091893074007,0.8203028109803797,-1.347347129794525,-1.2795896182826276
RO21,RO,2008,9.197361138045924,7.791206629037596,10.3,-2.852160510029807,-2.406403897980581,-1.5178293680219586,0.9738901834259425,0.7582761334015229,0.6670936971007972,0.848731704870689,-1.4600359010464994,-1.2658590855590568
RO21,RO,2009,9.185705833081347,7.918156450814264,11.1,-2.872822286597037,-2.2069496803286968,-1.43674209482917,1.074365284196627,0.7851543603523609,0.9738901834259425,0.7582761334015229,-1.304174294066396,-1.3095471442249635
RO21,RO,2010,9.19051595842495,7.252652084596697,11.2,-2.8642952051168056,-3.252541165611379,-1.4266061856800714,0.7191396714389392,0.7169250150156184,1.074365284196627,0.7851543603523609,-1.2531299980407566,-1.2965655496499513
RO21,RO,2011,9.179800624256664,7.37206577431991,11.6,-2.8832906617866385,-3.064927164052807,-1.386062549083677,0.8312990697367552,0.8187521440409082,0.7191396714389392,0.7169250150156184,-1.4335950206623906,-1.3295188281865211
RO21,RO,2012,9.235615445830854,7.478052451026541,12.2,-2.784345728469954,-2.898408697242878,-1.3252470941890857,1.1194762684124389,0.885947711418003,0.8312990697367552,0.8187521440409082,-1.376614759036799,-1.280338556431186
RO21,RO,2013,9.233306160060042,7.506388856443776,12.6,-2.7884394820672567,-2.8538886223466418,-1.2847034575926912,1.1747813601357526,0.9128259383688409,1.1194762684124389,0.885947711418003,-1.230212295897066,-1.2478845699936552
RO21,RO,2014,9.242078747763395,7.3370719745727895,11.9,-2.7728880016389037,-3.119906846997989,-1.3556548216363813,1.170838993466589,0.9495250559363311,1.1747813601357526,0.9128259383688409,-1.2021156883595134,-1.2349029754186427
RO21,RO,2015,9.22029070282935,7.364331317834988,12,-2.8115124492730224,-3.07707897289801,-1.3455189124872826,1.32331013916501,1.0498015180221494,1.170838993466589,0.9495250559363311,-1.204118526174642,-1.2171781059027607
RO21,RO,2016,9.280723462318594,7.357749220480253,11.6,-2.704381132014248,-3.087420279880754,-1.386062549083677,1.318051575931232,1.029642847809021,1.32331013916501,1.0498015180221494,-1.126658715368766,-1.1687467722959841
RO21,RO,2017,9.365250903258982,7.275573554104182,11.5,-2.5545363099509957,-3.2165286395277297,-1.3961984582327756,0.999746899519109,1.2451855523955477,1.318051575931232,1.029642847809021,-1.1293302196152473,-1.178482968227243
RO21,RO,2018,9.41755732311337,7.436987773537925,12.1,-2.461810846022968,-2.962926496535483,-1.3353830033381842,1.127164030389837,1.2493206642341386,0.999746899519109,1.2451855523955477,-1.2910383244541557,-1.0743805655776253
RO21,RO,2019,9.462226392156046,7.523969880253401,12.7,-2.382624387424849,-2.8262666115364428,-1.2745675484435928,1.419890873015873,1.1397402005114914,1.127164030389837,1.2493206642341386,-1.2263066874912125,-1.0723833971814691
RO21,RO,2020,9.468236487808328,7.741324079742096,11.7,-2.371970075599243,-2.484775688542985,-1.3759266399345786,1.4697497624326892,1.1955642103324626,1.419890873015873,1.1397402005114914,-1.0775928718787604,-1.1253083596795965
RO21,RO,2021,9.51334245077167,7.654642620659578,11.8,-2.2920091194997876,-2.6209632181059845,-1.3657907307854797,1.90944247502417,1.2343308838192482,1.4697497624326892,1.1955642103324626,-1.0522630947361618,-1.098346586331494
RO21,RO,2022,9.489064548645304,8.095712854525663,12.3,-2.3350474261576215,-1.9279861253137016,-1.3151111850399868,1.468034727703236,1.2338139948394242,1.90944247502417,1.2343308838192482,-0.8288863097448268,-1.079623132617534
RO21,RO,2023,9.558968047986085,8.183502883262575,14,-2.211126989151785,-1.790056892690113,-1.142800729505311,1.462422773128959,1.1423246454106104,1.468034727703236,1.2338139948394242,-1.0531343826448374,-1.0798727786670534
RO22,RO,2000,9.011216326506194,NA,NA,-3.182146084570501,NA,NA,0.9424979543256717,0.9974762509065255,NA,NA,NA,NA
RO22,RO,2001,9.061252486491387,7.021964642714679,8.8,-3.0934451916261922,-3.614980297850861,-1.6698680052584374,0.851648351648352,1.0806509974040202,0.9424979543256717,0.9974762509065255,-1.320122466527114,-1.194018729593118
RO22,RO,2002,9.24391826034331,7.2339553094302795,8.7,-2.7696270318029086,-3.2819161628444697,-1.680003914407536,1.4903604358759432,1.0024419074138382,0.851648351648352,1.0806509974040202,-1.3662767274066998,-1.1538471498276512
RO22,RO,2003,9.23888388979343,7.367794185848584,9.3,-2.7785516407920694,-3.071638369509857,-1.6191884595129444,0.7652507719268966,1.0241666546333335,1.4903604358759432,1.0024419074138382,-1.041792268546832,-1.191620426323538
RO22,RO,2004,9.463693123562052,7.429267524908298,8.2,-2.380024260127695,-2.975055983044012,-1.730683460153029,0.6976940619984798,1.0278908970138183,0.7652507719268966,1.0241666546333335,-1.4101692301399489,-1.1811278495191249
RO22,RO,2005,9.464173275076593,7.572907360243111,7.6,-2.379173078340345,-2.7493796443190046,-1.7914989150476202,0.6193062368605468,0.9223706962334142,0.6976940619984798,1.0278908970138183,-1.4444900188095182,-1.17932912206694
RO22,RO,2006,9.511107683976618,7.676883728762175,8.5,-2.295970770639724,-2.5860196257934365,-1.7002757327057332,0.7779757359803173,1.026028775823576,0.6193062368605468,0.9223706962334142,-1.4843133314556913,-1.2302930665455174
RO22,RO,2007,9.531868825211793,7.931256578574532,9.2,-2.2591667519730665,-2.1863677236390644,-1.629324368662043,0.7215869715869717,1.039684331218687,0.7779757359803173,1.026028775823576,-1.4037045754436488,-1.1802284857930323
RO22,RO,2008,9.595708778385225,8.25362491372476,8.8,-2.1459953804353242,-1.6798863187557802,-1.6698680052584374,0.8481176979662485,0.9509232211504647,0.7215869715869717,1.039684331218687,-1.4323517204590412,-1.1736331518016871
RO22,RO,2009,9.591170941189512,8.3678051614360065,9.4,-2.154039766963282,-1.5004947161538569,-1.6090525503638458,0.8891988492720774,0.9906484732089699,0.8481176979662485,0.9509232211504647,-1.3680704029574675,-1.2165028227454318
RO22,RO,2010,9.573508210681057,7.979564415709965,10,-2.185351121959314,-2.1104700049384197,-1.5482370954692544,0.8339798293250581,0.8751969594139395,0.8891988492720774,0.9906484732089699,-1.347199974042798,-1.1973163965887905
RO22,RO,2011,9.681892568053902,8.161601835091238,10.3,-1.993214289656209,-1.8244662078639062,-1.5178293680219586,0.8650170991752162,1.0080282709845658,0.8339798293250581,0.8751969594139395,-1.3752528545953073,-1.2530769476065284
RO22,RO,2012,9.701705175755453,8.117495417045111,11.4,-1.9580917703581069,-1.893762966076717,-1.4063343673818742,0.86,1.1166520070820407,0.8650170991752162,1.0080282709845658,-1.3594850118371804,-1.1889223351452602
RO22,RO,2015,9.769956159911606,8.247369349839408,12,-1.837100806207978,-1.68971460038125,-1.3455189124872826,0.9077927376580988,1.337623721657475,0.86,1.1166520070820407,-1.3620338452648195,-1.1364594511231951
RO22,RO,2016,9.804311337698437,8.158703931388079,12.9,-1.7761981520503831,-1.8290191809036083,-1.2542957301453954,1.0251046025104604,1.3041055402331112,0.9077927376580988,1.337623721657475,-1.3377537337726844,-1.0297349556268804
RO22,RO,2017,9.86949755592693,7.797313138558084,12.9,-1.6606402082305338,-2.396809799604174,-1.2542957301453954,1.1224168677226476,1.5269393759987882,1.0251046025104604,1.3041055402331112,-1.278155868123259,-1.045923502696546
RO22,RO,2018,9.91788022468021,7.886720840171805,12.7,-1.574870518415915,-2.2563389984021875,-1.2745675484435928,0.954951214448827,1.5554919009158386,1.1224168677226476,1.5269393759987882,-1.2287183852611798,-0.9382996434741389
RO22,RO,2019,9.91853117704362,7.994935138222278,13.1,-1.5737165518462235,-2.086320656868984,-1.2340239118471983,0.7990038393690982,1.4630065484671315,0.954951214448827,1.5554919009158386,-1.3137958453907848,-0.9245093996740532
RO22,RO,2020,9.880302279947845,8.144637938102255,13.8,-1.6414862869672804,-1.8511186344282942,-1.1630725478035082,0.9505703422053232,1.5238358406817174,0.7990038393690982,1.4630065484671315,-1.393021682607498,-0.9691777980699828
RO22,RO,2021,9.918807558879834,8.155791264003224,13.1,-1.5732265998660355,-1.8335953495535213,-1.2340239118471983,0.8111504626985033,1.5852858399597174,0.9505703422053232,1.5238358406817174,-1.3160214568898794,-0.9397985830176264
RO31,RO,2000,8.828894769712239,NA,NA,-3.5053540384863475,NA,NA,1.0794293875646548,0.950978503192186,NA,NA,NA,NA
RO31,RO,2001,8.927721093866865,6.991773822974405,6.5,-3.330161074007998,-3.6624138920638476,-1.9029939156877047,0.9040244796332708,1.0493988229029132,1.0794293875646548,0.950978503192186,-1.250557285105519,-1.2164761227307983
RO31,RO,2002,9.089767580516051,7.215141373402267,7.1,-3.0428954631273006,-3.311475234601351,-1.842178460793113,0.9759351600153426,1.040622488661192,0.9040244796332708,1.0493988229029132,-1.339668119293524,-1.1689412652134232
RO31,RO,2003,9.111050518283543,7.409884195031891,7.1,-3.0051664370586875,-3.00550964451341,-1.842178460793113,1.168562747314867,0.9585010753993752,0.9759351600153426,1.040622488661192,-1.3031353860225705,-1.1731800423168834
RO31,RO,2004,9.24798455073536,7.470833580843597,7.2,-2.7624185731831337,-2.90975045483276,-1.8320425516440146,0.8261155612227592,1.0030096276252454,1.168562747314867,0.9585010753993752,-1.2052749259344286,-1.2128428852135467
RO31,RO,2005,9.281851718282638,7.61970357131983,7.7,-2.7023810322561914,-2.675856881240223,-1.7813630058985217,0.7781874455222175,0.8951860926555315,0.8261155612227592,1.0030096276252454,-1.379248133285845,-1.1913462299031414
RO31,RO,2006,9.348588754478843,7.728797901721179,7.9,-2.5840738978795375,-2.504455897639501,-1.7610911876003248,0.912907691075698,0.9992483415216509,0.7781874455222175,0.8951860926555315,-1.4035970207913486,-1.243422634317081
RO31,RO,2007,9.385686315033713,8.03462135549638,8.7,-2.5183097235654768,-2.023968592823601,-1.680003914407536,0.8488723576028344,1.0111590808497006,0.912907691075698,0.9992483415216509,-1.3351551875218957,-1.1931628486617674
RO31,RO,2008,9.490348262727398,8.246150799890211,8.6,-2.3327717402256756,-1.6916290963875098,-1.6901398235566343,0.8483705898195529,0.9428290499677308,0.8488723576028344,1.0111590808497006,-1.3676870137436918,-1.1874102225927856
RO31,RO,2009,9.567073389610451,8.320129927933936,8.6,-2.1967583597463163,-1.5753985345794934,-1.6901398235566343,0.8788319147463844,0.984830078124538,0.8483705898195529,0.9428290499677308,-1.3679419264839578,-1.2204121300411541
RO31,RO,2010,9.502890643467103,7.874736752912519,9.1,-2.310537412659601,-2.275167514386856,-1.6394602778111413,0.8393547916210495,0.86572268484404,0.8788319147463844,0.984830078124538,-1.3524666806273045,-1.200126553903166
RO31,RO,2011,9.70143716412687,7.8698117998618855,9.9,-1.9585668841714325,-2.2829052381893717,-1.5583730046183528,1.0395841663334666,0.9904720072799299,0.8393547916210495,0.86572268484404,-1.3725222162136708,-1.2576528145929833
RO31,RO,2012,9.5388017048186,8.105604032257185,10.7,-2.246876587980045,-1.912445834760423,-1.4772857314255643,0.8343730505302558,1.114594448698554,1.0395841663334666,0.9904720072799299,-1.2707998253182806,-1.1974016257652274
RO31,RO,2013,9.575592366546674,8.114219445494209,11.2,-2.181656464208398,-1.898909931496523,-1.4266061856800714,0.9928211394531846,1.1384159273546537,0.8343730505302558,1.114594448698554,-1.3750530866981099,-1.1374532067305758
RO31,RO,2014,9.667346483167739,7.979700029246915,11.4,-2.019000655329118,-2.1102569389290555,-1.4063343673818742,1.090165796048149,1.1747750263560686,0.9928211394531846,1.1384159273546537,-1.294556813555395,-1.1259479545926123
RO31,RO,2015,9.698920386794853,8.015914364481132,11.4,-1.9630284654909822,-2.0533596404465833,-1.4063343673818742,0.9762242166587939,1.3289877566034503,1.090165796048149,1.1747750263560686,-1.245102874921503,-1.108387306592563
RO31,RO,2016,9.74843087930398,7.994405794113369,12.8,-1.87525944210926,-2.087152323378109,-1.264431639294494,1.010181993105107,1.2995243487919588,0.9762242166587939,1.3289877566034503,-1.302988536775709,-1.033905937488905
RO31,RO,2017,9.748615664366481,7.940720339683243,13.3,-1.874931867010542,-2.171498958629665,-1.2137520935490012,1.1940761417383887,1.5126638946623232,1.010181993105107,1.2995243487919588,-1.285736991069334,-1.0481361177648072
RO31,RO,2018,9.807984553856993,8.024260410970543,13.1,-1.7696865102030097,-2.0402469463936512,-1.2340239118471983,1.128546030764474,1.5371122543356888,1.1940761417383887,1.5126638946623232,-1.1923133737928149,-0.945194388109345
RO31,RO,2019,9.823651938853377,8.11239921964562,12.7,-1.741912375663254,-1.9017697363981683,-1.2745675484435928,1.0887316276537833,1.4380650536076958,1.128546030764474,1.5371122543356888,-1.2256045907957185,-0.9333863661782771
RO31,RO,2020,9.826235058677568,8.039297037204834,12.9,-1.7373331866316477,-2.016622505809871,-1.2542957301453954,1.3682092555331993,1.488842416006224,1.0887316276537833,1.4380650536076958,-1.2458314745000163,-0.9812239934887566
RO31,RO,2021,9.93092891941218,8.029960605614935,13.1,-1.5517386299011713,-2.031291220049578,-1.2340239118471983,1.528028933092224,1.5396197784047516,1.3682092555331993,1.488842416006224,-1.1038486483013221,-0.9566996402473082
RO31,RO,2022,10.012105760179418,8.294433757440826,13.9,-1.407833536772867,-1.615770466659626,-1.1529366386544095,1.5119582149729682,1.5095294895759945,1.528028933092224,1.5396197784047516,-1.0226555679314508,-0.93217528700586
RO31,RO,2023,9.937723005766674,8.23262178594312,13.7,-1.5396945096776624,-1.7128848874918527,-1.173208456952607,1.3821576018668102,1.4060941217271408,1.5119582149729682,1.5095294895759945,-1.0308199637542144,-0.9467082370748664
RO32,RO,2000,9.970992170320088,NA,NA,-1.4807170700765386,NA,NA,3.8034354816376896,4.786749674680997,NA,NA,NA,NA
RO32,RO,2001,9.957340511048022,8.831438642525507,20.1,-1.5049178554278129,-0.7720679097688337,-0.5245102714102975,4.458349788020118,5.010059290806068,3.8034354816376896,4.786749674680997,0.13331764883312439,0.6361172913312664
RO32,RO,2002,9.996488861374056,9.072498990269015,20.3,-1.4355181726335415,-0.3933316311889667,-0.5042384531121004,4.583764712816583,4.826369122703185,4.458349788020118,5.010059290806068,0.46603331142009485,0.7439709420404305
RO32,RO,2003,10.036391085677616,9.120965986565144,22.1,-1.3647820704379043,-0.3171838533276671,-0.32179208842832585,5.134444355103402,4.3401304424308504,4.583764712816583,4.826369122703185,0.5297477690144672,0.655252616457085
RO32,RO,2004,10.103187590629677,9.2235836532758,22.6,-1.2463695136677602,-0.15595852709568284,-0.2711125426828329,5.221535674333991,4.174449114338055,5.134444355103402,4.3401304424308504,0.8095091672173433,0.42040998991293665
RO32,RO,2005,10.259103149946482,9.239512682570217,24.2,-0.969972417259794,-0.1309320084963799,-0.10893799629725583,4.71007458086785,3.6810068980616832,5.221535674333991,4.174449114338055,0.8537541099541083,0.34038953938678224
RO32,RO,2006,10.257795631464594,9.33020527921824,25.4,-0.972290302103853,0.011557525227204608,0.012692913491927083,4.627801197814542,4.3005109944086595,4.71007458086785,3.6810068980616832,0.5939168840122546,0.10206776281975659
RO32,RO,2007,10.320326185576064,9.364705987658937,26.5,-0.8614401491818234,0.06576249939865693,0.12418791413201162,4.589735648287232,4.358139282440937,4.627801197814542,4.3005109944086595,0.5521195940628906,0.40127466478711676
RO32,RO,2008,10.488877092838525,9.831277608230241,26.3,-0.5626439189119989,0.7988054943178107,0.10391609583381453,5.2402169701666015,3.9223253541968433,4.589735648287232,4.358139282440937,0.5327811792362634,0.42910786497012726
RO32,RO,2009,10.368017140626105,10.024483154384715,27.7,-0.7768966850239573,1.1023558303083416,0.24581882392119453,5.761474937584021,3.954741266214999,5.2402169701666015,3.9223253541968433,0.8632447557689225,0.21861928858611235
RO32,RO,2010,10.343195468363335,9.583780288632306,27.7,-0.8208989524787367,0.409955919261399,0.24581882392119453,5.661971830985915,3.2163788258014514,5.761474937584021,3.954741266214999,1.1280590808155213,0.23427546368905572
RO32,RO,2011,10.423203149992469,9.540496662705047,28.3,-0.6790664696301689,0.34195187147592226,0.30663427881578614,5.836358559061715,3.900714746184739,5.661971830985915,3.2163788258014514,1.07750858631782,-0.1223374136557634
RO32,RO,2012,10.458164635729725,9.627379867117837,31,-0.6170889916528025,0.4784563684552678,0.5803038258414478,6.874764239909468,4.163643810332002,5.836358559061715,3.900714746184739,1.16610215529726,0.20818183851748334
RO32,RO,2013,10.494777456447194,9.73554223289614,31.9,-0.5521841330103646,0.6483931178241709,0.6715270081833349,7.253487253487253,4.293307458404625,6.874764239909468,4.163643810332002,1.6936426758971994,0.33517081435246743
RO32,RO,2014,10.486233341722164,9.523264257475343,33.1,-0.5673305912068579,0.3148775845234175,0.7931579179725181,6.770882380638478,4.678696634620477,7.253487253487253,4.293307458404625,1.8860450668229625,0.3977955147642405
RO32,RO,2015,10.54006438160768,9.632243293013847,35,-0.4719023787425334,0.48609742532026395,0.9857401918053911,7.588750576302443,5.118112330866588,6.770882380638478,4.678696634620477,1.6408676467044012,0.5839300409881216
RO32,RO,2016,10.540018132677178,9.598156254085088,33.6,-0.47198436587812653,0.43254237824374736,0.843837463718011,7.591836734693878,4.905608018747566,7.588750576302443,5.118112330866588,2.0563686610771836,0.7961581923835752
RO32,RO,2017,10.613319027450142,9.667621203099372,35.1,-0.34204124430559163,0.5416805941622079,0.9958761009544898,9.562140645731978,5.352227250997712,7.591836734693878,4.905608018747566,2.0579365199925377,0.6935232667087242
RO32,RO,2018,10.633399702994689,9.698738724145905,36.1,-0.30644351154086086,0.5905701532710087,1.0972351924454755,9.56536917437598,5.40985553902999,9.562140645731978,5.352227250997712,3.058908654621615,0.9092305681270536
RO32,RO,2019,10.678369732102238,9.44830853444856,37.5,-0.22672353025629435,0.19711266854630577,1.2391379205328557,9.289853818873802,4.898404482743532,9.56536917437598,5.40985553902999,3.060548841798017,0.9370637683100645
RO32,RO,2020,10.647400778787924,9.723978467438645,40.3,-0.281623303007504,0.6302249805227089,1.5229433767076157,10.032362459546926,5.03527166682019,9.289853818873802,4.898404482743532,2.9205789660975707,0.690044116685848
RO32,RO,2021,10.703191593856468,9.733635445336136,40.5,-0.1827209268832155,0.6453973135316832,1.543215195005813,10.65595248493318,5.060484042834311,10.032362459546926,5.03527166682019,3.2977951178147564,0.7561479671204978
RO32,RO,2022,10.747398562190128,9.784203828421283,41.1,-0.1043536507629711,0.7248466356734072,1.6040306499004047,11.33644463300806,4.455387018495404,10.65595248493318,5.060484042834311,3.614597127569388,0.7683249922005647
RO32,RO,2023,10.797679263025802,9.888156111701562,42.2,-0.015219251494326626,0.8881688132442443,1.7155256505404892,9.86882648120433,4.595855970574079,11.33644463300806,4.455387018495404,3.960307083399479,0.4760763902789572
RO41,RO,2000,8.723534254054412,NA,NA,-3.692130398276699,NA,NA,0.6189919274324672,0.9626164155371966,NA,NA,NA,NA
RO41,RO,2001,8.806360236862597,6.681826584066833,7.8,-3.545301811985305,-4.14938018460758,-1.771227096749423,1.3335585648995374,0.9614805849583915,0.6189919274324672,0.9626164155371966,-1.48447300985728,-1.2108552661155614
RO41,RO,2002,8.963015874876909,6.806642436948742,8.3,-3.2675927515629657,-3.95327870184292,-1.72054755100393,0.8395550358310097,0.9989629940589548,1.3335585648995374,0.9614805849583915,-1.121452214723557,-1.2114038473931479
RO41,RO,2003,9.04043295106959,7.033322955709649,8.5,-3.1303527277589716,-3.597134952339133,-1.7002757327057332,0.7448351562193736,0.9575051779325742,0.8395550358310097,0.9989629940589548,-1.3724204862860347,-1.193300665232797
RO41,RO,2004,9.210244222752513,7.120804869022932,8.5,-2.8293222043386876,-3.459689807994726,-1.7002757327057332,0.990884547109825,0.9370602275140851,0.7448351562193736,0.9575051779325742,-1.420540961282562,-1.2133238818647
RO41,RO,2005,9.192239559592952,7.2277487997711045,9.8,-2.861239715592291,-3.291667374079704,-1.5685089137674515,0.8240093240093239,0.8439221200520791,0.990884547109825,0.9370602275140851,-1.295540659225588,-1.223198344861255
RO41,RO,2006,9.275385350455549,7.321618325728555,10.6,-2.7138441941083182,-3.1441864828175343,-1.487421640574663,0.9081266819189874,0.9501222791703421,0.8240093240093239,0.8439221200520791,-1.3803181635221737,-1.2681820096233387
RO41,RO,2007,9.308725273897585,7.606373530993147,10.8,-2.6547413176909718,-2.6968000596347856,-1.4671498222764656,0.8668117249553328,0.9592089238007817,0.9081266819189874,0.9501222791703421,-1.3375840803005494,-1.2168896601690116
RO41,RO,2008,9.381454174488262,7.892094069080677,11.1,-2.5258121906924185,-2.247896976560133,-1.43674209482917,0.8077699778824887,0.8779970374162276,0.8668117249553328,0.9592089238007817,-1.3585732893420261,-1.2125010099483204
RO41,RO,2009,9.360059220226125,7.96826809610343,12.8,-2.5637397924131693,-2.1282179510003743,-1.264431639294494,0.6301502666020359,0.9274056675942431,0.8077699778824887,0.8779970374162276,-1.3885682273151214,-1.251724571295747
RO41,RO,2011,9.367542248519959,7.7956667075341235,12.6,-2.550474360138051,-2.3993965508670434,-1.2847034575926912,0.7082452431289641,0.9330848204882679,0.6301502666020359,0.9274056675942431,-1.4788042465183322,-1.2278612857207392
RO41,RO,2012,9.424857445469382,7.870959126671967,13.1,-2.448869657654943,-2.2811026427379306,-1.2340239118471983,0.7093700370566437,1.032469996133701,0.7082452431289641,0.9330848204882679,-1.439129709549677,-1.2251183793328073
RO41,RO,2013,9.444129226986211,7.87307500502872,13.7,-2.4147058803051973,-2.2777783303727266,-1.173208456952607,0.8023178069979943,1.0642732523402396,0.7093700370566437,1.032469996133701,-1.4385582812677251,-1.1771175175439987
RO41,RO,2014,9.432699107372045,7.6505132742370305,14.3,-2.4349684627363195,-2.627450943323683,-1.1123930020580153,1.209941137998692,1.0830144568905216,0.8023178069979943,1.0642732523402396,-1.3913380899226313,-1.16175724177158
RO41,RO,2015,9.581903928408666,7.664649746134044,15.1,-2.170467732435265,-2.6052407589916644,-1.0313057288652268,1.0748702742772425,1.2249932792411404,1.209941137998692,1.0830144568905216,-1.1842534907039206,-1.1527056506914046
RO41,RO,2017,9.636403673759553,7.554086664036981,16.8,-2.073854081841542,-2.778949337170258,-0.8589952733305507,0.7734677135825618,1.4203561387955919,1.0748702742772425,1.2249932792411404,-1.2528734482790025,-1.0841329909931063
RO41,RO,2018,9.718214554428283,7.699110922990117,16.1,-1.9288250034705396,-2.551097893936815,-0.9299466373742408,1.0369334731445883,1.4248994611108117,0.7734677135825618,1.4203561387955919,-1.405994782947759,-0.9897770112482482
RO41,RO,2021,9.820647794407591,7.850260077496173,16.7,-1.7472379301213445,-2.3136234655458505,-0.8691311824796495,1.0445379370375745,1.4498877338445209,1.0369334731445883,1.4248994611108117,-1.2721464551476456,-0.9875826861379028
RO41,RO,2022,9.896390122406387,8.073295933601923,17.4,-1.612966792424886,-1.9632059417926453,-0.7981798184359594,0.9391706400809132,1.4243315458214094,1.0445379370375745,1.4498877338445209,-1.2682831646100647,-0.9755138980310023
RO41,RO,2023,9.892112494514622,8.18060999667627,17.6,-1.6205498965998535,-1.794601983205025,-0.777908000137762,0.9581009581009582,1.3232426243077686,0.9391706400809132,1.4243315458214094,-1.321812839684016,-0.9878569767766958
RO42,RO,2000,9.165367006333451,NA,NA,-2.9088776532461122,NA,NA,1.5734633691134594,1.9305496767512125,NA,NA,NA,NA
RO42,RO,2001,9.243574043285342,7.303124835270356,10.6,-2.7702372377103455,-3.1732420940769317,-1.487421640574663,1.6295304192540285,2.052253055631697,1.5734633691134594,1.9305496767512125,-0.9995735427905261,-0.7433647134190361
RO42,RO,2002,9.359431147465155,7.453626304482492,11.1,-2.564853199492139,-2.9367852611561722,-1.43674209482917,1.7126729748339662,2.0283896480080723,1.6295304192540285,2.052253055631697,-0.9710898380446973,-0.6845846485760196
RO42,RO,2003,9.421205446587383,7.694186128777054,10.5,-2.455343686876226,-2.5588353681854286,-1.4975575497237614,2.5771148669520323,1.8386755574002585,1.7126729748339662,2.0283896480080723,-0.9288509829771464,-0.6961101514864152
RO42,RO,2004,9.563065597375257,7.824213480213335,9.7,-2.2038631165882125,-2.354545962409858,-1.5786448229165502,2.320162166754058,1.8577662834991584,2.5771148669520323,1.8386755574002585,-0.48968916577285254,-0.7877378996240585
RO42,RO,2005,9.608067454736663,7.93286678859336,10.9,-2.124086712218046,-2.18383788015393,-1.4570139131273672,2.3461683151013206,1.63464342221827,2.320162166754058,1.8577662834991584,-0.6202286685241609,-0.7785174972957419
RO42,RO,2006,9.693429240770573,8.020993403537927,10.9,-1.9727628167238778,-2.0453798280504807,-1.4570139131273672,2.3088372093023257,1.8649253057862456,2.3461683151013206,1.63464342221827,-0.6070167829471158,-0.886280949507939
RO42,RO,2007,9.733993009301928,8.19000393902642,10.8,-1.9008539713811867,-1.779842912291069,-1.4671498222764656,3.2725764055956517,1.7563468010987544,2.3088372093023257,1.8649253057862456,-0.6259820788338788,-0.7750598464226234
RO42,RO,2008,9.835849906068006,8.531618481305019,11.4,-1.7202886022888952,-1.2431232831091452,-1.4063343673818742,3.529127386995407,1.5964619700204712,3.2725764055956517,1.7563468010987544,-0.13637432079457193,-0.8275008846649224
RO42,RO,2009,9.804745041487571,8.657303881960445,12.8,-1.7754293098094727,-1.045655630873347,-1.264431639294494,3.3725778758891343,1.697881452420875,3.529127386995407,1.5964619700204712,-0.00603890296677253,-0.9047217541645715
RO42,RO,2010,9.826504725144947,8.2744597623042,14.3,-1.7368551392263176,-1.6471521379184229,-1.1123930020580153,3.2300078145350355,1.4890766357141614,3.3725778758891343,1.697881452420875,-0.08557064293303113,-0.8557383667953911
RO42,RO,2011,9.84539785304838,8.102290625165388,14,-1.703362614699225,-1.917651616147176,-1.142800729505311,4.2547603414313855,1.6537341483171697,3.2300078145350355,1.4890766357141614,-0.15800041270018417,-0.9565865172613508
RO42,RO,2012,9.853050804655103,8.250544014166127,14.5,-1.6897959532812274,-1.6847268014168126,-1.0921211837598181,4.708048395581272,1.8219711720637213,4.2547603414313855,1.6537341483171697,0.36260390553087557,-0.8770605471796226
RO42,RO,2013,9.8244884139633,8.245478883893076,15.1,-1.7404295262759752,-1.6926847613554532,-1.0313057288652268,5.1130389064143005,1.857766283499158,4.708048395581272,1.8219711720637213,0.5928875225010188,-0.7958057516613353
RO42,RO,2014,9.840915248852099,8.183704739423659,14.2,-1.7113090877108181,-1.78973975114455,-1.122528911207114,5.423728813559322,1.911458950652313,5.1130389064143005,1.857766283499158,0.7986345719089808,-0.7785174972957422
RO42,RO,2015,9.957028319464158,8.152598041864032,13.5,-1.5054712886302541,-1.8386123051872334,-1.193480275250804,4.607157548334019,2.2765690872937663,5.423728813559322,1.911458950652313,0.9564741507782166,-0.7525851157473524
RO42,RO,2016,10.031793290611244,8.351590006370884,16.1,-1.372932746430683,-1.5259707745079016,-0.9299466373742408,5.366400448367661,2.166797412225094,4.607157548334019,2.2765690872937663,0.5416320150801301,-0.576244921218303
RO42,RO,2017,10.074658604690708,8.226294127647876,15.5,-1.2969438688607053,-1.7228264385486691,-0.9907620922688324,5.944681436631347,2.547418763821903,5.366400448367661,2.166797412225094,0.9273496610184323,-0.6292622346061219
RO42,RO,2018,10.110704503673313,8.407699195372132,16,-1.2330440126830213,-1.4378161458624723,-0.9400825465233394,6.463146314631462,2.5390665711536347,5.944681436631347,2.547418763821903,1.2211333519479892,-0.4454304631853154
RO42,RO,2019,10.148547607645591,8.462278803356453,15.7,-1.1659581868498892,-1.3520646823479323,-0.9704902739706353,5.8589462129528,2.3946929550307066,6.463146314631462,2.5390665711536347,1.4845287057076784,-0.44946438920395365
RO42,RO,2020,10.106948461813255,8.442189269684928,16.3,-1.2397024826180025,-1.383627879250204,-0.9096748190760436,4.9692049272116465,2.61304313478687,5.8589462129528,2.3946929550307066,1.1775773454975929,-0.519193681811846
RO42,RO,2021,10.14032377053467,8.346702888836917,17,-1.180536877448512,-1.533649053930971,-0.8387234550323537,5.03774680603949,2.718042128330817,4.9692049272116465,2.61304313478687,0.7255626948304752,-0.41373533018172814
RO42,RO,2022,10.148117517862273,8.482408467765936,16.3,-1.1667206224132467,-1.32043843498343,-0.9096748190760436,4.686373467916366,2.6822470168953805,5.03774680603949,2.718042128330817,0.7603839781753607,-0.36302311737598847
RO42,RO,2023,10.245114033087047,8.524083134911166,18.3,-0.994771425762871,-1.2549622648319074,-0.706956636094072,5.837755875663381,2.4006588069366126,4.686373467916366,2.6822470168953805,0.5818760239747629,-0.3803113717415816
SE11,SE,2000,11.407597333256446,NA,NA,1.0660043569587787,NA,NA,NA,NA,NA,NA,NA,NA
SE11,SE,2001,11.389885535500044,9.987902753632941,38.7,1.0346060186948765,1.0448833966236935,1.3607688303220389,NA,NA,NA,NA,NA,NA
SE11,SE,2002,11.428989392360323,9.895959181041855,33.4,1.1039268263287882,0.9004284215585391,0.8235656454198136,NA,NA,NA,NA,NA,NA
SE11,SE,2003,11.439091202959176,9.979083087926757,34.8,1.121834667792595,1.0310265869113266,0.9654683735071936,NA,NA,NA,NA,NA,NA
SE11,SE,2004,11.518239205389275,9.905770038522048,36.2,1.2621431665340166,0.9158425188437529,1.1073711015945744,NA,NA,NA,NA,NA,NA
SE11,SE,2005,11.541785206860538,9.986271588150526,36.7,1.3038840066861612,1.0423206294562988,1.1580506473400674,NA,NA,NA,NA,NA,NA
SE11,SE,2006,11.557887769221622,9.94444245614677,38,1.3324295957270116,0.9766017754862352,1.2898174662783486,NA,NA,NA,NA,NA,NA
SE11,SE,2007,11.576592516462535,10.03900991825474,38.4,1.3655881711064468,1.1251792126665043,1.3303611028747426,NA,NA,NA,NA,NA,NA
SE11,SE,2008,11.55086699662513,10.086369732530857,38.9,1.3199836206831215,1.199587467616237,1.3810406486202356,8.456902324691477,NA,NA,NA,NA,NA
SE11,SE,2009,11.56335631859712,10.061796440488884,40.4,1.3421238890712708,1.1609797195251421,1.5330792858567144,8.656404408969973,NA,8.456902324691477,NA,2.497415193999654,NA
SE11,SE,2010,11.57816713924494,9.996923452390481,41.9,1.368379561310873,1.0590560546721917,1.685117923093193,8.536470588235295,NA,8.656404408969973,NA,2.5987681000383884,NA
SE11,SE,2011,11.598784679476658,10.048296778106934,42.3,1.4049290133353654,1.1397700434399471,1.7256615596895872,8.68688719875378,NA,8.536470588235295,NA,2.537838203953596,NA
SE11,SE,2012,11.584996840684267,10.246480120810288,43.7,1.3804868176708867,1.4511411270486498,1.867564287776968,8.481012658227847,NA,8.68688719875378,NA,2.614254250671501,NA
SE11,SE,2013,11.585130093855385,10.208295413816849,44.4,1.3807230403400386,1.3911481254590832,1.9385156518206577,8.117169578260102,NA,8.481012658227847,NA,2.509663950088152,NA
SE11,SE,2014,11.603808583121252,10.23118409338282,45.7,1.4138350672666316,1.427109134399661,2.0702824707589396,7.936094469045758,NA,8.117169578260102,NA,2.3248210015536555,NA
SE11,SE,2015,11.637794447016098,10.261684839592426,47.6,1.4740830254602402,1.4750296622735626,2.2628647445918126,7.943805874840357,NA,7.936094469045758,NA,2.2328295389254467,NA
SE11,SE,2016,11.624737936108067,10.308868933568965,48.7,1.4509372809302408,1.5491618384199737,2.374359745231897,7.92285857405243,NA,7.943805874840357,NA,2.236747159083417,NA
SE11,SE,2017,11.600343166757703,10.316734903944479,50.4,1.4076917995586076,1.5615202722118782,2.5466702007665725,8.429025164915709,NA,7.92285857405243,NA,2.2261053163367515,NA
SE11,SE,2018,11.616092963425071,10.263701572716657,51,1.4356120282192453,1.4781982049455937,2.607485655661164,9.337589784517158,NA,8.429025164915709,NA,2.4832527797792787,NA
SE11,SE,2019,11.645886628710167,10.26732438467967,52.3,1.4884283257859232,1.4838901004966856,2.7392524745994455,9.7354165031012,NA,9.337589784517158,NA,2.9448302357422804,NA
SE11,SE,2020,11.65904950157079,10.249347878912339,53,1.5117626219588332,1.455646737538325,2.810203838643136,10.385128245352576,NA,9.7354165031012,NA,3.1469378687235,NA
SE11,SE,2021,11.68623345320015,10.283904132105336,53.7,1.5599525866562192,1.5099389795370177,2.881155202686826,11.491825080184622,NA,10.385128245352576,NA,3.4770104762494567,NA
SE11,SE,2022,11.637619234529089,10.4091823108861,56.1,1.4737724200089555,1.7067668347310818,3.124417022265192,11.458571102488015,NA,11.491825080184622,NA,4.0392449046252406,NA
SE11,SE,2023,11.641065232499361,10.315021822316535,57.4,1.4798812640357137,1.5588288044248932,3.256183841203473,11.073266727217682,NA,11.458571102488015,NA,4.02235090931142,NA
SE12,SE,2000,11.155542438447815,NA,NA,0.6191776171145281,NA,NA,NA,NA,NA,NA,NA,NA
SE12,SE,2001,11.161446296611125,9.68548318819694,28,0.6296435979383372,0.5697440306718903,0.27622655136849034,NA,NA,NA,NA,NA,NA
SE12,SE,2002,11.183500405715678,9.6793797702069,23.8,0.6687397070571025,0.5601547894806146,-0.14948163289365002,NA,NA,NA,NA,NA,NA
SE12,SE,2003,11.20567798500751,9.629356044426025,24.3,0.7080546961991707,0.4815611928136632,-0.0988020871481571,NA,NA,NA,NA,NA,NA
SE12,SE,2004,11.250336719024471,9.666947549834429,25,0.7872228335270359,0.5406221997269302,-0.0278507231044671,NA,NA,NA,NA,NA,NA
SE12,SE,2005,11.282660186317498,9.726720375891801,25.9,0.844523801722759,0.6345328653054031,0.06337245923741999,NA,NA,NA,NA,NA,NA
SE12,SE,2006,11.316420942757432,9.8300498942981,28.3,0.9043727038683995,0.7968766005359315,0.30663427881578614,NA,NA,NA,NA,NA,NA
SE12,SE,2007,11.317948692108946,9.836359589434233,28.8,0.907080999863025,0.8067899291990733,0.3573138245612791,NA,NA,NA,NA,NA,NA
SE12,SE,2008,11.30690381752853,9.908280776650278,29,0.8875013551015039,0.9197872058239029,0.37758564285947616,4.808728448275863,NA,NA,NA,NA,NA
SE12,SE,2009,11.27645458172922,9.946293017611202,29.4,0.8335229042037964,0.9795092414750748,0.41812927945587036,4.988383217165505,NA,4.808728448275863,NA,0.6440359401109577,NA
SE12,SE,2010,11.340820637752737,9.812088904199141,30.3,0.9476269171072403,0.7686576146539102,0.5093524617977578,4.185598237642847,NA,4.988383217165505,NA,0.7353058282253304,NA
SE12,SE,2011,11.345317687469391,9.879372545497903,30.7,0.9555989982101917,0.8743687204136581,0.549896098394152,4.094594594594595,NA,4.185598237642847,NA,0.3274675297277256,NA
SE12,SE,2012,11.345323987418848,9.866466829156206,31.5,0.9556101663562373,0.8540922086380156,0.6309833715869407,4.163877359753649,NA,4.094594594594595,NA,0.28123501182492244,NA
SE12,SE,2013,11.337265927766632,9.81144527059948,33.1,0.9413253553962926,0.7676463849075554,0.7931579179725181,4.464285714285714,NA,4.163877359753649,NA,0.31643268714077016,NA
SE12,SE,2014,11.3356144606409,9.755893066537393,35.1,0.9383977404721257,0.6803668500096358,0.9958761009544898,4.644525168655942,NA,4.464285714285714,NA,0.4690489359396364,NA
SE12,SE,2015,11.35392973347977,9.813820711167113,36.6,0.9708658806293088,0.7713785023171352,1.1479147381909685,4.423299472804422,NA,4.644525168655942,NA,0.5606158614147483,NA
SE12,SE,2016,11.366017958150165,9.88506048637255,36.8,0.9922951094648693,0.8833051945364717,1.1681865564891651,4.298899987356177,NA,4.423299472804422,NA,0.4482267239975527,NA
SE12,SE,2017,11.370592916392637,9.926730450814565,38,1.0004053018019765,0.9487739761467776,1.2898174662783486,4.224299065420561,NA,4.298899987356177,NA,0.38502813935368285,NA
SE12,SE,2018,11.363054282445605,9.998503478769345,39.2,0.9870412953938129,1.0615384758434485,1.4114483760675318,4.387568555758683,NA,4.224299065420561,NA,0.34712868452498724,NA
SE12,SE,2019,11.356388025331988,9.974392826511341,40.1,0.975223782644051,1.0236575933349492,1.5026715584094188,4.872165943077665,NA,4.387568555758683,NA,0.4300743708975257,NA
SE12,SE,2020,11.349052938933603,10.048918111495103,42.1,0.9622206122658102,1.1407462367350927,1.7053897413913905,4.871095686663361,NA,4.872165943077665,NA,0.6762640467657449,NA
SE12,SE,2021,11.381365136042959,10.109069178596426,42.8,1.0195016014032758,1.2352511668068054,1.7763411054350802,4.998144253371273,NA,4.871095686663361,NA,0.6757203251390334,NA
SE12,SE,2022,11.376910599578858,9.955251234328356,44.6,1.0116048850658184,0.9935837323398143,1.958787470118855,6.420209488601356,NA,4.998144253371273,NA,0.7402647207049844,NA
SE12,SE,2023,11.367603391306679,10.140607920036867,45.4,0.9951056636066719,1.2848025164006205,2.0398747433116435,6.5426170468187275,NA,6.420209488601356,NA,1.4627155396449318,NA
SE21,SE,2000,11.109498499946408,NA,NA,0.5375538781833983,NA,NA,NA,NA,NA,NA,NA,NA
SE21,SE,2001,11.091821114006047,9.668261466915052,20,0.5062165429783141,0.5426865295519541,-0.5346461805593962,NA,NA,NA,NA,NA,NA
SE21,SE,2002,11.120871246645237,9.64256028741778,19.7,0.5577147535925836,0.5023067276930974,-0.565053908006692,NA,NA,NA,NA,NA,NA
SE21,SE,2003,11.150983326796469,9.614550281073546,20.3,0.6110955165970844,0.4582994670004303,-0.5042384531121004,NA,NA,NA,NA,NA,NA
SE21,SE,2004,11.191822004963043,9.603754271205927,21.1,0.6834917040965316,0.44133757078212715,-0.4231511799193116,NA,NA,NA,NA,NA,NA
SE21,SE,2005,11.201365443924253,9.655000687554418,22.8,0.7004097001591647,0.5218521688902872,-0.25084072438463584,NA,NA,NA,NA,NA,NA
SE21,SE,2006,11.245699286582019,9.70506565904208,23.5,0.7790018909379933,0.6005105677764438,-0.17988936034094583,NA,NA,NA,NA,NA,NA
SE21,SE,2007,11.253869835424425,9.800868620764913,23.5,0.793486115514399,0.7510291310303294,-0.17988936034094583,NA,NA,NA,NA,NA,NA
SE21,SE,2008,11.247680737637383,9.710812058736753,25,0.7825144801932095,0.6095388880952561,-0.0278507231044671,1.84645286686103,NA,NA,NA,NA,NA
SE21,SE,2009,11.169532785504442,9.76520494171963,26.3,0.6439788064322294,0.6949969830287457,0.10391609583381453,2.169474221541603,NA,1.84645286686103,NA,-0.8608868768600225,NA
SE21,SE,2010,11.232421265838399,9.648999828900122,26.3,0.7554634679886572,0.5124240613799212,0.10391609583381453,2.407455345586332,NA,2.169474221541603,NA,-0.6967825612191767,NA
SE21,SE,2011,11.263252734415087,9.67946216900356,26.3,0.8101195166212035,0.5602842484061442,0.10391609583381453,2.161749745676501,NA,2.407455345586332,NA,-0.5758811751934179,NA
SE21,SE,2012,11.239191568982438,9.65162893356909,27.5,0.7674654268631519,0.5165547171582046,0.22554700562299745,2.302049076650645,NA,2.161749745676501,NA,-0.7007068213560346,NA
SE21,SE,2013,11.250984896680404,9.562435307147108,28.4,0.7883718812734015,0.3764202551435421,0.31677018796488454,2.1271207900734366,NA,2.302049076650645,NA,-0.6294306491749476,NA
SE21,SE,2014,11.24881899642335,9.643791195046052,29.2,0.7845323123119566,0.5042406391753108,0.39785746115767323,2.041324371421459,NA,2.1271207900734366,NA,-0.7182993457456919,NA
SE21,SE,2015,11.269579206338499,9.618065086235745,31.2,0.821334679994248,0.46382167021437826,0.6005756441396449,2.2433552792001947,NA,2.041324371421459,NA,-0.7618864410361602,NA
SE21,SE,2016,11.29057825054859,9.650192378210296,32.9,0.8585604377854795,0.5142977070955527,0.7728860996743208,2.0462850182704018,NA,2.2433552792001947,NA,-0.6592488185417789,NA
SE21,SE,2017,11.30689213948745,9.708275920472813,34,0.8874806530198106,0.6055542942910912,0.8843811003144052,1.9853462538406994,NA,2.0462850182704018,NA,-0.7593662870448344,NA
SE21,SE,2018,11.28738273213935,9.742383846405298,33.8,0.8528956278479563,0.6591421574907743,0.8641092820162078,2.0037278657968316,NA,1.9853462538406994,NA,-0.7903249654350729,NA
SE21,SE,2019,11.299015684868056,9.77083475781319,36.2,0.8735177798060721,0.7038421357729591,1.1073711015945744,2.475478748248482,NA,2.0037278657968316,NA,-0.7809865678129727,NA
SE21,SE,2020,11.278956642473686,9.786199133011854,37.5,0.8379583969014903,0.7279815114102914,1.2391379205328557,2.4554646124217623,NA,2.475478748248482,NA,-0.541323292936771,NA
SE21,SE,2021,11.337061102144066,9.867409971668677,37.2,0.9409622536789575,0.8555740047471113,1.20873019308556,2.766990291262136,NA,2.4554646124217623,NA,-0.5514910605329246,NA
SE21,SE,2022,11.310219225080186,9.800599000090974,37.6,0.893378696815839,0.7506055228690061,1.2492738296819543,2.801774457156199,NA,2.766990291262136,NA,-0.3932268851467389,NA
SE21,SE,2023,11.29766085213202,9.875864987704349,40.3,0.8711160192890358,0.868857903731986,1.5229433767076157,3.623529411764706,NA,2.801774457156199,NA,-0.3755555093801814,NA
SE22,SE,2000,11.212237782124362,NA,NA,0.7196834834996039,NA,NA,NA,NA,NA,NA,NA,NA
SE22,SE,2001,11.192807751815176,9.729160794958547,29.2,0.6852391728476714,0.6383670721509772,0.39785746115767323,NA,NA,NA,NA,NA,NA
SE22,SE,2002,11.226411279402548,9.78419948254767,26.3,0.7448093497749311,0.7248398077566023,0.10391609583381453,NA,NA,NA,NA,NA,NA
SE22,SE,2003,11.243657233072726,9.707566686493607,26.4,0.7753818695421089,0.6044399980559726,0.1140520049829129,NA,NA,NA,NA,NA,NA
SE22,SE,2004,11.276115250352547,9.712459892824496,27.1,0.8329213593185792,0.6121278437486882,0.18500336902660325,NA,NA,NA,NA,NA,NA
SE22,SE,2005,11.303463313947262,9.773835091502793,28.3,0.8814022511749251,0.708556039269468,0.30663427881578614,NA,NA,NA,NA,NA,NA
SE22,SE,2006,11.310714793180578,9.784437442124368,29.4,0.8942572081371021,0.7252136723319025,0.41812927945587036,NA,NA,NA,NA,NA,NA
SE22,SE,2007,11.36114029069172,9.855598054259682,31.5,0.9836482936585113,0.8370159893611242,0.6309833715869407,NA,NA,NA,NA,NA,NA
SE22,SE,2008,11.313891966162458,9.977695039130163,33,0.8998894964784679,1.0288457867895724,0.7830220088234194,4.6128251663641855,NA,NA,NA,NA,NA
SE22,SE,2009,11.281123850912904,9.89152319242622,33.6,0.8418002849243114,0.8934589226930693,0.843837463718011,4.542654758238374,NA,4.6128251663641855,NA,0.544511331152202,NA
SE22,SE,2010,11.323771044426627,9.804806332232182,34.9,0.9174024923550048,0.7572157735088418,0.9756042826562923,4.893198000302984,NA,4.542654758238374,NA,0.508862707193231,NA
SE22,SE,2011,11.319533570313675,9.849210391187288,35.9,0.9098905702219233,0.8269801632142438,1.0769633741472782,5.3004065652763135,NA,4.893198000302984,NA,0.6869489482667408,NA
SE22,SE,2012,11.312379831699493,9.809532058206814,36.3,0.8972088815560485,0.7646404863907993,1.1175070107436724,5.466044270441198,NA,5.3004065652763135,NA,0.8938228341871322,NA
SE22,SE,2013,11.318725419850889,9.786062861611661,36.6,0.9084579329511232,0.7277674118146139,1.1479147381909685,5.175490779298037,NA,5.466044270441198,NA,0.9779716431018954,NA
SE22,SE,2014,11.329658516888047,9.742970940164254,37.9,0.9278394256581914,0.6600645560002169,1.2796815571292497,4.575744113727232,NA,5.175490779298037,NA,0.8303619537417058,NA
SE22,SE,2015,11.356271654924852,9.797851935920347,38.9,0.9750174886552969,0.7462895378024347,1.3810406486202356,4.710982658959538,NA,4.575744113727232,NA,0.5256730696005878,NA
SE22,SE,2016,11.342679676021678,9.795047476517858,40.9,0.9509225008315217,0.7418833775713168,1.5837588316022073,4.9222428306463115,NA,4.710982658959538,NA,0.5943782142977778,NA
SE22,SE,2017,11.349806948632802,9.88030490529023,42.8,0.9635572722658455,0.8758335755063708,1.7763411054350802,5.242500700869077,NA,4.9222428306463115,NA,0.7017045733588018,NA
SE22,SE,2018,11.351034906979821,9.957692783711014,44.4,0.9657341180092297,0.9974197150545687,1.9385156518206577,4.7678447678447675,NA,5.242500700869077,NA,0.8644049578998569,NA
SE22,SE,2019,11.370828709486783,10.003816021924045,45.3,1.0008233006653406,1.0698851526944537,2.029738834162545,4.608744082428292,NA,4.7678447678447675,NA,0.6232658321883452,NA
SE22,SE,2020,11.379464639351628,9.95132156824081,45.6,1.016132522848714,0.9874097301698569,2.060146561609841,5.1041812333939305,NA,4.608744082428292,NA,0.5424380208998972,NA
SE22,SE,2021,11.404920829033848,9.912259204650457,45.4,1.0612596220593813,0.9260378191225659,2.0398747433116435,5.573314801945796,NA,5.1041812333939305,NA,0.7941346144042654,NA
SE22,SE,2022,11.362833485688022,10.01651887697507,47.5,0.9866498810733969,1.089842943738892,2.252728835442714,5.88235294117647,NA,5.573314801945796,NA,1.0324682171082782,NA
SE22,SE,2023,11.357586613063209,9.94204673565334,49.2,0.9773485620448448,0.9728377957496561,2.42503929097739,5.946570768045209,NA,5.88235294117647,NA,1.1894686494652054,NA
SE23,SE,2000,11.226311509336023,NA,NA,0.7446324838045512,NA,NA,NA,NA,NA,NA,NA,NA
SE23,SE,2001,11.213181971010313,9.743701251342383,30.2,0.7213572809556182,0.6612119671791981,0.49921655264865905,NA,NA,NA,NA,NA,NA
SE23,SE,2002,11.216670942654163,9.816710114321518,24.9,0.7275423059527104,0.7759181199201964,-0.03798663225356583,NA,NA,NA,NA,NA,NA
SE23,SE,2003,11.260593742603625,9.795703145907556,26.3,0.8054058266002656,0.7429135170652538,0.10391609583381453,NA,NA,NA,NA,NA,NA
SE23,SE,2004,11.280596213787582,9.804316066686882,26.6,0.8408649236939447,0.7564455043630401,0.13432382328111034,NA,NA,NA,NA,NA,NA
SE23,SE,2005,11.300517803717506,9.80086409920035,27.9,0.8761806396916848,0.7510220270808334,0.2660906422193916,NA,NA,NA,NA,NA,NA
SE23,SE,2006,11.347235705801442,9.851595044919893,28.2,0.9589991380048276,0.8307267556706249,0.29649836966668747,NA,NA,NA,NA,NA,NA
SE23,SE,2007,11.346502637458032,9.928781862118695,29.6,0.9576996014962532,0.9519970026230755,0.4384010977540678,NA,NA,NA,NA,NA,NA
SE23,SE,2008,11.346771640281615,10.000801815442246,31.2,0.9581764724364568,1.0651494532877535,0.6005756441396449,4.273041973171788,NA,NA,NA,NA,NA
SE23,SE,2009,11.310200114994412,9.990853398778352,31,0.8933448196823252,1.0495192331361827,0.5803038258414478,4.275030695390111,NA,4.273041973171788,NA,0.37189151027305545,NA
SE23,SE,2010,11.357584408792404,9.885260132104284,31.8,0.9773446544550387,0.883618863218106,0.6613910990342365,3.7723362011912642,NA,4.275030695390111,NA,0.3729018394476093,NA
SE23,SE,2011,11.370453660740933,9.954271788918538,33,1.0001584383205007,0.9920448997899607,0.7830220088234194,3.8230884557721145,NA,3.7723362011912642,NA,0.1175183028746192,NA
SE23,SE,2012,11.355686774454394,9.83591430818717,34.1,0.9739806500967303,0.8060903360722388,0.894517009463504,3.9572532007195003,NA,3.8230884557721145,NA,0.1433019357042704,NA
SE23,SE,2013,11.362210531790627,9.88610918882503,35.4,0.9855455483872274,0.8849528386550813,1.0262838284017852,4.120243851166702,NA,3.9572532007195003,NA,0.21146155838460803,NA
SE23,SE,2014,11.369476423251076,9.849887132111556,36.5,0.9984260544206432,0.8280434087526295,1.1377788290418698,4.104362173868206,NA,4.120243851166702,NA,0.29426558592001417,NA
SE23,SE,2015,11.41751528016557,9.932644901843044,38.8,1.0835862566743837,0.9580663263542555,1.370904739471137,4.077887654195127,NA,4.104362173868206,NA,0.28619722837481204,NA
SE23,SE,2016,11.42643901762493,9.944211836094627,39.2,1.099405685688919,0.9762394422317942,1.4114483760675318,4.126311541565778,NA,4.077887654195127,NA,0.2727473964367131,NA
SE23,SE,2017,11.407613408636315,10.011221528017781,40,1.0660328543604438,1.0815201388927083,1.4925356492603201,4.3679291687161825,NA,4.126311541565778,NA,0.29734815048125074,NA
SE23,SE,2018,11.397115120518565,10.097685863393357,40.6,1.0474221629983043,1.2173665396656408,1.5533511041549117,4.408352668213457,NA,4.3679291687161825,NA,0.42009698666730244,NA
SE23,SE,2019,11.41294019483691,10.052802281382403,42.2,1.075475839047038,1.146848758623318,1.7155256505404892,4.286798179059181,NA,4.408352668213457,NA,0.4406333091880476,NA
SE23,SE,2020,11.392057822376454,9.979463343585333,42.3,1.0384569094452025,1.0316240166188104,1.7256615596895872,4.659046881053855,NA,4.286798179059181,NA,0.37888006604577695,NA
SE23,SE,2021,11.4279343969934,9.982100930648707,43.4,1.1020565982552137,1.0357679993109599,1.8371565603296718,4.9093581577658005,NA,4.659046881053855,NA,0.5679933169311155,NA
SE23,SE,2022,11.431317321786022,10.176896236707222,45.6,1.1080536302008657,1.341816049071209,2.060146561609841,5.904958290373981,NA,4.9093581577658005,NA,0.695158781897419,NA
SE23,SE,2023,11.435044672102212,10.141213837578169,48.8,1.114661237608391,1.2857544894516304,2.384495654380995,6.13559955173702,NA,5.904958290373981,NA,1.200952829399836,NA
SE31,SE,2000,11.172071740399026,NA,NA,0.6484797027112721,NA,NA,NA,NA,NA,NA,NA,NA
SE31,SE,2001,11.163214643667866,9.498998238238114,23.5,0.6327784101024756,0.2767526008507211,-0.17988936034094583,NA,NA,NA,NA,NA,NA
SE31,SE,2002,11.178428543617718,9.445047301724008,18.7,0.6597486354578312,0.19198885968582277,-0.6664129994976778,NA,NA,NA,NA,NA,NA
SE31,SE,2003,11.210505025755825,9.490468199785784,20.1,0.7166117642231928,0.2633508321657445,-0.5245102714102975,NA,NA,NA,NA,NA,NA
SE31,SE,2004,11.241077393611674,9.554028270817252,20.9,0.7708084957277306,0.3632117383415856,-0.4434229982175091,NA,NA,NA,NA,NA,NA
SE31,SE,2005,11.278145505962973,9.633364091373343,21.4,0.8365204661565804,0.48785834122239163,-0.3927434524720162,NA,NA,NA,NA,NA,NA
SE31,SE,2006,11.306413711281188,9.669604871318972,23.4,0.8866325262027687,0.5447971876893513,-0.19002526949004456,NA,NA,NA,NA,NA,NA
SE31,SE,2007,11.287133929064936,9.724390268794345,23.9,0.8524545657265971,0.6308719725080429,-0.13934572374455165,NA,NA,NA,NA,NA,NA
SE31,SE,2008,11.272663668127892,9.640367649765594,23.2,0.8268026158840682,0.4988618167716767,-0.21029708778824163,2.1205927439959122,NA,NA,NA,NA,NA
SE31,SE,2009,11.23667208834207,9.702578086055164,23.5,0.7629990532920653,0.5966022761615858,-0.17988936034094583,2.210386151797603,NA,2.1205927439959122,NA,-0.7216157844841876,NA
SE31,SE,2010,11.30373029354318,9.60846046900255,25.3,0.8818755354669836,0.4487316024278875,0.0025570043428287167,2.036021926389976,NA,2.210386151797603,NA,-0.6759981015575359,NA
SE31,SE,2011,11.296891093563916,9.602169694606443,26.4,0.8697514407050159,0.43884800063908624,0.1140520049829129,1.9285163281049116,NA,2.036021926389976,NA,-0.7645802385220111,NA
SE31,SE,2012,11.30034599213577,9.545287357095066,27.3,0.8758760631469871,0.349478657951066,0.20527518732480035,2.261629401182215,NA,1.9285163281049116,NA,-0.819196233342465,NA
SE31,SE,2013,11.303403965156456,9.462690641227265,27.3,0.881297041447775,0.21970877632800198,0.20527518732480035,2.427059127291505,NA,2.261629401182215,NA,-0.6499650289769612,NA
SE31,SE,2014,11.303022559639436,9.493535229592448,27.4,0.8806209102270025,0.26816952369316743,0.21541109647389872,2.7755957056821154,NA,2.427059127291505,NA,-0.5659218795181172,NA
SE31,SE,2015,11.309584540952198,9.458243250529403,28.3,0.8922535695297571,0.21272136335002298,0.30663427881578614,3.1307070180015653,NA,2.7755957056821154,NA,-0.38885508240449285,NA
SE31,SE,2016,11.329607594454325,9.584566878344114,30.6,0.92774915363605,0.41119175113092055,0.5397601892450536,2.8630384317771473,NA,3.1307070180015653,NA,-0.20844812775552587,NA
SE31,SE,2017,11.326193100524497,9.601477958786049,32.6,0.9216961579501644,0.4377611962233911,0.7424783722270253,2.8021015761821366,NA,2.8630384317771473,NA,-0.344431614681174,NA
SE31,SE,2018,11.332730552117807,9.639479345216223,33.3,0.9332853325406684,0.4974661780346411,0.8134297362707149,2.5147928994082838,NA,2.8021015761821366,NA,-0.37538932332744296,NA
SE31,SE,2019,11.351527748449735,9.731459663006497,33.9,0.9666077957349837,0.6419788844526545,0.8742451911653065,2.0689655172413794,NA,2.5147928994082838,NA,-0.5213505518854561,NA
SE31,SE,2020,11.326229125368346,9.700695915398049,33.6,0.9217600204811531,0.5936451481353434,0.843837463718011,1.9171779141104295,NA,2.0689655172413794,NA,-0.7478439288227109,NA
SE31,SE,2021,11.350559619814963,9.708547863606698,35.3,0.9648915594287867,0.605981551330572,1.0161479192526865,1.9736842105263157,NA,1.9171779141104295,NA,-0.8249564799702989,NA
SE31,SE,2022,11.350765319474537,9.73970788865111,35.4,0.9652562105828313,0.6549378895929415,1.0262838284017852,2.2361809045226133,NA,1.9736842105263157,NA,-0.7962496252426988,NA
SE31,SE,2023,11.26874317449244,9.770038690244498,38.3,0.8198526163966987,0.7025914129921816,1.320225193725644,2.710768465555832,NA,2.2361809045226133,NA,-0.6628936111524091,NA
SE32,SE,2000,11.172071740399026,NA,NA,0.6484797027112721,NA,NA,NA,NA,NA,NA,NA,NA
SE32,SE,2001,11.24135284797701,9.736881151727236,24,0.7712968035470757,0.6504967285596416,-0.12920981459545292,NA,NA,NA,NA,NA,NA
SE32,SE,2002,11.218300934865095,9.683223262115442,22.8,0.7304318515262451,0.5661934011221358,-0.25084072438463584,NA,NA,NA,NA,NA,NA
SE32,SE,2003,11.210505025755825,9.640737795489558,20.9,0.7166117642231928,0.4994433624938947,-0.4434229982175091,NA,NA,NA,NA,NA,NA
SE32,SE,2004,11.233295253169619,9.553669900589286,21.9,0.7570128166341997,0.36264869341211403,-0.34206390672652326,NA,NA,NA,NA,NA,NA
SE32,SE,2005,11.284160561692733,9.858352736594172,23,0.8471835708891854,0.8413439435261317,-0.23056890608643874,NA,NA,NA,NA,NA,NA
SE32,SE,2006,11.289021968569319,9.877757693337859,25.6,0.8558015609796792,0.8718315835378645,0.03296473179012453,NA,NA,NA,NA,NA,NA
SE32,SE,2007,11.26701830826793,9.841804623295655,26.4,0.816794884261203,0.8153447656983992,0.1140520049829129,NA,NA,NA,NA,NA,NA
SE32,SE,2008,11.284207807874758,9.810308189751911,27.5,0.8472673258882704,0.7658598871584076,0.22554700562299745,3.521939953810624,NA,NA,NA,NA,NA
SE32,SE,2009,11.290397487698232,10.001284582613364,28.3,0.8582399930062918,1.0659079415398494,0.30663427881578614,3.6948748510131106,NA,3.521939953810624,NA,-0.009690329681794261,NA
SE32,SE,2010,11.391528585305585,9.77803520109382,29.1,1.037518711934057,0.7151549423699717,0.3877215520085749,3.3472803347280333,NA,3.6948748510131106,NA,0.07816566666215546,NA
SE32,SE,2011,11.345317687469391,9.708832527075467,29.7,0.9555989982101917,0.606428793624123,0.44853700690316617,3.4282393957001744,NA,3.3472803347280333,NA,-0.0984225352908718,NA
SE32,SE,2012,11.318342878587739,9.696244135955126,29.3,0.9077797883525072,0.5866508398840972,0.40799337030677196,3.653506187389511,NA,3.4282393957001744,NA,-0.0572929594803294,NA
SE32,SE,2013,11.318725419850889,9.790212362860816,28.9,0.9084579329511232,0.7342868028126694,0.3674497337103774,3.304347826086956,NA,3.653506187389511,NA,0.05714917306333323,NA
SE32,SE,2014,11.323666887219781,9.62930130011052,30.5,0.9172178491438454,0.48147518257381205,0.5296242800959549,3.530751708428246,NA,3.304347826086956,NA,-0.1202335079934527,NA
SE32,SE,2015,11.319340715897564,9.660065885592049,31.1,0.9095486902910415,0.5298102352956485,0.5904397349905465,2.6528258362168393,NA,3.530751708428246,NA,-0.005213700071501612,NA
SE32,SE,2016,11.321199136504918,9.822050418661512,32,0.9128431790645037,0.7843084131025705,0.6816629173324337,2.9126213592233006,NA,2.6528258362168393,NA,-0.45122577436644684,NA
SE32,SE,2017,11.317794730825666,9.908777246972626,33,0.9068080671817441,0.9205672234587883,0.7830220088234194,3.9517014270032935,NA,2.9126213592233006,NA,-0.31924203430786735,NA
SE32,SE,2018,11.321584925902892,9.977691864537489,33.7,0.9135270817480606,1.0288407991031832,0.8539733728671098,3.833515881708653,NA,3.9517014270032935,NA,0.2086410946193196,NA
SE32,SE,2019,11.341735748545117,9.804330118048824,36.4,0.94924916678529625,0.7564675808288749,1.127642919892771,3.668171557562077,NA,3.833515881708653,NA,0.14859937369843457,NA
SE32,SE,2020,11.307834983212373,9.833193073336593,37.3,0.8891520658606912,0.8018149321325326,1.218866102234658,4.38496583143508,NA,3.668171557562077,NA,0.06459961093970357,NA
SE32,SE,2021,11.384610136186286,9.891605471948548,37,1.0252541293830943,0.8935881942235449,1.1884583747873627,3.6830357142857144,NA,4.38496583143508,NA,0.4287521106576444,NA
SE32,SE,2022,11.402389684879843,9.873839876621602,40.1,1.0567725721599188,0.8656761982280752,1.5026715584094188,3.6051026067664997,NA,3.6830357142857144,NA,0.07215103821027186,NA
SE32,SE,2023,11.337246928826085,10.088148436209027,42.9,0.9412916752939023,1.2023820359393655,1.7864770145841788,5.257332595462092,NA,3.6051026067664997,NA,0.03255873544176902,NA
SE33,SE,2000,11.201152949699868,NA,NA,0.7000330040367193,NA,NA,NA,NA,NA,NA,NA,NA
SE33,SE,2001,11.233149356524182,9.800116278410117,30.2,0.7567541804252729,0.7498471060878596,0.49921655264865905,NA,NA,NA,NA,NA,NA
SE33,SE,2002,11.237656377818052,9.676680162496009,23.1,0.7647439385003048,0.5559133645112275,-0.22043299693734,NA,NA,NA,NA,NA,NA
SE33,SE,2003,11.274240656444807,9.650844432587176,24.4,0.8295981995562456,0.5153221669473826,-0.08866617799905874,NA,NA,NA,NA,NA,NA
SE33,SE,2004,11.317176737150321,9.699099853228061,25.3,0.9057125276588623,0.5911375327091583,0.0025570043428287167,NA,NA,NA,NA,NA,NA
SE33,SE,2005,11.362009653062058,9.754749406208635,25.9,0.985189443470247,0.678570015063832,0.06337245923741999,NA,NA,NA,NA,NA,NA
SE33,SE,2006,11.395697408808454,9.836687014719342,29,1.0449089346717964,0.8073043557115872,0.37758564285947616,NA,NA,NA,NA,NA,NA
SE33,SE,2007,11.354513361204111,10.026452421071225,29.2,0.971900498399965,1.1054497972065132,0.39785746115767323,NA,NA,NA,NA,NA,NA
SE33,SE,2008,11.381212130261906,10.136218019284591,29.5,1.0192303625750152,1.2779054273944226,0.4282651886049691,3.0813475760065736,NA,NA,NA,NA,NA
SE33,SE,2009,11.29653247626575,10.111130367522971,30.1,0.8691157069760073,1.2384895551638995,0.4890806434995607,3.2354193273733505,NA,3.0813475760065736,NA,-0.23352417096948644,NA
SE33,SE,2010,11.446831137183853,9.885515754273147,30,1.1355555264128854,0.8840204779584149,0.478944734350462,3.5004321521175448,NA,3.2354193273733505,NA,-0.15525120557178393,NA
SE33,SE,2011,11.435656854551695,9.972668447224532,31.5,1.1157464753630484,1.0209483754977573,0.6309833715869407,3.297609233305853,NA,3.5004321521175448,NA,-0.02061692331605116,NA
SE33,SE,2012,11.392790524657771,9.996476450915603,33.1,1.0397557970223938,1.0583537588500052,0.7931579179725181,2.8618830360846124,NA,3.297609233305853,NA,-0.1236569106282996,NA
SE33,SE,2013,11.361090083494139,10.04390136060481,33.9,0.9835592895610937,1.1328642869223693,0.8742451911653065,2.601156069364162,NA,2.8618830360846124,NA,-0.34501858955658227,NA
SE33,SE,2014,11.350935915335333,9.9926903688569,35.4,0.9655586319754739,1.0524053453397217,1.0262838284017852,3.053745928338762,NA,2.601156069364162,NA,-0.47747553032163925,NA
SE33,SE,2015,11.350406535472453,10.012741191147624,37,0.9646201813318191,1.083907721769275,1.1884583747873627,3.795918367346939,NA,3.053745928338762,NA,-0.24754661696400937,NA
SE33,SE,2016,11.357911370617177,10.20715043261587,37.3,0.977924271392564,1.3893492152560505,1.218866102234658,3.0504497457958544,NA,3.795918367346939,NA,0.12949873445361682,NA
SE33,SE,2017,11.407613408636315,10.07864124576925,37.6,1.0660328543604438,1.1874450379609902,1.2492738296819543,2.6131045241809674,NA,3.0504497457958544,NA,-0.2492211743039291,NA
SE33,SE,2018,11.405165767795731,10.030850338946498,38.2,1.0616938337755104,1.1123594821263791,1.310089284576546,2.834331337325349,NA,2.6131045241809674,NA,-0.47140536507632164,NA
SE33,SE,2019,11.4522490175986,10.179374005737033,39.5,1.145159997075617,1.3457089374301423,1.4418561035148272,2.7777777777777777,NA,2.834331337325349,NA,-0.3590156600416054,NA
SE33,SE,2020,11.421207868391203,10.206754475822557,39.7,1.0901322400789093,1.3887271170811246,1.4621279218130248,3.557312252964427,NA,2.7777777777777777,NA,-0.38774652582534114,NA
SE33,SE,2021,11.552245543790708,10.144571460131923,40,1.3224274206187834,1.2910297389183638,1.4925356492603201,3.578690524603498,NA,3.557312252964427,NA,0.00827983501836406,NA
SE33,SE,2022,11.531061279406117,10.346789184198464,43,1.2848733163902104,1.6087393456320411,1.7966129237332775,4.477611940298508,NA,3.578690524603498,NA,0.01914062358877616,NA
SE33,SE,2023,11.426728615860554,10.473359454815345,43.8,1.0999190668537133,1.807597240433096,1.877700196926066,5.607115235885537,NA,4.477611940298508,NA,0.47581904933374086,NA
SI03,SI,2010,10.465292301664151,NA,NA,-0.6044535229601723,NA,NA,3.5840188014101058,NA,NA,NA,NA,NA
SI03,SI,2011,10.49554389096389,8.86959749676706,19.5,-0.5508254470913319,-0.7121155261205087,-0.5853257263048891,3.5968299126193863,NA,3.5840188014101058,NA,0.021847544373496532,NA
SI03,SI,2012,10.480684949025191,8.883865248934034,21.2,-0.5771664256668326,-0.6896990838893321,-0.41301527077021327,3.109020249539783,NA,3.5968299126193863,NA,0.028355964349868448,NA
SI03,SI,2013,10.486569156309809,8.850070448842922,22.3,-0.5667352806595126,-0.7427949868101931,-0.3015202701301287,3.734351792913219,NA,3.109020249539783,NA,-0.2194656417536376,NA
SI03,SI,2014,10.513704732966247,8.9920623955232,23.6,-0.5186310720092681,-0.5197076894699453,-0.1697534511918471,3.7712130735386546,NA,3.734351792913219,NA,0.0982211101807951,NA
SI03,SI,2015,10.524064040261237,8.958931583743837,24.8,-0.5002667569294924,-0.5717603828187382,-0.04812254140266419,4.414546983392895,NA,3.7712130735386546,NA,0.11694772110924007,NA
SI03,SI,2016,10.539158492836242,8.872573204377932,26,-0.47350828021376073,-0.7074403133066505,0.07350836838651871,4.169298799747315,NA,4.414546983392895,NA,0.4437802028489654,NA
SI03,SI,2017,10.559906385313617,8.825721123026575,26.8,-0.4367277480945829,-0.7810508556494115,0.15459564157930744,4.276054097056484,NA,4.169298799747315,NA,0.31918693755504446,NA
SI03,SI,2018,10.565873250313492,8.8806541552734,28.2,-0.4261500727948858,-0.6947441179423584,0.29649836966668747,4.5552719418810135,NA,4.276054097056484,NA,0.373421757489102,NA
SI03,SI,2019,10.586239775780307,8.997090059063718,27.9,-0.3900456036347023,-0.5118085945042602,0.2660906422193916,5.091409475132691,NA,4.5552719418810135,NA,0.515272606281908,NA
SI03,SI,2020,10.550490751173026,9.030851253616715,28.5,-0.4534191799741379,-0.4587654901318297,0.3269060971139833,5.341246290801187,NA,5.091409475132691,NA,0.7876461868788975,NA
SI03,SI,2021,10.612034296502125,8.912552839713122,30.8,-0.34431873287218034,-0.6446272523965214,0.5600320075432507,5.145145145145145,NA,5.341246290801187,NA,0.9145706117291051,NA
SI03,SI,2022,10.61573719063056,9.079767188416614,35.3,-0.3377544798246337,-0.38191237313109705,1.0161479192526865,4.659924648026968,NA,5.145145145145145,NA,0.8149454821890055,NA
SI03,SI,2023,10.611679153181742,9.172081550832244,35.7,-0.3449483081563464,-0.23687484038029466,1.0566915558490815,4.111745032461145,NA,4.659924648026968,NA,0.5684392482800116,NA
SI04,SI,2010,10.669754984335318,NA,NA,-0.24199520217600046,NA,NA,6.714095153401511,NA,NA,NA,NA,NA
SI04,SI,2011,10.68734419171239,9.183534135071724,28.7,-0.2108141842683409,-0.21888138282667688,0.34717791541218035,6.499429874572406,NA,6.714095153401511,NA,1.6120180708858645,NA
SI04,SI,2012,10.662045429339596,9.138473950207255,29.7,-0.2556622064490342,-0.28967662927612026,0.44853700690316617,6.434378629500581,NA,6.499429874572406,NA,1.5029618175959316,NA
SI04,SI,2013,10.662733933058893,9.048130432063282,31.3,-0.2544416712457882,-0.43161771654306375,0.6107115532887436,6.31676730143985,NA,6.434378629500581,NA,1.469913878506415,NA
SI04,SI,2014,10.679915469487502,8.99364140881626,32.9,-0.22398334622996424,-0.5172268599845523,0.7728860996743208,6.685172334027295,NA,6.31676730143985,NA,1.4101638767701428,NA
SI04,SI,2015,10.691944912900398,9.025945138761761,33.1,-0.20265832103493242,-0.46647361674760884,0.7931579179725181,7.629054362722703,NA,6.685172334027295,NA,1.5973244309421428,NA
SI04,SI,2016,10.701152350124527,9.091818141300328,35,-0.186335967286152,-0.36297880279801464,0.9857401918053911,6.966651439013248,NA,7.629054362722703,NA,2.076844165846124,NA
SI04,SI,2017,10.723440028241939,9.07379715635134,35.3,-0.146825802012583,-0.3912920481733414,1.0161479192526865,7.283160450231736,NA,6.966651439013248,NA,1.7403240661724373,NA
SI04,SI,2018,10.739930297257553,9.110042105304576,37.5,-0.11759291149880856,-0.33434665166843025,1.2391379205328557,6.521274321146034,NA,7.283160450231736,NA,1.9011199204636602,NA
SI04,SI,2019,10.739376770776719,9.146731097807612,37.7,-0.11857416771696822,-0.2767036066155396,1.259409738831053,6.403731976251059,NA,6.521274321146034,NA,1.5140594366962639,NA
SI04,SI,2020,10.704987272262594,9.196965343174373,38.7,-0.17953766345709973,-0.19777925706752286,1.3607688303220389,8.737244897959185,NA,6.403731976251059,NA,1.4543444804300296,NA
SI04,SI,2021,10.77721044634109,9.159352356305343,41.6,-0.05150505596022871,-0.2568740140708906,1.6547101956458976,8.551372048500319,NA,8.737244897959185,NA,2.639837437806366,NA
SI04,SI,2022,10.77107270471965,9.288515944729193,46,-0.06238565036724016,-0.05394168917554457,2.100690198206235,8.333333333333332,NA,8.551372048500319,NA,2.545408582516522,NA
SI04,SI,2023,10.786714126175921,9.386743551632595,45.1,-0.03465754232497457,0.1003862981547665,2.009467015864348,7.111574556830032,NA,8.333333333333332,NA,2.4346385246945843,NA
SK01,SK,2000,10.349989521996772,NA,NA,-0.8088548902610189,NA,NA,5.213469499183784,6.249936693783477,NA,NA,NA,NA
SK01,SK,2001,10.313883547510237,9.14309659597161,26.1,-0.8728612444362356,-0.2824138684348071,0.08364427753561744,5.852379001123367,6.017019798362974,5.213469499183784,6.249936693783477,0.8496562565655209,1.342804555493126
SK01,SK,2002,10.405308792671384,9.118732257700819,24.4,-0.7107884377730969,-0.32069332373767123,-0.08866617799905874,6.8931624858169105,6.482853589203982,5.852379001123367,6.017019798362974,1.1742410094092148,1.230310799429903
SK01,SK,2003,10.436012286776567,9.31722786839342,24.3,-0.6563592540698326,-0.008831627644275952,-0.0988020871481571,5.538434803569152,5.784102902942474,6.8931624858169105,6.482853589203982,1.702989524054091,1.4552983115563505
SK01,SK,2004,10.469496070925958,9.138642218952226,26.1,-0.5970013506239172,-0.28941225780703217,0.08364427753561744,5.24714652971166,6.230526952498434,5.538434803569152,5.784102902942474,1.0147481556318065,1.1178170433666812
SK01,SK,2005,10.534838733279456,9.24348445367077,27.5,-0.4811660727003349,-0.12469185402852255,0.22554700562299745,5.469381428460713,7.433930912171032,5.24714652971166,6.230526952498434,0.8667651751169214,1.3334300758211903
SK01,SK,2006,10.596779958162175,9.35293213447029,28.4,-0.37136064481003894,0.04726428771450893,0.31677018796488454,4.7666768926611445,7.909469573654556,5.469381428460713,7.433930912171032,0.9796670171848861,1.914647815481177
SK01,SK,2007,10.68463403325003,9.394861468401443,28.1,-0.21561857924395558,0.1131405715789711,0.28636246051758907,5.682986558989027,8.511171553490852,4.7666768926611445,7.909469573654556,0.6226725173657016,2.1443225674435897
SK01,SK,2008,10.697784042871522,9.612408029554436,29.1,-0.19230708619577205,0.4549337190633483,0.3877215520085749,5.7074196455392014,6.686655872696919,5.682986558989027,8.511171553490852,1.0881846840660307,2.434931437273582
SK01,SK,2009,10.674464064756403,9.467244183388072,29.2,-0.23364724664902947,0.2268629666728005,0.39785746115767323,6.431159420289855,5.910266221295246,5.7074196455392014,6.686655872696919,1.1005974081451395,1.5537303481116693
SK01,SK,2010,10.787284261573626,9.3681616145359,31.9,-0.03364684288499801,0.07119172604581274,0.6715270081833349,7.042692427547524,6.366395141493728,6.431159420289855,5.910266221295246,1.4682784258752624,1.17875116123426
SK01,SK,2011,10.798552863727883,9.682514268322336,33.6,-0.013670588240107296,0.5650794822497426,0.843837463718011,7.770700636942675,6.7351802259095255,7.042692427547524,6.366395141493728,1.778955117040299,1.3990514335247373
SK01,SK,2012,10.77901307647104,9.900290164786016,37.9,-0.04830946896430089,0.9072329444973295,1.2796815571292497,8.59742704737998,6.327575658923644,7.770700636942675,6.7351802259095255,2.1488046246737764,1.5771665472915082
SK01,SK,2013,10.846152163907064,9.891908906938427,37.4,0.07071039604539642,0.8940649289496564,1.229002011383757,8.100381194409149,5.764693161657432,8.59742704737998,6.327575658923644,2.5688058717776623,1.380302474180867
SK01,SK,2014,10.837722639364499,10.053731048487794,37.5,0.05576707596961967,1.1483079691507059,1.2391379205328557,8.716323296354993,5.919971091937766,8.100381194409149,5.764693161657432,2.316292010505058,1.1084425636947455
SK01,SK,2015,10.87804719253426,9.849282799821955,39,0.12725185567286784,0.8270939263324317,1.3911765577693342,9.182389937106917,6.79340944976465,8.716323296354993,5.919971091937766,2.629208650998257,1.1834384010702272
SK01,SK,2016,10.878184133728459,9.94254497224165,37.5,0.1274946162326298,0.97362058841164,1.2391379205328557,8.88088808880888,7.162194534180446,9.182389937106917,6.79340944976465,2.8659841644910258,1.6052899863073136
SK01,SK,2017,10.879607661769764,9.864834644473902,39,0.13001815537776898,0.851527840178759,1.3911765577693342,10.582639714625447,7.4048163002434695,8.88088808880888,7.162194534180446,2.712812388809735,1.7834051000740836
SK01,SK,2018,10.89363080460702,9.885666496082766,42.7,0.15487748295043188,0.8842573123964971,1.7662051962859822,10.168997668997669,7.3368822057458205,10.582639714625447,7.4048163002434695,3.577352091522213,1.9005860959732743
SK01,SK,2019,10.901878030579983,9.963124105765667,43.8,0.16949763582251196,1.00595300857216,1.877700196926066,8.8907947398513425,8.346188752567999,10.168997668997669,7.3368822057458205,3.367209808869875,1.8677754171214997
SK01,SK,2020,10.885057820772573,9.923017993733852,45.5,0.13967984744967593,0.9429412367837996,2.050010652460742,10.831381733021077,9.404019652602779,8.8907947398513425,8.346188752567999,2.717845257894268,2.3552483600621335
SK01,SK,2021,10.952475557888743,9.829187520663455,45.6,0.2591936847277268,0.7955217025438392,2.060146561609841,12.55720823798627,9.064349180114547,10.831381733021077,9.404019652602779,3.7037203272702888,2.866157502182604
SK01,SK,2022,10.940272702123924,9.8138176545261,46.7,0.23756124524535288,0.7713736999477157,2.1716415622499254,10.747051114023591,9.151693015897235,12.55720823798627,9.064349180114547,4.580490774203155,2.7021041079237373
SK01,SK,2023,10.926618821963457,9.754258700661833,47,0.21335652284566467,0.6777990546200505,2.202049289697221,10.875127942681678,8.414122847065643,10.747051114023591,9.151693015897235,3.660877901165562,2.7442892664474456
SK02,SK,2000,9.956946933887165,NA,NA,-1.505615563757565,NA,NA,2.452044161609311,2.480664986200799,NA,NA,NA,NA
SK02,SK,2001,9.96609755098875,8.515741799383258,7.9,-1.4893939370751386,-1.268067557368808,-1.7610911876003248,2.633141828934669,2.3917812244802494,2.452044161609311,2.480664986200799,-0.5532287497959627,-0.4776710748526222
SK02,SK,2002,9.9807435131898,8.678202083188841,9.1,-1.463430515308835,-1.012821915016114,-1.6394602778111413,2.6158451077129086,2.714994903464067,2.633141828934669,2.3917812244802494,-0.46122582698620096,-0.5205999838565027
SK02,SK,2003,10.052053383889367,8.642065061425697,8.5,-1.3370169534234595,-1.0695977442623883,-1.7002757327057332,2.2293695608405004,2.371580369543761,2.6158451077129086,2.714994903464067,-0.4700130683180763,-0.36449486020602706
SK02,SK,2004,10.097506892014183,8.553939530966684,9.5,-1.2564398915682815,-1.2080540925019438,-1.5989166412147473,2.6124941344990247,2.306937633746997,2.2293695608405004,2.371580369543761,-0.6663539733772319,-0.5303565540846573
SK02,SK,2005,10.134975880719962,8.559662179298522,10,-1.1900172732677101,-1.1990630885765372,-1.5482370954692544,3.2622280950557383,2.5776290898959444,2.6124941344990247,2.306937633746997,-0.47171546092471683,-0.5615775788147528
SK02,SK,2006,10.253685180780469,8.72997028503998,11.3,-0.9795770452550734,-0.9314875259247419,-1.4164702765309727,3.656596343635876,2.460464131264311,3.2622280950557383,2.5776290898959444,-0.14163156584845,-0.4308395377574793
SK02,SK,2007,10.311171656228039,8.747256247601873,12.4,-0.877668711243641,-0.9043290936332228,-1.3049752758908884,3.849217147090544,2.751356442349746,3.656596343635876,2.460464131264311,0.05871906300616527,-0.4874276450807766
SK02,SK,2008,10.301888385779508,8.70677966076265,12.6,-0.8941254972654278,-0.9679229281754896,-1.2847034575926912,3.618642168944656,2.2463350689375314,3.849217147090544,2.751356442349746,0.15657607670229176,-0.3469330337953488
SK02,SK,2009,10.247179909253598,8.809400922813051,12.1,-0.9911091730892115,-0.8066919532102815,-1.3353830033381842,3.556755487733302,2.0968487424075164,3.618642168944656,2.2463350689375314,0.039437229860567385,-0.5908472894992169
SK02,SK,2010,10.316854102144415,8.564906188125708,13,-0.8675952358402638,-1.190824087817435,-1.244159820996297,4.102380098074392,2.1776521621534703,3.556755487733302,2.0968487424075164,0.007996981962668227,-0.6630459091875616
SK02,SK,2011,10.337636451083505,8.557205518584782,13.9,-0.8307536215172828,-1.202922813102635,-1.1529366386544095,4.399180426660238,2.3150179757215925,4.102380098074392,2.1776521621534703,0.2851902757787097,-0.624019628274943
SK02,SK,2012,10.363054692647037,8.664752607767134,15.3,-0.7856937942957971,-1.0339527410426679,-1.0110339105670294,3.8856039580065165,2.440263276327822,4.399180426660238,2.3150179757215925,0.43597354164892643,-0.5576749507234908
SK02,SK,2013,10.35772747683024,8.452219008307775,15.9,-0.7951375405784205,-1.3678698920212637,-0.950218455672438,3.711340206185567,2.193812846102661,3.8856039580065165,2.440263276327822,0.1750616431120522,-0.49718421530893153
SK02,SK,2014,10.374753036776143,8.435001813876138,16.6,-0.764955720660078,-1.3949202808872194,-0.8792670916287478,3.341288782816229,2.4443034473151197,3.711340206185567,2.193812846102661,0.08653054967439906,-0.6162143720924191
SK02,SK,2015,10.373491181781864,8.533221724803655,16.4,-0.7671926562041312,-1.2406043849078667,-0.8995389099269453,3.4114888628370457,2.8321598620957005,3.341288782816229,2.4443034473151197,-0.101466419269024,-0.4952329012633005
SK02,SK,2016,10.37427895280704,8.668305933629568,17.9,-0.7657961462923091,-1.0283700169392753,-0.7475002726904666,3.5771065182829886,2.90488293986706,3.4114888628370457,2.8321598620957005,-0.06580272111773412,-0.30790675288272984
SK02,SK,2017,10.371892460418167,8.634743670229634,19.7,-0.77002676682675,-1.0811005753234917,-0.565053908006692,4.053148727110316,3.054369266397076,3.5771065182829886,2.90488293986706,0.018335901952167968,-0.2727831000613726
SK02,SK,2018,10.390596649684802,8.582033514007389,20.7,-0.7368691805882996,-1.1639148938036832,-0.4636948165157062,3.738526975598836,3.114971831206541,4.053148727110316,3.054369266397076,0.2601792964021,-0.20058448037302742
SK02,SK,2019,10.427669770052216,8.560531738500705,20.6,-0.6711483322699134,-1.1976969011495195,-0.47383072566480455,3.8777115881757895,3.3371812355079156,3.738526975598836,3.114971831206541,0.10034222535590878,-0.1713147696885635
SK02,SK,2020,10.428847513659173,8.623714996739112,22.2,-0.669060503994772,-1.0984280155042256,-0.31165617927922745,3.91304347826087,4.028050474335825,3.8777115881757895,3.3371812355079156,0.17105208791983692,-0.0639924971788615
SK02,SK,2021,10.459999072790948,8.535669468554243,22.4,-0.6138370193705812,-1.2367586700580677,-0.2913843609810304,3.69791084794995,4.209858168764224,3.91304347826087,4.028050474335825,0.1890017236287309,0.2696822046240301
SK02,SK,2022,10.437399406548428,8.593800793629418,23.6,-0.6539002571679682,-1.145427010023651,-0.1697534511918471,3.837144450641383,4.0765325261833985,3.69791084794995,4.209858168764224,0.07970804208838825,0.35749133667742317
SK02,SK,2023,10.501654488803858,8.766808861886288,24.8,-0.5399929714379431,-0.8736094649597173,-0.04812254140266419,3.5585990121239335,3.939166712615275,3.837144450641383,4.0765325261833985,0.15044279306632796,0.29309797317160174
SK03,SK,2000,9.807415199916202,NA,NA,-1.7706958243263264,NA,NA,3.871296189010343,3.391789933405075,NA,NA,NA,NA
SK03,SK,2001,9.86368254556068,8.536188780216895,8.9,-1.6709486853822466,-1.2359427657902071,-1.659732096109339,3.591664058537217,3.4629081094280854,3.871296189010343,3.391789933405075,0.16779287711425556,-0.03761769285613239
SK03,SK,2002,9.903451838888154,8.680460532192477,9.1,-1.6004482346890887,-1.0092736061423981,-1.6394602778111413,3.5813858766663835,3.89508779449099,3.591664058537217,3.4629081094280854,0.025731559069625695,-0.0032691724074537854
SK03,SK,2003,9.9316072308135,8.628557320903155,9.7,-1.550536162985062,-1.0908201121276055,-1.5786448229165502,3.4727939525484617,3.2878479838329855,3.5813858766663835,3.89508779449099,0.020509941435047918,0.20546414416528383
SK03,SK,2004,10.020545850878054,8.575359617805365,10.2,-1.3928714856937765,-1.1744004283797482,-1.5279652771710572,3.5183722473223593,3.4464962226535447,3.4727939525484617,3.2878479838329855,-0.034657938747723105,-0.08781937658881549
SK03,SK,2005,10.003835880227514,8.592291618806101,12.1,-1.4224938491648083,-1.1477981144448464,-1.3353830033381842,3.50842997758503,4.179560498583029,3.5183722473223593,3.4464962226535447,-0.01150282914407606,-0.011195754049456458
SK03,SK,2006,10.06483070294489,8.683756982151612,14,-1.3143661422901787,-1.004094466554596,-1.142800729505311,3.320378421550378,4.3327381084787415,3.50842997758503,4.179560498583029,-0.01655379356955363,0.34285822595999715
SK03,SK,2007,10.144475417337166,8.700424731898261,13.7,-1.17317710446274,-0.9779073247436871,-1.173208456952607,3.30985607635896,4.879801000963432,3.320378421550378,4.3327381084787415,-0.1120894956558117,0.41683965461868894
SK03,SK,2008,10.208362327768684,8.828042732934849,12.3,-1.0599224901117246,-0.7774033130103823,-1.3151111850399868,3.320650294015911,3.7583220713698173,3.30985607635896,4.879801000963432,-0.11743515541345202,0.6810590426854457
SK03,SK,2009,10.162838760819847,8.772211859261033,13.8,-1.1406237477535341,-0.8651206730947651,-1.1630725478035082,3.1098328240158195,3.550438172225636,3.320650294015911,3.7583220713698173,-0.11195137647498547,0.13940929714859454
SK03,SK,2010,10.260698999314686,8.573714424983969,15.1,-0.9671433979264515,-1.1769852342698686,-1.0313057288652268,2.6683608640406606,4.0209122597624685,3.1098328240158195,3.550438172225636,-0.2190528301039898,0.03900592968322749
SK03,SK,2011,10.230080544862242,8.613092118854485,17.1,-1.0214218287914525,-1.1151178994917523,-0.8285875458832549,2.4403277520484505,4.3819737688023634,2.6683608640406606,4.0209122597624685,-0.4433335249143613,0.2662346034206377
SK03,SK,2012,10.259801659328776,8.687129466165418,17.1,-0.968734144659382,-0.9987958678554941,-0.8285875458832549,2.966625463535229,4.146736725033947,2.4403277520484505,4.3819737688023634,-0.5591810292502243,0.4406193995446969
SK03,SK,2013,10.250959501404534,8.52105394352084,17.6,-0.9844089547100926,-1.259721507424135,-0.777908000137762,2.395315826827537,3.906029052340685,2.966625463535229,4.146736725033947,-0.2918063665060604,0.32700506267599183
SK03,SK,2014,10.26973860175856,8.368436722357133,18.8,-0.9511185709039454,-1.4995024541115798,-0.6562770903485791,2.676056338028169,4.009971001912775,2.395315826827537,3.906029052340685,-0.5820484065211771,0.21074853192661944
SK03,SK,2015,10.308952660644293,8.606253266581325,17.8,-0.8816024041924205,-1.125862600907558,-0.7576361818395649,3.4864230640295006,4.288973077079968,2.676056338028169,4.009971001912775,-0.43942399858133974,0.26095021565930276
SK03,SK,2016,10.299447304346257,8.817364828216437,19.4,-0.8984528897540434,-0.7941796511096894,-0.5954616354539878,3.613666228646518,4.453091944825374,3.4864230640295006,4.288973077079968,-0.02773395065845141,0.39570210357334906
SK03,SK,2017,10.304451179622633,8.613418083886645,20,-0.8895823408284692,-1.114605767221212,-0.5346461805593962,3.197013956507627,5.043919868708839,3.613666228646518,4.453091944825374,0.03690930634881342,0.4749679199933758
SK03,SK,2018,10.32266930839989,8.619967725258347,20.3,-0.8572864114287061,-1.104315452690551,-0.5042384531121004,2.888605170762847,5.054861126558533,3.197013956507627,5.043919868708839,-0.1747622595981804,0.7603248591054729
SK03,SK,2019,10.345752647584328,8.640685407180309,21.6,-0.8163657492835307,-1.0717653554830497,-0.37247163417381873,3.746261608688809,5.104096786882154,2.888605170762847,5.054861126558533,-0.33144296193849293,0.7656092468668082
SK03,SK,2020,10.31584754144339,8.720012958089482,23.2,-0.8693796020468237,-0.9471317452629116,-0.21029708778824163,4.619826756496632,5.749631000014089,3.746261608688809,5.104096786882154,0.10427164566070016,0.7893889917928159
SK03,SK,2021,10.406653092085657,8.617927978325307,23.7,-0.7084053500528208,-1.1075201529653809,-0.15961754204274872,4.22873618452667,6.0669274776552085,4.619826756496632,5.749631000014089,0.5480683441497454,1.101167869711589
SK03,SK,2022,10.404692088572643,8.699553304604466,24.5,-0.7118816912173446,-0.9792764471787715,-0.07853026884996,4.039440203562341,6.012221188406739,4.22873618452667,6.0669274776552085,0.3493828710788298,1.2544151147903075
SK03,SK,2023,10.3925363360332,8.712272872693035,26.6,-0.7334306291250058,-0.9592923978396678,0.13432382328111034,3.728173666823973,5.771513515713475,4.039440203562341,6.012221188406739,0.2532149646553291,1.2279931759836318
SK04,SK,2000,9.839163898230781,NA,NA,-1.714413769685122,NA,NA,2.730766767023253,2.3784456401176195,NA,NA,NA,NA
SK04,SK,2001,9.883100631417783,8.497646387436316,7.8,-1.6365255490883353,-1.2964977369661883,-1.771227096749423,2.232672815268012,2.5001335565887532,2.730766767023253,2.3784456401176195,-0.4116294971387535,-0.5270407788513951
SK04,SK,2002,9.929885095956308,8.659636610752548,8.8,-1.5535890531278824,-1.0419906190622907,-1.6698680052584374,2.883116702115881,2.599696397337863,2.232672815268012,2.5001335565887532,-0.6646758233126627,-0.4682681820132329
SK04,SK,2003,9.9316072308135,8.579216751594428,9.2,-1.550536162985062,-1.1683403836194672,-1.629324368662043,2.2997983621146068,2.3157579255718836,2.883116702115881,2.599696397337863,-0.33423126487319305,-0.42018151187291825
SK04,SK,2004,9.986644299202373,8.518225230335087,9.8,-1.4529699805966712,-1.2641657734146656,-1.5685089137674515,2.419997391261984,2.4190082789413307,2.2997983621146068,2.3157579255718836,-0.6305740781256581,-0.5573175711619636
SK04,SK,2005,10.053535548779786,8.560418761622392,10.7,-1.3343894666357092,-1.1978744021066796,-1.4772857314255643,2.9395570852310295,2.780384515734396,2.419997391261984,2.4190082789413307,-0.5695094483941961,-0.5074499132386744
SK04,SK,2006,10.053531147690958,8.655363095630284,11.2,-1.3343972686035086,-1.0487048515315118,-1.4266061856800714,2.7578906193766324,2.8799473564835054,2.9395570852310295,2.780384515734396,-0.3055578960342267,-0.3329131105071617
SK04,SK,2007,10.167464935561865,8.671865455269927,12.2,-1.1324227620932668,-1.0227775584855594,-1.3252470941890857,3.0241952439287623,3.1454482651477975,2.7578906193766324,2.8799473564835054,-0.3978497851677097,-0.2848264403668471
SK04,SK,2008,10.208362327768684,8.687674554715995,12.4,-1.0599224901117246,-0.9979394648382637,-1.3049752758908884,2.765416401780038,2.599696397337863,3.0241952439287623,3.1454482651477975,-0.2625592307480642,-0.1565953199926749
SK04,SK,2009,10.158830739422308,8.757815772930325,12.7,-1.1477289108397257,-0.8877387445198012,-1.2745675484435928,2.124261300111803,2.540696195412465,2.765416401780038,2.599696397337863,-0.394026467132919,-0.42018151187291825
SK04,SK,2010,10.21641131911357,8.514895420003768,12.7,-1.0456537548649818,-1.2693973263642304,-1.2745675484435928,2.728019720624487,2.6402590361615745,2.124261300111803,2.540696195412465,-0.7197520504552605,-0.4486773164005119
SK04,SK,2011,10.24462625586462,8.492703517971114,14.6,-0.9956361259157192,-1.304263609720792,-1.0819852746107197,3.1480570585341856,2.750884414771696,2.728019720624487,2.6402590361615745,-0.4130250772227666,-0.4005906462601973
SK04,SK,2012,10.263304289879978,8.507797305927784,16.1,-0.9625249060280096,-1.280549360845379,-0.9299466373742408,2.6354319180087846,2.8172596419377687,3.1480570585341856,2.750884414771696,-0.19963379865099304,-0.3471610127709589
SK04,SK,2013,10.271866186223846,8.321550918934253,16.3,-0.947346925718919,-1.573165978091487,-0.9096748190760436,2.4472168905950094,2.566508783754827,2.6354319180087846,2.8172596419377687,-0.46006239461611526,-0.3151032326774161
SK04,SK,2014,10.303755487036813,8.177147600894479,17.5,-0.8908156199928824,-1.8000418446573194,-0.7880439092868607,2.776477928560287,2.607071422578538,2.4472168905950094,2.566508783754827,-0.555681144954166,-0.4362104019196894
SK04,SK,2015,10.354563171896345,8.397368197854298,19.7,-0.8007470172702295,-1.4540474488973674,-0.565053908006692,3.0682338574263475,2.9168224826868787,2.776477928560287,2.607071422578538,-0.38840688732522866,-0.4166195363069689
SK04,SK,2016,10.33918763299577,8.703513763308587,19.7,-0.828003785782931,-0.9730540659157026,-0.565053908006692,3.0357409899805594,3.064322987500375,3.0682338574263475,2.9168224826868787,-0.24018632435944648,-0.26701656253710127
SK04,SK,2017,10.36566191066753,8.419326345248646,19.3,-0.7810718855284837,-1.4195484236263514,-0.6055975446030862,2.9787234042553195,3.377761560229054,3.0357409899805594,3.064322987500375,-0.25669365335839966,-0.19577705121811637
SK04,SK,2018,10.399512013342754,8.432722123873074,20.1,-0.7210645961114419,-1.3985019620560981,-0.5245102714102975,3.432070635146682,3.186010903971509,2.9787234042553195,3.377761560229054,-0.28566025804057765,-0.04439308966527385
SK04,SK,2019,10.378739146580635,8.43330272792053,23.6,-0.7578894010396848,-1.3975897597037803,-0.1697534511918471,3.919071873231466,3.2966362825816304,3.432070635146682,3.186010903971509,-0.055346577551348135,-0.13700445437995395
SK04,SK,2020,10.386883314560142,8.501438275670829,23.8,-0.7434519427638197,-1.290540201219752,-0.14948163289365002,4.912331546152731,3.6875126203373942,3.919071873231466,3.2966362825816304,0.19206432496058604,-0.08357482089071575
SK04,SK,2021,10.454790727683811,8.392721329096121,26.6,-0.6230700392886145,-1.4613482671239877,0.13432382328111034,4.910196987253766,3.812888049428866,4.912331546152731,3.6875126203373942,0.6966693503452981,0.10520988410459357
SK04,SK,2022,10.44969968463008,8.418381793778112,27.7,-0.6320951136551831,-1.4210324333866695,0.24581882392119453,4.969033558980268,3.717012721300094,4.910196987253766,3.812888049428866,0.6955849318626373,0.16576346872573067
SK04,SK,2023,10.469497377169327,8.464971504033208,28.2,-0.5969990349995107,-1.347834109202286,0.29649836966668747,4.532947139753802,3.6100748553103092,4.969033558980268,3.717012721300094,0.7254756347462874,0.11945778636839073
