geo,Country_Code,Year,Nominal_Prod_EUR,Real_Prod_EUR,log_prod,Real_GFCF_per_Worker,laglog_gfcf_pw,Raw_Edu,lag_Edu,zlog_prod,zlaglog_gfcf_pw,zlag_Edu
AT11,AT,2000,47600,62414.76974719396,11.041557221016326,13217.49772095429,NA,11,NA,-2.0206593765222864,NA,NA
AT11,AT,2001,49100,63157.623935581796,11.053388847895974,13975.07834009772,9.489296815683208,11.2,11,-1.640133875386881,-1.2199779770129395,-1.0631535839735338
AT11,AT,2002,50800,64631.043256997466,11.076450120119503,13150.912729749267,9.545030903739088,11.6,11.2,-0.8984436362555572,-0.7158544461147142,-1.0387498589921054
AT11,AT,2003,50500,63445.399266294786,11.057934960920123,13138.177652683775,9.484246444303619,12.6,11.6,-1.4939230495782658,-1.2656593748977152,-0.9899424090292486
AT11,AT,2004,53100,65579.03446913091,11.091011327343182,15326.15345558979,9.483277595410302,12.6,12.6,-0.4301301293904874,-1.2744227644505508,-0.8679237841221065
AT11,AT,2005,53400,64320.30064320301,11.071630578021075,13648.454970082012,9.637316024242182,12.7,12.6,-1.0534484120909193,0.11887888173202542,-0.8679237841221065
AT11,AT,2006,55000,64920.50189449829,11.080918752567502,14463.722573166073,9.521381605201766,14.9,12.7,-0.7547247192408763,-0.9297660448825543,-0.8557219216313923
AT11,AT,2007,57800,66718.22515669548,11.108233435310332,14976.993668759915,9.579398901942346,13.2,14.9,0.12376252894552592,-0.40499053484448155,-0.5872809468356794
AT11,AT,2008,57400,64999.77351995288,11.082139064563286,14504.901893424087,9.614270547261446,14.1,13.2,-0.7154773833959656,-0.08957105675291004,-0.7947126091778212
AT11,AT,2009,58400,65000.834770994494,11.082155391425992,13560.070968267972,9.582241932894167,15.1,14.1,-0.7149522833673336,-0.3792748758666587,-0.6848958467613933
AT11,AT,2010,60900,67185.17292735397,11.115207861204448,13605.64624483754,9.514884795128772,14.8,15.1,0.3480720795666213,-0.9885307066509328,-0.5628772218542512
AT11,AT,2011,61800,66959.2068909475,11.111838860573311,14214.120983644725,9.518240150628559,14.8,14.8,0.23971921596388426,-0.9581809921229867,-0.5994828093263936
AT11,AT,2012,63600,67497.29374058115,11.119842783324755,15962.635673908258,9.561991184933897,13.9,14.8,0.49713915888663435,-0.5624460538865802,-0.5994828093263936
AT11,AT,2013,64400,67198.13013898744,11.115400700811422,15117.935011020976,9.678005999844737,15.8,13.9,0.3542741335046895,0.4869260659320515,-0.7092995717428215
AT11,AT,2014,65300,66796.91895375361,11.109412235014217,15504.885779677903,9.623637067061361,25.7,15.8,0.16167475797555306,-0.0048494223192922506,-0.47746418441925154
AT11,AT,2015,68300,68300,11.131665045558881,15357.411587659893,9.648910464830724,28.5,25.7,0.8773634768909132,0.22375240765076385,0.7305202021614553
AT11,AT,2016,70000,68752.14850464078,11.138263266017109,14898.386483376233,9.639353476072783,27.9,28.5,1.0895736126574547,0.1373079517447582,1.0721723519014534
AT11,AT,2017,70900,68963.50478561979,11.14133272750347,16716.70999745176,9.609008196363504,28,27.9,1.1882927813900501,-0.1371698424877031,0.9989611769571679
AT11,AT,2018,71900,68692.73614919413,11.13739873971194,16269.013129864637,9.724164096789506,28.4,28,1.0617689574849016,0.9044332616721,1.0111630394478823
AT11,AT,2019,73100,68824.6149211012,11.13931673495122,16897.538956282093,9.697017542556889,30.7,28.4,1.1234549882418228,0.6588884389462648,1.059970489410739
AT11,AT,2020,71600,65708.56964557752,11.092984631972412,16827.06268569986,9.734923266418344,33.1,30.7,-0.3666652533790439,1.0017516313094446,1.340613326697166
AT11,AT,2021,74500,67160.07536352081,11.114834233339758,19561.601946991555,9.73074374347407,31.4,33.1,0.3360555638418241,0.9639471935293786,1.6334580264743073
AT11,AT,2022,80200,68840.01991382122,11.139540539602326,19097.62091662349,9.881323839365706,31.4,31.4,1.1306529313382736,2.3259676781522702,1.4260263641321653
AT11,AT,2023,87100,69758.12910459714,11.152789239195087,17252.27709580184,9.857319046937478,33.2,31.4,1.556753931920039,2.108840581620898,1.4260263641321653
AT12,AT,2000,53600,70282.17769852093,11.160273527855708,15875.901675043837,NA,13,NA,-1.7720615307256158,NA,NA
AT12,AT,2001,53900,69331.89267062848,11.14666029101045,15382.51412143036,9.672557620575882,13.3,13,-2.10538599534611,-0.35288373324796835,-1.1014695823606817
AT12,AT,2002,54800,69720.1017811705,11.152243959489038,14363.57543935696,9.640986696633425,13.8,13.3,-1.9686680841395654,-0.7919771876723417,-1.0650530029726188
AT12,AT,2003,56000,70355.29423589124,11.161313315373958,14940.690833248054,9.572450797637982,12.6,13.8,-1.7466020002862732,-1.7451854211988325,-1.0043587039925141
AT12,AT,2004,59700,73730.10090032234,11.208166419493846,15747.889646769094,9.611843698129666,17.3,12.6,-0.5993887383638754,-1.1973026671744023,-1.1500250215447654
AT12,AT,2005,61700,74317.6507431765,11.216103762966268,15290.789479924752,9.664461644594898,17.1,17.3,-0.40504034102619296,-0.46548386072305764,-0.5794986111317816
AT12,AT,2006,63700,75189.7449214462,11.227770129913148,14899.234301763538,9.635005931332758,15.1,17.1,-0.11938560947058184,-0.8751586270485722,-0.6037763307238234
AT12,AT,2007,67100,77453.16449851674,11.257428703609637,15729.117771113168,9.609065101469696,15,15.1,0.6068140674441443,-1.235947833470524,-0.8465535266442422
AT12,AT,2008,68200,77229.69606377678,11.254539326087183,17032.942402955643,9.663268908726959,16.1,15,0.536066733308549,-0.48207262174328014,-0.858692386440263
AT12,AT,2009,67300,74906.78390561523,11.223999738242494,16380.329396476982,9.74290453635751,17.6,16.1,-0.21170485722305693,0.625512411095343,-0.7251649286840327
AT12,AT,2010,68600,75679.84996414585,11.234267221220437,15014.097569181613,9.703836466879894,17.9,17.6,0.0396977522757331,0.082147458714316,-0.5430820317437187
AT12,AT,2011,71100,77035.59239395417,11.25202283291886,16193.05463051913,9.616744876658629,17.2,17.9,0.4744495920226453,-1.1291362931096067,-0.5066654523556563
AT12,AT,2012,72600,77048.79757179547,11.252194234809428,15837.05598934343,9.692337702779824,17.2,17.2,0.47864642221506726,-0.07777918960023145,-0.5916374709278027
AT12,AT,2013,73100,76276.1384031053,11.242115434456847,16911.396606763596,9.670107788835823,17.6,17.2,0.23186376723531718,-0.38695638450966124,-0.5916374709278027
AT12,AT,2014,74700,76412.40192718829,11.243900290870602,16094.554019050933,9.73574302906551,29.1,17.6,0.2755665482345721,0.5259090234510264,-0.5430820317437187
AT12,AT,2015,76700,76700,11.247656987355347,16563.206835888413,9.686236234063564,30.3,29.1,0.36755046497333305,-0.162639391365876,0.8528868447986881
AT12,AT,2016,79100,77689.92781024407,11.260480898741358,16359.339690204019,9.714939058701775,30.2,30.3,0.6815480428948507,0.23656407968553952,0.9985531623509393
AT12,AT,2017,80900,78690.37428993851,11.273276118029834,16458.20119603863,9.70255424810773,32,30.2,0.9948430856178355,0.06431415516502113,0.9864143025549181
AT12,AT,2018,82700,79010.97746228587,11.277342077014584,17354.8401290534,9.708579184907963,31.9,32,1.0943993937292926,0.1481099388147195,1.2049137788832949
AT12,AT,2019,85400,80405.22728128648,11.294834468990013,18908.426492794293,9.761626716444377,32.4,31.9,1.5227062142466252,0.8859034830728738,1.1927749190872738
AT12,AT,2020,81300,74610.42894113761,11.220035574559576,17194.58391199894,9.847362947867449,33,32.4,-0.30876867476303366,2.078336688179576,1.2534692180673785
AT12,AT,2021,84700,76355.14608443239,11.243150709612253,18353.632594284245,9.752349724376373,33.9,33,0.2572128110250601,0.7568775951630958,1.3263023768435043
AT12,AT,2022,91300,78367.75334329024,11.26916781233078,18580.08015166463,9.817582795432292,34.1,33.9,0.894249904642542,1.664149569998592,1.4355521150076924
AT12,AT,2023,97400,78007.36825244273,11.26455856598512,17806.32301008671,9.829845326226375,36,34.1,0.7813910314784768,1.8346988075240036,1.4598298345997347
AT13,AT,2000,66100,86672.61093045212,11.369893206636592,27618.275899988395,NA,19.2,NA,-0.7721289024593412,NA,NA
AT13,AT,2001,67500,86825.65408659412,11.371657410973985,25423.0411831222,10.226233002856663,20,19.2,-0.7050803663203556,1.3489306336214446,-1.2627793778774268
AT13,AT,2002,70000,89058.524173028,11.397049007584426,26370.153158336125,10.143411175003754,20.5,20,0.2599265474919302,-0.14462176193226448,-1.1778556185464886
AT13,AT,2003,70800,88949.19342680537,11.395820625338484,27030.07309936562,10.17998808738265,21.2,20.5,0.2132419148425805,0.5149813465922202,-1.1247782689646524
AT13,AT,2004,72700,89785.231749638755,11.405175783634762,29282.559094845576,10.204705343645882,24.2,21.2,0.5687844423260479,0.9607154997798117,-1.0504699795500816
AT13,AT,2005,75700,91180.6509118065,11.42059799249833,27580.390281466418,10.284747365036267,23.3,24.2,1.1549050556898972,2.4041387601899262,-0.732005882059064
AT13,AT,2006,77900,91951.03813784393,11.429011520211734,26794.154344387345,10.224860302134276,23.7,23.3,1.4746609394001715,1.3241762843701805,-0.8275451113063692
AT13,AT,2007,80200,92574.4231412972,11.435768174504469,27150.859007698273,10.195939021228915,22.6,23.7,1.7314473954376495,0.8026296160764134,-0.7850832316409003
AT13,AT,2008,81700,92517.09924355664,11.435148763103724,25845.034417008374,10.209163964187471,24.1,22.6,1.7079066826032614,1.0411192238147646,-0.9018534007209399
AT13,AT,2009,81100,90266.57020424063,11.410522462713178,24322.323644958284,10.159873769299146,26,24.1,0.7719848300671308,0.15225344336481675,-0.742621351975431
AT13,AT,2010,82400,90904.07634177284,11.417560123404023,24038.328075084264,10.099149876127779,27.3,26,1.0394509263478664,-0.9427998591838285,-0.5409274235644533
AT13,AT,2011,83600,90579.12129584485,11.41397901620032,25960.91539282243,10.08740483860515,26.6,27.3,0.9033510479631146,-1.1546018609332478,-0.40292631465167894
AT13,AT,2012,83400,88510.60216925266,11.39087762234338,25139.680815685966,10.16434743186131,27.5,26.6,0.02538322527485747,0.23292842494679591,-0.4772346040662497
AT13,AT,2013,84200,87858.4248090488,11.383481988949397,24416.265683910635,10.13220278579021,30.6,27.5,-0.2556876135033547,-0.34674621383302356,-0.3816953748189445
AT13,AT,2014,85000,86948.5162491433,11.373071455222147,24511.373198278605,10.1030048155744,39.1,30.6,-0.6513396545073546,-0.8732825085713795,-0.05261580741155947
AT13,AT,2015,87100,87100,11.374812162840595,23737.26075068357,10.106892500994316,39.3,39.1,-0.5851841105099156,-0.8031746393948076,0.8496991354796573
AT13,AT,2016,89800,88199.18479595345,11.387352999275905,23588.528831907326,10.074801276109604,39.9,39.3,-0.10856997510393936,-1.3818859169089803,0.8709300753123913
AT13,AT,2017,89300,86860.94467356626,11.372063781847842,24279.006496392245,10.068515806400509,42.1,39.9,-0.6896362527082401,-1.4952337937256006,0.9346228948105949
AT13,AT,2018,91600,87513.97261844481,11.379553746665025,25365.68759614743,10.097367325736256,42.3,42.1,-0.4049803508489896,-0.974945158031647,1.1681632329706748
AT13,AT,2019,92700,87278.27364139644,11.376856840767298,26026.45391471523,10.141152657701475,42.9,42.3,-0.5074761835110958,-0.1853503236492143,1.189394172803409
AT13,AT,2020,91300,83787.60347264285,11.336040345606735,25027.586839391526,10.166868758002074,42.7,42.9,-2.0587059321489187,0.27839630213731265,1.2530869923016126
AT13,AT,2021,96600,87082.72859216254,11.374613849172716,26061.422349412718,10.127733969046545,44.5,42.7,-0.5927210158704673,-0.4273338092268796,1.2318560524688786
AT13,AT,2022,100100,85921.27173782425,11.361186711051031,24743.90734587054,10.168211428982687,45.6,44.5,-1.1030190218969929,0.30260911549245684,1.4229345109634888
AT13,AT,2023,106400,85215.44129424955,11.352937932244174,24596.37911343822,10.116334569848945,46.3,45.6,-1.4165136280554744,-0.6329028049955584,1.5397046800435288
AT21,AT,2000,52400,68708.69610825554,11.137631051105949,16904.265757391564,NA,11.3,NA,-1.5850353523356004,NA,NA
AT21,AT,2001,53500,68817.37027604127,11.13921146699746,17848.528463197075,9.73532128074067,12.8,11.3,-1.5497142139589049,-0.2252782583922276,-1.3212285976042935
AT21,AT,2002,55000,69974.55470737914,11.155886950767538,15824.44851008349,9.789676344772923,14.8,12.8,-1.1770293574571526,0.28544570526637464,-1.1275905915832733
AT21,AT,2003,55900,70229.65978189859,11.159526004799863,15317.85890339941,9.669311397121303,14.4,14.8,-1.0956991634706508,-0.8455117178307475,-0.8694065835552467
AT21,AT,2004,57900,71507.08278272467,11.177551783674238,16694.813691463736,9.63677467526374,16.7,14.4,-0.6928361997476294,-1.1512290203012523,-0.921043385160852
AT21,AT,2005,59200,71306.400713064,11.174741373944887,17294.24091368315,9.72285339277453,16,16.7,-0.7556468000957758,-0.3424274012345646,-0.6241317759286215
AT21,AT,2006,61400,72474.88756949446,11.190995402488127,17580.42955054929,9.758128829901151,15.9,16,-0.3923811594261583,-0.010976939536868268,-0.7144961787384307
AT21,AT,2007,65000,75029.14593746033,11.225631929527639,18548.38252174972,9.774541604987833,16,15.9,0.38171986741195957,0.14323863717431826,-0.727405379139832
AT21,AT,2008,66100,74851.65556914435,11.223263508095407,17959.77961112054,9.828137868640818,16.2,16,0.32878738198740476,0.6468328596721805,-0.7144961787384307
AT21,AT,2009,64100,71345.09432912238,11.175283865518436,14448.841222801635,9.795890070685163,17.2,16.2,-0.7435225105081839,0.34383030628724814,-0.6886777779356281
AT21,AT,2010,65800,72590.87649622154,11.192594524819869,14798.667497914646,9.578369498131353,16.6,17.2,-0.35664194580266345,-1.7000081284545636,-0.5595857739216148
AT21,AT,2011,68400,74110.19015114578,11.21330832073817,17094.66021678516,9.602292421774223,16.3,16.6,0.10629623133560724,-1.4752266733552075,-0.6370409763300225
AT21,AT,2012,69600,73864.9629613907,11.209993880319052,16797.030655126255,9.74652142570068,17.2,16.3,0.032220914000647055,-0.12004091704474001,-0.6757685775342266
AT21,AT,2013,69900,72937.10088067115,11.197352716940879,16582.22854489608,9.728957403051133,17.3,17.2,-0.25029983469652317,-0.28507369596011506,-0.5595857739216148
AT21,AT,2014,72400,74059.67736985853,11.212626498123502,16317.878003423493,9.716086831291115,28.8,17.3,0.0910579949635271,-0.4060064837483636,-0.5466765735202133
AT21,AT,2015,73700,73700,11.207758078177427,16711.145996860283,9.700016595764176,28.3,28.8,-0.01774762735063674,-0.557003534922394,0.9378814726409405
AT21,AT,2016,74900,73564.79889996562,11.205921914490924,16211.184949817163,9.723831200737553,29.4,28.3,-0.058784541748657236,-0.33323984957836705,0.8733354706339338
AT21,AT,2017,77000,74896.89518325422,11.223867715819072,17019.199523417257,9.693456711985084,29.7,29.4,0.3422909823564325,-0.6186406593457895,1.0153366750493482
AT21,AT,2018,79800,76240.3385911779,11.241645979440703,17904.95616950933,9.742097369494747,30.6,29.7,0.7396221613514917,-0.1616096569803901,1.0540642762535524
AT21,AT,2019,81600,76827.47712122924,11.24931763016555,18365.936549611,9.792832834482557,30.8,30.6,0.9110779397230565,0.31510430220584323,1.1702470798661646
AT21,AT,2020,81400,74702.20068645266,11.221264831014306,19939.104476614208,9.818252953392971,32.1,30.8,0.28411841217316536,0.5539535082135179,1.1960654806689672
AT21,AT,2021,84800,76445.29383659818,11.2443306507521,21461.749233567247,9.90043813160531,33.6,32.1,0.7996226000936691,1.3261711611204847,1.3638850858871847
AT21,AT,2022,94000,80685.31012343137,11.29831180699986,22834.23960030292,9.974027524212644,33.3,33.6,2.0060619302733844,2.017622214390263,1.5575230919082048
AT21,AT,2023,103700,83053.0193817075,11.327234470572112,21662.414819056088,10.036016425318774,33.8,33.3,2.652462290928271,2.6000742423554604,1.5187954907040002
AT22,AT,2000,51700,67790.8318472674,11.124182241293335,17353.236758716183,NA,11.6,NA,-2.139023276163476,NA,NA
AT22,AT,2001,53100,68302.84788145403,11.131706741343393,17278.882383007694,9.761534324673807,13.1,11.6,-1.887306532183198,0.03721484301297857,-1.3368259273466716
AT22,AT,2002,53900,68575.06361323156,11.135684243450019,16384.784181898827,9.757240363357129,14.2,13.1,-1.7542473424970066,-0.0072164239552958845,-1.1187621235950869
AT22,AT,2003,55400,69601.48751193527,11.150541218392048,15682.196202344629,9.704108389358577,14.9,14.2,-1.2572376630598723,-0.5569933658461519,-0.9588486675105915
AT22,AT,2004,57500,71013.07875659186,11.170619346898594,16853.636970443706,9.660281348021403,15.9,14.9,-0.5855649805876206,-1.0104885956513248,-0.8570855590931852
AT22,AT,2005,58700,70704.15070704151,11.166259558888976,14987.17210802918,9.732321756432802,16.6,15.9,-0.7314127624899784,-0.2650588205395144,-0.711709689925462
AT22,AT,2006,61500,72592.92484566626,11.192622742147503,15096.155703216067,9.614949921400315,16.3,16.6,0.15051355907874986,-1.479550277793433,-0.6099465815080557
AT22,AT,2007,64600,74567.42811630672,11.219459070420557,15753.541274654339,9.622195401198697,15.9,16.3,1.0482679784207698,-1.404578515475797,-0.6535593422583726
AT22,AT,2008,65200,73832.49535715903,11.209554230170374,16918.142132834946,9.664820461815614,15.6,15.9,0.7169218264061238,-0.963520641839862,-0.711709689925462
AT22,AT,2009,64000,71233.79152985697,11.173722584951483,15794.471760759123,9.73614182410748,16.6,15.6,-0.48175250490522453,-0.22553111309806725,-0.7553224506757791
AT22,AT,2010,64800,71487.67168624855,11.177280289846825,16170.077824991804,9.667415269230226,15.5,16.6,-0.362736771455739,-0.9366711729072774,-0.6099465815080557
AT22,AT,2011,67200,72810.01137656427,11.195608743638768,16687.86159127808,9.690917765484233,16.8,15.5,0.2504041256149055,-0.6934818173286255,-0.7698600375925513
AT22,AT,2012,69700,73971.09078173753,11.211429630745156,16763.184582095546,9.722436883299045,17.9,16.8,0.7796595130567184,-0.3673413994364338,-0.5808714076745112
AT22,AT,2013,69400,72415.37626779081,11.190173935213874,17275.51887170584,9.726940366851185,17.5,17.9,0.06859373664954567,-0.3207421254245379,-0.42095795159001603
AT22,AT,2014,71200,72832.16890516474,11.195913017149762,16687.302680579545,9.75704568417356,25.7,17.5,0.26058297297448246,-0.009230844240057556,-0.4791082992571051
AT22,AT,2015,72600,72600,11.192720200812888,16926.636955776485,9.722403390687951,26.7,25.7,0.15377383919838256,-0.3676879603472591,0.7129738279182245
AT22,AT,2016,74900,73564.79889996562,11.205921914490924,18146.39738059077,9.736643811317839,27.4,26.7,0.5954101419278135,-0.2203368586292546,0.8583496970859477
AT22,AT,2017,77000,74896.89518325422,11.223867715819072,18853.98075795114,9.80622732856346,27.8,27.4,1.1957501842410996,0.4996705199475432,0.9601128055033537
AT22,AT,2018,77500,74042.93534857503,11.212400411344241,19028.59489125376,9.844479351373796,28.7,27.8,0.8121349904831435,0.8954788918024732,1.0182631531704434
AT22,AT,2019,79900,75226.90468120362,11.228264220967716,19775.774480394793,9.8536981210562,30.1,28.7,1.3428262628572132,0.9908690424512376,1.1491014354213938
AT22,AT,2020,77800,71398.41785511076,11.176030989190158,18570.928551704805,9.892212956490676,31.1,30.1,-0.4045295671839078,1.389396837469229,1.3526276522562066
AT22,AT,2021,80700,72749.2359978004,11.194773683230148,21468.7654106469,9.829352655880973,30.2,31.1,0.22246888929535613,0.7389571636772383,1.4980035214239296
AT22,AT,2022,87300,74934.33589122935,11.224367487575414,21054.027439015314,9.974354386222116,32.2,30.2,1.2124690251478427,2.2393457597796376,1.3671652391729785
AT22,AT,2023,92400,74002.88322921672,11.211859333984268,19591.17288285957,9.954847148078937,33.1,32.2,0.7940343551734612,2.037496874372408,1.6579169775084253
AT31,AT,2000,54800,71855.65928878634,11.182414653732922,17393.422167942637,NA,13.3,NA,-2.349354164418688,NA,NA
AT31,AT,2001,57200,73576.70242597308,11.206083711481252,17175.624078368415,9.763847377403739,13.5,13.3,-1.7779338597972538,-0.40167842621297833,-1.113760077076717
AT31,AT,2002,58400,74300.25445292622,11.215869655369248,17084.69647400945,9.751246452871062,14.8,13.5,-1.5416808117484173,-0.5335277842989168,-1.0856564218131246
AT31,AT,2003,59600,74878.1345796271,11.223617198710112,17574.17680563113,9.745938398749757,14.5,14.8,-1.3546389944113266,-0.5890684334603711,-0.9029826625997739
AT31,AT,2004,61500,75953.11901791999,11.23787157390776,17424.64696136778,9.774185876641981,15.5,14.5,-1.0105087166353592,-0.2935018805476681,-0.9451381454951626
AT31,AT,2005,64400,77569.80077569801,11.258933465165233,16502.68597583767,9.76564097495678,15.4,15.5,-0.5020308360954179,-0.38291117739566294,-0.8046198691772005
AT31,AT,2006,66700,78730.86320660064,11.27379052025661,16834.679687725536,9.711278433054806,15.9,15.4,-0.14335061162850465,-0.951731840919815,-0.8186716968089967
AT31,AT,2007,69400,80108.04197014995,11.29113152714476,17400.283261458855,9.731196304846037,16.4,15.9,0.27529737781958824,-0.7433218466133201,-0.7484125586500157
AT31,AT,2008,71200,80626.89677039452,11.297587579655696,17665.443674412283,9.7642417644643,16.6,16.4,0.431159919188024,-0.3975517702174145,-0.6781534204910349
AT31,AT,2009,69300,77132.83989092325,11.25328440778767,16632.514458833215,9.779365675493258,16.4,16.6,-0.6384108357487329,-0.2393032261724223,-0.6500497652274421
AT31,AT,2010,70800,78106.90054608638,11.265833687188271,15755.823126127523,9.719114760927747,17.3,16.4,-0.33544511847689273,-0.8697366827773472,-0.6781534204910349
AT31,AT,2011,74300,80502.73579283818,11.296046447833378,16186.67073712034,9.664965298217144,16.9,17.3,0.39395379021008303,-1.4363277992130457,-0.5516869718048687
AT31,AT,2012,75400,80020.3765415066,11.290036587992589,17518.643411702502,9.691943388534781,17.2,16.9,0.24886326833672187,-1.1540434413041663,-0.6078942823320538
AT31,AT,2013,77200,80554.28022872408,11.296686524731845,17602.103962001045,9.771020930653561,17.2,17.2,0.4094065784111215,-0.3266181884715588,-0.565738799436665
AT31,AT,2014,78600,80401.8044374431,11.294791898166991,17456.768642137096,9.775773717177026,26.7,17.2,0.36366635079649445,-0.2768875634992962,-0.565738799436665
AT31,AT,2015,80900,80900,11.300969103046583,17605.943863511282,9.7674827402231,27.5,26.7,0.5127969301181078,-0.36363992729972106,0.7691848255839748
AT31,AT,2016,82600,81127.53523547611,11.303777704494683,18525.07586336593,9.77599184352953,29.1,27.5,0.5806024132133011,-0.2746052056068512,0.8815994466383446
AT31,AT,2017,84500,82192.04731149327,11.316813828328517,19498.43607082787,9.826880545344347,29.2,29.1,0.8953215681292704,0.2578670467830968,1.1064286887470842
AT31,AT,2018,87100,83214.70540465658,11.329179358843396,20170.25302474052,9.87808953983952,29,29.2,1.1938512049550645,0.7936906710660472,1.12048051637888
AT31,AT,2019,89200,83982.97744134373,11.338369407781451,21207.671869330337,9.911964175477433,31.8,29,1.415718108974091,1.1481368033852772,1.0923768611152878
AT31,AT,2020,87100,79933.19016941065,11.288946441864269,20495.853416778424,9.962118275825892,31.1,31.8,0.22254487242295723,1.6729225775698355,1.4858280348055817
AT31,AT,2021,91000,82034.45447087777,11.314894614471093,22180.10069863743,9.927977872314417,30.5,31.1,0.8489877521107654,1.3156955918744713,1.3874652413830084
AT31,AT,2022,97100,83346.20864877857,11.330758400027136,21681.47743275624,10.00695080095886,32.4,30.5,1.2319725447995447,2.142026225070032,1.303154275592231
AT31,AT,2023,101500,81291.04597148806,11.305791153818472,20639.883905819945,9.984213600499018,33.1,32.4,0.6292112694750291,1.9041162782619814,1.5701390005963587
AT32,AT,2000,55800,73166.89394734081,11.200498329166216,19520.477255577403,NA,15.5,NA,-1.9665186818044353,NA,NA
AT32,AT,2001,57400,73833.9636232667,11.20957411642102,19885.846462820162,9.879219309236712,15.7,15.5,-1.7885479524347476,-1.01973403013924,-1.1552432126907568
AT32,AT,2002,59000,75063.61323155217,11.226091209440787,18859.871612302562,9.897763524642274,15.2,15.7,-1.46465769264063,-0.7845283664515136,-1.1267339917767145
AT32,AT,2003,60500,76008.84466556108,11.238604989675604,18908.619843340184,9.844791748757203,16.5,15.2,-1.2192699887383112,-1.456396193225604,-1.1980070440618202
AT32,AT,2004,63200,78052.63612898445,11.265138700248102,21089.060764734124,9.847373173443724,19.3,16.5,-0.6989598833012689,-1.4236546782369948,-1.0126971081205454
AT32,AT,2005,65000,78292.50078292501,11.268207101950564,21038.154453046096,9.956509737854956,18.9,19.3,-0.6387903714280916,-0.039420430330084875,-0.6135680153239534
AT32,AT,2006,67900,80147.31052066243,11.291621601899681,21311.503442476875,9.954092946894386,17.8,18.9,-0.17964611024403426,-0.07007381250040277,-0.6705864571520382
AT32,AT,2007,71400,82416.63107591796,11.31954252897754,20867.119941003984,9.96700227363535,18.1,17.8,0.3678664765118589,0.09366170811695103,-0.8273871721792705
AT32,AT,2008,71200,80626.89677039452,11.297587579655696,21531.67613182991,9.945929990596484,17.8,18.1,-0.06265687472849697,-0.17360871606531766,-0.784623340808207
AT32,AT,2009,70100,78023.26228504647,11.264762295632355,19620.98452219545,9.977280438318884,19.4,17.8,-0.7063409514248127,0.22402486951321293,-0.8273871721792705
AT32,AT,2010,73200,80754.59209002151,11.299170107455863,19208.742573647032,9.884354911381068,19.5,19.4,-0.03162445638986229,-0.9545965905451536,-0.5993134048669326
AT32,AT,2011,75500,81802.91456741968,11.312068152364644,19861.151176543106,9.86312079675644,19.8,19.5,0.2212984466501424,-1.2239196065843658,-0.5850587944099113
AT32,AT,2012,77600,82355.18858913676,11.318796740167851,20277.85438213519,9.896520900498492,20.5,19.8,0.3532420065138804,-0.8002891969887203,-0.5422949630388477
AT32,AT,2013,76900,80241.24546099587,11.292792944212714,19988.92099513665,9.91728465241046,21.8,20.5,-0.15667679199766466,-0.5369320291445167,-0.4425126898396999
AT32,AT,2014,78200,79992.63494921183,11.289689846283096,21016.571807693213,9.90293344880584,29.8,21.8,-0.21752667601706493,-0.7189556033276585,-0.25720275389842495
AT32,AT,2015,81400,81400,11.307130551990632,21450.77720207254,9.953066539202949,30.2,29.8,0.12447507307076239,-0.0830922604098423,0.8831660826632661
AT32,AT,2016,84500,82993.66498060207,11.326519558330878,22852.16546767798,9.973516156896611,31.5,30.2,0.5046818257467162,0.1762805842539178,0.9401845244913505
AT32,AT,2017,86100,83748.34643218426,11.335571705399074,22598.30643719547,10.03680116065824,31.2,31.5,0.6821889852755745,0.9789562966364075,1.1254944604326254
AT32,AT,2018,88200,84265.63739024926,11.341729437997685,23972.28338455001,10.025630246045225,32.3,31.2,0.8029384179221098,0.8372699363299516,1.082730629061562
AT32,AT,2019,90600,85301.09592136482,11.353942581244421,24710.187067295537,10.084653582989514,32.8,32.3,1.0424308113084202,1.5858927729090535,1.239531344088794
AT32,AT,2020,90100,82686.34252886222,11.322809722620104,22402.719671944,10.114970869463734,32.5,32.8,0.43193417876560664,1.9704222518020318,1.3108043963738998
AT32,AT,2021,93900,84648.73928368597,11.346265494168462,23542.85112531849,10.016937644399128,33.6,32.5,0.8918877511876699,0.727017272918272,1.2680405650028368
AT32,AT,2022,105100,90213.04355290039,11.409929302612762,23502.841247460987,10.066577491802827,33.2,33.6,2.1402967437283453,1.3566245654674265,1.4248412800300694
AT32,AT,2023,109400,87618.13230818517,11.380743245324512,24311.28463059234,10.064876596971208,36.1,33.2,1.5679757144682638,1.3350512560022127,1.367822838201985
AT33,AT,2000,54100,70937.79502779817,11.169558645631387,21329.417112486448,NA,12.2,NA,-2.327942120801706,NA,NA
AT33,AT,2001,56100,72161.76584085822,11.18666562562415,21127.321281698365,9.967842483969942,13.4,12.2,-1.7188026842741717,0.2438528971599976,-1.315458790178715
AT33,AT,2002,57800,73536.89567430026,11.205542541213399,20518.56451213623,9.958322329345982,15.5,13.4,-1.046639992187201,0.02121312582180761,-1.1433892991411199
AT33,AT,2003,58500,73496.15558570782,11.20498837887662,21418.806600877466,9.929085341288786,14.9,15.5,-1.0663724133225274,-0.6625274847864561,-0.8422676898253288
AT33,AT,2004,59500,73483.09888725592,11.204810711646873,19612.335268018185,9.972024628204894,16,14.9,-1.072698726690677,0.3416571527578505,-0.9283024353441263
AT33,AT,2005,62900,75763.05075763051,11.23536599576132,21292.001128670923,9.883913997669783,14.7,16,0.01530327929094238,-1.718911336899813,-0.7705720685596643
AT33,AT,2006,65300,77078.34134019524,11.252577603617416,21024.397352217464,9.966086747301802,14.9,14.7,0.6281682686479556,0.20279297473592647,-0.9569806838503923
AT33,AT,2007,67300,77684.02340909354,11.260404896282683,21208.36353037385,9.953438821039976,16.2,14.9,0.9068798031019601,-0.09299333568261647,-0.9283024353441263
AT33,AT,2008,67100,75984.0558046836,11.238278805215401,21835.183555843287,9.962150889012722,16.7,16.2,0.11902159253627093,0.11074839939943858,-0.7418938200533985
AT33,AT,2009,67200,74795.48110634982,11.222512749120915,19649.480267927745,9.99127787238047,17,16.7,-0.44237068884361547,0.7919164237554538,-0.670198198787734
AT33,AT,2010,67800,74797.28611616747,11.222536881434946,19397.419415658358,9.885806167478288,17.1,17,-0.44151139373848924,-1.6746607684859038,-0.6271808260283351
AT33,AT,2011,69700,75518.71715694241,11.232135813876143,20655.879426654283,9.872895316392075,18.8,17.1,-0.09971592189190076,-1.9765958784873172,-0.612841701775202
AT33,AT,2012,71600,75987.51936832722,11.238324386945278,20707.22454945929,9.935755275862487,19.5,18.8,0.12064465103431342,-0.5065433892559044,-0.36907658947194266
AT33,AT,2013,72900,76067.44855795318,11.239375706715727,20475.176634733623,9.938237930414095,19.1,19.5,0.15807968239883902,-0.4484836556155878,-0.26870271970001236
AT33,AT,2014,73700,75389.47820661013,11.230422997927121,20650.585834317328,9.926968535533076,27,19.1,-0.16070528076785723,-0.7120314233288573,-0.32605921671254384
AT33,AT,2015,76700,76700,11.247656987355347,20686.221743810547,9.935498967687364,26.4,27,0.45295666388118017,-0.5125374508815294,0.806731599284956
AT33,AT,2016,78400,77002.40632519766,11.251591951324112,21357.50624698566,9.937223141391586,28.2,26.4,0.5930715021345688,-0.47221566469024384,0.7206968537661582
AT33,AT,2017,79600,77425.88125437709,11.257076386815726,22678.073124388688,9.96915853752184,29,28.2,0.7883593873396976,0.2746303239389684,0.9788010903225508
AT33,AT,2018,81600,77960.0454766932,11.263951736955,22098.411871701937,10.029153794990327,29.9,29,1.0331744810347412,1.677688460257709,1.093514084347614
AT33,AT,2019,83800,78898.80616126239,11.275921375683525,22203.210773551127,10.003261023914757,29.9,29.9,1.4593852437536117,1.0721562121712662,1.2225662026258102
AT33,AT,2020,81700,74977.51592239781,11.22494355987177,21125.089601532676,10.007992186841781,31.9,29.9,-0.3558152189881825,1.1827999016745223,1.2225662026258102
AT33,AT,2021,82600,74462.04328895059,11.218044788481176,22206.428216825057,9.958216693709051,31.4,31.9,-0.6014642885128088,0.01874271489042257,1.5093486876884683
AT33,AT,2022,92200,79140.27227000394,11.278977155292404,22654.25454322994,10.008137085262607,31.9,31.4,1.5681943889032604,1.1861885179895186,1.4376530664228038
AT33,AT,2023,98600,78968.44465801699,11.27680361694522,22418.715354803775,10.028102951824927,32.2,31.9,1.490799785961353,1.6531132835617213,1.5093486876884683
AT34,AT,2000,58900,77231.72138885975,11.254565550436492,17450.69254922247,NA,14.1,NA,-1.5999394550068675,NA,NA
AT34,AT,2001,59900,77049.72858943685,11.252206318216903,18434.42199011896,9.767134614477566,14.7,14.1,-1.6400553655188523,-0.7513293069447861,-1.1090185957928527
AT34,AT,2002,62000,78880.40712468194,11.275688150580159,17262.51453623319,9.821974956236856,15.1,14.7,-1.2407750073073647,-0.13853701056037498,-1.0093802063270885
AT34,AT,2003,62800,78898.43710739232,11.275916698112962,17440.748929115118,9.756292639787182,15.4,15.1,-1.236888830992235,-0.872478781122469,-0.9429546133499124
AT34,AT,2004,65600,81016.66028578133,11.302410095045332,17550.14303366572,9.766564639724145,16.2,15.4,-0.7864004341008335,-0.7576982705001815,-0.8931354186170302
AT34,AT,2005,68300,82267.3508226735,11.31772959863167,17634.327322514964,9.772817378927224,15.9,16.2,-0.5259106739768775,-0.6878294423341239,-0.7602842326626782
AT34,AT,2006,70700,83452.35425347326,11.332031140237559,17332.05574168424,9.777602697486437,16.2,15.9,-0.28273013478219483,-0.6343577414883824,-0.8101034273955601
AT34,AT,2007,73700,85071.50854755117,11.351247458827292,18179.81387123963,9.76031299896842,16.2,16.2,0.044020284491753756,-0.8275548244889606,-0.7602842326626782
AT34,AT,2008,75100,85043.25768899759,11.350915320007855,18112.07751032888,9.808067129573429,16.2,16.2,0.03837266275811384,-0.29394466786867707,-0.7602842326626782
AT34,AT,2009,74200,82586.67705492793,11.321603651765146,17757.51691405039,9.804334260495127,16.6,16.2,-0.46003705308836906,-0.3356561769733334,-0.7602842326626782
AT34,AT,2010,75000,82740.36074797287,11.323462800024908,16694.67743995643,9.784564193373294,15.5,16.6,-0.42842446972424564,-0.5565691844895503,-0.6938586396855018
AT34,AT,2011,78200,84728.31681022806,11.347205143660931,16379.043989352385,9.72284523143378,16.8,15.5,-0.024714430187233866,-1.2462239751796533,-0.8765290203727363
AT34,AT,2012,79200,84053.23371468598,11.33920561179906,17874.15921630749,9.703757991195385,18.4,16.8,-0.16073686224966408,-1.4595069964391958,-0.6606458431969139
AT34,AT,2013,81400,84936.76697691891,11.34966234070961,19199.689071112676,9.79111132960601,19,18.4,0.0170672545899776,-0.4834107300000031,-0.3949434712882099
AT34,AT,2014,83500,85414.13066827606,11.35526683058864,19497.30199170229,9.862649363671864,25.6,19,0.11236487412299438,0.31596350377953203,-0.2953050818224456
AT34,AT,2015,89100,89100,11.3975146134589,18585.492227979274,9.878031375579411,26.5,25.6,0.8307376832430692,0.48784387683066704,0.80071720230096
AT34,AT,2016,88100,86529.48976084073,11.368240556909884,19407.513391700395,9.830136567609534,27.7,26.5,0.33296750907706335,-0.04733822487058053,0.9501747864996059
AT34,AT,2017,90600,88125.43770912768,11.386516507014322,20589.190208289896,9.87341555830667,28.1,27.7,0.6437280916189168,0.436266202886379,1.149451565431134
AT34,AT,2018,95800,91526.6220179805,11.424385159961755,20168.875443519282,9.9325214698793,27.6,28.1,1.2876390556328356,1.096722467755482,1.2158771584083103
AT34,AT,2019,92900,87466.57628139947,11.37901201401528,20886.49548483984,9.911895875478198,28.4,27.6,0.5161232008889399,0.8662496998646174,1.1328451671868403
AT34,AT,2020,91900,84338.23394453316,11.342590587367454,19502.060698166726,9.946858080057911,29.2,28.4,-0.10317941798476893,1.2569214014579952,1.265696353141192
AT34,AT,2021,102800,92671.88922644213,11.436820460975309,20952.414492954747,9.878275415797498,28.6,29.2,1.4990864148657035,0.4905708103408206,1.3985475390955444
AT34,AT,2022,116400,99912.44785497244,11.512049560027194,24086.474472366066,9.950009168969853,29.9,28.6,2.778266895873073,1.2921320319631036,1.2989091496297804
AT34,AT,2023,108400,86817.23530353996,11.371560444342176,20427.4589066472,10.089405736719902,29.4,29.9,0.38941820775685415,2.8497653383818733,1.5147923268056023
BE10,BE,2003,83000,101653.39865278627,11.529324253350351,32036.484056988975,NA,38.6,NA,-2.677579937181093,NA,NA
BE10,BE,2004,88200,105993.05396993259,11.57112884236157,33800.96247765301,10.374630659111821,40.4,38.6,-1.2232854162941953,-0.9318486534511575,-1.3500979321814477
BE10,BE,2005,90200,106183.85581597938,11.572927359435564,34760.58925421698,10.428244556735894,41.5,40.4,-1.160718755831916,0.12929632005809077,-0.9050107017919602
BE10,BE,2006,94800,109127.32672583486,11.600270614571736,38499.463567396706,10.456239531313232,41,41.5,-0.20950389956158452,0.6833826273912538,-0.6330129498872726
BE10,BE,2007,97000,109543.86836666704,11.604080372363306,36560.753619989075,10.558399586864434,41,41,-0.07697036644396509,2.705370101640994,-0.7566482916621304
BE10,BE,2008,96900,107381.50910360264,11.584143277738885,36015.749587688144,10.506730638593849,40.4,41,-0.7705403347294436,1.6827202445408422,-0.7566482916621304
BE10,BE,2009,97500,107208.8318085855,11.582533910499395,34129.20207870946,10.491711610314928,42.4,40.4,-0.8265268666830976,1.3854583950681725,-0.9050107017919602
BE10,BE,2010,101200,109413.6853599732,11.602891255844439,32506.13763141424,10.437908662744059,42.1,42.4,-0.11833725173067539,0.3205716790318059,-0.4104693346925289
BE10,BE,2011,103100,108969.0743441774,11.598819399341638,32483.3227324654,10.389184200685236,42.4,42.1,-0.2599886527352808,-0.6437998793129245,-0.4846505397574429
BE10,BE,2012,106500,110133.29748399708,11.609446706452296,31544.70951427961,10.388482089919634,42.7,42.4,0.10971321178166868,-0.6576963006286972,-0.4104693346925289
BE10,BE,2013,106600,108702.30253094854,11.596368255322385,32014.69381888483,10.359161168148772,41.5,42.7,-0.34525884439167076,-1.23802621758363,-0.3362881296276131
BE10,BE,2014,109400,110626.85178631017,11.613918121481408,33525.9353353251,10.373950258230295,43.5,41.5,0.26526442114061843,-0.9453153851643656,-0.6330129498872726
BE10,BE,2015,113400,113400,11.638676670275789,33607.381776239905,10.420074607397533,43.4,43.5,1.126562730929428,-0.032406168632726905,-0.13847158278784133
BE10,BE,2016,114600,112468.71779773296,11.630430397939493,32347.572438508436,10.42250101754315,44.1,43.4,0.8396921035636801,0.015618187808336152,-0.16319865114281323
BE10,BE,2017,117600,113168.32826513723,11.63663161996025,32629.256257223067,10.384294256572668,46.6,44.1,1.0554196928283137,-0.7405833598234486,0.009890827341988415
BE10,BE,2018,119200,112770.92931949558,11.633113866032101,33240.924500137175,10.392964596107342,47.5,46.6,0.9330443655128798,-0.5689769737265105,0.6280675362162775
BE10,BE,2019,123400,114619.03567680033,11.649369174851007,34069.323709063705,10.411537061462793,47.1,47.5,1.4985326793512153,-0.20138425745358998,0.8506111514110213
BE10,BE,2020,118300,108156.0445789411,11.591330320516938,33812.14222307894,10.436152660415841,49.3,47.1,-0.520518096005906,0.28581626809107397,0.7517028779911353
BE10,BE,2021,125900,112081.47495303974,11.626981340747994,32987.1124707346,10.428575254330015,52.2,49.3,0.7197065925357664,0.13584160225737665,1.2956983818005088
BE10,BE,2022,134200,111969.56296827807,11.625982354132203,31876.478181603965,10.403872232981591,53.5,52.2,0.6849539303006671,-0.3530892178477767,2.0127833640946857
BE10,BE,2023,142700,112846.46712269186,11.633783475798102,31913.427983176116,10.369623655710301,53.8,53.5,0.9563386936443439,-1.0309490122633647,2.3342352527093153
BE21,BE,2003,73600,90140.84507042253,11.409128671288585,21637.988678194524,NA,28.4,NA,-2.1531221192665266,NA,NA
BE21,BE,2004,77200,92773.96560633557,11.437921336379556,23455.57141196615,9.982205784010231,29.4,28.4,-1.3028070740480369,-1.951960573936268,-1.4560722411026994
BE21,BE,2005,81000,95353.57340459345,11.465347087039424,24866.671969796585,10.062863332519363,29.6,29.4,-0.4928602233895769,-0.7861781567584658,-1.2561995930446763
BE21,BE,2006,82500,94968.40142279933,11.461299498651394,23037.861675072767,10.121283710786317,31.7,29.6,-0.6123950178352828,0.0581997228987624,-1.2162250634330711
BE21,BE,2007,86300,97460.16329941613,11.487198991949306,25318.665537089986,10.04489430126115,30.6,31.7,0.15247786715705652,-1.0458932247433441,-0.7964925025112228
BE21,BE,2008,86800,96189.00918671527,11.474070380508469,25912.199954441377,10.139297170962815,32.2,30.6,-0.23524087286580336,0.3185569434497433,-1.0163524153750478
BE21,BE,2009,84200,92584.4475721323,11.435876453743875,24098.605029702914,10.1624691774948,32,32.2,-1.3631972624981956,0.6534731203610753,-0.6965561784822106
BE21,BE,2010,87200,94277.40477657769,11.453996829906007,22448.652587081928,10.089909235218544,35.2,32,-0.8280599826737287,-0.3952706917263917,-0.7365307080938158
BE21,BE,2011,90800,95968.88409749085,11.471779293925971,24851.46143200233,10.018985872976437,33.5,35.2,-0.3029020422935148,-1.4203602239184026,-0.09693823430814112
BE21,BE,2012,92700,95862.50400719745,11.470670193874627,23813.450110292288,10.120671839936465,35.3,33.5,-0.33565637251376945,0.049356058647545366,-0.43672173600678105
BE21,BE,2013,94600,96465.64558562601,11.476942219648473,22853.89981709455,10.078005830717908,35.4,35.3,-0.15042871600301935,-0.5673163331808343,-0.07695096950233994
BE21,BE,2014,96800,97885.55075790516,11.491554225776058,24966.04473609684,10.036877052092192,38.1,35.4,0.2810981541860956,-1.1617703904651178,-0.05696370469653734
BE21,BE,2015,98800,98800,11.50085288373596,24519.816873773707,10.125271970090223,37.6,38.1,0.5557093698781007,0.11584395654557354,0.48269244506012576
BE21,BE,2016,100800,98925.36434564994,11.502120949296122,28743.819652685597,10.107236921579098,34.9,37.6,0.5931583250450961,-0.1448252906091176,0.38275612103111417
BE21,BE,2017,102500,98637.36094537897,11.499205383074187,26703.13926333884,10.266178054514194,38.2,34.9,0.507054804721115,2.152427496847926,-0.15690002872554892
BE21,BE,2018,104800,99147.5955762008,11.504364883287794,25944.89072708283,10.192536412882843,40,38.2,0.6594269676860927,1.0880493627143542,0.5026797098659284
BE21,BE,2019,107000,99386.0357975497,11.506766897841626,25680.11853958212,10.163729980079069,40,40,0.7303641007199329,0.6716961076876151,0.8624504763703694
BE21,BE,2020,104800,95813.63881549475,11.470160321419538,24198.853538496765,10.153472373820584,41,40,-0.3507141039997083,0.5234379813310929,0.8624504763703694
BE21,BE,2021,111800,99529.06195194475,11.508204960418691,26961.145550289937,10.09406053658029,43.5,41,0.7728334671846565,-0.3352699326482457,1.0623231244283926
BE21,BE,2022,124300,103709.51324111002,11.549349128111286,26450.72267517991,10.202152054861294,47.1,43.5,1.9879174026754383,1.227028869971332,1.5620047445734506
BE21,BE,2023,130700,103356.9253884781,11.545943571945488,26872.561887677937,10.183038759226237,46.1,47.1,1.8873433281336838,0.9507751975311418,2.281546277582334
BE22,BE,2003,60000,73484.38456827923,11.204828207775854,15025.72465506546,NA,23,NA,-0.8519109985012987,NA,NA
BE22,BE,2004,61700,74147.06836672155,11.213805810260167,15569.873293695806,9.61751898819482,27.4,23,-0.47478173878392727,-1.3077998210914539,-1.6212803455377915
BE22,BE,2005,62600,73693.0085818216,11.207663210473038,15278.806664991556,9.653093126946235,25.1,27.4,-0.7328187942792976,-0.8657184668424756,-0.7765635284429093
BE22,BE,2006,65600,75514.2682828562,11.232076901260802,18017.66258438491,9.63422196182985,27.1,25.1,0.29274645544593325,-1.1002312484224939,-1.218120046469779
BE22,BE,2007,68200,77019.50332584219,11.25181395870934,17529.189972027376,9.799107810450677,27.8,27.1,1.1218566636081406,0.9488122931274506,-0.8341578568811961
BE22,BE,2008,69600,77128.51427874865,11.253228326182539,17263.227398034283,9.771622768748815,27.8,27.8,1.181271118532817,0.6072544962667834,-0.6997710905251923
BE22,BE,2009,65300,71802.4278676988,11.181673568777978,15901.354110411068,9.75633393429738,28.6,27.8,-1.8245862622535853,0.4172594921316596,-0.6997710905251923
BE22,BE,2010,67500,72978.4956699426,11.197920096869558,15604.706288606,9.674159548758857,29.3,28.6,-1.1421054860261692,-0.6039251357605341,-0.546186214689759
BE22,BE,2011,70300,74301.9003530133,11.215891807135343,16243.596695563136,9.65532783290686,28.8,29.3,-0.3871536154979738,-0.8379476796331309,-0.4117994483337551
BE22,BE,2012,71100,73525.60986959805,11.205389058112011,16690.28646347347,9.69545406059617,30.7,28.8,-0.828350914118327,-0.33929732011915026,-0.5077899957309009
BE22,BE,2013,73000,74439.66308404543,11.217744184739033,15864.639721796086,9.722582180287702,28.7,30.7,-0.3093393220251506,-0.0021750084515415927,-0.14302591562174732
BE22,BE,2014,74600,75436.59180309634,11.231047738703243,16497.468656809357,9.671847994764553,31.1,28.7,0.24951360857624882,-0.632650916793833,-0.5269881052103302
BE22,BE,2015,74800,74800,11.222573163962569,15225.061830173125,9.7109622333806,32.1,31.1,-0.10648456620979205,-0.1465765890741644,-0.06623347770403033
BE22,BE,2016,76200,74782.86471367585,11.222344056351455,15217.713636467162,9.630698153664966,32.9,32.1,-0.11610887113150722,-1.1440217642388049,0.12574761709026114
BE22,BE,2017,78400,75445.55217675815,11.231166511852086,16551.52651526901,9.6302153991371,35.4,32.9,0.25450300633314643,-1.150020975546212,0.27933249292569373
BE22,BE,2018,80000,75685.18746274871,11.234337746074733,17315.508812292344,9.714233613123824,35.8,35.4,0.38771955461169916,-0.10592301212455102,0.7592852299114224
BE22,BE,2019,81600,75793.4628138323,11.23576732534978,18697.501587636198,9.759357842041062,36.7,35.8,0.4477730237475829,0.4548377238856936,0.8360776678291387
BE22,BE,2020,79100,72317.35525100796,11.188819424306205,17645.286257084073,9.836145188977502,37.7,36.7,-1.5244046480512814,1.4090773910792636,1.008860653144002
BE22,BE,2021,85500,76115.69585770371,11.240009775640408,19049.47156376632,9.778223959105238,39.2,37.7,0.6259889940233665,0.6892877731035167,1.2008417479382936
BE22,BE,2022,94100,78512.18983096101,11.271009176185956,19717.124712320874,9.854794640735262,43.7,39.2,1.9282053708180515,1.6408349312036536,1.4888133901297307
BE22,BE,2023,99000,78288.71930726345,11.268158801449902,19150.64186657706,9.889242811862706,42.2,43.7,1.8084674211813236,2.068923837300236,2.3527283167040425
BE23,BE,2003,64200,78628.29148805878,11.27248685624967,15796.223134516691,NA,27.6,NA,-2.0457911368095294,NA,NA
BE23,BE,2004,66600,80035.57136505113,11.29022645689517,15948.63648304147,9.66752614832074,29.7,27.6,-1.4643161221250016,-1.7970678885470799,-1.468256490789803
BE23,BE,2005,68100,80167.63393645448,11.291875145522452,15878.094141937438,9.677128617602126,30.1,29.7,-1.410274812914213,-1.6817722705812295,-1.1419772706142914
BE23,BE,2006,70900,81615.26861668451,11.30977163884884,17535.755244583244,9.672695711347808,30.6,30.1,-0.8236571134677065,-1.7349976078355671,-1.0798288477237175
BE23,BE,2007,74600,84247.14000158105,11.341509901069639,18434.51808352267,9.771997232338707,31.3,30.6,0.21667106864284197,-0.5426969722284661,-1.0021433191105003
BE23,BE,2008,74500,82558.53899090193,11.321262884227679,18133.77280253444,9.82198016893912,31.5,31.3,-0.44699293658283656,0.05744174149419652,-0.8933835790519964
BE23,BE,2009,74600,82028.50105559465,11.314822039705309,17144.549128660292,9.805531379316136,33.8,31.5,-0.6581132564856272,-0.1400567673579405,-0.8623093676067096
BE23,BE,2010,76900,83141.42691879385,11.328298375502671,17249.23361118011,9.749435567010277,34.7,33.8,-0.21638107140103674,-0.8135919962221815,-0.5049559359859113
BE23,BE,2011,79700,84237.0050943835,11.341389594114894,18266.72091859314,9.755522993135154,35.1,34.7,0.21272760398007975,-0.7405010509327641,-0.3651219844821196
BE23,BE,2012,80500,83246.29528133111,11.329558905727334,18559.777775120943,9.812836154259562,34.9,35.1,-0.17506295801487462,-0.05234927082511069,-0.3029735615915461
BE23,BE,2013,82400,84025.04435788143,11.338870180506067,18258.750084229236,9.828752032945285,37.3,34.9,0.13014535793834037,0.1387506447035973,-0.3340477730368334
BE23,BE,2014,83700,84638.64254583328,11.346146208988957,18153.67622549849,9.812399700778109,36.7,37.3,0.3686416382932553,-0.05758971183908086,0.03884276430660856
BE23,BE,2015,85400,85400,11.355101379776661,18770.102619084086,9.806628366042572,37.5,36.7,0.6621774494617916,-0.12688538832838678,-0.054379870029251105
BE23,BE,2016,86700,85087.59016634771,11.35143647744535,19143.658300118193,9.840020596751762,39.6,37.5,0.5420479617973218,0.2740508460980192,0.06991697575189586
BE23,BE,2017,89000,85646.09877208514,11.357978954227864,20168.32057128506,9.859726780500697,42.6,39.6,0.7564996205019514,0.5106604687381336,0.396196195927408
BE23,BE,2018,89600,84767.40995827854,11.347666431381736,19858.36474996444,9.911868363787299,42.8,42.6,0.4184720350327204,1.1367177765599727,0.8623093676067107
BE23,BE,2019,91300,84803.22493753541,11.348088850980641,20501.676465544242,9.896380595335238,41.5,42.8,0.4323182566802641,0.9507581257383022,0.893383579051997
BE23,BE,2020,88700,81094.17712723649,11.30336643884813,19676.615192237758,9.928261940589831,44.1,41.5,-1.0336090644105849,1.3335533521532605,0.6914012046576329
BE23,BE,2021,96800,86175.431099716,11.364140393980223,19610.96304915806,9.887186163549536,50,44.1,0.9584615102917234,0.8403617616872162,1.095365953446362
BE23,BE,2022,105900,88357.50162697949,11.389146382201982,21040.39403511439,9.883844028089479,49.6,50,1.7781167922237124,0.800233169561456,2.012055191082324
BE23,BE,2023,111800,88410.89715709146,11.38975051203631,21633.9492799414,9.954199394580957,46.8,49.6,1.7979191773679326,1.6449810379636742,1.9499067681917504
BE24,BE,2003,72500,88793.6313533374,11.394070207414384,16483.35590215199,NA,36.9,NA,-2.1742181196000105,NA,NA
BE24,BE,2004,75600,90851.18911708507,11.416978162534313,17744.05221845601,9.710106417572023,39.9,36.9,-1.5929647694262652,-1.8241613458661032,-1.7410769487000366
BE24,BE,2005,77800,91586.51865280705,11.425039363551331,18158.012755461594,9.783805652465439,39.7,39.9,-1.3884244657180072,-1.1988274558926661,-1.0954365474515684
BE24,BE,2006,81700,94047.49571203279,11.451555207176716,17785.93917828757,9.80686721640208,40.6,39.7,-0.7156266162701032,-1.0031513745028509,-1.1384792408681321
BE24,BE,2007,84500,95427.39048436459,11.466120928223052,19083.976153691012,9.786163490313998,40.5,40.6,-0.3460443418350684,-1.1788213334967146,-0.9447871204935919
BE24,BE,2008,84700,93861.85573864958,11.449579360500174,20084.646751665372,9.856604317090625,40.8,40.5,-0.7657606196832041,-0.5811348543239384,-0.9663084672018745
BE24,BE,2009,86500,95113.47642505277,11.462825946433426,17869.00398977118,9.90771095896958,44.2,40.8,-0.42964932508018283,-0.14749785367032728,-0.9017444270770283
BE24,BE,2010,88300,95466.68396527306,11.466532606600987,18730.160759453018,9.790822870157566,44.6,44.2,-0.3355986501477925,-1.139286755876524,-0.17001863899542977
BE24,BE,2011,91500,96708.73232291204,11.4794589806002,19742.55195530882,9.837890378393986,42.1,44.6,-0.007612230002233305,-0.7399215784848819,-0.08393325216230099
BE24,BE,2012,94200,97413.67721119741,11.486721902885133,20509.351812815203,9.89053158301618,43.6,42.1,0.17667300576271963,-0.29326389870176256,-0.6219669198693578
BE24,BE,2013,96000,97893.2555625803,11.491632935058478,20585.52066385381,9.92863624709629,44.3,43.6,0.3012827270854336,0.03005204684103421,-0.2991467192451237
BE24,BE,2014,97100,98188.91506810529,11.494648606790808,20216.628199982428,9.93234322724599,45.8,44.3,0.37780065669827534,0.0615055662760647,-0.14849729228714872
BE24,BE,2015,99400,99400,11.506907392644665,20997.747286504196,9.91426072298088,44.7,45.8,0.6888480770949632,-0.09192347201607323,0.17432290833708539
BE24,BE,2016,102300,100397.46798174593,11.516892266616434,23322.19911296012,9.952170438880271,47.3,44.7,0.9421985580422608,0.22973834910647575,-0.06241190545401841
BE24,BE,2017,103600,99695.90823357328,11.509879914321106,22571.049006281824,10.057160937603225,50.7,47.3,0.7642711418709165,1.1205768642094431,0.49714310896131947
BE24,BE,2018,105200,99526.02151351454,11.508174411704461,22116.79467655308,10.02442334663501,48.7,50.7,0.7209966940005211,0.8428002341247471,1.228868897042918
BE24,BE,2019,107900,100221.9931079964,11.515142935643809,24665.180437485116,10.004092539013087,49.2,48.7,0.8978120345364299,0.6702944674786646,0.7984419628772725
BE24,BE,2020,102400,93619.43334643761,11.446993262138005,22939.7641909369,10.113147829168554,51.4,49.2,-0.8313788003117246,1.595622510757882,0.9060486964186839
BE24,BE,2021,114800,102199.78812239048,11.534684883583159,23798.291816510868,10.040627111246783,53.2,51.4,1.393658243820566,0.9802882714367825,1.379518324000893
BE24,BE,2022,119200,99454.33610893253,11.507453884225871,24032.308797019654,10.077369084668293,51.6,53.2,0.7027144418907159,1.2920418628845256,1.7669025647499748
BE24,BE,2023,130400,103119.68684512278,11.543645600807864,26161.95853452795,10.087154403891248,50,51.6,1.6210223572716094,1.375069749716343,1.422561017417458
BE25,BE,2003,60200,73729.33251684016,11.208155997868529,16791.2074425312,NA,25.2,NA,-1.825713118036079,NA,NA
BE25,BE,2004,62600,75228.63014192494,11.228287157454877,18084.710456181532,9.72861066187129,24.9,25.2,-1.368634161776573,-2.347242776319311,-1.5965888487422881
BE25,BE,2005,64200,75576.5359577148,11.2329011430629,19743.499958608823,9.802822134093894,28,24.9,-1.2638733944265623,-1.565001641798441,-1.6614030103962378
BE25,BE,2006,67400,77586.3061320809,11.25914622322902,19517.856526179214,9.890579600138897,28.1,28,-0.6679775744256088,-0.6399762010444066,-0.9916566733054262
BE25,BE,2007,70500,79616.93525618582,11.284982103678146,20503.786653564523,9.879085044827951,28.5,28.1,-0.08137265387549027,-0.7611369019165949,-0.9700519527541094
BE25,BE,2008,70300,77904.23209477056,11.263235557658783,22293.843337744715,9.928364862876846,29.9,28.5,-0.5751290375624151,-0.24169294500493202,-0.8836330705488438
BE25,BE,2009,69000,75870.86558761436,11.236788037092852,19414.48916855137,10.012065835820936,29.5,29.9,-1.1756212766744145,0.6405742042019906,-0.5811669828304131
BE25,BE,2010,72100,77951.84500448682,11.263846543281977,20429.77201114572,9.873774930645343,30.2,29.5,-0.5612565793097704,-0.8171092417480826,-0.6675858650356788
BE25,BE,2011,74600,78846.682309172,11.275260515528439,20426.194663208127,9.924748528236218,31.6,30.2,-0.302101785031269,-0.2798116566726647,-0.5163528211764635
BE25,BE,2012,76100,78696.18721626457,11.273349986170457,21634.083592326704,9.924573408260464,32.1,31.6,-0.3454804469063514,-0.2816575444364915,-0.21388673345803216
BE25,BE,2013,78400,79946.15870944058,11.289108670947003,20301.909537290496,9.982025294115779,32.8,32.1,0.012321256407893274,0.32392575725330164,-0.1058631307014497
BE25,BE,2014,80600,81503.87800709871,11.30840588100611,19770.69001071907,9.918470226482341,33,32.8,0.45046534814306843,-0.3459893747495367,0.04536991315776482
BE25,BE,2015,81700,81700,11.310809280848094,20264.475743348983,9.891955817463499,32.8,33,0.5050346582981332,-0.6254699020976027,0.08857935426039842
BE25,BE,2016,83600,82045.24265174936,11.315026113749509,22468.225566665245,9.9166246686734425,35.2,32.8,0.6007780541533083,-0.36544285264209947,0.04536991315776482
BE25,BE,2017,85100,81893.06747757805,11.313169620075053,22819.200864131726,10.019857393065399,37.4,35.2,0.5586262750974125,0.7227026999190813,0.5638832063893618
BE25,BE,2018,86500,81834.60894409704,11.312455525338684,23240.853176290326,10.035357603702609,37.3,37.4,0.5424127194217118,0.8860858264226763,1.0391870585183238
BE25,BE,2019,88900,82574.00544301093,11.321450205899579,24236.730564927402,10.05366692183633,37.3,37.3,0.7466373784646586,1.0790789225071211,1.017582337967007
BE25,BE,2020,87000,79539.94825332102,11.284014668187181,22984.774138296947,10.095624553401924,38.7,37.3,-0.103338323690092,1.5213418817869178,1.017582337967007
BE25,BE,2021,94000,83682.75334063332,11.334788181967696,23004.380475054157,10.042587281709427,39.5,38.7,1.049476772970443,0.9622917196208299,1.3200484256854392
BE25,BE,2022,102800,85771.02140938141,11.359436482615687,23427.183909227097,10.04343993221409,39.8,39.5,1.6091176364502615,0.9712792558890384,1.4928861900959705
BE25,BE,2023,111300,88015.49958483255,11.385268209596811,23741.04553432824,10.061652332610599,40,39.8,2.1956282523076545,1.1632507708292064,1.5577003517499193
BE31,BE,2003,77400,94794.85609308022,11.459470426149435,18396.593236500055,NA,43,NA,-1.2843001533336709,NA,NA
BE31,BE,2004,81300,97701.08036003991,11.48966789590259,19165.90480469859,9.81992077626445,43.8,43,-0.9309284299278269,-1.7287951979426268,-1.599263713134726
BE31,BE,2005,85600,100768.7146102864,11.520583215514682,22557.25792648189,9.860888188007234,45.5,43.8,-0.5691564053089099,-1.5470403138401612,-1.4555903868564803
BE31,BE,2006,84000,96695.09963048658,11.479318004154072,21098.67393290979,10.02381215241273,45.5,45.5,-1.0520431827244825,-0.8242163665047229,-1.1502845685152072
BE31,BE,2007,88900,100396.39069893505,11.516881536379783,24203.011381047345,9.95696547070769,47.6,45.5,-0.6124735688357658,-1.1207865028417872,-1.1502845685152072
BE31,BE,2008,88900,98516.16263478097,11.497975901362024,23294.76799665685,10.094232341636468,47,47.6,-0.833707893529793,-0.511792105699705,-0.7731420870348112
BE31,BE,2009,90000,98961.99859254046,11.502491202825858,23567.877997065585,10.055984064839071,48.6,47,-0.7808696963889367,-0.6814833510260436,-0.880897081743496
BE31,BE,2010,99600,107683.82472187086,11.586954663581626,21848.55748759503,10.067639962053981,49.5,48.6,0.20752432920551317,-0.6297711203216151,-0.5935504291870037
BE31,BE,2011,93100,98399.81398101759,11.496794192601746,25403.156848710154,9.991890179470024,55.7,49.5,-0.8475362859281184,-0.965840507393868,-0.43191793712397725
BE31,BE,2012,96900,100205.78897839734,11.514981240199537,26926.551446320704,10.142628730666129,51.2,55.7,-0.6347108934091201,-0.2970780267558935,0.6815503415324298
BE31,BE,2013,100100,102074.11335223216,11.533454429911815,28571.14173249973,10.200868121397829,51.2,51.2,-0.41853705703169275,-0.038694759121154575,-0.12661211878270398
BE31,BE,2014,103400,104559.56558230778,11.557512193567856,33086.9089289203,10.260152457061956,51.9,51.2,-0.13701236393923966,0.22432448225484236,-0.12661211878270398
BE31,BE,2015,102200,102200,11.534686956751742,44907.248157248156,10.4068929824973,54.1,51.9,-0.4041139898963015,0.8753494325516772,-8.979582892394969e-4
BE31,BE,2016,107500,105500.76058687866,11.566473441226572,30344.74659879905,10.712354489594045,52.2,54.1,-0.03214756715618411,2.2305514933680373,0.3942036889759375
BE31,BE,2017,110300,106143.42353439318,11.572546510755181,30770.045036375534,10.32037868756114,57.1,52.2,0.03891967997514159,0.4915225081646856,0.05297953906510352
BE31,BE,2018,121300,114757.66549039271,11.650577927350856,31477.393242523365,10.33429693196063,58.4,57.1,0.9520457262172157,0.5532718057190904,0.93297866251936
BE31,BE,2019,133300,123814.5660917138,11.726540290564381,32891.24800218083,10.357024892321327,55.7,58.4,1.8409596458988418,0.6541060450696298,1.1664478177215092
BE31,BE,2020,131500,120224.17465875534,11.697113401150416,33069.795504757116,10.400961883193558,59.7,55.7,1.4966052774140515,0.849035681677684,0.6815503415324298
BE31,BE,2021,124800,111102.20869054296,11.61820585563302,31871.178741799602,10.406375622248135,59.7,59.7,0.5732267434792967,0.8730541264015897,1.3999169729236598
BE31,BE,2022,143900,120062.74300398817,11.695769743487944,33159.100509022945,10.369457392664025,60.7,59.7,1.4808817539620338,0.7092637316981697,1.3999169729236598
BE31,BE,2023,158000,124945.6328338144,11.735633984342279,33464.97320638319,10.409072483097935,62,60.7,1.9473743312578649,0.8850189445422506,1.5795086307714672
BE32,BE,2003,56500,69197.79546846295,11.14472428370615,12098.44648779013,NA,22.9,NA,-1.9909346378805688,NA,NA
BE32,BE,2004,59400,71383.077163424,11.175816105717425,11569.308821664514,9.40083233390337,24.1,22.9,-0.23123695144750323,-1.6237727598788207,-1.325569545088986
BE32,BE,2005,60400,71103.15843996845,11.171887037307755,11995.299985642936,9.35611107956703,23.2,24.1,-0.45360965729364744,-2.218140957450527,-1.002588133087608
BE32,BE,2006,62000,71370.19258440676,11.175635590355851,12915.987463096279,9.392270184185158,22.9,23.2,-0.24145354357943008,-1.737568080937554,-1.2448241920886416
BE32,BE,2007,64300,72615.16222656381,11.192929025103497,13195.03740618874,9.4662211612286,24.9,22.9,0.737299554417817,-0.7547220139778252,-1.325569545088986
BE32,BE,2008,65500,72585.02421347753,11.19251390148337,14859.2068376929,9.4875960838094,24.5,24.9,0.7138048851875093,-0.47063843009538686,-0.7872671917533572
BE32,BE,2009,63000,69273.39901477832,11.145816258887125,13929.35895416601,9.606374941187253,24,24.5,-1.9291323350465026,1.1079929481379933,-0.8949276624204826
BE32,BE,2010,65900,71248.63503184025,11.173930940499535,13850.282976813154,9.54175404663138,28.8,24,-0.33793127355134206,0.24914841900690274,-1.0295032507543898
BE32,BE,2011,68400,72293.74088401294,11.188492832947228,14120.667059599766,9.53606094294562,26.1,28.8,0.4862252664224278,0.17348417777507413,0.26242239725111943
BE32,BE,2012,68900,71250.55583706476,11.17395789932243,13938.259554049908,9.555394752112642,27.2,26.1,-0.33640549039653106,0.4304403270899868,-0.46428577975197927
BE32,BE,2013,70000,71380.4988477148,11.17577998564,13227.423842528682,9.542392823869122,28,27.2,-0.23328123230873984,0.2576380931245081,-0.168219485417384
BE32,BE,2014,72100,72908.55588476201,11.196961275784432,14680.53609900338,9.4900475172511225,28.1,28,0.9655120468148558,-0.4380576338309248,0.04710145591686771
BE32,BE,2015,72800,72800,11.195471234184778,14836.54054054054,9.594277820507385,27.2,28.1,0.8811804577992873,0.9472160665186794,0.07401657358364953
BE32,BE,2016,73600,72231.21841110948,11.187627619393684,13161.053628944599,9.60484837233108,30,27.2,0.43725694646068575,1.087704072233738,-0.168219485417384
BE32,BE,2017,74600,71788.75245390508,11.18148309170544,14314.343909524305,9.48501726466415,31.1,30,0.08949633103885184,-0.5049122470974451,0.5854038092524965
BE32,BE,2018,77000,72846.99293289562,11.196116533254536,14880.674117134276,9.569017384104955,31.4,31.1,0.917702321320136,0.6114920293199511,0.8814701035870927
BE32,BE,2019,77900,72356.7494264404,11.189364016256421,14286.447790939306,9.607818610931758,32,31.4,0.5355314554611812,1.1271800527186704,0.9622154565874362
BE32,BE,2020,75300,68843.19659166751,11.139586684338445,13206.080334490323,9.567066659962538,32.4,32,-2.2817063307679253,0.5855659141048561,1.1237061625881253
BE32,BE,2021,80800,71931.55819067205,11.183470365224743,14464.864145462023,9.488432633917169,33.5,32.4,0.2019696564348016,-0.4595202540264995,1.2313666332552506
BE32,BE,2022,87500,73005.49001284897,11.19828992295819,14605.327577824004,9.57947782541743,34.2,33.5,1.040709227504419,0.7505166103824752,1.5274329275898468
BE32,BE,2023,92300,72990.39183899411,11.198083092824119,14022.346892480802,9.589141643726354,34.3,34.2,1.0290033034103183,0.8789536668822185,1.7158387512573177
BE33,BE,2003,57200,70055.1132884262,11.157037543939506,11769.752186505808,NA,28.5,NA,-2.316709896272169,NA,NA
BE33,BE,2004,59400,71383.077163424,11.175816105717425,12948.812029225654,9.373288145360267,26.9,28.5,-1.8068960888126504,-2.286828621463915,-1.0929562181933397
BE33,BE,2005,61400,72280.3630499017,11.188307767520081,12623.857071007553,9.468759327724824,29.6,26.9,-1.46776353220776,-1.175701326210992,-1.462276165206929
BE33,BE,2006,63800,73442.23043363148,11.204254395661502,12825.682530920412,9.443343721016456,29.6,29.6,-1.0348330817789986,-1.4714971217553086,-0.839048754621497
BE33,BE,2007,66300,74873.79868773221,11.22355929105174,15071.144392665934,9.459204887408118,30.5,29.6,-0.510729993486177,-1.286899272688897,-0.839048754621497
BE33,BE,2008,67600,74912.17766154323,11.224071741891082,15479.769294576441,9.620537227202254,29,30.5,-0.49681761208923214,0.5907434034830139,-0.6313062844263535
BE33,BE,2009,69100,75980.82336382828,11.238236263269217,13299.028698639911,9.647289243581525,30.4,29,-0.11226906891381536,0.9020928061599083,-0.9775437347515932
BE33,BE,2010,70500,76221.9843663845,11.241405208809296,13359.335744479782,9.495446281365561,31.4,30.4,-0.026236272018844913,-0.8651091466342854,-0.6543887811147031
BE33,BE,2011,73800,78001.14148011921,11.264478739925151,15324.780059026974,9.499970726130003,32.3,31.4,0.6001804306458676,-0.812452062589392,-0.42356381423121003
BE33,BE,2012,75100,77662.07174693127,11.260122280072906,14910.91928992028,9.637226408925045,31.6,32.3,0.48190814703951906,0.7849779870332592,-0.21582134403606656
BE33,BE,2013,76800,78314.60445006425,11.268489383744267,14055.84789944797,9.609849061788402,31.9,31.6,0.7090642535908113,0.46635076443345785,-0.37739882085451076
BE33,BE,2014,78100,78975.8420887644,11.276897288339168,14685.986813961785,9.550793808767404,33.1,31.9,0.9373280527558103,-0.22095510037857544,-0.3081513307894635
BE33,BE,2015,78300,78300,11.268302881978894,14537.735849056604,9.594649040146642,33.9,33.1,0.7040009704582988,0.2894475511674495,-0.03116137052927111
BE33,BE,2016,79300,77825.2122282742,11.262220722299656,14990.154164279891,9.584503020190185,33.4,33.9,0.538878155392926,0.1713645921782969,0.1534986029775227
BE33,BE,2017,80700,77658.8783248008,11.260081159771627,15450.166293154862,9.615148875518734,35.6,33.4,0.48079178373080894,0.528031865993945,0.03808611953577617
BE33,BE,2018,82600,78144.95605528804,11.266320791927784,15402.274346291053,9.645375045578962,35.9,35.6,0.6501897740720026,0.8798146946241706,0.5459010466794616
BE33,BE,2019,84500,78487.10303638273,11.270689597742848,15673.123756644254,9.642270462321484,37.5,35.9,0.7687972346948894,0.8436824596153161,0.615148536744509
BE33,BE,2020,80900,73963.0093528008,11.211320373597042,13880.442510333149,9.659702661791098,39.7,37.5,-0.8430008660137789,1.0465645457826278,0.9844684837580983
BE33,BE,2021,87000,77451.0589429266,11.257401518352276,15785.312482612626,9.538236114700524,42.4,39.7,0.4080429645836752,-0.36710597331806993,1.4922834109017837
BE33,BE,2022,95200,79429.97313397967,11.282631071391942,15415.805488642693,9.666835196970533,41.5,42.4,1.0929928903430373,1.129575506011025,2.1155108214872143
BE33,BE,2023,101000,79870.30959629908,11.288159468156572,16260.617843763015,9.643148592516074,38.6,41.5,1.2430817542855865,0.8539024485567788,1.9077683512920707
BE34,BE,2003,55100,67483.15982853643,11.119633361712623,12827.269002423353,NA,25.4,NA,-0.8324118388492461,NA,NA
BE34,BE,2004,55800,67056.83006261042,11.11329574873609,14415.923627357046,9.459328574657354,26.6,25.4,-1.0691887685438222,-0.9389429326351244,-1.6209883560942855
BE34,BE,2005,57600,67806.98553215535,11.124420500068831,14795.664245239905,9.576088682064736,27.3,26.6,-0.6535615483371139,0.3273072257371846,-1.401565228365786
BE34,BE,2006,60900,70103.94723210279,11.15773438002661,15044.565115918673,9.602089460429388,32.3,27.3,0.5910645028000429,0.6092827262150394,-1.2735684038574953
BE34,BE,2007,62500,70582.38941151227,11.16453595060228,17373.79850111211,9.618772083090949,29.2,32.3,0.8451751599151898,0.7902038820475096,-0.3593053716554174
BE34,BE,2008,62900,69703.7866111105,11.15200992254856,16733.13471208216,9.762718517026821,30.9,29.2,0.3771954213589529,2.35128667663993,-0.9261484516207057
BE34,BE,2009,61200,67294.15904292751,11.116828722013873,13669.820297810089,9.725146147145377,32.3,30.9,-0.9371948193229108,1.9438185749979375,-0.6152990206719992
BE34,BE,2010,62700,67788.91375563557,11.124153946629947,14496.092891968985,9.522945783897141,32.2,32.3,-0.6635201408059467,-0.24902149402233478,-0.3593053716554174
BE34,BE,2011,64200,67854.65153148583,11.12512321901464,15007.782492411594,9.581634436372672,31,32.2,-0.6273075572772617,0.38745030393955,-0.377590632299458
BE34,BE,2012,65400,67631.1516943982,11.121823979765969,13221.5134166616,9.616324178364572,33.8,31,-0.7505690663849991,0.7636566321666841,-0.5970137600279574
BE34,BE,2013,66800,68117.39032896214,11.128987824133242,12622.258450682513,9.489600586177293,31.4,33.8,-0.48292364840604707,-0.6106463916973117,-0.08502646199479391
BE34,BE,2014,68100,68863.69841542709,11.139884444648994,13187.587193337347,9.443217078141373,35.1,31.4,-0.07581952902853469,-1.1136702900175117,-0.5238727174517913
BE34,BE,2015,68600,68600,11.136047813713976,13376.554174067496,9.487031302013614,36.9,35.1,-0.21915830603000244,-0.6385099878467261,0.15268192637774725
BE34,BE,2016,69800,68501.88919966633,11.13461660342718,12887.318417042345,9.501258764943799,35.1,36.9,-0.2726291599161172,-0.484214761603694,0.48181661797049496
BE34,BE,2017,70900,68228.18430270602,11.130613018033806,12570.805474603589,9.463999038374729,37.1,35.1,-0.42220545318668196,-0.8882922818853469,0.15268192637774725
BE34,BE,2018,72900,68968.12707542976,11.141399750415465,13595.91846391651,9.439132378656499,38.8,37.1,-0.019206818807490852,-1.1579683939202345,0.5183871392585786
BE34,BE,2019,75100,69755.99334949518,11.152758622149808,13077.752159140771,9.517524913733926,40.7,38.8,0.40516727661478014,-0.3078102178005475,0.8292365702072845
BE34,BE,2020,73300,67014.69203411989,11.112667158425202,12639.759659940757,9.478667756966024,42.5,40.7,-1.0926732704216064,-0.7292116879069609,1.1766565224440753
BE34,BE,2021,80200,71397.4129565829,11.17601691457016,14311.432780549316,9.444602653274883,44.6,42.5,1.2741106926331103,-1.0986438844137392,1.505791214036823
BE34,BE,2022,88300,73672.96877868073,11.207391237204536,15051.930974255034,9.568813991965307,42.1,44.6,2.4462737471021705,0.24841403443194107,1.8897816875616962
BE34,BE,2023,92500,73148.55086789768,11.200247595833691,15760.951470569473,9.619261565883987,40.4,42.1,2.1793831248929374,0.7955122675737555,1.432650171460657
BE35,BE,2003,56600,69320.26944274342,11.146492630762891,12945.852444047474,NA,26.3,NA,-2.313404426192584,NA,NA
BE35,BE,2004,58800,70662.03597995505,11.165663734253407,14030.328444158951,9.468530741237895,28.3,26.3,-1.4522780006233507,-2.059240046658425,-1.6740209231811247
BE35,BE,2005,60200,70867.7175179818,11.16857028468176,14554.529722811121,9.548976582954992,29.7,28.3,-1.3217217505701107,-0.9776988657462713,-1.2677051651274536
BE35,BE,2006,63000,72521.32472286494,11.191635931702292,15661.864117516881,9.585657545304667,30.3,29.7,-0.2856604627022139,-0.4845475668118293,-0.983284134489884
BE35,BE,2007,64900,73292.75316491433,11.202217017569968,16974.06945708871,9.65898399933894,30.4,30.3,0.18962008942565262,0.5012781514051733,-0.8613894070737824
BE35,BE,2008,66700,73914.82618380079,11.210668711763741,17353.21172846983,9.739442132490657,29.3,30.4,0.5692527597458039,1.5829845825332567,-0.8410736191710994
BE35,BE,2009,65400,71912.38564391274,11.183203790958746,16248.651822048158,9.76153288227636,31.5,29.3,-0.6644148323700009,1.8799801151859494,-1.064547286100618
BE35,BE,2010,68000,73519.07711934957,11.20530020416718,15833.081153094121,9.695765219519078,33.1,31.5,0.32811047184594777,0.9957773506168897,-0.6175999522415799
BE35,BE,2011,69200,73139.28171306572,11.200120870942348,15960.827922075716,9.66985677405478,33.2,33.1,0.09546550652412474,0.6474554224108799,-0.2925473457986427
BE35,BE,2012,70900,73318.78677573138,11.202572154840897,16018.237575999574,9.677892744475121,34.3,33.2,0.20557212311288023,0.7554937343071628,-0.2722315578959589
BE35,BE,2013,73000,74439.66308404543,11.217744184739033,14327.94066339821,9.68148320058782,33.5,34.3,0.8870684115907048,0.8037650440635765,-0.04875789096644094
BE35,BE,2014,73900,74728.74174596273,11.221620059447684,14767.575079782788,9.569966802428107,36.7,33.5,1.061164708940835,-0.6954992358835766,-0.2112841941879088
BE35,BE,2015,74300,74300,11.215866230705851,15749.72972972973,9.60018918329122,35.3,36.7,0.8027145899769876,-0.28917929701566125,0.4388210186979656
BE35,BE,2016,75400,73997.74277442467,11.211789868672764,14832.808643423725,9.664578484089384,34.9,35.3,0.6196128155478144,0.5764923018751148,0.15439998806039462
BE35,BE,2017,76000,73135.99445706148,11.200075924782055,14036.076208449205,9.604596806507148,40.2,34.9,0.09344661771187188,-0.22992171556435334,0.07313683644966068
BE35,BE,2018,77600,73414.63183886623,11.203878538590024,15024.168517390879,9.549386166187455,39.2,40.2,0.264252186514728,-0.9721922898504369,1.14987359529189
BE35,BE,2019,78600,73006.9384456767,11.19830976281488,14292.989414939952,9.61741541793139,37.7,39.2,0.01411426511554575,-0.05758395588022052,0.9467157162650545
BE35,BE,2020,76500,69940.29932619607,11.155397290365087,13564.405594454922,9.567524445332332,40.8,37.7,-1.913425484033961,-0.7283351130549975,0.6419788977248011
BE35,BE,2021,82800,73712.04230430254,11.207921461088906,15505.993970743833,9.51520440507323,42.8,40.8,0.4458519260413881,-1.4317434797198116,1.2717683227079901
BE35,BE,2022,89500,74674.18692742838,11.220889754875431,14883.457548020762,9.648981935945077,43.3,42.8,1.0283609339159956,0.3668070187318557,1.6780840807616613
BE35,BE,2023,95100,75204.61824364398,11.227967920866655,14907.213075952424,9.608005643493362,44.1,43.3,1.3462975504818613,-0.1840921549442755,1.7796630202750792
BG31,BG,2000,4900,9298.79495208274,9.13764009570091,NA,NA,NA,NA,-0.7377268937376537,NA,NA
BG31,BG,2001,5200,9301.493605223146,9.137930268958279,NA,NA,NA,NA,-0.7357055145065517,NA,NA
BG31,BG,2002,5600,9650.846172405472,9.174800876748451,NA,NA,NA,NA,-0.47886075389383714,NA,NA
BG31,BG,2003,5300,8937.153263747197,9.097972390585042,1364.1224174854212,NA,18.8,NA,-1.0140565458693016,NA,NA
BG31,BG,2004,5500,8803.521408563425,9.082907080487638,1444.9752418144024,7.218266583265822,18.2,18.8,-1.1190031740221287,-1.4007291593693143,-0.19059122035572795
BG31,BG,2005,6200,9322.04664030432,9.140137480171008,1803.0236930187225,7.275847466707294,17.5,18.2,-0.7203298353536227,-1.0415857681279201,-0.667069271245052
BG31,BG,2006,6300,8872.989493253712,9.090767052709054,1416.83742145701,7.497220364003678,18.4,17.5,-1.0642497320631301,0.3391609018110552,-1.2229603306159282
BG31,BG,2007,7000,8877.728316148587,9.091300983005095,1487.214212206981,7.256182498780043,17.4,18.4,-1.0605303141503382,-1.164240073653206,-0.508243254281945
BG31,BG,2008,7900,9268.166780074615,9.134340880650887,1791.0852398798684,7.304659992713765,17.4,17.4,-0.760709593251458,-0.8618763284366527,-1.3023733390974832
BG31,BG,2009,8100,9142.728144929173,9.120714104038589,1505.3617741124353,7.490576994384275,17.1,17.4,-0.8556352369193557,0.2977248877768552,-1.3023733390974832
BG31,BG,2010,8700,9745.496908325118,9.184560601747366,1845.414454363173,7.316788529766036,18.5,17.1,-0.41087342248726355,-0.7862282371360567,-1.5406123645421426
BG31,BG,2011,9600,10134.172217589123,9.22366837993025,1547.939352489994,7.520459167758829,18.2,18.5,-0.13844428373692483,0.4841059302683103,-0.42883024580039
BG31,BG,2012,9800,10231.460697618575,9.233222634443731,1498.88717123696,7.344679875404156,18.7,18.2,-0.0718882826177396,-0.6122643821191073,-0.667069271245052
BG31,BG,2013,9600,10015.440470725702,9.211883228233697,2038.0376248064106,7.312478225914788,19.4,18.7,-0.2205409631166631,-0.8131124572087078,-0.2700042288372829
BG31,BG,2014,10000,10294.7383592246,9.239388204784845,2128.9666257658005,7.61974267524445,20.6,19.4,-0.02893823288391343,1.1033568594238186,0.2858868305335933
BG31,BG,2015,10300,10300,9.239899174217728,2688.472519628837,7.663391988756425,21.5,20.6,-0.02537876290131827,1.3756062856762614,1.2388429323122416
BG31,BG,2016,10900,10549.339940381713,9.26381857205422,1659.0687898633987,7.896728474746438,19.9,21.5,0.14124642663384313,2.8309722312853354,1.9535600086462248
BG31,BG,2017,11900,10988.300691616572,9.304586412295468,1601.0413782660323,7.414011753986264,19.9,19.9,0.4252397425848672,-0.17982770336573628,0.6829518729413625
BG31,BG,2018,13300,11782.110680970563,9.374337616110719,1846.6098403152935,7.378409557925712,20.6,19.9,0.9111343974365294,-0.40188566192109976,0.6829518729413625
BG31,BG,2019,13800,11611.567814080288,9.359757105547324,1739.4162039459256,7.5211067182072995,19.3,20.6,0.8095649368358702,0.48814483085760085,1.2388429323122416
BG31,BG,2020,15200,12256.483034447167,9.413810303283304,1707.1584064177641,7.461304820937227,20.8,19.3,1.1861055328536567,0.115148535827251,0.2064738220520412
BG31,BG,2021,17800,13418.265425351476,9.504372149217355,1660.554479140475,7.4425855166247326,19.8,20.8,1.816969438649556,-0.0016074781596196015,1.3976689492753487
BG31,BG,2022,20900,13591.551127643525,9.517203638059788,1821.6842533605077,7.414906849155733,18.8,19.8,1.9063550191313072,-0.17424481725087654,0.6035388644598103
BG31,BG,2023,23700,14271.176438709213,9.565997148467957,2047.0581760510302,7.5075167660736994,21,18.8,2.2462560473855953,0.4033816038218368,-0.19059122035572795
BG32,BG,2000,3900,7401.08169655565,8.909381443719928,NA,NA,NA,NA,-1.5453171116791562,NA,NA
BG32,BG,2001,4400,7870.494589034971,8.970876184295113,NA,NA,NA,NA,-1.1419551461134072,NA,NA
BG32,BG,2002,4800,8272.153862061834,9.020650196921192,NA,NA,NA,NA,-0.8154728586988741,NA,NA
BG32,BG,2003,4700,7925.400064077704,8.977828078742979,1234.42601276572,NA,18.8,NA,-1.0963556398358187,NA,NA
BG32,BG,2004,4900,7843.13725490196,8.967394193365793,1313.180215874185,7.118361374033103,20.3,18.8,-1.1647945416811525,-1.7875868345942343,-1.2227246037241524
BG32,BG,2005,5200,7818.490730577817,8.964246813707344,1547.7832889739136,7.1802071199292605,20,20.3,-1.185439124185919,-1.4836643041700983,-0.689559805588621
BG32,BG,2006,5600,7887.101771781077,8.97298401705267,1560.4408204613442,7.344579050146671,18.5,20,-1.1281292553751117,-0.6759073236616135,-0.7961927652157275
BG32,BG,2007,6500,8243.604864995117,9.017193010851374,1785.3067149934618,7.352723637544971,19.3,18.5,-0.8381495519478435,-0.6358831704157633,-1.3293575633512589
BG32,BG,2008,7200,8446.936812219901,9.041559147199921,2175.920271206361,7.487345508580796,20.2,19.3,-0.6783249464797277,0.025675989438784446,-1.045003004345642
BG32,BG,2009,7700,8691.235397031436,9.070070371219835,1534.7476365302214,7.685206967233963,20.5,20.2,-0.49131150022740644,0.9980073004436,-0.7251041254643236
BG32,BG,2010,7800,8737.34205573976,9.075361309782375,1399.7407110020058,7.336121240335885,19.7,20.5,-0.4566066887539027,-0.7174707153273286,-0.6184711658372171
BG32,BG,2011,8800,9289.657866123362,9.13665700294062,1696.7072993817449,7.244042292023383,20.1,19.7,-0.05455033333605781,-1.1699653301859996,-0.9028257248428341
BG32,BG,2012,9500,9918.252717079231,9.2021320473737,1785.3806691165505,7.436444769144752,20.8,20.1,0.37491960784927747,-0.22446056087199703,-0.760648445340025
BG32,BG,2013,9600,10015.440470725702,9.211883228233697,1729.1453304736517,7.487386931486328,22,20.8,0.43888045135371573,0.02587954999229517,-0.5118382062101106
BG32,BG,2014,10000,10294.7383592246,9.239388204784845,1919.3694966010876,7.455382536791529,22.7,22,0.6192936265413811,-0.13139653228938927,-0.08530636770168572
BG32,BG,2015,10000,10000,9.210340371976184,2924.5881635143382,7.559752023904014,23.5,22.7,0.4287604065044301,0.38149628131748514,0.16350387142822864
BG32,BG,2016,10500,10162.208199450273,9.226431039982598,1620.425397704988,7.980908950954358,24.4,23.5,0.5343037979168731,2.451146782254317,0.4478584304338456
BG32,BG,2017,11200,10341.930062697951,9.243961790479032,1634.3361253768528,7.39044398493132,23,24.4,0.6492931110181908,-0.45051773808052126,0.767757309315164
BG32,BG,2018,12100,10719.063100732617,9.279779033485706,2021.0327040179277,7.3989919613501245,25.2,23,0.8842288698357197,-0.40851124942775285,0.27013683105533515
BG32,BG,2019,13000,10938.43344804665,9.300037870845701,1962.4223157221427,7.611363899369638,26.6,25.2,1.0171125015279858,0.6351274982129133,1.0521118683207809
BG32,BG,2020,13400,10805.057411946846,9.287769582387938,1984.1492972466974,7.581934864527677,26.3,26.6,0.9366412140623411,0.49050725623011693,1.549732346580611
BG32,BG,2021,15300,11533.677584712224,9.353026520317705,2133.3867797913554,7.5929455356420075,26.6,26.3,1.3646805309852408,0.5446159257634091,1.4430993869535045
BG32,BG,2022,18300,11900.736154826627,9.384355538936399,2281.992899445972,7.665466033393029,26.3,26.6,1.5701767150667396,0.9009963503946505,1.549732346580611
BG32,BG,2023,20400,12284.05060547122,9.416057001177041,2631.2157519425423,7.732804418868526,26.4,26.3,1.7781158656524703,1.2319108249771398,1.4430993869535045
BG33,BG,2000,4400,8349.938324319195,9.030009431508544,NA,NA,NA,NA,-1.668642888021523,NA,NA
BG33,BG,2001,4800,8585.994097129058,9.057887561284742,NA,NA,NA,NA,-1.4861927187847142,NA,NA
BG33,BG,2002,5200,8961.500017233653,9.100692904594728,NA,NA,NA,NA,-1.2060504641269212,NA,NA
BG33,BG,2003,5200,8768.527730468948,9.078924195614348,1893.3929440738134,NA,18.5,NA,-1.3485171456949274,NA,NA
BG33,BG,2004,5700,9123.649459783914,9.118625163089717,2099.4585980123425,7.546125707097487,19,18.5,-1.0886916734378014,-1.8169014712079807,-1.5112648880510942
BG33,BG,2005,6100,9171.691049331668,9.123876959299228,2773.092176316608,7.649434780002369,19.2,19,-1.0543209636766158,-1.2431773940605535,-1.345918620211806
BG33,BG,2006,6900,9718.036111658826,9.181738830914782,3036.4575812885582,7.927718285711213,20,19.2,-0.6756403149614485,0.3022623529900997,-1.2797801130760909
BG33,BG,2007,7900,10019.150528224834,9.212253593422759,3385.470312789342,8.018446845633125,20.3,20,-0.47593453740406033,0.8061208994707187,-1.0152260845332297
BG33,BG,2008,9100,10675.989582111266,9.275752534700715,3557.7149441769047,8.127248115957801,20.5,20.3,-0.06036173264537455,1.410345742984371,-0.9160183238296564
BG33,BG,2009,8700,9819.967266775779,9.192173068020734,3372.541594679668,8.176873748146354,21.2,20.5,-0.6073527956364099,1.685940317881479,-0.8498798166939414
BG33,BG,2010,9100,10193.565731696388,9.229511989609632,2349.959507125683,8.1234219214913,21.5,21.2,-0.3629858808647194,1.3890970779101872,-0.6183950417189382
BG33,BG,2011,10400,10978.686569054884,9.303711087603787,2620.0623889766557,7.762153375979401,22.3,21.5,0.1226147707905574,-0.6171977909542636,-0.519187281015365
BG33,BG,2012,10900,11379.88995959617,9.339603038002302,2563.2603641005753,7.870953409058137,22.5,22.3,0.3575118918319836,-0.012979818451698589,-0.2546332524725037
BG33,BG,2013,10800,11267.370529566415,9.329666263890081,2342.1059229001844,7.849035306885662,25.2,22.5,0.29248005027744095,-0.1347013922509702,-0.18849474533678864
BG33,BG,2014,10900,11221.264811554815,9.325565901025898,2639.6928092471503,7.75880577067557,27,25.2,0.26564496827918066,-0.6357886243592106,0.7043751009953674
BG33,BG,2015,11400,11400,9.341368634382587,3369.8741672834935,7.878417829236341,25.4,27,0.369066948106305,0.02847363241920088,1.2996216652168051
BG33,BG,2016,12100,11710.73516317603,9.368261235421818,2660.391811052881,8.12263068356427,25.5,25.4,0.5450672626975233,1.3847029599810912,0.7705136081310824
BG33,BG,2017,12900,11911.687304357461,9.38527532354561,2434.08927700553,7.886228688316851,26.9,25.5,0.6564170297915207,0.071851022145853,0.8035828616989406
BG33,BG,2018,13800,12225.047172736373,9.411242173046169,3091.4002589678776,7.797327952006087,25.3,26.9,0.8263587053614759,-0.4218567564979464,1.266552411648947
BG33,BG,2019,14900,12537.127567376543,9.436449726335578,2530.9456941192784,8.036379425488635,23.2,25.3,0.9913311192436007,0.9057089853878905,0.7374443545632254
BG33,BG,2020,15000,12095.21352083602,9.400565076533283,2258.3691769874154,7.836348304020694,23.3,23.2,0.7564817774121345,-0.20515831153019456,0.0429900296382146
BG33,BG,2021,18400,13870.566507104897,9.537524356534254,2113.525051223241,7.722398228682582,25.9,23.3,1.6528203774305332,-0.8379769011852451,0.0760592832060727
BG33,BG,2022,21200,13786.64516296855,9.531455660766989,2252.401378102488,7.656112472892946,28.7,25.9,1.6131034172659542,-1.2060930114076573,0.9358598759703706
BG33,BG,2023,22800,13729.233029644305,9.527282636287266,2505.600306344904,7.719752205217644,30.3,28.7,1.58579279676641,-0.8526715192652049,1.8617989758703848
BG34,BG,2000,4200,7970.395673213777,8.98348941587365,NA,NA,NA,NA,-1.3668773257670621,NA,NA
BG34,BG,2001,4300,7691.6197120114475,8.947886666070413,NA,NA,NA,NA,-1.5279710026791131,NA,NA
BG34,BG,2002,4300,7410.4711680970595,8.910649301706863,NA,NA,NA,NA,-1.6964609080091964,NA,NA
BG34,BG,2003,4800,8094.0255973559515,8.998881487940812,1744.9305483188782,NA,18.5,NA,-1.2972319894293378,NA,NA
BG34,BG,2004,5100,8163.265306122449,9.007399527979493,2576.6762878572736,7.464470033454143,17.9,18.5,-1.2586899555274977,-2.131093272080381,-0.6516194866592281
BG34,BG,2005,6400,9622.757822249621,9.17188617848559,2849.8226958442115,7.854255586874281,17.8,17.9,-0.5144283611445455,-0.5014112103175922,-0.9433894060588832
BG34,BG,2006,6600,9295.51280245627,9.137287068343948,3505.019303663201,7.955012059342963,17.6,17.8,-0.6709808156994825,-0.08015132947300684,-0.9920177259588245
BG34,BG,2007,7300,9258.202386840669,9.133265182104127,3438.830370769228,8.161951306918061,17.7,17.6,-0.6891788606840815,0.7850556457180895,-1.089274365758709
BG34,BG,2008,8300,9737.441047420165,9.183733635980463,4104.272141340843,8.142886684054131,17.3,17.7,-0.4608215330074989,0.705347012027066,-1.0406460458587676
BG34,BG,2009,8900,10045.713640724647,9.21490131909829,3727.1961470733904,8.319783695895008,16.9,17.3,-0.3197954408649223,1.4449482734052226,-1.2351593254585367
BG34,BG,2010,9500,10641.634555067658,9.272529374693324,2730.172954565821,8.223411526769866,17.4,16.9,-0.05904267821589892,1.0420190373205565,-1.4296726050583073
BG34,BG,2011,10200,10767.557981188444,9.284293001746686,2615.346012583639,7.912120239493082,19.1,17.4,-0.0058151621863392275,-0.25948078073763486,-1.1865310055585951
BG34,BG,2012,11000,11484.292619775952,9.348735521565576,3137.0313188001187,7.869151686133343,19.6,19.1,0.2857713732491556,-0.43913105257515145,-0.359849567259573
BG34,BG,2013,11200,11684.680549179986,9.366033908060956,3968.350767011629,8.051032191819553,20.5,19.6,0.36404231301047557,0.32130605162320236,-0.116707967759861
BG34,BG,2014,11800,12147.791263885028,9.40490264326242,4316.50871247537,8.28610586344227,20.9,20.5,0.5399137697133857,1.3041422354551115,0.32094691133961994
BG34,BG,2015,12100,12100,9.400960731584833,3488.246490601951,8.370202186085534,21.9,20.9,0.5220775899319253,1.6557465144475159,0.5154601909393889
BG34,BG,2016,13400,12968.913321203207,9.470310489775986,2374.2177075218247,8.157154450709157,21.8,21.9,0.8358681707639348,0.7650001294273676,1.0017433899388128
BG34,BG,2017,14200,13112.089900920617,9.481289976785199,2630.680947635943,7.772423275902557,21.7,21.8,0.8855476461611216,-0.8435497223610796,0.9531150700388715
BG34,BG,2018,14300,12667.983664502184,9.446833118148872,3127.3403969538936,7.874998007109919,21.5,21.7,0.7296388446432128,-0.4146877546149424,0.9044867501389284
BG34,BG,2019,14800,12452.98577162234,9.429715694154234,2502.4574009523444,8.047938208889846,21.3,21.5,0.6521867156419865,0.3083701989839711,0.8072301103390439
BG34,BG,2020,14300,11530.770223197007,9.352774412696935,2183.162082815755,7.825028488448024,22.9,21.3,0.3040463611810948,-0.6236088587545692,0.7099734705391595
BG34,BG,2021,18800,14172.100561607174,9.559030561755218,2265.87573936545,7.688529601533412,22.7,22.9,1.2373046522161835,-1.1943067348135057,1.488026588938237
BG34,BG,2022,25900,16843.118383060635,9.731697447794515,2395.8170932071175,7.725716603087636,21.8,22.7,2.018579798286368,-1.0388289629158354,1.3907699491383525
BG34,BG,2023,24900,14993.767650795755,9.615389903797533,2701.9519032643198,7.781479617927058,22.9,21.8,1.492316798416052,-0.8056854197643897,0.9531150700388715
BG41,BG,2000,5400,10247.651579846286,9.234803844154557,1568.0836682653548,NA,25.8,NA,-2.1758980679817834,NA,NA
BG41,BG,2001,5900,10553.6177443878,9.26422399428257,1987.2329838692915,7.357609559349875,29.3,25.8,-2.0334855539908374,-2.9903438778705893,-1.9164542191535776
BG41,BG,2002,6900,11891.221176713885,9.38355569061056,3688.0019301692337,7.5944984897643,29.5,29.3,-1.4558431286827616,-2.2898666798258986,-1.194870661427371
BG41,BG,2003,7500,12646.914995868676,9.445168590569232,3775.923288048918,8.212840108041107,30.1,29.5,-1.1575969287413055,-0.46143930904411107,-1.153637315271588
BG41,BG,2004,8400,13445.378151260506,9.50639069409848,3866.157729126229,8.236400211394015,31.1,30.1,-0.8612424357330458,-0.39177241851690586,-1.0299372768042379
BG41,BG,2005,9100,13682.358778511178,9.523862601642767,5072.716704972418,8.26001645798574,31.5,31.1,-0.776667127083274,-0.3219395132310247,-0.8237705460253217
BG41,BG,2006,10200,14365.792512886961,9.572605139601793,5698.309113581775,8.531631792319697,31.9,31.5,-0.5407217855795813,0.48122316730187753,-0.7413038537137555
BG41,BG,2007,12000,15218.962827683294,9.630297483737783,5845.455133551136,8.647924763074254,33.2,31.9,-0.2614536060941878,0.8250998278276955,-0.6588371614021894
BG41,BG,2008,13300,15603.36938923954,9.655242156405619,7441.009745908319,8.67341973803484,33.6,33.2,-0.14070529142378801,0.9004881061797804,-0.39082041138959744
BG41,BG,2009,13700,15463.62661549749,9.646245875194275,6052.815157700459,8.914761837154275,33.7,33.6,-0.18425309856624958,1.614133260749282,-0.3083537190780312
BG41,BG,2010,14500,16242.49484720853,9.695386225513356,5196.030615945951,8.708278758121674,33.6,33.7,0.053617911502890525,1.0035657327885517,-0.28773704600013933
BG41,BG,2011,16000,16890.287029315205,9.734494003696241,4878.713703475599,8.555650269987517,32.8,33.6,0.24292479754497862,0.5522454641589741,-0.3083537190780312
BG41,BG,2012,16500,17226.438929663927,9.75420062967374,4881.508971012515,8.492636878749106,33,32.8,0.33831758566887743,0.36591576248504704,-0.47328710370116506
BG41,BG,2013,16500,17214.0383090598,9.753480510666442,4434.489230440383,8.49320966642139,35.1,33,0.3348317449183821,0.3676094874854233,-0.4320537575453812
BG41,BG,2014,16700,17192.213059905083,9.75221183121351,3961.0206382036054,8.397167720228685,37.5,35.1,0.32869051757743933,0.08361481856556342,8.96377090343063e-4
BG41,BG,2015,18000,18000,9.798127036878302,3650.796353801463,8.284257007960175,38.6,37.5,0.5509497460546009,-0.25026055172172684,0.49569653095974164
BG41,BG,2016,18600,18001.625953311912,9.798217363538276,3916.3867086233868,8.202700601902622,39.4,38.6,0.5513869853844926,-0.4914216844848595,0.7224799348165497
BG41,BG,2017,19700,18190.716270995505,9.808666647921926,4096.4570647035125,8.272924749700127,39.2,39.4,0.6019682656297297,-0.2837698782218286,0.8874133194396822
BG41,BG,2018,20800,18426.158057457724,9.821526567590283,3845.4115686781206,8.31787774855624,39.8,39.2,0.6642185764447113,-0.15084449995553106,0.8461799732838997
BG41,BG,2019,23800,20025.747389500786,9.904774094061594,4858.125899426381,8.254635916179678,39.5,39.8,1.0671903314059057,-0.337849698825932,0.9698800117512483
BG41,BG,2020,24700,19916.784930976646,9.899318119065004,5465.315167496438,8.48840802512305,42.7,39.5,1.040779891209129,0.35341110245834645,0.908029992517574
BG41,BG,2021,27200,20504.315706155063,9.928390665221267,4674.688548664845,8.60617706912096,43.1,42.7,1.1815097776378491,0.701652490571071,1.5677635310101063
BG41,BG,2022,31700,20614.936399344486,9.933771159972258,5072.252877860748,8.449917818897086,43.2,43.1,1.2075548447319873,0.23959611008129608,1.6502302233216726
BG41,BG,2023,35800,21557.30449391518,9.978469993733526,5647.186683189404,8.531540352496599,41.8,43.2,1.4239260481659353,0.4809527810454936,1.6708468963995646
BG42,BG,2000,3400,6452.225068792106,8.772180322206443,NA,NA,NA,NA,-2.2971905542961406,NA,NA
BG42,BG,2001,4100,7333.869957964404,8.900258617081159,NA,NA,NA,NA,-1.4790269108100653,NA,NA
BG42,BG,2002,4400,7582.807706890015,8.933638819931563,NA,NA,NA,NA,-1.2657943064011312,NA,NA
BG42,BG,2003,4700,7925.400064077704,8.977828078742979,1352.4203615561137,NA,16.4,NA,-0.9835134950625445,NA,NA
BG42,BG,2004,5200,8323.329331732693,9.026817613836593,1354.0700726196428,7.209651126588563,16.1,16.4,-0.6705685377293149,-2.5212063314852715,-1.2881235303147143
BG42,BG,2005,5800,8720.624276413719,9.073446105672337,2095.2945288062588,7.2108702044371356,15.6,16.1,-0.37270591543323806,-2.514651098702826,-1.4052256694342324
BG42,BG,2006,6300,8872.989493253712,9.090767052709054,2067.732606178451,7.647449409017243,16.6,15.6,-0.2620597739457033,-0.16707475864552995,-1.600395901300099
BG42,BG,2007,6800,8624.0789356872,9.062313446131844,2378.095727099139,7.634207926580863,16.6,16.6,-0.4438213007547685,-0.23827693810991435,-1.2100554375683668
BG42,BG,2008,7300,8564.25537905629,9.055352469332256,2461.7369400190214,7.774055331738713,17.5,16.6,-0.48828799314901145,0.5137113749448257,-1.2100554375683668
BG42,BG,2009,7200,8126.869462159264,9.002931068382205,2012.1839991192676,7.808622452952479,18.1,17.5,-0.823155696063793,0.6995859082574634,-0.858749020209809
BG42,BG,2010,7800,8737.34205573976,9.075361309782375,1836.1864936070988,7.606975977892762,19,18.1,-0.36047159911741977,-0.38470873734168437,-0.6245447419707696
BG42,BG,2011,8600,9078.529278256923,9.113667484715922,2172.8806421575164,7.515446142060664,19.1,19,-0.11577190443220363,-0.8768835243094251,-0.27323832461221176
BG42,BG,2012,9100,9500.642076360105,9.159114662290008,2299.453407629675,7.683809051070683,19.3,19.1,0.17454448701058803,0.028438528570479463,-0.23420427823903806
BG42,BG,2013,9100,9493.802946208738,9.15839454328271,2363.2486572567395,7.740426724817614,20.5,19.3,0.16994436962668216,0.33288342636448476,-0.15613618549269204
BG42,BG,2014,8900,9162.317139709894,9.122854388528895,2408.6476526453266,7.7677925011287705,21.4,20.5,-0.05708599903870795,0.4800348443005699,0.31227237098538546
BG42,BG,2015,9900,9900,9.20029003612268,2287.412001340932,7.786820729005547,21.5,21.4,0.43757261296896227,0.5823535463553375,0.6635787883439432
BG42,BG,2016,10500,10162.208199450273,9.226431039982598,2897.7738148583467,7.7351763270505565,21.5,21.5,0.6045612427234023,0.3046509557279391,0.702612834717117
BG42,BG,2017,10900,10064.914078875685,9.216810801413082,2258.8807432842973,7.971698071131545,22.2,21.5,0.5431071966109067,1.5764771088944551,0.702612834717117
BG42,BG,2018,12000,10630.475802379455,9.271480230671012,2279.995984588874,7.722624723256979,22.7,22.2,0.8923352955071686,0.23715839587522086,0.9758511593293288
BG42,BG,2019,13300,11190.858835309264,9.322852548611872,2419.454676397417,7.731928960801705,22.5,22.7,1.2205014602889013,0.2871891982889037,1.1710213911951945
BG42,BG,2020,13900,11208.231195974713,9.324403715567719,2089.8755916448486,7.7912974534261386,22,22.5,1.230410308696766,0.6064258159927448,1.0929532984488484
BG42,BG,2021,15200,11458.294071086653,9.346469119771546,2444.963583732773,7.644859817658362,22.6,22,1.3713640238914884,-0.1809995249668522,0.8977830665829827
BG42,BG,2022,18300,11900.736154826627,9.384355538936399,2404.045483011432,7.801785507619228,22.8,22.6,1.61338232037863,0.6628222444497904,1.1319873448220221
BG42,BG,2023,19000,11441.027524703588,9.344961079493311,2844.849664021475,7.7849082151980165,24.9,22.8,1.3617306685304444,0.5720695655392791,1.210055437568368
CY00,CY,2000,34300,44449.052055930646,10.702098914638846,9620.536726551905,NA,25.1,NA,-1.5522073210194,NA,NA
CY00,CY,2001,36100,45284.628314809706,10.7207229230865,8986.521695402778,9.171655334884257,26.8,25.1,-1.2197039095506614,-0.13016772149930128,-1.7009575353077009
CY00,CY,2002,36800,45979.30931081013,10.735946776690866,10087.6854219429,9.103481144410816,29.1,26.8,-0.9479051035428103,-0.461071355901892,-1.454176683246361
CY00,CY,2003,37800,45498.86252843679,10.725442605251537,9679.35969961289,9.219070693766682,29.5,29.1,-1.135441145960654,0.09997677265219353,-1.1202967069280776
CY00,CY,2004,39400,45996.871278806415,10.73632865747994,10049.18047545608,9.177751031348626,29.4,29.5,-0.9410872015053433,-0.10058045247172763,-1.0622306240901156
CY00,CY,2005,41000,46512.68321459364,10.747480311687026,10611.995478120594,9.21524636543153,28.8,29.4,-0.7419913367349922,0.08141426187704541,-1.0767471447996062
CY00,CY,2006,43600,47894.193378298216,10.776749552215694,12599.156700201233,9.269740289147531,30.5,28.8,-0.2194334591311972,0.3459166679233209,-1.1638462690565494
CY00,CY,2007,45100,48139.016085476105,10.781848272521547,12751.29437043717,9.441385162144297,33.1,30.5,-0.1284035446750289,1.1790459197232113,-0.9170654169952097
CY00,CY,2008,47100,48219.16686288762,10.783511873752792,13906.901152618737,9.453388064683816,34.5,33.1,-0.09870246897656798,1.2373055638220203,-0.5396358785484544
CY00,CY,2009,46300,47275.77193269073,10.763753221953703,11731.374413029282,9.540140481710397,34.1,34.5,-0.4514632158203828,1.6583841257814536,-0.33640458861558653
CY00,CY,2010,47900,48006.0934665611,10.779083229052935,11130.612925717724,9.370022105544798,35.7,34.1,-0.17776920023499693,0.8326641786734003,-0.39447067145354864
CY00,CY,2011,48800,48130.50467990255,10.781671448007868,9403.342151043178,9.317454512449423,37.7,35.7,-0.1315604780599455,0.5775117890922885,-0.16220634010169915
CY00,CY,2012,49600,48111.89896501217,10.781284805230515,7630.127504915957,9.148820453049206,39.3,37.7,-0.13846339817250994,-0.24100358677174255,0.12812407408811244
CY00,CY,2013,48600,47587.80733792239,10.77033185904494,6840.20735932416,8.939859835137035,39.3,39.3,-0.33401163273076834,-1.255255863681233,0.36038840543996087
CY00,CY,2014,48100,47737.19730051607,10.773466190597535,6385.769671931769,8.830573325847752,40.3,39.3,-0.2780528987750264,-1.7857103195956752,0.36038840543996087
CY00,CY,2015,48600,48600,10.791378809888585,6455.845248107654,8.761827304965609,40.5,40.3,0.04174973873746429,-2.1193895023280303,0.5055536125348666
CY00,CY,2016,49200,49484.536082474224,10.809415497374737,9545.89359339312,8.772741239418945,41.9,40.5,0.36376742561713543,-2.0664154875115632,0.5345866539538483
CY00,CY,2017,49900,49681.40183193947,10.813385933438317,11125.386921882342,9.163866350781856,42.5,41.9,0.43465353694325826,-0.16797386382221766,0.7378179438867162
CY00,CY,2018,50500,49768.404454518575,10.815135612960551,10015.797621959948,9.31698488592469,44.1,42.5,0.46589140991539846,0.5752323175977698,0.8249170681436598
CY00,CY,2019,51800,50369.506028782576,10.827141231837977,10062.62384953705,9.211918887660502,44.6,44.1,0.6802335181010539,0.06526336253844374,1.0571813994955093
CY00,CY,2020,49700,48918.285793027426,10.797906548161553,10719.053228266637,9.216583229679603,45,44.6,0.15829260065881384,0.08790312863612192,1.1297640030429623
CY00,CY,2021,55400,52923.19449751624,10.876596981061521,10660.949948558522,9.279778112465797,47,45,1.5631908782091042,0.394638217742078,1.1878300858809243
CY00,CY,2022,61400,55248.618784530394,10.919598619692493,11710.58611031538,9.274342807122695,48,47,2.330919886909443,0.36825635270444285,1.4781605000707358
CY00,CY,2023,65300,55641.71168561155,10.926688409144555,12624.402036151809,9.36824850745836,50.9,48,2.4574973197983603,0.8240554948196359,1.6233257071656417
CZ01,CZ,2000,19400,33383.81057268722,10.415826348060683,13362.854668126121,NA,25.5,NA,-2.2048524354422074,NA,NA
CZ01,CZ,2001,22600,35468.227687189064,10.476392579989529,13233.371354144763,9.500234097029795,25.8,25.5,-1.8029298409827366,-1.3844394920568655,-1.2187950099381375
CZ01,CZ,2002,26900,37131.61708882601,10.522224098305337,13262.92749742871,9.490497051112222,27.1,25.8,-1.4987880417843442,-1.4382616558582997,-1.1844697627194716
CZ01,CZ,2003,27500,38697.512101767425,10.563530590175354,12306.542195093361,9.492728015950625,26.2,27.1,-1.2246746975710088,-1.425929850505395,-1.0357270247719192
CZ01,CZ,2004,30500,41303.84735181398,10.628710930828609,13977.367696097128,9.417886285739353,26.6,26.2,-0.7921324906546937,-1.8396224526265315,-1.1387027664279172
CZ01,CZ,2005,34000,42948.27259521253,10.667751707632993,14542.447480735145,9.545194707364828,27.1,26.6,-0.5330546216308156,-1.1359167517360755,-1.0929357701363624
CZ01,CZ,2006,36900,44056.545202731744,10.69322920608664,16238.578129997757,9.584827064345363,27.5,27.1,-0.3639838052251162,-0.9168462834132849,-1.0357270247719192
CZ01,CZ,2007,42800,48341.37140404576,10.786043023818765,19418.773355301026,9.695145056311064,27.7,27.5,0.25193647306476685,-0.3070563035686464,-0.9899600284803648
CZ01,CZ,2008,46400,46149.40871070089,10.739639427513078,19376.485234655393,9.873995575859709,30.8,27.7,-0.05600168365171646,0.6815517445607969,-0.9670765303345875
CZ01,CZ,2009,42400,43536.744396184375,10.68136055928241,17121.68918201889,9.871815508556066,30.3,30.8,-0.44274514078059934,0.6695012786897214,-0.6123823090750395
CZ01,CZ,2010,46800,46186.185593462884,10.740436019227982,16621.56867743033,9.748101312002449,34.7,30.3,-0.050715434225546654,-0.014337105953656407,-0.6695910544394827
CZ01,CZ,2011,48000,46172.49273745166,10.740139504458412,16987.349742115362,9.718456448879069,37.5,34.7,-0.05268313110358623,-0.17820104296334566,-0.16615409523238236
CZ01,CZ,2012,46400,45042.85866832341,10.715369730344834,16201.231131533537,9.740224213217358,37.5,37.5,-0.21705742943537207,-0.05787828925300647,0.15421487880849924
CZ01,CZ,2013,46000,45550.868437209116,10.72658496808724,17092.13512788596,9.692842514106617,38.4,37.5,-0.14263217121222557,-0.3197837575353362,0.15421487880849924
CZ01,CZ,2014,46300,47312.97070274579,10.764539758933397,16650.515069017103,9.74637370264689,40.3,38.4,0.10923900391677926,-0.023886580661581606,0.2571906204644968
CZ01,CZ,2015,49900,49900,10.81777628173961,19187.149713577954,9.720196430006213,40.5,40.3,0.46252103393329624,-0.16858318247163706,0.4745838528493808
CZ01,CZ,2016,52900,51654.60741521907,10.852334675123391,18410.825686429358,9.861996048193031,43.3,40.5,0.6918534306635131,0.6152235636029381,0.49746735099515843
CZ01,CZ,2017,57200,53489.93790678536,10.887248838686808,18347.274866209562,9.820694123108924,45.6,43.3,0.9235467481424199,0.38692444742238513,0.81783632503604
CZ01,CZ,2018,61200,54228.87776350184,10.900968845604789,21262.59804102186,9.817236333800784,46.4,45.6,1.0145938646768424,0.36781128886187464,1.0809965537124793
CZ01,CZ,2019,65600,56027.6722039544,10.933600994166296,21395.501050770832,9.96470484767629,45.5,46.4,1.2311435392221644,1.1829532299137204,1.172530546295588
CZ01,CZ,2020,64500,54319.44888918832,10.902637616547612,21245.402108251008,9.97093594763586,45.9,45.5,1.0256679686046868,1.2173960460949473,1.0695548046395904
CZ01,CZ,2021,71100,55782.643830565125,10.929218057522672,21359.70704204912,9.963895779564476,49.8,45.9,1.2020580040806248,1.1784810525398883,1.1153218009311447
CZ01,CZ,2022,84000,58104.54668077776,10.969999195901693,23359.14205121832,9.969261577720204,51.5,49.8,1.4726850584690034,1.2081408559040467,1.5615500147738015
CZ01,CZ,2023,86900,54085.34156542521,10.89831847738928,25842.292464380684,10.058743709008212,53.2,51.5,0.997005798925919,1.702759241013294,1.7560597490129088
CZ02,CZ,2000,15100,25984.306167400882,10.165248025812279,8962.731068083176,NA,8.1,NA,-1.6522780684183935,NA,NA
CZ02,CZ,2001,16600,26051.884053422054,10.167845369073786,9382.39465296115,9.100830266230561,8.9,8.1,-1.6324795596333774,-0.14855523743539528,-1.373948512827257
CZ02,CZ,2002,18900,26088.756988059908,10.16925973376314,7971.201919132202,9.146590302911092,8.5,8.9,-1.6216984233306173,0.23325915325065477,-1.2447678657346584
CZ02,CZ,2003,19300,27158.6175841495,10.209449681413668,8786.248066659573,8.983590565826088,9.1,8.5,-1.3153465277531349,-1.1267844527365947,-1.3093581892809578
CZ02,CZ,2004,20500,27761.602318432346,10.231409133359605,9937.504964160084,9.0809430584485,9.9,9.1,-1.1479584090131472,-0.31449090253911444,-1.2124727039615089
CZ02,CZ,2005,22800,28800.606328554284,10.268151718977226,10558.316060242416,9.204071258500583,10.5,9.9,-0.8678843753205968,0.7128710073161416,-1.0832920568689104
CZ02,CZ,2006,25700,30684.368881035392,10.331508646941332,9926.987430235433,9.264669080552324,10.7,10.5,-0.384939855249427,1.2184894941437778,-0.9864065715494615
CZ02,CZ,2007,28400,32076.984763432232,10.375894066398173,10172.631441910748,9.203012330369058,11,10.7,-0.046607556216783814,0.7040354811966687,-0.954111409776312
CZ02,CZ,2008,32300,32125.558218871527,10.377407198509479,8943.404580994275,9.227456201091039,12.7,11,-0.03507355536192943,0.9079912094422469,-0.9056686671165874
CZ02,CZ,2009,29200,29982.852272843957,10.308380906318733,7914.55516040461,9.098671621286462,13.8,12.7,-0.5612333712740544,-0.16656662387271376,-0.6311597920448158
CZ02,CZ,2010,31400,30988.167257152447,10.34136070921859,7733.7871181361415,8.976458768639015,15.3,13.8,-0.30984152518366076,-1.1862910221147909,-0.4535364022924926
CZ02,CZ,2011,34000,32705.51568902826,10.395299018166682,8544.528859227197,8.95335394633407,16.9,15.3,0.10130862943154965,-1.3790739456045606,-0.2113226889938704
CZ02,CZ,2012,33400,32423.09223107763,10.38662617109528,8299.923310650112,9.053046457602145,18.6,16.9,0.03519898521202742,-0.5472556559575753,0.04703860519132625
CZ02,CZ,2013,32100,31786.58427900897,10.366799601734114,8019.884602988818,9.024001554061293,19.9,18.6,-0.11593102270456328,-0.7896016624830431,0.32154748026309854
CZ02,CZ,2014,32900,33619.79991620597,10.422870455612534,8189.572496962271,8.989679312102282,21.7,19.9,0.31147466892928116,-1.075980932500861,0.5314660317885707
CZ02,CZ,2015,34200,34200,10.439980923050696,7953.269586674893,9.010616977311638,21.6,21.7,0.4419009182859083,-0.9012804194722039,0.8221224877469173
CZ02,CZ,2016,36300,35445.411137475465,10.475749077529942,8633.606378796201,8.981338391864698,21.4,21.6,0.714547253168139,-1.1455762302605155,0.8059749068603429
CZ02,CZ,2017,38400,35909.32894441535,10.488752399894738,8587.96500530617,9.063417585406992,21.9,21.4,0.8136663784255173,-0.46072063258816515,0.7736797450871928
CZ02,CZ,2018,41000,36329.80373045058,10.500393722790816,10499.7360287991,9.058117084154107,23.6,21.9,0.9024035265117597,-0.5049471630503198,0.8544176495200668
CZ02,CZ,2019,46000,39287.6969722851,10.578666694705348,11499.75257698534,9.259105395715226,23.2,23.6,1.4990470834282699,1.1720670021585495,1.1289265245918392
CZ02,CZ,2020,43700,36802.47932492294,10.513320494847429,9309.970559312549,9.350080799075137,24.2,23.2,1.0009391393888079,1.9311511445902205,1.0643362010455395
CZ02,CZ,2021,48000,37659.168830761264,10.536331731621367,10126.357101875054,9.13884120800108,25.6,24.2,1.1763445931748462,0.16860195089545926,1.2258120099112877
CZ02,CZ,2022,54600,37767.95534250555,10.539216279809239,11359.42686357465,9.222896917745977,24.9,25.6,1.1983323502359708,0.8699492820610911,1.4518781423233353
CZ02,CZ,2023,63100,39272.55526787492,10.5782812146651,11013.585358025714,9.33780323885227,25.1,24.9,1.4961087232675678,1.828709155560969,1.3388450761173112
CZ03,CZ,2000,12800,22026.431718061674,9.999998452916971,7897.575173660859,NA,9.3,NA,-1.8783169636780876,NA,NA
CZ03,CZ,2001,14400,22599.224721040817,10.025670880293244,7479.093016640023,8.974311051296448,10,9.3,-1.660342230559675,1.0489030233279668,-1.4812826627977889
CZ03,CZ,2002,16400,22637.863206570502,10.027379146527696,6691.936908779886,8.919866809156717,10.7,10,-1.6458379972399217,0.4423303253273792,-1.3142753037568617
CZ03,CZ,2003,16800,23640.661938534282,10.070723471912041,7242.190269790276,8.808658634205113,10.5,10.7,-1.2778179569307568,-0.7966591447986161,-1.1472679447159349
CZ03,CZ,2004,18300,24782.308411088386,10.117885307062618,7554.252451730069,8.887678963080464,11.2,10.5,-0.8773849055620874,0.08371997701558578,-1.1949843330133425
CZ03,CZ,2005,20100,25390.00821069917,10.142110998081861,7656.759532887671,8.929865922323467,10.8,11.2,-0.6716938558949633,0.5537321708265255,-1.0279769739724154
CZ03,CZ,2006,22800,27221.93036916758,10.211778191000553,8508.646561874117,8.94334413574701,11.7,10.8,-0.08017644458871469,0.7038952727311086,-1.1234097505672307
CZ03,CZ,2007,22800,25751.945514304753,10.15626545719141,8042.0682975294985,9.048838168011214,12.7,11.7,-0.5515137731307314,1.8792224929949155,-0.9086860032288959
CZ03,CZ,2008,26400,26257.422197467746,10.175703978433138,7408.191031118534,8.992441580026169,12.7,12.7,-0.38646874572524853,1.2508983729838383,-0.6701040617418571
CZ03,CZ,2009,25700,26389.01724014006,10.180703188945671,7367.105732675337,8.910341563131563,14.1,12.7,-0.344022366919661,0.33620791543564993,-0.6701040617418571
CZ03,CZ,2010,27400,27040.630026941944,10.205095829698406,7282.785799076642,8.904780198782257,14,14.1,-0.13691381110601125,0.274247795405595,-0.33608934366000254
CZ03,CZ,2011,28700,27607.30294926797,10.225835616316097,6789.702644592124,8.893268732701594,15.1,14,0.03917976145199808,0.14599656508138348,-0.35994753780870636
CZ03,CZ,2012,28200,27375.185656179314,10.217392249056692,6473.807807134669,8.823162426455669,17,15.1,-0.03250963114086913,-0.6350698921815824,-0.09750740217296368
CZ03,CZ,2013,27900,27627.591943437703,10.226570260425465,6987.739746027698,8.775519747164875,18,17,0.045417342781160525,-1.1658652046266575,0.35579828665241026
CZ03,CZ,2014,27500,28101.656464913805,10.243583802513735,6361.8807445884295,8.851912427576394,17.6,18,0.1898728023968319,-0.31476116784372954,0.5943802281394491
CZ03,CZ,2015,28800,28800,10.268130666124037,6550.627331298745,8.758079327177166,18.7,17.6,0.3982908053354565,-1.360171933684572,0.49894745154463394
CZ03,CZ,2016,29900,29196.082452080344,10.281789816655778,6303.218013853634,8.787316099813893,19.1,18.7,0.5142654129618498,-1.0344400038769246,0.7613875871803761
CZ03,CZ,2017,32800,30672.55180668811,10.331123455691154,6343.947469880501,8.748815577817615,20,19.1,0.933138418030113,-1.4633809640941176,0.8568203637751922
CZ03,CZ,2018,35600,31544.902751318063,10.359167293944493,6637.910783928377,8.755256482996748,20.1,20,1.171247891251842,-1.3916217278824041,1.0715441111135269
CZ03,CZ,2019,37600,32113.421872998253,10.377029348612101,7201.606794698807,8.80055255198598,20.3,20.1,1.3229077456961793,-0.8869704057994503,1.095402305262231
CZ03,CZ,2020,37300,31412.642535918207,10.354965719395654,7002.160960881373,8.882059446036724,19.8,20.3,1.135573933447342,0.021111967780491247,1.1431186935596387
CZ03,CZ,2021,40200,31539.55389576256,10.358997716338452,7620.9642953941975,8.853974089094065,21.6,19.8,1.1698080728475342,-0.29179184106115197,1.0238277228161192
CZ03,CZ,2022,46300,32026.672753809653,10.374324358150568,8561.933158234559,8.93865818862617,21.7,21.6,1.2999407092995585,0.651688327128275,1.4532752174927894
CZ03,CZ,2023,51600,32115.116510655247,10.37708211760545,8178.547063235895,9.055081279880977,24.1,21.7,1.323355786976952,1.948778079810551,1.4771334116414927
CZ04,CZ,2000,12500,21510.1872246696,9.976281926299656,5482.121461990169,NA,7.4,NA,-1.9175724199621014,NA,NA
CZ04,CZ,2001,13600,21343.71223653855,9.968512466453296,6434.879270180792,8.609247433127708,7,7.4,-2.0050169635438624,-1.9860568209481826,-0.9652295078300025
CZ04,CZ,2002,15600,21533.577196493894,9.977368725953035,5949.795942203978,8.769488358421563,7.2,7,-1.9053405915552568,-0.33182020416964025,-1.0825361322954719
CZ04,CZ,2003,16100,22655.63435776202,10.028163857493245,7163.5640499274905,8.691112202523671,6.5,7.2,-1.3336461389749639,-1.1409312769550426,-1.0238828200627372
CZ04,CZ,2004,17100,23157.239007082593,10.050062710723857,5897.958116741284,8.87676290844338,6.8,6.5,-1.0871765949419883,0.775621533133753,-1.2291694128773085
CZ04,CZ,2005,19200,24253.142171414136,10.096301462050567,5943.661795654629,8.68236148808539,7.5,6.8,-0.5667637753237614,-1.2312686999338005,-1.1411894445282067
CZ04,CZ,2006,21300,25431.01389751182,10.143724727755538,6217.647402636829,8.690080686335786,8,7.5,-0.03301935721331631,-1.151580066243231,-0.9359028517136353
CZ04,CZ,2007,23100,26090.786902650863,10.16933753875876,7366.29214185769,8.73514688309848,7.3,8,0.25525043403504977,-0.6863421582176662,-0.7892695711317987
CZ04,CZ,2008,25600,25461.74273693842,10.144932319766385,7055.739308605284,8.904669757073506,6.8,7.3,-0.01942802212572581,1.0637160431859898,-0.99455616394637
CZ04,CZ,2009,25400,26080.974237336868,10.168961371068988,6707.0608967233,8.861596650944763,8.4,6.8,0.2510167018847036,0.6190536747811141,-1.1411894445282067
CZ04,CZ,2010,25900,25560.303565613005,10.148795785009874,7997.74242070267,8.810916115635571,9,8.4,0.024054917684971693,0.09585651330280032,-0.6719629466663293
CZ04,CZ,2011,26800,25779.641778410514,10.157340381067332,7805.736749180041,8.986914583424625,9.9,9,0.1202235467930836,1.9127650800728833,-0.4960030099681255
CZ04,CZ,2012,27100,26307.359265335443,10.177603998998281,7496.140080602406,8.96261422300843,11.9,9.9,0.34828867053746154,1.6619019130781354,-0.2320631049208195
CZ04,CZ,2013,26100,25845.166656764304,10.159878885926792,6702.902246655275,8.922143511123908,12.5,11.9,0.1487941814581947,1.2441051899020874,0.3544700174065269
CZ04,CZ,2014,24800,25342.584739267724,10.140241451012145,6503.1963306163125,8.8102958827301,14.3,12.5,-0.07222331102971084,0.08945357983696593,0.5304299541047307
CZ04,CZ,2015,26700,26700,10.19241884438834,6635.373749264273,8.780049078189418,13.4,14.3,0.5150283691762395,-0.22279731062678124,1.0583097641993426
CZ04,CZ,2016,26800,26169.063870092075,10.172333223775949,6291.715822430295,8.800170275136772,14.2,13.4,0.28896658859700075,-0.015077461888476635,0.7943698591520367
CZ04,CZ,2017,28600,26744.96895339268,10.194101658126863,6538.296871226458,8.746989098255199,14.3,14.2,0.5339682803422859,-0.5640898316032915,1.028983108082975
CZ04,CZ,2018,30300,26848.61104957689,10.197969368601832,6056.29030860091,8.785431993293125,13.9,14.3,0.5774989998360656,-0.16722714181233164,1.0583097641993426
CZ04,CZ,2019,33300,28440.87628645856,10.255582695202651,6296.471164353497,8.708852731319864,15.2,13.9,1.225931599844416,-0.9577880987572251,0.9410031397338734
CZ04,CZ,2020,32700,27538.69734382106,10.223347470649092,6681.82328059839,8.74774462280443,13.7,15.2,0.8631271637468038,-0.5562902237820041,1.322249669246648
CZ04,CZ,2021,35900,28165.920021340196,10.24586801620771,6808.6764319285085,8.807146175485018,15.1,13.7,1.1165937967596955,0.05693778496500487,0.8823498275011384
CZ04,CZ,2022,42200,29190.617499152642,10.281602618100345,7493.717926661573,8.825953023708871,15.6,15.1,1.5187833973715645,0.2510890413999166,1.292923013130281
CZ04,CZ,2023,45400,28256.323441545508,10.249072550165236,8036.479127836725,8.921820338754864,16.7,15.6,1.1526605266031302,1.240768941278821,1.4395562937121176
CZ05,CZ,2000,12700,21854.350220264318,9.992155275455946,6300.0739897908015,NA,9.4,NA,-1.6331819921809911,NA,NA
CZ05,CZ,2001,14100,22128.40753935247,10.004617471095411,5625.23193083489,8.748316656721897,9.2,9.4,-1.535458020787651,0.039834485857672755,-1.2213786791478594
CZ05,CZ,2002,15900,21947.684450272624,9.996416920923728,6380.515490373795,8.635017458371024,9.4,9.2,-1.5997637301162202,-1.4222195617570692,-1.2647970865982472
CZ05,CZ,2003,15800,22233.479680288194,10.00935452553575,6418.365596151389,8.761004170939096,10,9.4,-1.4983117757752227,0.20355878210536432,-1.2213786791478594
CZ05,CZ,2004,17100,23157.239007082593,10.050062710723857,6669.799530919961,8.766918784234283,9.4,10,-1.1790931051743965,0.2798831024374908,-1.0911234567966968
CZ05,CZ,2005,19000,24000.505273795236,10.085830162183271,6171.745930521427,8.80534508312366,10.7,9.4,-0.898617857926349,0.7757500339234544,-1.2213786791478594
CZ05,CZ,2006,21300,25431.01389751182,10.143724727755538,5895.461348531866,8.727737047781806,11.6,10.7,-0.4446298903568488,-0.22573227001652355,-0.9391590307203403
CZ05,CZ,2007,23100,26090.786902650863,10.16933753875876,6486.899099359331,8.68193807089853,11,11.6,-0.24378361236586696,-0.8167389188141561,-0.7437761971935961
CZ05,CZ,2008,26500,26356.882130033915,10.179484701273045,6766.601974479255,8.77753989880803,11.7,11,-0.16421328238891691,0.4169418264068851,-0.8740314195447588
CZ05,CZ,2009,25200,25875.61223546807,10.161056191561874,6013.760367569522,8.819754315894283,12.8,11.7,-0.308722902357756,0.9616920123483162,-0.7220669934684024
CZ05,CZ,2010,27000,26645.876303920893,10.19038968230871,6227.563502347679,8.70180551698965,13.5,12.8,-0.0787004172723148,-0.5603621712635436,-0.4832657524912704
CZ05,CZ,2011,28500,27414.917562861927,10.218842580825125,6012.735711158707,8.736740444169481,14.8,13.5,0.144416786237992,-0.10954916967265345,-0.331301326414914
CZ05,CZ,2012,27700,26889.810023977556,10.199502684305918,5831.583612909319,8.701635117164699,15,14.8,-0.007239595098867211,-0.5625610725568297,-0.04908167798739457
CZ05,CZ,2013,27300,27033.450181213237,10.204830273789058,5319.704575629392,8.671043874176187,16.8,15,0.03453740931576362,-0.957321594113298,-0.00566327053700714
CZ05,CZ,2014,26700,27284.15373138904,10.214061363247412,6040.5242044130655,8.579173049897062,17.9,16.8,0.10692423008599439,-2.1428561120101093,0.38510239651648126
CZ05,CZ,2015,28200,28200,10.247077256926206,6672.11093990755,8.70624607597304,18.2,17.9,0.36582276953554643,-0.5030595836915517,0.6239036374936126
CZ05,CZ,2016,29600,28903.145169952444,10.271705697589152,6009.357972558012,8.80569157158433,18.9,18.2,0.5589499760437306,0.7802212469924563,0.6890312486691941
CZ05,CZ,2017,32800,30672.55180668811,10.331123455691154,6388.292126937482,8.701073195293445,20.3,18.9,1.0248822612526516,-0.5698123166809609,0.8409956747455505
CZ05,CZ,2018,35200,31190.46564175269,10.34786773869056,6192.171075939533,8.762222238868109,20.6,20.3,1.1561847925380806,0.21927717351329257,1.144924526898264
CZ05,CZ,2019,37300,31857.197762309435,10.369018624866023,6454.0610641376215,8.731041043431109,20.1,20.6,1.3220422911163523,-0.18309630892698212,1.2100521380738456
CZ05,CZ,2020,36900,31075.777736605414,10.344183943792366,6120.125719862243,8.772464834007746,20.5,20.1,1.1272978228848336,0.3514513450869429,1.1015061194478766
CZ05,CZ,2021,39800,31225.72748883955,10.348997633003869,7222.30828036803,8.71933791775653,20.9,20.5,1.1650450096896705,-0.3341176975273928,1.1883429343486513
CZ05,CZ,2022,45700,31611.64027751838,10.36128069495854,7656.483932353148,8.88492988721383,22.9,20.9,1.261364280370966,1.8027412804838632,1.2751797492494263
CZ05,CZ,2023,51200,31866.162119099783,10.369299977163395,7927.770846666605,8.94330814069016,21.2,22.9,1.324248552729903,2.5560754878753773,1.7093638237533022
CZ06,CZ,2000,12500,21510.1872246696,9.976281926299656,7101.393631236237,NA,12.3,NA,-2.116146673816635,NA,NA
CZ06,CZ,2001,14500,22756.163781603605,10.032591323137817,6835.057508872004,8.868046329857423,12.2,12.3,-1.7054770615929113,-0.9336640966000205,-1.3027156934972919
CZ06,CZ,2002,16800,23190.00621160881,10.051476698106756,6808.085275510507,8.829820163002976,12.9,12.2,-1.5677442842825071,-1.3426335453787925,-1.3202376004858523
CZ06,CZ,2003,17100,24062.816616008105,10.088423049011443,8018.656337926066,8.825866195954802,13.2,12.9,-1.298291147664521,-1.384935765487296,-1.1975842515659316
CZ06,CZ,2004,18300,24782.308411088386,10.117885307062618,7271.559373109628,8.989526147912388,13.6,13.2,-1.0834201888459414,0.36600935527540485,-1.1450185306002516
CZ06,CZ,2005,20400,25768.963557127518,10.156926083867,8660.908917736751,8.891726041764878,14.3,13.6,-0.7986922114312877,-0.6803224847427076,-1.0749309026460112
CZ06,CZ,2006,22900,27341.3248006113,10.216154565600352,8380.640679351434,9.066574951907747,14.5,14.3,-0.3667334444790704,1.190329696339895,-0.9522775537260907
CZ06,CZ,2007,25100,28349.72949162497,10.252372767368751,9303.929169651705,9.033679643936944,15.3,14.5,-0.10259076650974999,0.8383933900015538,-0.9172337397489706
CZ06,CZ,2008,28900,28743.920511621887,10.266181563399254,8893.244412157612,9.138192081277401,15.4,15.3,-0.0018819464983811185,1.9565382998064638,-0.7770584838404899
CZ06,CZ,2009,27200,27929.232254156017,10.237429170346449,7900.872682424258,9.093047212678512,16.9,15.4,-0.21157579456846876,1.4735478891702425,-0.75953657685193
CZ06,CZ,2010,29200,28817.02178053667,10.268721525578616,7855.87914640977,8.974728498483833,17.6,16.9,0.01664223138012899,0.20769406949064323,-0.4967079720235293
CZ06,CZ,2011,31100,29915.927586140555,10.30614631273571,7986.3556343779455,8.969017466312328,19.2,17.6,0.2895846476083021,0.14659357547481994,-0.3740546231036083
CZ06,CZ,2012,30400,29510.838437867063,10.292512879524802,7662.998830912859,8.98548981886028,20.8,19.2,0.19015476477554732,0.32282597061076834,-0.09370411128664759
CZ06,CZ,2013,29700,29410.017230111105,10.289090617406798,6569.201625694261,8.9441586784078,22.6,20.8,0.16519589226323733,-0.1193625907642337,0.18664640053031373
CZ06,CZ,2014,28600,29225.72272351036,10.282804515667015,7356.364548020548,8.790147585935557,23.3,22.6,0.11935077388459908,-1.7670776712226168,0.5020407263243951
CZ06,CZ,2015,30200,30200,10.31559720336296,7503.622106049291,8.903321142410961,24.3,23.3,0.35851086253859216,-0.5562702370292686,0.6246940752443154
CZ06,CZ,2016,30900,30172.54005917333,10.314687520162837,7342.17660513721,8.923141130416044,25.6,24.3,0.3518764592592409,-0.3442225682137001,0.7999131451299161
CZ06,CZ,2017,33800,31607.69058128226,10.361155742790029,7168.247681579626,8.901390617858633,25.5,25.6,0.6907734824662445,-0.5769242975063738,1.027697935981197
CZ06,CZ,2018,36400,32253.776970448802,10.381390430729203,7229.108478484928,8.877416507849599,25.8,25.5,0.8383469234201923,-0.8334155798441867,1.0101760289926367
CZ06,CZ,2019,39000,33309.13438954606,10.4135869443459,8264.063703790898,8.885870998903053,26,25.8,1.0731590596596616,-0.7429637027569065,1.0627417499583172
CZ06,CZ,2020,39500,33265.39893213858,10.412273064652961,7615.636008084066,9.019671719360144,27.7,26,1.063576814167697,0.6885271160818538,1.097785563935437
CZ06,CZ,2021,44300,34756.27456672341,10.456115397764567,8324.083382608624,8.937958782272888,27.7,27.7,1.3833229835268488,-0.18569328289027107,1.395657982740958
CZ06,CZ,2022,50000,34586.03969093914,10.451205402486526,8924.496420708383,9.026908204595577,27.2,27.7,1.3475139361905992,0.7659479411700613,1.395657982740958
CZ06,CZ,2023,55700,34666.899024098784,10.453540592051171,9171.827951317338,9.096555181605936,28.2,27.2,1.3645446885486472,1.5110785190145726,1.3080484477981578
CZ07,CZ,2000,12100,20821.861233480176,9.943758734594097,6418.2975603443965,NA,10,NA,-1.7729090797208673,NA,NA
CZ07,CZ,2001,13600,21343.71223653855,9.968512466453296,7663.784598123,8.766908184001784,10.3,10,-1.5829988663090142,-0.7233002648169738,-1.2331338244523868
CZ07,CZ,2002,15100,20843.39844019601,9.944792555518422,7156.336135687242,8.944261213582838,9.5,10.3,-1.7649776230223364,1.54116379502414,-1.1692552704830061
CZ07,CZ,2003,15300,21529.88855116515,9.977197413901218,6317.439438660652,8.875753416092124,10.1,9.5,-1.5163680959392305,0.6664482877500153,-1.3395980810680208
CZ07,CZ,2004,16800,22750.971656081143,10.032363133624457,6721.893883417495,8.751069252933956,11,10.1,-1.0931376244592121,-0.9255335744712919,-1.21184097312926
CZ07,CZ,2005,18700,23621.54992736689,10.069914706877372,6350.410853651965,8.813125221700684,12.4,11,-0.8050425876794777,-0.1331957649462717,-1.0202053112211187
CZ07,CZ,2006,20600,24595.252877405797,10.110308730835694,6574.889950105126,8.756274791156208,12.2,12.4,-0.49514031701891903,-0.8590686584545452,-0.7221053926973434
CZ07,CZ,2007,21500,24283.632831471587,10.09755785636463,6876.773365977484,8.791013119279294,12.6,12.2,-0.5929648109482019,-0.41552565431464134,-0.7646910953435972
CZ07,CZ,2008,26200,26058.502332335418,10.16809937904792,6784.800710190339,8.83590483341508,13,12.6,-0.05177143843448099,0.15765696052584288,-0.67951969005109
CZ07,CZ,2009,24800,25464.888231730485,10.145055850215433,6961.643968866974,8.822440199721218,12.8,13,-0.22856100306383817,-0.014261044769595117,-0.5943482847585827
CZ07,CZ,2010,27200,26843.25316543142,10.197769789606333,7100.3422256633985,8.848170927860481,13.6,12.8,0.17585945104982498,0.314271877631239,-0.6369339874048362
CZ07,CZ,2011,28800,27703.495642471,10.229313880692422,6725.0585463709995,8.867898262665447,15.7,13.6,0.4178651859473542,0.566152777370148,-0.46659117681982204
CZ07,CZ,2012,27800,26986.885150417907,10.203106291809217,6215.5986096511815,8.81359591021222,15.9,15.7,0.21680100596312143,-0.12718595941731844,-0.019441299034159282
CZ07,CZ,2013,27100,26835.402927138413,10.197477299483799,5906.95518242146,8.73481731622557,16.2,15.9,0.1736154717618799,-1.1330401880650185,0.023144403612094546
CZ07,CZ,2014,26800,27386.341573079637,10.21779968535802,6675.904675497436,8.68388578008046,18.7,16.2,0.32952847350093456,-1.7833399511169292,0.08702295758147471
CZ07,CZ,2015,27800,27800,10.232791299678729,6879.72261235955,8.80626000599456,20.1,18.7,0.44454388577202697,-0.22085163564833152,0.6193442406596448
CZ07,CZ,2016,28600,27926.687562859457,10.237338054084944,6559.283842399148,8.836333612143603,19.1,20.1,0.4794265089064742,0.1631316570825243,0.9174441591834204
CZ07,CZ,2017,31500,29456.871399715714,10.290682486132644,6468.1443618614285,8.788636705612634,19.7,19.1,0.8886840920513699,-0.44586797974420145,0.7045156459521524
CZ07,CZ,2018,32800,29063.84298436046,10.277250171476606,6276.339558618766,8.774644539845175,19.5,19.7,0.7856316005138037,-0.6245215757644947,0.8322727538909127
CZ07,CZ,2019,35800,30576.077208865354,10.327973191622908,7185.317490737414,8.744542216694432,20,19.5,1.174777755754958,-1.0088715305050606,0.7896870512446593
CZ07,CZ,2020,35800,30149.399538495225,10.31392028615254,6837.80169977501,8.879794985530937,22.3,20,1.0669641019546143,0.718051515285311,0.8961513078602933
CZ07,CZ,2021,39200,30754.987878455035,10.333807467509894,7594.961028362735,8.830221570038326,24.5,22.3,1.2195382219789392,0.08509239430629502,1.3858868882922097
CZ07,CZ,2022,45100,31196.60780122711,10.348064643567012,8442.396984927744,8.935240283793895,24,24.5,1.3289190362762948,1.4259835167866366,1.8543296174009993
CZ07,CZ,2023,49300,30683.628759211315,10.331484526166578,8412.905048486675,9.041021550222322,22.3,24,1.2017166551638188,2.776611000272476,1.7478653607853654
CZ08,CZ,2000,12400,21338.105726872247,9.968249754602391,6001.268430236756,NA,9.8,NA,-2.1601624985682264,NA,NA
CZ08,CZ,2001,14000,21971.468478789684,9.997500003326547,7012.004352751719,8.699726130906756,10.2,9.8,-1.9126283956587924,-1.110228971427135,-1.2345730947708713
CZ08,CZ,2002,15500,21395.541445234318,9.970937835622744,6433.428868240011,8.855378866798452,9.7,10.2,-2.1374142569995565,0.255919437293068,-1.149045440615058
CZ08,CZ,2003,16100,22655.63435776202,10.028163857493245,5827.2027254880295,8.769262936100102,10,9.7,-1.653131469513639,-0.4999114256534692,-1.2559550083098248
CZ08,CZ,2004,18300,24782.308411088386,10.117885307062618,5877.8260289345735,8.670292357251471,9.9,10,-0.893851822344414,-1.368566242606081,-1.1918092676929646
CZ08,CZ,2005,21000,26526.874249984205,10.185913620740253,6521.505538927112,8.678942249557974,10.6,9.9,-0.31815321008855396,-1.2926470077630006,-1.2131911812319178
CZ08,CZ,2006,23300,27818.90252638617,10.233471015611814,7357.108895749339,8.782860539143277,11.4,10.6,0.08430754117746575,-0.3805666312724158,-1.0635177864592447
CZ08,CZ,2007,25200,28462.67662107367,10.256348915748392,7562.123036656052,8.90342232147412,11.7,11.4,0.2779148003896859,0.6775920071877171,-0.8924624781476177
CZ08,CZ,2008,28700,28545.00064648956,10.259237091046444,8715.30128792877,8.930907254704136,11.9,11.7,0.3023563662782561,0.9188245019515442,-0.828316737530758
CZ08,CZ,2009,26300,27005.103245746443,10.203781136228216,6878.022960058137,9.07283552854746,14.1,11.9,-0.1669469943998389,2.164514687560453,-0.785552910452851
CZ08,CZ,2010,28700,28323.57962676036,10.251449939069957,7115.5975821890515,8.836086529174796,15.4,14.1,0.23645656156557715,0.08659253022611836,-0.3151508125958775
CZ08,CZ,2011,30800,29627.349506531482,10.29645318353005,7519.619927360916,8.870044496060885,15.4,15.4,0.6173024767746162,0.384638190387741,-0.03718593658948387
CZ08,CZ,2012,30000,29122.537932105653,10.27926765277478,7340.483159799373,8.925270874092272,16.2,15.4,0.47186764718922253,0.8693545561794499,-0.03718593658948387
CZ08,CZ,2013,28200,27924.662824549938,10.237265549542212,6891.603689224395,8.901159945027898,17.6,16.2,0.11641928700493785,0.657735356649416,0.13386937172214267
CZ08,CZ,2014,28100,28714.78351505738,10.265167374180908,6364.076202395755,8.838059092980005,16.7,17.6,0.3525421725437724,0.10390552436109123,0.43321616126748996
CZ08,CZ,2015,29600,29600,10.295529640312152,7783.848672244453,8.758424363363952,18.8,16.7,0.6094868700050378,-0.5950404885090814,0.24077893941690942
CZ08,CZ,2016,30200,29489.01973420824,10.291773260639962,6153.485457188371,8.95980618280385,19.8,18.8,0.5776980096397287,1.172467487479372,0.68979912373493
CZ08,CZ,2017,31900,29830.926909553375,10.303300950091856,6378.518959887946,8.72477394126977,21.6,19.8,0.6752526080297463,-0.8903868589623224,0.9036182591244635
CZ08,CZ,2018,34700,30747.419254795976,10.333561343039323,5628.656032312438,8.760691211442053,21.1,21.6,0.9313351901840782,-0.5751445909074961,1.288492702825624
CZ08,CZ,2019,35700,30490.669171969086,10.325175987001845,6377.91043948602,8.635625977239245,20.3,21.1,0.8603730043959261,-1.6728295735297665,1.1815831351308572
CZ08,CZ,2020,34200,28801.94034124404,10.268198036814445,6438.555887359522,8.760595805371384,21.1,20.3,0.37818955637589835,-0.57598196039464,1.0105278268192301
CZ08,CZ,2021,39400,30911.90108191654,10.338896537017364,7150.089703999635,8.770059552859363,22.5,21.1,0.9764849756664715,-0.49291960047422895,1.1815831351308572
CZ08,CZ,2022,44900,31058.263642463357,10.343620191806588,8299.634655453357,8.874880181623288,22.4,22.5,1.0164595297884271,0.42708051623767074,1.4809299246762038
CZ08,CZ,2023,48400,30123.481378211512,10.313060258840519,7928.378381751307,9.023966775400636,22,22.4,0.7578420505640073,1.735598555985824,1.45954801113725
DE11,DE,2000,61800,75480.91603053435,11.231635135478458,17857.360676921195,NA,25.8,NA,-1.5385293449531334,NA,NA
DE11,DE,2001,65000,78267.04716492673,11.267881939818247,18963.440708961956,9.790171065062317,24.9,25.8,-0.9236233139294348,-0.9258921561939364,-1.1207755355194686
DE11,DE,2002,64900,76992.43125252094,11.251462400582703,18253.873174370896,9.850268231336628,23.8,24.9,-1.2021712821287454,-0.2623009402886659,-1.3584810025814877
DE11,DE,2003,66600,77978.64368677407,11.264190269294458,17318.079692351275,9.812132565225959,24.7,23.8,-0.9862503650854598,-0.6833938904658208,-1.6490099067683985
DE11,DE,2004,66700,77203.54187163609,11.254200614126722,17436.103124664693,9.75950630370355,26.1,24.7,-1.1557190761173142,-1.2644915866999986,-1.4113044397063805
DE11,DE,2005,66500,76563.50741457124,11.245875837702485,16458.453525719913,9.76629822780883,26.5,26.1,-1.2969440840435407,-1.1894953521889162,-1.041540379832129
DE11,DE,2006,71300,81733.24926921535,11.311216165858614,18333.09779538559,9.7085945163372,26.6,26.5,-0.18848328083375343,-1.826658107632749,-0.9358935055823434
DE11,DE,2007,74900,84307.92089238077,11.342231100339621,18904.171681557204,9.816463327939546,26.3,26.6,0.3376671098433303,-0.6355737306634542,-0.9094817870198966
DE11,DE,2008,73200,81615.35974311232,11.309772755384735,19149.58797710784,9.847137900583714,28.3,26.3,-0.21296990308355654,-0.29686596422057693,-0.9887169427072363
DE11,DE,2009,67400,73694.22364119442,11.20767969845988,16944.577281039557,9.860036478821602,30.3,28.3,-1.9449194520766224,-0.15444022691941642,-0.46048257145830634
DE11,DE,2010,74600,80999.79370025733,11.30220188674093,18583.32869448624,9.737703137199416,30.3,30.3,-0.34140530239553446,-1.5052415366231393,0.06775179979062351
DE11,DE,2011,78200,83877.68017075866,11.337114828109309,19749.35770323509,9.830020151030165,30.8,30.3,0.25087251627623597,-0.4858796722538793,0.06775179979062351
DE11,DE,2012,79100,83640.86242082668,11.334287464594464,20439.586826639857,9.890876248445252,31.8,30.8,0.20290793267111137,0.1860916399141229,0.199810392602856
DE11,DE,2013,80000,82937.65162039436,11.325844419201234,19908.197122569203,9.925228830152468,32.5,31.8,0.059676560221402275,0.5654118787507592,0.46392757822732095
DE11,DE,2014,82100,83532.58381238236,11.33299206001885,19403.93230609258,9.898886841605593,30.8,32.5,0.18093214471766936,0.27454438377777773,0.6488096081644462
DE11,DE,2015,86200,86200,11.364425456651784,19871.03441736987,9.873231020701661,32.4,30.8,0.7141815033082562,-0.008746467424396337,0.199810392602856
DE11,DE,2016,87100,86021.29298595611,11.362350137449546,19816.999665139672,9.897018393444469,33.1,32.4,0.6789749156655955,0.2539130318528472,0.6223978896019994
DE11,DE,2017,90700,88273.36519090211,11.388193701122432,21358.792134518222,9.894295417269584,32.6,33.1,1.117395997332044,0.2238460056884938,0.8072799195391256
DE11,DE,2018,93200,89040.04891470498,11.3968415353058,22749.07667366817,9.969218743465786,32.7,32.6,1.2641014929337142,1.0511472615125663,0.6752213267268931
DE11,DE,2019,92500,86630.7656286584,11.369410292761078,21699.261689563926,10.032279837782644,34.3,32.7,0.79874635924798,1.747466087312653,0.7016330452893399
DE11,DE,2020,90200,83018.10383705626,11.3268139815131,20873.019019799987,9.985033515427338,34.7,34.3,0.07612462299214409,1.2257735277050286,1.1242205422884823
DE11,DE,2021,99400,89083.26686443032,11.397326794075932,22720.2706321289,9.946212647960936,35.5,34.7,1.272333626767197,0.7971146034732031,1.22986741653827
DE11,DE,2022,107000,90115.12839300303,11.408843336194275,21609.878857565538,10.031012784389537,36.2,35.5,1.4677050901029052,1.7334753194632826,1.441161165037841
DE11,DE,2023,113500,89594.41751787941,11.403048292534063,21217.61279995628,9.98090584363448,37,36.2,1.3693955325676908,1.1801958921243718,1.6260431949749672
DE12,DE,2000,56700,69251.90839694657,11.145505981748519,16168.845917236902,NA,26.2,NA,-2.1296074683266215,NA,NA
DE12,DE,2001,58700,70681.16413201844,11.165934396756661,16592.84357529879,9.69084157817724,25.8,26.2,-1.5341465812551778,0.16524100305384853,-1.0183686340718674
DE12,DE,2002,59900,71060.81097112487,11.171291281994062,15062.89957320215,9.716726771468275,24,25.8,-1.3780005643404492,0.5142239441838644,-1.1397286267332811
DE12,DE,2003,61000,71421.88085425252,11.176359555921426,14396.84354341415,9.619990017562628,27.3,24,-1.2302671798607272,-0.7899763572701339,-1.6858485937096452
DE12,DE,2004,61900,71647.66479541641,11.179515840895695,15043.197574108679,9.5747642631626,25.6,27.3,-1.138265707897325,-1.399707820655107,-0.6846286542529778
DE12,DE,2005,63000,72533.84912959381,11.19180861643221,14140.709599240095,9.618681179568144,26.2,25.6,-0.7799477951945507,-0.8076220486753453,-1.200408623063988
DE12,DE,2006,66200,75886.97197225885,11.237000301381325,14957.770703643544,9.556813122013187,26.1,26.2,0.5373291838235247,-1.6417242492954727,-1.0183686340718674
DE12,DE,2007,67900,76428.67594916762,11.244113244381097,15724.316492562282,9.612986223288186,26.4,26.1,0.7446619282701479,-0.8844011775712087,-1.0487086322372203
DE12,DE,2008,68500,76375.02926780318,11.243411079685648,16214.579759258922,9.662963614332208,27.3,26.4,0.7241947695475769,-0.21060837562260937,-0.9576886377411604
DE12,DE,2009,64900,70960.75837260412,11.169882304251663,14932.106529723056,9.693666101616113,29.3,27.3,-1.4190703749947866,0.2033210933164917,-0.6846286542529778
DE12,DE,2010,68600,74485.06498441893,11.218353914263053,14943.43356489142,9.61126897433283,29.1,29.3,-0.00618798134559273,-0.9075530460681633,-0.07782869094590682
DE12,DE,2011,70900,76047.66654868016,11.239115614096127,16074.616876616388,9.612027255901983,30.6,29.1,0.5989877111780523,-0.89732993012568385,-0.13850868727661372
DE12,DE,2012,71100,75181.60958433346,11.227661926630052,16531.07688471662,9.684996715329817,31.1,30.6,0.26512808985797054,0.08644084096652044,0.31659128520368957
DE12,DE,2013,71700,74332.87026477845,11.216308532132928,14833.03193960159,9.712997335983859,31,31.1,-0.06580812598820096,0.46394387289086675,0.46829127603045734
DE12,DE,2014,73400,74680.77529633211,11.220977979180937,15407.810242191797,9.604611860601251,29.9,31,0.07029999009581141,-0.997303935828302,0.43795127786510335
DE12,DE,2015,75700,75700,11.23453343942554,15656.792601620187,9.642629818424155,31.2,29.9,0.46542346779567445,-0.4847476420575038,0.10421129804621383
DE12,DE,2016,76900,75947.61688427124,11.237799130102687,15885.568689206924,9.658660133856042,32.2,31.2,0.5606139691996983,-0.2686276941102958,0.4986312741958102
DE12,DE,2017,79400,77275.69124760339,11.255134712254431,16780.188893681694,9.67316634645354,31.4,32.2,1.0659229284049694,-0.07305562787097258,0.8020312558493469
DE12,DE,2018,81500,77862.27453378172,11.262696833861073,17546.165472568413,9.727954237030643,31.2,31.4,1.2863486265434665,0.6655920993039515,0.5593112705265171
DE12,DE,2019,83400,78108.17138843362,11.265849957607399,17723.2083814055,9.772590713429704,33,31.2,1.378257952954013,1.2673789447906234,0.4986312741958102
DE12,DE,2020,80500,74090.4363512531,11.21304173886904,17009.066543201166,9.782630267668438,34.5,33,-0.16103076631632382,1.4027317361132625,1.0447512411721744
DE12,DE,2021,85400,76536.32786944014,11.245520781207928,18349.36470743108,9.741501806941207,34.2,34.5,0.7856897381690625,0.8482397905688462,1.4998512136524775
DE12,DE,2022,91500,77061.06773794185,11.252353474013844,18354.6671017472,9.817350232034958,36.2,34.2,0.9848535654986044,1.870824639431615,1.4088312191564178
DE12,DE,2023,95600,75464.54902827552,11.231418275669961,17466.535180120314,9.817639159114172,37,36.2,0.3746206241814943,1.8747199405306927,2.0156311824634887
DE13,DE,2000,50500,61679.389312977095,11.029705107296126,15440.576781051876,NA,22.3,NA,-1.6217327048897225,NA,NA
DE13,DE,2001,51600,62131.994364772596,11.037016342410128,16122.056268807071,9.644754179166782,22.7,22.3,-1.4349179138680428,0.4461090770656809,-1.5326561827455216
DE13,DE,2002,52100,61807.483332147014,11.03177972563198,13767.468421614512,9.687943568025215,22.4,22.7,-1.5687225930797453,0.8699477367252852,-1.4140654604472982
DE13,DE,2003,53000,62055.07680779318,11.035777605300236,12915.502009190506,9.530063727443395,25.1,22.4,-1.4665698045139997,-0.679404587726616,-1.5030085021709663
DE13,DE,2004,53900,62387.86966838359,11.041126139120095,13613.943129444091,9.46618357501768,26.4,25.1,-1.3299054499625071,-1.3062918602395974,-0.7025211266579551
DE13,DE,2005,54700,62977.802339504466,11.050537599468614,13359.05060278846,9.51884977664087,24.4,26.4,-1.0894262462709203,-0.7894525880169145,-0.31710127918872866
DE13,DE,2006,57400,65799.2778128045,11.094364141763885,14129.140556981942,9.49994938190003,23.5,24.4,0.03041824134693577,-0.9749314333011685,-0.9100548906798475
DE13,DE,2007,59000,66410.77880708232,11.103614653722166,13873.750949121886,9.555994649835934,25.3,23.5,0.26678493334678904,-0.4249317257322915,-1.1768840158508505
DE13,DE,2008,59700,66563.34667573504,11.105909354816026,14055.523521366842,9.53775391287753,25.9,25.3,0.3254185429383543,-0.6039370255987606,-0.6432257655088434
DE13,DE,2009,56800,62104.330902371556,11.036571006268725,12347.218759766998,9.550770730698655,27.2,25.9,-1.4462970279155973,-0.4761966068486219,-0.4653396820615084
DE13,DE,2010,60200,65364.444782245184,11.087733731845988,12853.846104994143,9.421186115056127,26.8,27.2,-0.1390002801320961,-1.7478740085933266,-0.0799198345922809
DE13,DE,2011,63100,67681.35062371958,11.122565950105212,13789.77960155842,9.461398353321373,27.9,26.8,0.7510235630973219,-1.3532515881622358,-0.19851055689050426
DE13,DE,2012,63200,66828.09740829641,11.109878890973668,14614.962853841756,9.531682988176554,28.8,27.9,0.42684710544247983,-0.6635139878148819,0.12761392942961047
DE13,DE,2013,64500,66868.48161894297,11.11048300832908,14280.002026901737,9.589801135895982,29.7,28.8,0.4422833560545894,-0.09317209406772353,0.3944430546006146
DE13,DE,2014,66600,67762.12036424683,11.12375862110681,14442.996535889655,9.566615377833463,27,29.7,0.7814983844437511,-0.32070531183612305,0.6612721797716177
DE13,DE,2015,67500,67500,11.119882876860622,14992.759126607405,9.57796490725413,27.7,27,0.6824663686331478,-0.20932681205716108,-0.13921519574139257
DE13,DE,2016,68700,67849.17139075986,11.125042452819391,14938.65156539028,9.615322638642338,29,27.7,0.8143025207289764,0.15728293209554342,0.0683185682804988
DE13,DE,2017,70600,68711.1310085743,11.137666488500537,16624.98339922736,9.611707197946114,28.9,29,1.1368686194592343,0.1218028389692132,0.4537384157497263
DE13,DE,2018,72100,68881.84041577499,11.14014785790516,16567.57412210195,9.718661866980842,29.5,28.9,1.2002719295079336,1.1714014734070346,0.4240907351751699
DE13,DE,2019,74100,69398.26738468742,11.147617180544739,16765.743275348283,9.71520269789847,30.9,29.5,1.3911261321465669,1.1374549502873312,0.601976818622506
DE13,DE,2020,71900,66175.18476590184,11.100060819171523,17422.58019370644,9.727092992862287,33.6,30.9,0.17597827092218324,1.2541402476167447,1.0170443466662888
DE13,DE,2021,75800,67932.71255858972,11.12627297306173,17303.106582320375,9.765522356183782,33.6,33.6,0.8457444560977351,1.63126644162571,1.8175317221793
DE13,DE,2022,79600,67038.91794470132,11.113028594582707,16826.852581035335,9.758641335597279,33.2,33.6,0.5073275184407943,1.5637396110879325,1.8175317221793
DE13,DE,2023,84300,66544.57618288312,11.105627320620416,15882.37951922993,9.730731257279649,34,33.2,0.3182120780261557,1.2898443211148944,1.6989409998810767
DE14,DE,2000,52000,63511.45038167939,11.05897548959624,16277.422017420871,NA,24.8,NA,-1.7376750720671004,NA,NA
DE14,DE,2001,53700,64660.62204240869,11.076907671437429,16063.692913692266,9.697534274279137,26.7,24.8,-1.4276077862161263,-0.6108251418354158,-1.5993970861777314
DE14,DE,2002,54100,64180.13144470545,11.069448962725096,15901.662527381151,9.684316905880216,25.2,26.7,-1.5565771211731227,-0.7598537129009215,-0.9510329612615271
DE14,DE,2003,55200,64630.947920569495,11.076448645031164,14577.209562128222,9.674178944212667,27.4,25.2,-1.435544861201479,-0.8741613341483614,-1.4628993756690571
DE14,DE,2004,56900,65860.2928410209,11.09529100233743,15751.678748031534,9.587214599188568,26.7,27.4,-1.1097396334422778,-1.8547023678420886,-0.7121619678713468
DE14,DE,2005,57800,66546.92824905591,11.10566266571901,14779.465540252182,9.664702225750375,26.4,26.7,-0.9304020858439331,-0.9810133010603757,-0.9510329612615271
DE14,DE,2006,60300,69123.6315698974,11.143651942171504,16391.129441467652,9.600994032837013,25.9,26.4,-0.2735254187776339,-1.6993363944697135,-1.0534062441430334
DE14,DE,2007,62300,70125.2799945971,11.158038635609854,16711.12597626257,9.704495579764373,26,25.9,-0.02476355442083949,-0.5323349781429345,-1.2240283822788767
DE14,DE,2008,63400,70688.71322012733,11.16604119586065,18000.64434433702,9.72383000269825,27.4,26,0.11360957601016025,-0.31433534801633434,-1.1899039546517076
DE14,DE,2009,59000,64509.78033873101,11.07457212444734,15274.64065277869,9.79816283314522,29.3,27.4,-1.4679919805438335,0.5237827380067972,-0.7121619678713468
DE14,DE,2010,64100,69599.01844754015,11.150505743457838,16553.21278444357,9.633949258576736,29.8,29.3,-0.1550156032160743,-1.3277593866341004,-0.06379784295514142
DE14,DE,2011,67500,72400.81088908196,11.189972778436529,17443.752553764705,9.714335487913457,31.4,29.8,0.5274131455443926,-0.42138797215696594,0.1068242951807019
DE14,DE,2012,67700,71586.42712882385,11.178660769739086,18818.979079952725,9.766736843684605,32.5,31.4,0.3318159859013729,0.16944818650731747,0.6528151372153997
DE14,DE,2013,69000,71533.72452259014,11.177924289124611,17757.336917071676,9.842621165119233,33.1,32.5,0.3190814203457542,1.0250596553229454,1.0281838411142556
DE14,DE,2014,70600,71831.91738312051,11.182084188059664,17285.830141802493,9.7845540569397,30.5,33.1,0.39101068046753584,0.37034096271175765,1.232930406877268
DE14,DE,2015,72300,72300,11.188579408146856,17784.531498147167,9.75764237791943,30.6,30.5,0.5033202299287427,0.06690619806589518,0.3456952885708823
DE14,DE,2016,74900,73972.38627609774,11.211447144114263,17570.279029607223,9.786084341508015,30.8,30.6,0.8987287132781699,0.38759523872621626,0.37981971619805144
DE14,DE,2017,76800,74745.25299516297,11.221840984154968,17510.36632225314,9.773964062079925,30.9,30.8,1.078449719875803,0.25093657343317305,0.44806857145238854
DE14,DE,2018,78500,74996.1785386732,11.225192438402617,19733.418498430492,9.77054834580653,30.6,30.9,1.1364000759130977,0.21242366375057958,0.4821929990795565
DE14,DE,2019,80100,75017.56029033013,11.225477502317013,20278.687133076863,9.890068847993517,31.9,30.6,1.1413291467318878,1.560042124276513,0.37981971619805144
DE14,DE,2020,78600,72341.71797774525,11.189156253879682,18294.07726783156,9.91732571858182,32.2,31.9,0.5132945315679005,1.867368995473035,0.8234372753512431
DE14,DE,2021,83800,75102.3919842984,11.226607687901442,18954.605553621386,9.814332639878078,33.1,32.2,1.1608713072885586,0.7061006638656165,0.9258105582327505
DE14,DE,2022,88800,74787.13459157634,11.222401151730494,18994.404822577013,9.849802218112249,35,33.1,1.0881356377023996,1.106027517759322,1.232930406877268
DE14,DE,2023,93800,74043.66839803602,11.212410311624785,19140.190610546655,9.851899731757676,37.3,35,0.9153829463465223,1.1296774193081036,1.8812945317934722
DE21,DE,2000,67000,81832.06106870229,11.312424390405779,22174.37134051227,NA,28.7,NA,-1.9616583581246407,NA,NA
DE21,DE,2001,69100,83203.89167840671,11.329049400696235,21782.341073133135,10.006692456855385,27.2,28.7,-1.5302921662427784,-0.9882778133755324,-1.194902417938688
DE21,DE,2002,71600,84940.80242959167,11.34970985083926,21468.833637084077,9.98885487799863,26.2,27.2,-0.9942191325991308,-1.162766925926063,-1.4856226818236298
DE21,DE,2003,70900,83013.30086174597,11.326756125286197,21872.398539807673,9.974357564156547,29,26.2,-1.5897953763630277,-1.3045812072803822,-1.6794361910802575
DE21,DE,2004,73300,84842.87285143817,11.348556270097749,22297.918189424257,9.992980780259302,30.2,29,-1.024150887395052,-1.122406906793634,-1.1367583651616995
DE21,DE,2005,74300,85543.8887353781,11.35678484176439,21205.007317427455,10.012248598356047,30.5,30.2,-0.8106455985289137,-0.9339270403563231,-0.9041821540537464
DE21,DE,2006,77100,88381.95678340115,11.389423119007647,26850.092023529192,9.961992626988916,29.9,30.5,0.03621398940712525,-1.4255363509380032,-0.8460381012767579
DE21,DE,2007,79600,89598.27106853818,11.403091302666784,22885.264354819472,10.198024527250661,30.8,29.9,0.39085992537797426,0.8833530527767544,-0.9623262068307349
DE21,DE,2008,78100,87078.68300460481,11.37456739126311,23059.696840747514,10.038248504466054,32.4,30.8,-0.349244942216734,-0.6795931657893537,-0.7878940484997694
DE21,DE,2009,76800,83972.05305109393,11.338239320695246,21811.589795467255,10.045841647194894,33.4,32.4,-1.2918429427888687,-0.6053162279344644,-0.4777924336891654
DE21,DE,2010,79600,86428.73429678932,11.36707547238155,22916.881277098506,9.990196749499555,34.2,33.4,-0.5436364319880997,-1.1496405947555883,-0.28397892443253764
DE21,DE,2011,83900,89991.52642361447,11.407470794031205,25909.127299335774,10.039629091635703,35.5,34.2,0.5044938106655185,-0.6660881137884488,-0.12892811702723456
DE21,DE,2012,84700,89562.33940637193,11.402690191478865,25531.36670638507,10.162350590987197,36.4,35.5,0.3804523645626082,0.5343867760312471,0.12302944500638101
DE21,DE,2013,86600,89780.0078790769,11.405117600095743,25377.834723313106,10.147663042151088,37,36.4,0.4434359051986721,0.3907115955296722,0.2974616033373457
DE21,DE,2014,88100,89637.27934069288,11.4035265765026,24889.000784373555,10.141631423338644,37.1,37,0.40215389835611115,0.3317096523692214,0.4137497088913227
DE21,DE,2015,90900,90900,11.41751528016557,25393.68611935377,10.122181249291575,37.1,37.1,0.7651163099898501,0.1414459604365409,0.43313105981698574
DE21,DE,2016,92700,91551.93868884191,11.424661726162897,24736.087355434207,10.142255844127803,38.4,37.1,0.9505438761385424,0.33781780360618635,0.43313105981698574
DE21,DE,2017,95500,92944.9435030998,11.439762591488027,25899.450868276086,10.116018482891027,39.5,38.4,1.3423633490661113,0.08116111748092479,0.6850886218506013
DE21,DE,2018,95700,91428.4622439621,11.423312112073164,27416.304590781627,10.161977045465802,40.6,39.5,0.9155256788425988,0.530732713613424,0.8982834820328921
DE21,DE,2019,97600,91407.16459845469,11.423079141661745,28168.378809882775,10.218893173457044,40.5,40.6,0.909480836918335,1.0874923917489732,1.111478342215183
DE21,DE,2020,95100,87527.95648452385,11.379713523995866,27872.51489202379,10.245955308979436,41.8,40.5,-0.2157191493862761,1.352217108536213,1.09209699128952
DE21,DE,2021,102500,91861.51764189242,11.428037478991866,29121.451977490186,10.235396352932508,43.2,41.8,1.0381339357611086,1.248928266205971,1.3440545533231354
DE21,DE,2022,109800,92473.2812855302,11.4346750308078,28423.632883648213,10.279230362931921,42.3,43.2,1.2103573148889548,1.6777172608195747,1.6153934662824154
DE21,DE,2023,116300,91804.67627602974,11.427418515137225,27903.410018418464,10.25497622190004,42.6,42.3,1.0220737904604724,1.4404606477828992,1.4409613079514494
DE22,DE,2000,47900,58503.81679389314,10.976847275431682,15740.41439476554,NA,18.2,NA,-2.0469764623221836,NA,NA
DE22,DE,2001,50700,61048.296788642845,11.019420580519748,14195.970488536626,9.663986849119466,18.8,18.2,-1.3218055371700104,1.2640563478206222,-1.0956410876403404
DE22,DE,2002,50600,60027.99724772819,11.00256635316608,13583.006651080577,9.560713434906564,16.9,18.8,-1.6088914380062862,0.23946068884683153,-0.8796432732198157
DE22,DE,2003,52100,61001.3113525665,11.018650640507436,13257.059392228228,9.516574779484491,17.1,16.9,-1.33492028383778,-0.1984475093382682,-1.5636363522181431
DE22,DE,2004,54200,62735.11198564732,11.046676569650744,13301.624686750876,9.492285473854306,18,17.1,-0.8575415855417271,-0.43942644179489204,-1.491637080744634
DE22,DE,2005,54900,63208.068527217474,11.054187238556162,12649.804914360417,9.49564146364786,18.7,18,-0.7296088655570518,-0.4061310133417589,-1.1676403591138482
DE22,DE,2006,56400,64652.94893104832,11.076788996942376,12587.033774337684,9.44539707224706,18.9,18.7,-0.34462259293638864,-0.9046154075045422,-0.9156429089565702
DE22,DE,2007,58400,65735.4149548069,11.093393099650628,13828.497682425237,9.44042249755935,20.4,18.9,-0.061797181628590186,-0.9539691319757864,-0.8436436374830625
DE22,DE,2008,57700,64333.41881390138,11.071834507931523,13745.808217885156,9.534486791312663,20.5,20.4,-0.4290147107723037,-0.020738950920736195,-0.303649101431752
DE22,DE,2009,56000,61229.62201642266,11.022386371276768,11155.491398096721,9.528489199735333,21.6,20.5,-1.2712878425107075,-0.08024222522676203,-0.2676494656949975
DE22,DE,2010,60600,65798.76002996776,11.094356272606483,11060.101469438001,9.319687157720379,22,21.6,-0.04539100827573936,-2.151807956484027,0.12834652740929736
DE22,DE,2011,64000,68646.69476890734,11.136728263917716,13181.25518154545,9.31109944948614,21.9,22,0.6763508455959775,-2.237008282670552,0.27234507035631295
DE22,DE,2012,62800,66405.13476647176,11.10352966329501,13526.60812415264,9.48655103732671,22.9,21.9,0.11086362590455383,-0.49631890359269554,0.23634543461955843
DE22,DE,2013,64000,66350.1212963155,11.102700867887025,13185.577804395567,9.512413996768814,23.2,22.9,0.09674636788272145,-0.23972744513692443,0.5963417919870987
DE22,DE,2014,67600,68779.56961896525,11.138662026609385,13815.24683861215,9.486878920686168,21.1,23.2,0.7092895257675469,-0.4930659089152973,0.7043406991973611
DE22,DE,2015,68400,68400,11.133128103610641,13844.53847359348,9.533528104632724,21.1,21.1,0.615027639066039,-0.030250268214420176,-0.05165165127447279
DE22,DE,2016,69700,68836.78669484661,11.139493571357567,14980.250444470197,9.535646099808801,21.9,21.1,0.7234536145808881,-0.009237225509528043,-0.05165165127447279
DE22,DE,2017,72200,70268.32377930685,11.160076389900121,15145.241294953745,9.614487975520921,22.1,21.9,1.0740503449467234,0.7729683809929987,0.23634543461955843
DE22,DE,2018,72400,69168.45001528585,11.144300113005926,14819.888570256186,9.625441655652264,21.5,22.1,0.8053256761159846,0.8816419752369518,0.30834470609306747
DE22,DE,2019,74700,69960.19667525169,11.15568174038147,15370.15826409411,9.60372537994571,22.8,21.5,0.9991942338092867,0.666190573851661,0.09234689167254281
DE22,DE,2020,74200,68292.05437593765,11.131548704617856,16311.493910195917,9.640183133427847,24.4,22.8,0.5881250007481277,1.0278950477322972,0.5603421562503454
DE22,DE,2021,78700,70531.72135040912,11.163817835836761,15072.00232947472,9.69962528615969,27.4,24.4,1.1377801353791985,1.617632223686876,1.1363363280384091
DE22,DE,2022,84700,71334.12499894726,11.175130103390378,15889.51537512969,9.620594151372575,27.2,27.4,1.3304672549358325,0.8335489410356601,2.21632540014103
DE22,DE,2023,89600,70728.28026081053,11.16660077559349,19358.711726837802,9.67341476033248,26,27.2,1.18518324382604,1.357592491422221,2.1443261286675224
DE23,DE,2000,48800,59603.05343511451,10.995462083873914,15973.061876174383,NA,17.2,NA,-1.7648218916132996,NA,NA
DE23,DE,2001,49200,59242.13416175992,10.989388293420873,14490.19437122761,9.678658949580386,16.5,17.2,-1.859661149901056,-0.16159144243598364,-1.2938115070865785
DE23,DE,2002,50500,59909.36484210027,11.000588113153974,14700.540141377687,9.581227449388155,15.5,16.5,-1.6847814590957713,-0.8385147646185203,-1.450784870041318
DE23,DE,2003,52100,61001.3113525665,11.018650640507436,14361.647685494127,9.59563951640318,17.7,15.5,-1.4027439554563168,-0.7383842702293371,-1.6750325314052315
DE23,DE,2004,53800,62272.12222929568,11.039269128372883,13636.562777029867,9.572316577349607,19.1,17.7,-1.0807963823069753,-0.9004246920236874,-1.181687676404622
DE23,DE,2005,55200,63553.467808786954,11.059636843323727,13291.345546173226,9.520509903822246,19.2,19.1,-0.7627645051967827,-1.2603611138808521,-0.8677409504951427
DE23,DE,2006,56700,64996.84759557517,11.08209404917207,14204.838153454353,9.494868391591632,18.9,19.2,-0.4121062527695531,-1.4385102505633973,-0.8453161843587518
DE23,DE,2007,59400,66861.02137526593,11.110371436185046,19482.960009727663,9.561337900591163,19.8,18.9,0.029431273320750177,-0.9767010741981567,-0.912590482767926
DE23,DE,2008,59600,66451.85028264337,11.104232908488774,17203.583798807533,9.877295516871161,21.5,19.8,-0.06641882526174016,1.2184727541751241,-0.7107675875404034
DE23,DE,2009,57400,62760.362566833224,11.04707898386714,12568.568223979017,9.752873001493318,21.7,21.5,-0.9588493200669406,0.35402437456788,-0.3295465632217507
DE23,DE,2010,61200,66450.23290155159,11.104208569049494,16744.714615349152,9.438954390878658,22.9,21.7,-0.0667988736658308,-1.8269830857806182,-0.28469703094896814
DE23,DE,2011,64000,68646.69476890734,11.136728263917716,16705.47307713149,9.725837942106013,23.9,22.9,0.44098020842324887,0.16619331192643427,-0.01559983731227215
DE23,DE,2012,64600,68308.46665468274,11.131789000609412,16697.37850721077,9.723491673882924,26.1,23.9,0.36385603493238966,0.1498921805965121,0.2086478240516413
DE23,DE,2013,65600,68008.87432872338,11.127393480477396,14057.149033516305,9.723007010466764,26.7,26.1,0.29522214439363426,0.14652489209987885,0.7019926790522515
DE23,DE,2014,69100,70305.74350104289,11.16060877433409,16454.876656480265,9.550886373361095,25.2,26.7,0.813862663445745,-1.049314987773333,0.8365412758705991
DE23,DE,2015,69900,69900,11.154820928221902,16995.095838369885,9.708377165541402,25,25.2,0.7234882857638805,0.044881345501983284,0.500169783824729
DE23,DE,2016,70900,70021.92505975072,11.15656368712917,18579.420281500377,9.740680101324077,24.8,25,0.750700611150727,0.2693119512415598,0.45532025155194644
DE23,DE,2017,73700,71728.19200186864,11.180639143196633,18434.75516707795,9.829809810670103,24.4,24.8,1.1266270468799346,0.8885570499687394,0.4104707192791639
DE23,DE,2018,74300,70983.64414552125,11.170204765337969,20115.366714029922,9.821993029705519,24.9,24.4,0.9636993554390086,0.834248522142734,0.32077165473359803
DE23,DE,2019,75500,70709.43572933739,11.166334304497678,19112.218423943395,9.909239315091678,26.1,24.9,0.9032640081607245,1.4404081854463076,0.4328954854155547
DE23,DE,2020,74700,68752.2434215976,11.138264646583293,15885.39047918503,9.858083117568604,29.7,26.1,0.4649700700386698,1.084991065631636,0.7019926790522515
DE23,DE,2021,79700,71427.93127862271,11.176444266209574,18698.53051007582,9.67315512803102,31.1,29.7,1.0611261006196147,-0.19983025801971396,1.5092842599623395
DE23,DE,2022,84800,71418.34474510893,11.176310044530227,21368.104158580387,9.836200217406036,30.4,31.1,1.0590302949421329,0.9329555796973281,1.8232309858718188
DE23,DE,2023,90500,71438.72057593027,11.176595306318486,20452.90466367,9.96965462929029,31.4,30.4,1.063484517824111,1.8601547265273464,1.6662576229170787
DE24,DE,2000,45700,55816.793893129776,10.929830068914972,12747.636224190202,NA,20.5,NA,-1.8760364224801032,NA,NA
DE24,DE,2001,47800,57556.38237666919,10.960520309420021,13368.986297553736,9.453101139217786,19.3,20.5,-1.3803478608743742,0.264844884562537,-0.7777505927504618
DE24,DE,2002,48200,57180.81951265808,10.953973797929214,11463.6614177164,9.500692848040847,17.4,19.3,-1.4860828049807844,0.6510009661116996,-1.1090147341071397
DE24,DE,2003,49100,57488.75983514425,10.95934472654859,11186.548009923683,9.346937434678663,17.3,17.4,-1.3993351015410653,-0.5965606241151741,-1.6335162912552141
DE24,DE,2004,51100,59146.941373922105,10.987780158414802,10476.07245732504,9.32246726487737,18.1,17.3,-0.9400647247552693,-0.7951100168348467,-1.66112163636827
DE24,DE,2005,51400,59178.41024224003,10.988312062501796,9584.550161380397,9.256849122110465,19.1,18.1,-0.9314737600884723,-1.3275314304808117,-1.4402788754638176
DE24,DE,2006,54100,62016.39250300911,11.035154024290799,11200.079445144363,9.167907722858384,19.8,19.1,-0.1749132287963924,-2.049196255553041,-1.1642254243332526
DE24,DE,2007,54900,61795.792483200334,11.031590558331933,11370.922002596246,9.323676150574489,21.1,19.8,-0.23246798517540004,-0.7853011956055864,-0.9709880085418572
DE24,DE,2008,54300,60542.54144878414,11.011101561357359,11941.925570290166,9.338814674274511,23.2,21.1,-0.5633927766380196,-0.6624681825239661,-0.6121185220721223
DE24,DE,2009,54500,59589.542855268475,10.995235382210817,11230.506479317903,9.387810644487462,25.2,23.2,-0.8196528576899892,-0.2649180138701187,-0.03240627469793603
DE24,DE,2010,56800,61672.76517660343,11.02959770525832,12009.027432173292,9.32638914727808,24.4,25.2,-0.26465523614817493,-0.7632881138688148,0.5197006275631942
DE24,DE,2011,59100,63390.93220066287,11.057076104970097,11740.465870341231,9.393413931959289,26.3,24.4,0.17915778728242723,-0.2194532976953216,0.298857866658742
DE24,DE,2012,59800,63232.91495278679,11.054580250777443,12372.40581008842,9.370796774906625,26.1,26.3,0.1388463933547449,-0.4029674634864619,0.8233594238068164
DE24,DE,2013,60700,62928.943166974226,11.049761482592805,11308.131044095735,9.423223933953128,26.1,26.1,0.06101682177606434,0.02242315191296998,0.7681487335807035
DE24,DE,2014,62600,63692.32334537315,11.061819321666519,12166.527340790342,9.333277307364634,24.4,26.1,0.2557671009581205,-0.7073980234752113,0.7681487335807035
DE24,DE,2015,65300,65300,11.086747315264523,13408.180456757767,9.406443799395015,23.5,24.4,0.6583876437420271,-0.11372978667806248,0.298857866658742
DE24,DE,2016,66600,65775.1792521777,11.093997831137433,11819.276864571792,9.503620281518359,23.2,23.5,0.775493203190181,0.674753974117242,0.05040976064123371
DE24,DE,2017,68700,66861.96459332938,11.110385543229645,12849.906388414003,9.377487110118341,24.8,23.2,1.040176741061493,-0.3486825114749235,-0.03240627469793603
DE24,DE,2018,70400,67257.71935188017,11.116287076778251,14365.289964800466,9.461091805348504,24.7,24.8,1.1354944260270177,0.32968063848508805,0.4092792471109686
DE24,DE,2019,72300,67712.47951299461,11.123025777407417,14773.110885093143,9.572570156716138,26.1,24.7,1.244333482580298,1.234208851618434,0.3816739019979117
DE24,DE,2020,71500,65807.03352937388,11.094482004144483,13304.571608390012,9.60056397522271,27.7,26.1,0.7833132468745491,1.4613489045693917,0.7681487335807035
DE24,DE,2021,76200,68291.19652987515,11.131536143106004,14934.841629440125,9.495862985102374,30.6,27.7,1.3817873070681665,0.61181176713432,1.209834255389607
DE24,DE,2022,80200,67544.23642167143,11.120538016604838,16254.723512901553,9.611452126606048,27.4,30.6,1.204152807761329,1.5496946685161217,2.0103892636682468
DE24,DE,2023,85600,67570.76774916721,11.120930738760302,18850.542291004087,9.69613882323632,26.3,27.4,1.210495797491913,2.2368371086346373,1.1270182200504375
DE25,DE,2000,52700,64366.412213740456,11.07234722656213,17265.766679192297,NA,23,NA,-1.6814083238687343,NA,NA
DE25,DE,2001,52900,63697.33530807114,11.061898008786864,16590.741142160397,9.756481015394321,23.9,23,-1.8888265022642177,-0.5449796915927351,-1.2148803974704128
DE25,DE,2002,55700,66078.24993475218,11.098594923805898,15619.010257179652,9.716600056216798,22,23.9,-1.1603885053072354,-0.8918269175112504,-0.9668722689927253
DE25,DE,2003,55800,65333.458224053946,11.08725956113538,16976.363563265462,9.656244057569182,21.8,22,-1.3853967621105816,-1.416746857507719,-1.4904449846678438
DE25,DE,2004,58200,67365.00954916373,11.117881015942535,16241.772274274957,9.739577276933668,24.1,21.8,-0.777557351302792,-0.6919925747741954,-1.5455579021073298
DE25,DE,2005,57900,66662.0613429124,11.107391274619626,15692.179213641683,9.695341737950748,23.7,24.1,-0.9857799267943046,-1.0767118568491132,-0.9117593515532383
DE25,DE,2006,59600,68321.20135266808,11.131975412509668,18362.114796281643,9.660917727965328,23.4,23.7,-0.49778195333393077,-1.3760996502892333,-1.0219851864322114
DE25,DE,2007,61000,68661.99164800037,11.136951073989758,17921.67612866858,9.818044842523861,24.7,23.4,-0.3990144988976929,-0.00955519084897173,-1.1046545625914408
DE25,DE,2008,61800,68904.77093066041,11.140480698881115,18259.659211109287,9.793766216120773,26.4,24.7,-0.3289510375812348,-0.22070794120130566,-0.7464205992347802
DE25,DE,2009,61100,66805.89116434686,11.10954654671917,16270.28654590501,9.812449490837302,26.7,26.4,-0.9429975269584036,-0.058218318580741724,-0.2779608009991477
DE25,DE,2010,63400,68838.96676402567,11.139525240974395,16923.147089527123,9.697095811975943,27.5,26.7,-0.3479169872635655,-1.0614565640416758,-0.19529142483991818
DE25,DE,2011,65900,70684.64351985928,11.165983622066506,18306.54492433781,9.736437614063696,27.8,27.5,0.17728492999473533,-0.7192984214546001,0.02516024491802684
DE25,DE,2012,67300,71163.46448699919,11.172734826471538,16951.009516960446,9.815013921028054,29.1,27.8,0.3112971163406041,-0.03591530691633595,0.10782962107725634
DE25,DE,2013,68600,71119.03626448817,11.172110319259192,18371.498136822112,9.738082669557798,28.9,29.1,0.2989005761243145,-0.7049912697115511,0.4660635844339169
DE25,DE,2014,70600,71831.91738312051,11.182084188059664,19404.38965820801,9.818555728330908,27.8,28.9,0.4968830225277572,-0.005111984652581245,0.4109506669944299
DE25,DE,2015,72500,72500,11.191341840842766,18600.409742772594,9.873254590497638,28.4,27.8,0.6806484983544946,0.47060748134566555,0.10782962107725634
DE25,DE,2016,74400,73478.57862405435,11.204749195430134,18630.12218640259,9.830938888639976,29.4,28.4,0.9467860337590083,0.10258514425009783,0.27316837339571437
DE25,DE,2017,76500,74453.27935065063,11.217927084833832,21288.498527493226,9.832535022157197,30.1,29.4,1.2083686587936053,0.1164668184640879,0.5487329605931455
DE25,DE,2018,78400,74900.6420055029,11.223917740970617,19228.14113289494,9.965922230623327,30.7,30.1,1.3272838742680946,1.2765438121881192,0.741628171631348
DE25,DE,2019,79800,74736.595645048,11.221725152698461,20478.909915492433,9.864130168954405,30.9,30.7,1.2837607441005632,0.3912518097256888,0.9069669239498059
DE25,DE,2020,78400,72157.64235948128,11.186608481800883,23447.279259989125,9.927150850954252,33.8,30.9,0.586690775271816,0.9393466694766821,0.962079841389292
DE25,DE,2021,83000,74385.42404172754,11.217015288210002,22255.138520419638,10.06250974411505,32.8,33.8,1.190269390613961,2.1165715297725156,1.7612171442618416
DE25,DE,2022,87300,73523.83839915106,11.205364964577926,22447.238728459302,10.010328205668717,33.5,32.8,0.9590091223857534,1.6627453874847513,1.4856525570644106
DE25,DE,2023,93000,73412.16589570735,11.203844948765862,16737.101940469827,10.018922889100557,36,33.5,0.9288366331476683,1.7374938932243393,1.678547768102613
DE26,DE,2000,50100,61190.83969465648,11.021752779105631,15644.753596266622,NA,19,NA,-2.1793204196768805,NA,NA
DE26,DE,2001,52500,63215.691940902354,11.054307839520188,14201.318810908451,9.657890906299608,19.8,19,-1.4491059116382015,1.8042454031685657,-1.6555653954086147
DE26,DE,2002,53200,63112.439794054146,11.052673173220258,13134.428422935183,9.561090113284466,19.1,19.8,-1.4857717028488686,0.7685124941151866,-1.44720422389344
DE26,DE,2003,54700,64045.5226676658,11.06734940117605,13356.51436636243,9.482992185598786,19.6,19.1,-1.1565818798187597,-0.06710662958639327,-1.6295202489692175
DE26,DE,2004,55800,64587.071011053886,11.075769530592408,12101.612699113886,9.499759512328747,20.9,19.6,-0.9677172123571594,0.11229760409953855,-1.4992945167722334
DE26,DE,2005,57600,66316.66206134291,11.102196457742522,11510.97586102768,9.401094003622223,22.3,20.9,-0.3749575810690706,-0.9433870775316892,-1.1607076130600757
DE26,DE,2006,59000,67633.40402361438,11.121857282344083,12559.585466909171,9.351056281877652,22.5,22.3,0.06603743418341221,-1.4787723103448316,-0.7960755629085199
DE26,DE,2007,60500,68099.18843777085,11.128720574853244,13744.75189982932,9.438239435250562,22.8,22.5,0.21998203447853287,-0.545944610790274,-0.7439852700297264
DE26,DE,2008,60000,66897.8358550101,11.110921896639569,13207.149366544609,9.528412350223949,24.7,22.8,-0.17924477972591768,0.4188724390927784,-0.6658498307115358
DE26,DE,2009,57500,62869.70117757684,11.048819628344924,11636.415078124402,9.488513580629627,26.1,24.7,-1.572207247415957,-0.008029731978415697,-0.1709920483629969
DE26,DE,2010,60800,66015.91765382902,11.097651168503335,11235.086473939962,9.361894690869928,27.9,26.1,-0.47690904739787154,-1.362805317457443,0.19364000178855895
DE26,DE,2011,64600,69290.25753236584,11.1460595913466,12802.205016949914,9.326796881424697,26.6,27.9,0.608898572716895,-1.738338979381311,0.6624526376977007
DE26,DE,2012,64900,68625.68863605123,11.136422213530901,12876.0709420583,9.457372702020674,27.9,26.6,0.39273085529111856,-0.34122568820456206,0.32386573398554297
DE26,DE,2013,65600,68008.87432872338,11.127393480477396,12085.46493760676,9.46312590203837,28.4,27.9,0.19021512406767058,-0.27966856243017585,0.6624526376977007
DE26,DE,2014,67600,68779.56961896525,11.138662026609385,12224.47328091955,9.399758764686064,25.7,28.4,0.44297017244724435,-0.9576736434218355,0.7926783698946848
DE26,DE,2015,69400,69400,11.147642146494896,13270.485494375369,9.411195228009516,26.9,25.7,0.644395503588522,-0.8353076889876742,0.08945941603097118
DE26,DE,2016,71600,70713.25577261145,11.166388327557689,12945.215825970006,9.493297712517998,27.2,26.9,1.064874937755096,0.0431587209639347,0.40200117330373264
DE26,DE,2017,73700,71728.19200186864,11.180639143196633,13813.993315034799,9.468481564581996,27.7,27.2,1.3845227036762404,-0.22236494152542574,0.48013661262192325
DE26,DE,2018,74200,70888.10761235096,11.16885796378759,15140.309609107231,9.533437365721973,27.4,27.7,1.1202692199860946,0.47263825812891636,0.6103623448189073
DE26,DE,2019,75400,70615.78084757668,11.16500892325661,13950.675646698628,9.625115976525228,28.8,27.4,1.0339347084858859,1.4535657000185205,0.5322269055007167
DE26,DE,2020,73900,68015.94094854167,11.127497382398678,16174.204331113606,9.543283219531748,31.3,28.8,0.19254565853349423,0.5779852753472324,0.8968589556522725
DE26,DE,2021,77300,69277.0274509101,11.14586863600678,14012.977015224997,9.69117292688335,30.8,31.3,0.6046154180322431,2.160350791612874,1.5479876166371926
DE26,DE,2022,83000,69902.38931419862,11.154855109528967,13648.060546886418,9.547739108922315,29.8,30.8,0.8061832621229913,0.6256616541986925,1.4177618844402087
DE26,DE,2023,89600,70728.28026081053,11.16660077559349,14135.510194427055,9.521352706040965,32.3,29.8,1.069640176583445,0.34333684089390537,1.1573104200462405
DE27,DE,2000,49200,60091.603053435116,11.003625394513074,17709.7615609066,NA,21.6,NA,-2.127336383146254,NA,NA
DE27,DE,2001,51300,61770.761839396015,11.031185422099334,16420.079010427107,9.781871267157538,20.5,21.6,-1.5530564575053583,1.2768645429090346,-0.8554588768573266
DE27,DE,2002,52600,62400.64536028662,11.041330896616323,14911.463231895903,9.706260194835714,19,20.5,-1.3416509234226295,0.40915369719011296,-1.173739900158656
DE27,DE,2003,53400,62523.41701011614,11.043296437714265,15053.826435262645,9.609885540562376,22.4,19,-1.3006941140712163,-0.6968395151459413,-1.6077594773877408
DE27,DE,2004,54700,63313.849181086865,11.05585937063308,14509.49389840804,9.619387486051638,22.3,22.4,-1.0389149790588268,-0.5877954174591655,-0.6239817690018155
DE27,DE,2005,55900,64359.39946578245,11.072238270201732,13857.556318774054,9.582558465766693,21.2,22.3,-0.6976209365574092,-1.0104443676344792,-0.6529164074837538
DE27,DE,2006,58200,66716.34091820943,11.108205193175756,14015.995917617996,9.536585945422383,20.3,21.2,0.05183701613899309,-1.5380239043722288,-0.9711974307850831
DE27,DE,2007,58800,66185.65752299051,11.100219064721028,16294.085329865851,9.547954521910292,21,20.3,-0.11457331276164341,-1.4075583942818957,-1.2316091771225337
DE27,DE,2008,59200,66005.86471027663,11.09749887630743,15962.623541446541,9.69855745774566,22,21,-0.17125502670408213,0.3207572717788456,-1.029066707748961
DE27,DE,2009,57300,62651.023956089615,11.045335304262313,13478.157910359714,9.678005239790659,24,22,-1.2582093913712806,0.08490051329738195,-0.739720322929571
DE27,DE,2010,60100,65255.86597031455,11.086071221072375,14200.051369212535,9.508825721594206,24.6,24,-0.40937790151241576,-1.856599564730122,-0.16102755329079105
DE27,DE,2011,62800,67359.56924199034,11.117800254032197,15714.249050244474,9.561000861132987,26.2,24.6,0.2517733484924434,-1.2578389194372894,0.012580277600843355
DE27,DE,2012,63800,67462.54137103341,11.1193277801716,15016.17277956692,9.662323162550257,25.2,26.2,0.2836030553026237,-0.09506662758618392,0.4755344933118667
DE27,DE,2013,65000,67386.84194157043,11.11820505442299,15156.602229363081,9.616883084564487,26.2,25.2,0.2602083450684288,-0.6165358686352352,0.18618810849247672
DE27,DE,2014,67200,68372.58991707789,11.132727291089571,16585.207375119266,9.626191506725354,25.2,26.2,0.5628143191343424,-0.5097126400062792,0.4755344933118667
DE27,DE,2015,69300,69300,11.146200185177994,17363.561673068718,9.716266455078637,25.6,25.2,0.8435546990577888,0.5239852988491238,0.18618810849247672
DE27,DE,2016,71300,70416.97118138542,11.162189581011338,17243.38043627467,9.762129132670129,24.4,25.6,1.176732487849033,1.0503042827998583,0.3019266624202333
DE27,DE,2017,72500,70560.29742381921,11.16422290586197,16809.773690074242,9.75518360598673,25.9,24.4,1.2191017358612237,0.9705975857864357,-0.04528899936303546
DE27,DE,2018,73000,69741.66921430756,11.152553254762646,17640.21413992168,9.729715763496703,26.7,25.9,0.9759362911024986,0.6783292384787983,0.3887305778660495
DE27,DE,2019,75800,70990.40037461952,11.170299940891024,16116.438083722185,9.777936468938442,27.9,26.7,1.345731479379388,1.2317088932722673,0.6202076857215617
DE27,DE,2020,74700,68752.2434215976,11.138264646583293,16923.266524417315,9.687595029096547,32.4,27.9,0.6781985324203711,0.19495270450902358,0.9674233475048294
DE27,DE,2021,77400,69366.64844373146,11.147161461009086,16239.382491937704,9.736444671525769,30.4,32.4,0.8635852092258863,0.75555002502993,2.2694820791920844
DE27,DE,2022,82100,69144.41159874345,11.143952518190751,18531.140226904896,9.69519458909728,29.8,30.4,0.7967191134888226,0.2821650721270963,1.6907893095533044
DE27,DE,2023,87200,68833.77275382452,11.13944978652754,16362.272409966088,9.827207851487982,31.2,29.8,0.7028937935889762,1.7971460932610546,1.517181478661671
DE30,DE,2000,53200,64977.09923664122,11.081790167362412,14760.164100721151,NA,33.6,NA,-1.2957442681502263,NA,NA
DE30,DE,2001,54500,65623.90877674625,11.09169537159181,13569.179046712394,9.599687216027696,32,33.6,-1.0523589908002453,0.77095232537434355,-0.78984864508768
DE30,DE,2002,55400,65722.35271786842,11.093194370625897,11562.78165460609,9.515556253335806,30.4,32,-1.0155264038884193,0.10295088400615109,-1.1338300668536763
DE30,DE,2003,55800,65333.458224053946,11.08725956113538,10357.564502070667,9.35554674084128,32.5,30.4,-1.1613533066373651,-1.167527683681362,-1.4778114886196723
DE30,DE,2004,55600,64355.57613287806,11.07217886246168,11057.055323466016,9.245472401503555,34.2,32.5,-1.5319080114496508,-2.0415200282660426,-1.0263358725518026
DE30,DE,2005,56900,65510.73040434743,11.089969231172963,12368.575742510347,9.310823994008768,34.6,34.2,-1.0947727719658047,-1.5226271427886173,-0.6608556119254313
DE30,DE,2006,58300,66830.97380638505,11.10992193179481,12342.862071317395,9.422914320722908,34.1,34.6,-0.6045058918224752,-0.6326278201528536,-0.5748602564839327
DE30,DE,2007,59700,67198.70330140363,11.115409230215004,12629.28594583171,9.420833205033302,34.5,34.1,-0.46967498708077454,-0.6491519182474151,-0.6823544507858064
DE30,DE,2008,61200,68235.7925721103,11.130724523935749,12582.749106619209,9.44377367739093,33.8,34.5,-0.09335594068928312,-0.4670041321025754,-0.5963590953443078
DE30,DE,2009,60400,66040.52088914158,11.098023785482388,11734.30409481536,9.440082036318177,35.4,33.8,-0.8968606553522336,-0.49631583232219173,-0.7468509673669315
DE30,DE,2010,62000,67318.8633969967,11.117195764576305,12663.025761911664,9.37027180484928,36,35.4,-0.42577723889199554,-1.0506103958380542,-0.40286954560093535
DE30,DE,2011,64600,69290.25753236584,11.1460595913466,12260.59181129741,9.446441668872582,36.8,36,0.28344897403355857,-0.44582022907475427,-0.2738765124386866
DE30,DE,2012,64200,67885.50401285806,11.125577800516771,13386.33847036432,9.414145480045994,37.2,36.8,-0.21981842220520015,-0.7022525816423786,-0.1018858015556893
DE30,DE,2013,65100,67490.51400609592,11.119742333741877,13160.85826205934,9.501989948740912,36.9,37.2,-0.36320432991408735,-0.004765832092983034,-0.015890446114189122
DE30,DE,2014,67200,68372.58991707789,11.132727291089571,14118.3695945631,9.485002420234453,36.1,36.9,-0.04414503822714225,-0.13964713101684884,-0.08038696269531426
DE30,DE,2015,69700,69700,11.151955596748616,14881.012045275711,9.555232036573166,36.6,36.1,0.4283224038784309,0.4179773563292027,-0.2523776735783116
DE30,DE,2016,71400,70515.7327117941,11.163591122936628,14707.602219617487,9.60784131986966,39.1,36.6,0.7142242089091141,0.8356960647208884,-0.14488347927643785
DE30,DE,2017,73300,71338.8938091855,11.175196952893947,14304.90849698388,9.59611979688393,40.5,39.1,0.9993963343515392,0.742626949629765,0.3925874922329306
DE30,DE,2018,75300,71939.00947722408,11.183573948420102,14951.766399008398,9.568358008888001,42.1,40.5,1.2052313007262794,0.5221978257630342,0.6935712362781766
DE30,DE,2019,77100,72207.91383750878,11.187304928811981,14957.475967754126,9.612584725619051,43.1,42.1,1.2969069165373814,0.8733587964453731,1.0375526580441727
DE30,DE,2020,77100,70961.15084076539,11.169887835013805,14740.885481763036,9.61296651856085,42.9,43.1,0.8689435846841458,0.8763902396532626,1.2525410466479203
DE30,DE,2021,82300,73758.07709197802,11.208545788096428,15338.917711206157,9.598380237328616,46.7,42.9,1.8188257289485201,0.7605748896849331,1.2095433689271702
DE30,DE,2022,86300,72681.64093753422,11.193844099821751,17986.949828242803,9.63814851905585,48.2,46.7,1.4575838609993939,1.0763358017740714,2.026499245621411
DE30,DE,2023,91100,71912.34745267678,11.18320325987852,17119.276584658466,9.797401764389717,45.1,48.2,1.1961229440064967,2.3408095938449103,2.348981828527032
DE40,DE,2000,41500,50687.02290076336,10.833425198251465,17940.334694632853,NA,32.4,NA,-2.0768544029397353,NA,NA
DE40,DE,2001,43600,52499.127021397,10.868551820277599,15021.733729196272,9.79480679177281,29.3,32.4,-1.6018585915190744,2.4101455817106245,2.038598782376668
DE40,DE,2002,45000,53384.58253256459,10.885277266642978,13387.549833597284,9.617253346699183,28,29.3,-1.3756906166484608,1.2186863572768452,-0.1405930194742525
DE40,DE,2003,46300,54210.378418883476,10.900627652840303,11972.143158795998,9.502080437146633,29.7,28,-1.1681167388644254,0.4458270898356563,-1.0544476460568977
DE40,DE,2004,47300,54748.53868858152,10.91050595670303,12111.762009871045,9.390337826702298,31.1,29.7,-1.0345384814605338,-0.30401340985729025,0.1405930194742525
DE40,DE,2005,48600,55954.68361425809,10.932297420947126,11540.964759707462,9.401932326365214,31.2,31.1,-0.7398658473265772,-0.22620937980680514,1.124744155794025
DE40,DE,2006,50700,58118.874305038116,10.9702457490355,11738.378204624432,9.353658137928823,29.2,31.2,-0.22671383177027712,-0.5501497409230975,1.19504066553115
DE40,DE,2007,51700,58193.85193773146,10.97153499133083,10882.524749506458,9.370618941132898,29.7,29.2,-0.20928019725419228,-0.43633552896612204,-0.21088952921138002
DE40,DE,2008,52600,58647.10276622552,10.979293454161134,11158.756343195837,9.294913547672106,30.2,29.7,-0.1043672527440426,-0.9443509568889404,0.1405930194742525
DE40,DE,2009,50900,55653.35286849845,10.926897604098096,9538.708635006176,9.319979790943805,30.9,30.2,-0.8128842657734087,-0.7761457905201214,0.492075568159885
DE40,DE,2010,53000,57546.770323239114,10.960353293083335,10305.369870178218,9.163113392073006,30.3,30.9,-0.3604834592182608,-1.828786125720705,0.98415113631977
DE40,DE,2011,54900,58885.99285645333,10.983358529073529,10624.974901101277,9.24042038498304,30.4,30.3,-0.049397732615908574,-1.3100232834807197,0.5623720778970125
DE40,DE,2012,56300,59531.99183682101,10.9942691249665,11666.866203470012,9.270962631540536,29.6,30.4,0.09813957812832355,-1.1050718032051876,0.6326685876341376
DE40,DE,2013,57600,59715.10916668394,10.997340352229198,11120.668626066667,9.364508154811757,30,29.6,0.13966990474547064,-0.47734150735109915,0.0702965097371275
DE40,DE,2014,60600,61657.42483593631,11.029348936635735,11832.01732030846,9.316560694240348,27.7,30,0.5725024017415704,-0.7990893853620888,0.3514825486856325
DE40,DE,2015,61500,61500,11.02679245379461,12180.038339723287,9.378564468242544,27.7,27.7,0.5379326489028265,-0.38301765859840964,-1.2653371752682776
DE40,DE,2016,62500,61725.95650542201,11.030459810333445,12674.515507041937,9.407553689019467,27.2,27.7,0.5875240668774102,-0.18848764263904771,-1.2653371752682776
DE40,DE,2017,64800,63066.307214668755,11.05194194735957,13167.236425320789,9.447348603432323,26.9,27.2,0.8780138583575655,0.07855317903066256,-1.6168197239539102
DE40,DE,2018,65900,62958.575359217364,11.050232255122717,13885.19157180412,9.485486934094036,28.2,26.9,0.8548947366065682,0.33447761830335987,-1.82770925316529
DE40,DE,2019,68400,64059.939124326855,11.067574472871202,13930.22907666131,9.538578196678788,28.8,28.2,1.0894029334137352,0.6907425982208621,-0.913854626582645
DE40,DE,2020,67900,62493.67240062218,11.042820589009173,14793.648327078281,9.541816511481516,29.2,28.8,0.7546713118501908,0.7124730695261652,-0.492075568159885
DE40,DE,2021,72000,64527.11483137811,11.07484079942946,14956.207045642079,9.601953200544349,31.3,29.2,1.1876610203148634,1.1160158612816675,-0.21088952921138002
DE40,DE,2022,78900,66449.37972156952,11.104195729584198,14830.586605598506,9.61288167965203,29.5,31.3,1.5846097749566614,1.1893506097934712,1.2653371752682776
DE40,DE,2023,83500,65913.07368055446,11.096092087469415,14882.06407879452,9.604446989683368,30.4,29.5,1.4750291822395427,1.132750248340416,0
DE50,DE,2000,57100,69740.45801526718,11.152535887676777,17342.190093678684,NA,19.5,NA,-1.521576701168575,NA,NA
DE50,DE,2001,58900,70921.98581560283,11.169335760580152,16775.927990895096,9.760897545339299,19.7,19.5,-0.9331721118832658,1.093416813511991,-1.3545412857780736
DE50,DE,2002,60500,71772.60540489241,11.181258141909455,17685.024292496557,9.727700280184315,18.1,19.7,-0.515598483218388,0.7135030371681353,-1.3074801837042132
DE50,DE,2003,62500,73178.15661296365,11.20065224849047,13656.054501865436,9.780473475260155,18.6,18.1,0.1636674483152783,1.3174462757871013,-1.6839690002950973
DE50,DE,2004,62800,72689.3917472076,11.193950734679296,16749.45967471461,9.521938255522656,21.6,18.6,-0.0710487012849842,-1.6412640634474769,-1.5663162451104458
DE50,DE,2005,64400,74145.71244358478,11.213787523150986,15467.87511209584,9.72612127850691,21.5,21.6,0.623721874692352,0.6954327386867575,-0.8603997140025373
DE50,DE,2006,66600,76345.50352496131,11.243024415984706,16447.50642380254,9.646520578741647,22.7,21.5,1.6477249739269844,-0.21552791744713642,-0.8839302650394679
DE50,DE,2007,67800,76316.11530712173,11.242639404762798,16009.52555562191,9.707929159524147,22,22.7,1.6342402070361755,0.4872397869429275,-0.6015636525963047
DE50,DE,2008,68100,75929.04369543646,11.237554547572936,16122.495395315922,9.680939171299434,24.1,22,1.4561464009946856,0.17836288693155375,-0.7662775098548166
DE50,DE,2009,62600,68445.97032550104,11.133799958647673,13770.3085084055,9.687970805278407,23.8,24.1,-2.1777903932991696,0.2588338114594635,-0.27213593807928027
DE50,DE,2010,66200,71879.17349808358,11.182741842474176,14569.346771695868,9.530269995858472,25.8,23.8,-0.4636328388097452,-1.5459145543924808,-0.34272759119007123
DE50,DE,2011,67400,72293.55042850555,11.188490198476305,14122.096197337118,9.586675064395296,28.5,25.8,-0.2623004196924966,-0.900407688308308,0.1278834295485344
DE50,DE,2012,69400,73384.01835657866,11.203461457333615,18909.895718447264,9.555495955930809,27.2,28.5,0.262058155499443,-1.2572254196628945,0.7632083075456518
DE50,DE,2013,70100,72674.11723237057,11.193740578567898,16683.57073074518,9.847440647012615,26.5,27.2,-0.07840928199440134,2.0838272108661777,0.457311144065558
DE50,DE,2014,72200,73459.83619066999,11.204494089459248,14064.379226483785,9.722179725589113,26.5,26.5,0.29822542207699926,0.6503250996487578,0.2925972868070462
DE50,DE,2015,73500,73500,11.205040685200927,17096.4744645799,9.551400583901856,26.2,26.5,0.31736958136546983,-1.304093384412061,0.2925972868070462
DE50,DE,2016,74600,73676.10168487171,11.207433760800804,15798.313318677983,9.746627549572459,27.6,26.2,0.40118549316269386,0.9301091447964789,0.2220056336962552
DE50,DE,2017,76100,74063.98115796747,11.212684608868981,13876.249651182297,9.667658461334254,28.4,27.6,0.585093021435418,0.02637673229370587,0.5514333482132797
DE50,DE,2018,76700,73276.52094160808,11.201995521987465,15552.09130931913,9.537933999509107,28.4,28.4,0.21071472628236074,-1.4582067099290068,0.7396777565087213
DE50,DE,2019,76300,71458.67478342308,11.17687458653311,15710.634692799546,9.651950397909781,28.8,28.4,-0.6691296507255738,-0.15338836783666995,0.7396777565087213
DE50,DE,2020,74800,68844.28123072958,11.139602439424953,14864.249983893384,9.66209313099371,30.8,28.8,-1.9745622892397876,-0.03731362461990833,0.8337999606564429
DE50,DE,2021,82100,73578.8351063353,11.206112696871786,16221.625162283044,9.606714278988987,33.6,30.8,0.35491609082590375,-0.6710763365926946,1.3044109813950486
DE50,DE,2022,89200,75124.01357622308,11.226895541318333,16351.95499465627,9.694100517612187,31,33.6,1.0828216601766196,0.3289830285638109,1.9632664104290967
DE50,DE,2023,91300,72070.22307825895,11.185396243213528,13996.961028651507,9.702102740715903,29.9,31,-0.3706641844740591,0.42056149999167447,1.351472083468909
DE60,DE,2000,74600,91114.50381679389,11.419872278224528,19041.98665370711,NA,25.4,NA,-0.8523243942768797,NA,NA
DE60,DE,2001,78500,94522.51080687303,11.456593294710974,21145.886665809227,9.854401643958253,25.8,25.4,0.3067329881926624,-1.5641412544955888,-1.1219449237701258
DE60,DE,2002,80200,95143.1893135929,11.463138291745128,22691.036001582906,9.959200681673892,23.2,25.8,0.5133184222717625,-0.8082931928384276,-1.044858342002499
DE60,DE,2003,81600,95541.40127388535,11.467314953718176,21950.56440654714,10.029725235681875,25.8,23.2,0.645150036892999,-0.2996449398763159,-1.5459211234920698
DE60,DE,2004,83500,96649.11163840501,11.478842293061954,25987.462390031986,9.996548131455066,26.2,25.8,1.0089974748191277,-0.5389300561125402,-1.044858342002499
DE60,DE,2005,84800,97632.86359031042,11.488969432838536,27253.672875902354,10.165369484932205,25.4,26.2,1.328649195944031,0.6786697956940402,-0.9677717602348731
DE60,DE,2006,84900,97323.32206109933,11.485793931755666,27725.172719400132,10.212943575445568,26.5,25.4,1.2284180932865365,1.0217911151588075,-1.1219449237701258
DE60,DE,2007,85900,96689.59151743002,11.479261038806657,29941.864034868828,10.230096041934065,26.5,26.5,1.0222147109747504,1.1455008250050769,-0.9099568239091533
DE60,DE,2008,86600,96555.8764173979,11.477877149985858,31019.54754399571,10.307012915049262,27.6,26.5,0.9785338244487454,1.7002527647185066,-0.9099568239091533
DE60,DE,2009,82800,90532.36969571064,11.413462741932834,21747.85149193133,10.342372850679464,29.5,27.6,-1.0546341631209906,1.9552812400651096,-0.6979687240481809
DE60,DE,2010,84600,91857.67489332131,11.427995646143392,28757.264064706236,9.987270249657401,30.4,29.5,-0.5959194671324594,-0.6058454508137547,-0.33180746065195665
DE60,DE,2011,84800,90956.87056880223,11.4181407233559,24941.053326929938,10.266645677431763,32.2,30.4,-0.9069789666625313,1.4091098403871747,-0.15836265167479793
DE60,DE,2012,85400,90302.52402956509,11.41092069061538,24328.39045326976,10.124270452782032,31.2,32.2,-1.1348711398723932,0.3822489080234449,0.1885269662795209
DE60,DE,2013,88200,91438.76091148479,11.423424747540098,24764.827447630647,10.099399278770901,31.6,31.2,-0.740194715412238,0.20286912480005967,-0.00418948813954535
DE60,DE,2014,89400,90959.96337182683,11.418174725739934,24764.25105248529,10.117179677407943,33.6,31.6,-0.9059057198407718,0.3311077054038791,0.07289709362808128
DE60,DE,2015,92500,92500,11.434963923500517,25228.956933582995,10.117156402387982,34.9,33.6,-0.37597366805983273,0.3309398376533146,0.45833000246621236
DE60,DE,2016,92600,91453.17715843325,11.423582395243223,22778.693536148654,10.135747698473034,36.4,34.9,-0.7352187438401157,0.4650269000527837,0.7088613932109971
DE60,DE,2017,96600,94015.51353297842,11.451215085219815,18691.16324191268,10.033580884002204,35.7,36.4,0.13697588417849516,-0.27183662815059423,0.9979360748395953
DE60,DE,2018,97400,93052.58330785693,11.440920024262745,20991.445882152086,9.835806137245479,36.9,35.7,-0.1879760792201782,-1.698258685444917,0.8630345567462503
DE60,DE,2019,100300,93935.8464059939,11.450367343210589,21933.706518143208,9.951870294775377,37.1,36.9,0.11021786579451331,-0.8611625592869376,1.0942943020491283
DE60,DE,2020,96200,88540.37238497575,11.391213912116182,20814.167996747514,9.995779843005563,36.7,37.1,-1.7568933301518792,-0.5444712266042611,1.1328375929329417
DE60,DE,2021,106800,95715.22033321085,11.469132606939498,20945.945707787454,9.94338918749931,41.4,36.7,0.7025222064711417,-0.9223313317781092,1.0557510111653159
DE60,DE,2022,119300,100474.15717089029,11.51765583083624,21671.923241101802,9.949700384321112,38.1,41.4,2.234102926724373,-0.8768127279008543,1.961518346934923
DE60,DE,2023,115000,90778.48470974565,11.416177583975855,22288.809058042258,9.983772841912119,40,38.1,-0.9689432424090363,-0.6310700036600246,1.3255540473520073
DE71,DE,2000,69300,84641.2213740458,11.34617667721067,16060.637545942887,NA,26.8,NA,-1.400557433723559,NA,NA
DE71,DE,2001,71600,86214.16272321159,11.36458974388921,18198.912305953352,9.684126684467667,26.7,26.8,-0.6441381452208951,-0.4616776364543731,-1.215488006257365
DE71,DE,2002,72000,85415.33205210336,11.355280895888715,14878.192315737479,9.809117107869827,25.1,26.7,-1.0265509341519503,0.7461511759303537,-1.2481471466124114
DE71,DE,2003,75300,88165.04308729862,11.386965826553963,14522.727639319639,9.607651816849858,28.3,25.1,0.27508410190619237,-1.2006826419410748,-1.7706933922931474
DE71,DE,2004,76200,88199.54858498757,11.387357123897743,15234.081707745803,9.583470124684077,28.3,28.3,0.2911588201235671,-1.4343593008005546,-0.7256009009316744
DE71,DE,2005,77000,88652.48226950355,11.39247931189436,16586.745060684283,9.631290414430612,27.9,28.3,0.5015812265385603,-0.9722541074561676,-0.7256009009316744
DE71,DE,2006,79500,91133.14609961597,11.42007686009865,16138.456845204042,9.716359165061212,27.4,27.9,1.635304258206896,-0.15020322348873646,-0.8562374623518593
DE71,DE,2007,81500,91736.92326741033,11.426680230063264,17349.782902982493,9.688960326670804,27,27.4,1.9065744652590575,-0.41496835935301873,-1.0195331641270895
DE71,DE,2008,81400,90758.06397663036,11.415952607425965,18948.36266262907,9.761335272500322,27.7,27,1.465877604475515,0.2844175814915079,-1.1501697255472731
DE71,DE,2009,78100,85393.45499076087,11.355024737387259,14211.556815346486,9.849472803750126,29,27.7,-1.0370740715954758,1.136123230599132,-0.9215557430619511
DE71,DE,2010,80600,87514.52241609573,11.379560029043796,15153.33029131393,9.56181077282036,30,29,-0.029150286706744858,-1.6436616499445573,-0.49698691844635234
DE71,DE,2011,83500,89562.4845813088,11.402691812414854,16920.405564244553,9.625975607989213,31,30,0.9211165767552513,-1.023613053025265,-0.17039551489589197
DE71,DE,2012,82800,87553.2668577048,11.38000265121207,15281.557824477766,9.736275602390949,32.2,31,-0.010967115405279651,0.042256696176561234,0.1561958886545684
DE71,DE,2013,84500,87602.89452404155,11.380569318890482,15658.54240491281,9.634402009387502,32.5,32.2,0.012311916252215928,-0.9421856114938013,0.5481055729151219
DE71,DE,2014,87100,88619.83008597446,11.392110927418925,16838.482739059804,9.658771887621032,32,32.5,0.48644778203038896,-0.7066904408753393,0.646082993980259
DE71,DE,2015,88100,88100,11.386227811924272,16334.127025208343,9.73142218510654,32.3,32,0.24476603969299776,-0.00464367486845291,0.4827872922050288
DE71,DE,2016,90400,89280.42348944239,11.39953752098922,17357.972056058054,9.701011880624137,33.3,32.3,0.7915364846628813,-0.2985097243421656,0.580764713270166
DE71,DE,2017,91600,89149.28612443917,11.398067615681427,18033.822793256768,9.76180716434335,34.4,33.3,0.7311519356630595,0.28897764736556075,0.9073561168206263
DE71,DE,2018,91700,87607.00091715073,11.380616192876674,17867.19999786095,9.800004317753215,33.9,34.4,0.014237526358580629,0.658090905675531,1.2666066607261333
DE71,DE,2019,92800,86911.73027394051,11.372648288034853,17991.539387836463,9.790721908571808,34.8,33.9,-0.3130885522642663,0.5683915434965967,1.1033109589509031
DE71,DE,2020,90500,83294.21726445224,11.330134405150401,18845.50851583933,9.797656892368604,32.7,34.8,-2.05958312616492,0.635406863672294,1.397243222146317
DE71,DE,2021,96700,86663.50005825364,11.369788082872653,19690.821969316705,9.844029889462368,34.1,32.7,-0.4305874128035901,1.0835263314035577,0.711401274690352
DE71,DE,2022,101600,85567.26210027204,11.35705803687675,21379.355057398236,9.887907916283268,34.6,34.1,-0.9535449680514848,1.5075359761613303,1.168629239660996
DE71,DE,2023,107300,84700.27312483225,11.34687410524926,18909.417814351807,9.970181018427047,37.1,34.6,-1.3719066918378011,2.3025714720712527,1.3319249414362262
DE72,DE,2000,51200,62534.35114503817,11.043471303060274,15624.898062860124,NA,22.9,NA,-1.7411016492916545,NA,NA
DE72,DE,2001,52600,63336.10278269455,11.056210789666274,12188.193143760502,9.656620950606369,22.1,22.9,-1.2804762792453674,1.2765671102509544,-1.1420776098718115
DE72,DE,2002,53200,63112.439794054146,11.052673173220258,14140.835539048343,9.408222987023072,20.6,22.1,-1.4083869192047809,-1.453991529106947,-1.4101162325968273
DE72,DE,2003,54500,63811.352566504305,11.063686393417314,14250.387741197188,9.556822028160827,22.1,20.6,-1.010178672235022,0.17950976746439837,-1.912688650206234
DE72,DE,2004,56000,64818.56588922971,11.079347351940292,13524.24319312955,9.564539395235188,23.5,22.1,-0.44392078147125796,0.26434429281237953,-1.4101162325968273
DE72,DE,2005,57200,65856.12968591692,11.09522778842643,14150.375370374382,9.51223914600339,25.2,23.5,0.13027283866084716,-0.31057546627239924,-0.9410486428280483
DE72,DE,2006,58600,67174.87247091191,11.115054535021331,14493.309078488808,9.557496430661176,24.3,25.2,0.8471543559104808,0.18692325647682553,-0.3714665695373878
DE72,DE,2007,60600,68211.74907981676,11.130372102891716,15668.776402397996,9.581442379048305,24.6,24.3,1.4009961696914435,0.45015333816855857,-0.6730100201030312
DE72,DE,2008,61700,68793.27453756872,11.138861265328812,16166.385867335628,9.659425246940556,24.5,24.6,1.7079413166904336,1.307393834722331,-0.5724955365811497
DE72,DE,2009,57600,62979.03978832045,11.050557248243464,13666.744516533281,9.690689419075836,25.4,24.5,-1.4848930419057347,1.6510707880067537,-0.6060003644217773
DE72,DE,2010,59300,64387.235474869434,11.072670685534893,14886.632880492078,9.522720753333815,26,25.4,-0.6853309755221012,-0.19535453999113225,-0.3044569138561338
DE72,DE,2011,61400,65857.92279392047,11.09525501571114,16222.723482364161,9.608218967164042,27,26,0.1312573036148414,0.7444997287638119,-0.1034279468123707
DE72,DE,2012,60800,64290.32155734844,11.071164378792977,14748.083572959004,9.694168222474662,29.2,27,-0.7397949521215703,1.6893121509320441,0.23162033159390036
DE72,DE,2013,61800,64069.33587675465,11.067721148990998,14432.359131513409,9.5988684260696715,29.4,29.2,-0.8642928263878741,0.6417122485462342,0.9687265440876964
DE72,DE,2014,64400,65523.73200386632,11.090167676670774,12444.835518208092,9.57722812638258,25.8,29.4,-0.052687112710093374,0.40382741882996837,1.0357361997689505
DE72,DE,2015,65700,65700,11.092854204472703,11666.073898439043,9.429060998017533,27.2,25.8,0.04445046442903472,-1.2249260000375761,-0.1704376024936247
DE72,DE,2016,66900,66071.46384340372,11.098492220725271,11790.136479422565,9.36444024180741,28.1,27.2,0.2483058789355526,-1.935281115699476,0.29862998727515433
DE72,DE,2017,69700,67835.21007503723,11.12483666176782,13183.004095464465,9.37501856932723,28.6,28.1,1.2008495943291781,-1.8189969755941344,0.600173437840799
DE72,DE,2018,70800,67639.8654845613,11.121952814313929,13640.364830168834,9.486683710420477,27.5,28.6,1.0965774724070994,-0.5914981212203182,0.7676975770439346
DE72,DE,2019,72600,67993.44415827675,11.127166570073449,13330.864151200965,9.520788678119583,28.8,27.5,1.2850927752866448,-0.2165932192137963,0.3991444707970359
DE72,DE,2020,71500,65807.03352937388,11.094482004144483,13747.820110135333,9.4978372386185,30,28.8,0.10330729668332206,-0.4688909857144783,0.8347072327251885
DE72,DE,2021,75200,67394.98660166157,11.118325911369197,13392.82961347288,9.528635553081624,31,30,0.9654384742113689,-0.13033505545724056,1.2367651668127135
DE72,DE,2022,78100,65775.62175227604,11.09400455857801,13872.66733646641,9.502474739247873,31.3,31,0.08604415668913605,-0.4179124381213674,1.5718134452189847
DE72,DE,2023,84200,66465.63837009204,11.104440376860888,16473.021962514158,9.53767580458659,30.9,31.3,0.4633751125553028,-0.030958488545198684,1.672327928740866
DE73,DE,2000,49400,60335.87786259542,11.00768219520869,15919.45521120721,NA,19.9,NA,-2.439986320468613,NA,NA
DE73,DE,2001,51200,61650.350997603826,11.029234201968073,13441.300377915746,9.675297238411286,19.4,19.9,-1.7044917750986908,1.076056826068054,-1.5301156648740661
DE73,DE,2002,52500,62282.0129546587,11.039427946470237,14700.127188477763,9.506087363705952,19.3,19.4,-1.3566149596382546,-0.8269597371611574,-1.740850157641153
DE73,DE,2003,54900,64279.69276882727,11.0709990402636,14316.536486962586,9.595611425006796,21.3,19.3,-0.27920404678812866,0.17987140528683868,-1.7829970561945694
DE73,DE,2004,55100,63776.838937438515,11.063145377364012,14216.333846439446,9.569170545824901,22.6,21.3,-0.5472220688827558,-0.11749558418178047,-0.9400590851262223
DE73,DE,2005,55700,64129.13327806946,11.068654036973916,14870.06928491397,9.562146853410704,21.9,22.6,-0.35923080010591774,-0.19648744575322272,-0.3921494039317964
DE73,DE,2006,57600,66028.54358915573,11.09784240614021,15224.379208947152,9.607105698818865,22.3,21.9,0.636866062229428,0.309141599977015,-0.6871776938057191
DE73,DE,2007,59100,66523.33944912822,11.1053081342285,15324.902008320965,9.630653317293408,22,22.3,0.8916452272258119,0.5739695721015371,-0.5185900995920488
DE73,DE,2008,59100,65894.36831718494,11.095808258829521,16616.012078730742,9.637234366547164,23,22,0.56744773528692,0.647983253366494,-0.6450307952523011
DE73,DE,2009,57100,62432.34673460239,11.041838797203583,14251.974895681733,9.718122092489407,23,23,-1.2743410635749481,1.5576859672187044,-0.2235618097181276
DE73,DE,2010,58600,63627.18379135496,11.060796076114181,16354.493893986288,9.564650765264853,23.4,23,-0.6273954965348749,-0.16832723501133479,-0.2235618097181276
DE73,DE,2011,60600,64999.83910930914,11.082140073633314,15973.816670000153,9.702257994460739,24.8,23.4,0.10100042162599714,1.3792706036838,-0.05497421550445879
DE73,DE,2012,60300,63761.61825506762,11.062906693553996,15610.261923071057,9.678706202636727,24.6,24.8,-0.5553675117779301,1.1143956960410237,0.5350823642433851
DE73,DE,2013,61900,64173.00794128014,11.069337964217903,14217.875600435213,9.655683792553274,26.3,24.6,-0.335890757436191,0.8554744729707936,0.45078856713655063
DE73,DE,2014,63500,64608.027674619734,11.076093949459112,12287.687091899705,9.562255297009262,22.5,26.3,-0.10533263127256623,-0.19526783629135644,1.1672858425446453
DE73,DE,2015,65500,65500,11.089805421623343,12876.67726284089,9.416352990536836,23.1,22.5,0.3625919150758542,-1.8361561491861211,-0.4342963024852144
DE73,DE,2016,68100,67256.60220830783,11.116270466746556,13618.719897472147,9.463172989889179,24.1,23.1,1.2657512611361574,-1.3095956608396355,-0.18141491116470965
DE73,DE,2017,68100,66278.01730430467,11.101613557156808,12261.50317528208,9.519200588316712,25.6,24.1,0.7655622450694292,-0.6794820342488459,0.24005407436946388
DE73,DE,2018,69200,66111.28095383676,11.099094676237879,13138.005351425221,9.414219810072494,25.4,25.6,0.6796016569445149,-1.860146934375641,0.8722575526707242
DE73,DE,2019,72000,67431.51486771247,11.118867767258754,13307.292510668689,9.483264480776526,25.8,25.4,1.3543880354623512,-1.0836369807970354,0.7879637555638883
DE73,DE,2020,70300,64702.57981978997,11.07755635326114,14467.413889817999,9.496067473016184,28.1,25.8,-0.05542590882539769,-0.9396483020429548,0.9565513497775586
DE73,DE,2021,74000,66319.53468780527,11.102239773617574,14718.057519222113,9.579654081456408,26.9,28.1,0.7869328207311999,4.073572553052235e-4,1.9259300165061581
DE73,DE,2022,80000,67375.79692934806,11.118041136406251,16276.2945307395,9.596830421565748,25.9,26.9,1.3261780181847032,0.1935808335707704,1.4201672338651485
DE73,DE,2023,84300,66544.57618288312,11.105627320620416,15013.21161229999,9.69746500497281,27.4,25.9,0.9025379414325078,1.3253663123485897,0.9986982483309751
DE80,DE,2000,38700,47267.17557251908,10.76357137105055,16380.041212251026,NA,27.8,NA,-1.526068218052948,NA,NA
DE80,DE,2001,40200,48405.15840046237,10.787361665547586,14609.20178478554,9.703818873414336,28.6,27.8,-1.2330642068271886,1.8529979861774577,0.8725322553938195
DE80,DE,2002,41000,48639.28630744774,10.792186843576967,12861.168641942002,9.589406868398378,27,28.6,-1.1736367576351088,0.9621025916659691,1.4876507802691568
DE80,DE,2003,42100,49292.806294492315,10.80553343243645,12543.107962604765,9.461967867841807,27.5,27,-1.0092586297184285,-0.030230500138157812,0.2574137305184823
DE80,DE,2004,42700,49424.15649053765,10.808194581439722,12843.252649295096,9.43692662738656,30.5,27.5,-0.9764836116317385,-0.22521987901777998,0.6418628085655678
DE80,DE,2005,43000,49507.23035829419,10.80987400573424,13023.444862789875,9.460573866759646,26.7,30.5,-0.955799628299573,-0.04108521021747478,2.94855727684808
DE80,DE,2006,44000,50438.47079727174,10.828509472356625,13366.519526375141,9.474506463162347,26.1,26.7,-0.7262830717852056,0.06740415649734786,0.02674428369023051
DE80,DE,2007,45400,51102.53148883962,10.84158931486375,11422.19664915199,9.500508316564103,25,26.1,-0.5651902227132384,0.2698735690485534,-0.43459460996627036
DE80,DE,2008,46100,51399.83721526609,10.847390284420072,11625.010856465136,9.343313815777005,26.6,25,-0.49374481251822677,-0.9541575697661504,-1.2803825816698593
DE80,DE,2009,45500,49749.06788834341,10.814747006498525,10004.801180199463,9.360914164344596,26.5,26.6,-0.8957831887880984,-0.8171084071500753,-0.05014553191918494
DE80,DE,2010,47100,51140.62041933137,10.842334380553586,10992.679482128375,9.21082037477635,27.1,26.5,-0.5560139077342106,-1.9858482247284366,-0.1270353475286031
DE80,DE,2011,49700,53308.448906479614,10.883850113660626,12330.17988987226,9.30498482861131,27.4,27.1,-0.044701349965909555,-1.2526150449012508,0.3343035461279005
DE80,DE,2012,50700,53610.514851275766,10.889500500417993,12367.077169434433,9.419805185660419,26.7,27.4,0.024889465107505948,-0.3585399233530623,0.5649729929561496
DE80,DE,2013,52200,54116.81768230733,10.898900279415946,10888.198827591454,9.422793153670387,26.3,26.7,0.14065822750676144,-0.33527342314045727,0.02674428369023051
DE80,DE,2014,54100,55044.004680266575,10.915888229412902,11736.61621085587,9.295434805332043,24.1,26.3,0.3498837792220119,-1.3269784978954537,-0.2808149787474367
DE80,DE,2015,54900,54900,10.913268627497622,11919.65535810447,9.370468824481904,25.5,24.1,0.31762045986347265,-0.7427088481941523,-1.972390922154612
DE80,DE,2016,56000,55306.457028858116,10.920644944326238,12890.185457204934,9.385944027290655,25.8,25.5,0.4084680287796822,-0.6222076218628344,-0.8959335036227739
DE80,DE,2017,59900,58297.404354300284,10.973312849122745,12902.850313749208,9.464221483510487,26.5,25.8,1.0571320194736773,-0.012682203349320176,-0.6652640567945222
DE80,DE,2018,59800,57130.84683583003,10.953099474570841,14469.838952980774,9.465203520497104,25.5,26.5,0.8081817668883481,-0.005035346461400788,-0.1270353475286031
DE80,DE,2019,63400,59377.19503629127,10.991665509685879,15751.125656079024,9.57982168984561,26,25.5,1.2831655039407437,0.8874653940481224,-0.8959335036227739
DE80,DE,2020,62500,57523.63070749464,10.959951111186877,14738.92433822184,9.664667111927145,27.3,26,0.8925673137847849,1.5481337895305567,-0.5114844255756885
DE80,DE,2021,66500,59597.96022620338,10.995376628075212,13456.796728109219,9.598247187383175,27.3,27.3,1.3288720660996822,1.0309397689225825,0.4880831773467341
DE80,DE,2022,73800,62154.17266732359,11.037373233338796,16203.2228740483,9.507239590337214,25.5,27.3,1.846107100816375,0.32228818063432346,0.4880831773467341
DE80,DE,2023,77800,61413.61835146272,11.025386886796952,13848.905911514197,9.69296544427646,27,25.5,1.6984818741870915,1.7684852636511625,-0.8959335036227739
DE91,DE,2000,61300,74870.22900763359,11.223511613956978,22342.697040686595,NA,19.1,NA,-1.0932743926753246,NA,NA
DE91,DE,2001,62700,75497.59780370625,11.231856117561485,20849.51190654989,10.01425479231419,18.6,19.1,-0.9665909303489891,0.9539900617500232,-1.1797877109382178
DE91,DE,2002,61300,72721.66464991577,11.194394619814824,19622.8484795077,9.945085817195135,18.7,18.6,-1.53531885754577,0.3033504342281441,-1.2947670217499931
DE91,DE,2003,61900,72475.6463094792,11.191005871438666,21315.965769114406,9.884449905023182,20,18.7,-1.5867657017909635,-0.2670227315170955,-1.2717711595876386
DE91,DE,2004,62700,72573.64430811969,11.192357108844018,18862.296850563424,9.967211637537845,20.2,20,-1.566251667517866,0.5114774952640833,-0.9728249514770222
DE91,DE,2005,66400,76448.37432071475,11.244370946523066,17273.561452334245,9.844920333001589,20.2,20.2,-0.7765949835057526,-0.6388586011676053,-0.9268332271523122
DE91,DE,2006,68800,78867.42706482491,11.27552358337766,16775.630152086665,9.756932371786931,21.8,20.2,-0.30364607193675225,-1.4665194738721292,-0.9268332271523122
DE91,DE,2007,72500,81606.46548327913,11.309663771677076,17984.57857223677,9.727682526087342,21.5,21.8,0.2146588462739878,-1.7416588507140736,-0.5588994325546304
DE91,DE,2008,73000,81392.36695692895,11.30703677556586,18137.165244348063,9.797269923674857,21.7,21.5,0.17477667009433787,-1.0870833221822833,-0.6278870190416959
DE91,DE,2009,68200,74568.9325271433,11.219479245391035,16659.689660641758,9.805718440473425,21.2,21.7,-1.1544924633384628,-1.007612145784612,-0.5818952947169858
DE91,DE,2010,74600,80999.79370025733,11.30220188674093,17695.815227887597,9.720747287734714,22,21.2,0.10137500531773677,-1.8068953370255019,-0.6968746055287612
DE91,DE,2011,78500,84199.46155248792,11.340943805346408,20171.144044938716,9.781083462805501,23.9,22,0.6895418536676294,-1.2393416555291097,-0.5129077082299204
DE91,DE,2012,77900,82371.9744953527,11.319000542697559,19753.303758487666,9.912008349465598,25.2,23.9,0.356406580577091,-0.007793561267955841,-0.07598632714517393
DE91,DE,2013,78200,81071.5544589355,11.303087432078618,20596.74512534151,9.891076035250478,25.7,25.2,0.11481905840253501,-0.20469387821864837,0.22295988096544242
DE91,DE,2014,81700,83125.60411049498,11.328108045426424,21670.570157890626,9.932888338669587,25.3,25.7,0.4946736403715212,0.1886145592074558,0.3379391917772179
DE91,DE,2015,78200,78200,11.267024926533402,20279.718047612718,9.98371040511601,26.2,25.3,-0.4326698371817693,0.6666735491762655,0.24595574312779786
DE91,DE,2016,91500,90366.80032393782,11.411632225872564,22071.521634016233,9.917376554630795,25.1,26.2,1.76270980745665,0.042702589688933784,0.45291850258899335
DE91,DE,2017,89500,87105.47061285269,11.374874969282152,21878.418301825237,10.002043442683656,27.2,25.1,1.2046734339117815,0.8391237078467703,0.19996401880308784
DE91,DE,2018,94000,89804.34118006726,11.40538859588426,21592.894691129422,9.993255964243973,28.5,27.2,1.6679211055887777,0.7564640806221301,0.6828771242125443
DE91,DE,2019,95300,89253.10231795831,11.399231458902854,24154.162847886062,9.980119590071757,29.2,28.5,1.5744455116180665,0.6328964611267223,0.9818233323231607
DE91,DE,2020,90400,83202.17945532025,11.329028821842652,22481.51771868005,10.092212018879582,32,29.2,0.5086525599052368,1.6872965878022212,1.1427943674596461
DE91,DE,2021,91900,82361.69240282844,11.318875709775046,23153.43931748158,10.020448815904807,31.2,32,0.35451140890652094,1.0122542935811834,1.786678508005589
DE91,DE,2022,94400,79503.44037663071,11.283555574883824,21479.48422013325,10.049898615109326,32.8,31.2,-0.18170706374614573,1.2892745378748385,1.6027116107067478
DE91,DE,2023,104500,82490.01436668193,11.320432527017472,23108.475829324467,9.974853536236427,34.4,32.8,0.3781464874956536,0.5833611991103099,1.9706454053044289
DE92,DE,2000,51200,62534.35114503817,11.043471303060274,18028.153599364687,NA,23,NA,-1.8040655227312956,NA,NA
DE92,DE,2001,52600,63336.10278269455,11.056210789666274,17289.31259417166,9.799689903818878,20.5,23,-1.4847122039219478,0.8568516385238515,-0.7093455757057887
DE92,DE,2002,52800,62637.910171542455,11.045125967584875,16059.454190143999,9.757843820464876,19.2,20.5,-1.7625864094993275,0.5453055490871078,-1.566223109384
DE92,DE,2003,54200,63460.09741476208,11.058166600193715,16104.085736338406,9.684053001253488,22.1,19.2,-1.4356839657976197,-0.004070624715372104,-2.01179942689667
DE92,DE,2004,54500,63082.35430291105,11.052196362874342,14449.618696813066,9.686828291221154,24.1,22.1,-1.5853458133263212,0.016591541661461703,-1.0178214878299443
DE92,DE,2005,56500,65050.19802892143,11.082914528193072,13306.872750301836,9.578423305428613,23.1,24.1,-0.8153031620274511,-0.7904887557561859,-0.33231946088737524
DE92,DE,2006,59600,68321.20135266808,11.131975412509668,14365.014539766928,9.496035928884496,22.4,23.1,0.41455457987303423,-1.403866709533485,-0.6750704743586597
DE92,DE,2007,60200,67761.50651163315,11.123749562131223,14725.254955387902,9.57255098357904,22,22.4,0.20834904745007252,-0.8342084724300617,-0.9149961837885598
DE92,DE,2008,61800,68904.77093066041,11.140480698881115,14207.924513703774,9.597319322827476,22.7,22,0.6277650108857169,-0.6498070036136345,-1.0520965891770733
DE92,DE,2009,59300,64837.79617096185,11.0796439865453,13035.376142294906,9.56155515227469,24.7,22.7,-0.8972890663125146,-0.9160729617299539,-0.8121708797471743
DE92,DE,2010,61700,66993.12696120479,11.112345310442556,14224.211493744948,9.475422182283825,26,24.7,-0.0775326162268363,-1.5573370376344422,-0.12666885280460524
DE92,DE,2011,64100,68753.95522948376,11.13828954448467,15258.981750968424,9.562700826438489,26.2,26,0.5728371750811667,-0.9075433628549425,0.31890746470806486
DE92,DE,2012,64700,68414.20731513889,11.133335791327712,15627.818482219127,9.632923575939019,26.6,26.2,0.4486565420490898,-0.38473163848614905,0.3874576674023215
DE92,DE,2013,64200,66557.46542536648,11.105820995223269,14864.99884547766,9.656807841199594,27,26.6,-0.24108408283433766,-0.20691214273899622,0.524558072790836
DE92,DE,2014,67300,68474.33484254972,11.134214280211149,15211.681477614362,9.606764657765035,25.2,27,0.47067849231595515,-0.5794860338272098,0.6616584781793493
DE92,DE,2015,68200,68200,11.130199843831553,15623.858167174147,9.629818929939523,26,25.2,0.3700446425681196,-0.4078458762523445,0.044706653931037
DE92,DE,2016,70800,69923.16352934205,11.155152254290762,15993.399617377605,9.656554394633472,25.4,26,0.9955514105322606,-0.20879906453018063,0.31890746470806486
DE92,DE,2017,72200,70268.32377930685,11.160076389900121,17085.100066868024,9.679931392196622,25.7,25.4,1.1189895911866958,-0.034756201021071645,0.11325685662529367
DE92,DE,2018,73300,70028.27881381841,11.156654422506861,17450.43879978097,9.745962021533588,27.4,25.7,1.0332077478759694,0.45684498848454863,0.21608216066667926
DE92,DE,2019,75200,70428.47108405526,11.162352879198492,19074.008189632066,9.767120073433668,28.3,27.4,1.1760566014323297,0.6143676955395032,0.7987588835678626
DE92,DE,2020,73900,68015.94094854167,11.127497382398678,17693.54962725734,9.856081859499785,28.3,28.3,0.30229936724937073,1.2766924422485855,1.1072347956920194
DE92,DE,2021,78400,70262.85837194504,11.159998607769767,21398.24323104953,9.78095542430339,30.2,28.3,1.11703974954543,0.7173725436392141,1.1072347956920194
DE92,DE,2022,81500,68639.09312177335,11.136617521979186,21793.94423560417,9.971064105633179,30.5,30.2,0.5309229321635268,2.1327407570805588,1.7584617212874596
DE92,DE,2023,87600,69149.52400498887,11.144026453554952,20661.607242238642,9.989387422829518,31,30.5,0.716649952468869,2.2691587288590926,1.8612870253288452
DE93,DE,2000,47200,57648.854961832054,10.962125663606322,15504.724936559745,NA,19.8,NA,-1.1502337688453723,NA,NA
DE93,DE,2001,48000,57797.20406025358,10.964695680830502,14820.293956840125,9.648900091071464,21,19.8,-1.082070742759419,1.0113781645377438,-0.8154251630762899
DE93,DE,2002,48200,57180.81951265808,10.953973797929214,13670.014320304464,9.603752733797771,21.1,21,-1.3664408150745122,0.6083982665710639,-0.3706478013983137
DE93,DE,2003,48600,56903.33458224054,10.949109222654563,14666.669785507385,9.522959977289098,20.1,21.1,-1.4954610287226562,-0.11274819117039292,-0.33358302125848177
DE93,DE,2004,49700,57526.477226691364,10.960000594307726,13248.173097544677,9.593332836880498,21.3,20.1,-1.206595707851802,0.5153915160077723,-0.7042308226567955
DE93,DE,2005,50500,58142.21239753155,10.970647226321992,12684.546588114372,9.491614942477536,17.9,21.3,-0.924221469699538,-0.392530213704971,-0.25945346097881933
DE93,DE,2006,52400,60067.63340402362,11.003226429765359,13381.430914454962,9.448139727454022,18.2,17.9,-0.06014278832862989,-0.7805847704323423,-1.5196559857330867
DE93,DE,2007,53900,60670.18606274131,11.013207687731398,13778.909403722771,9.501623272243233,18,18.2,0.20458413284089658,-0.3031970621907552,-1.4084616453135923
DE93,DE,2008,54100,60319.54866260077,11.007411520269905,13029.065442065721,9.5308943980193,19.1,18,0.05085585811992306,-0.04192650305035821,-1.4825912055932549
DE93,DE,2009,52300,57184.09341890902,10.954031051612496,10919.739494659436,9.474937943990664,20.3,19.1,-1.3649223099569687,-0.541387102667244,-1.0748786240551091
DE93,DE,2010,53800,58415.40081868423,10.975334846698953,11364.309736481608,9.298327393213924,21.3,20.3,-0.799894524716587,-2.1177917037250276,-0.630101262377133
DE93,DE,2011,56100,60173.11838337034,11.004980993086695,12627.682116881364,9.338232998540834,22.9,21.3,-0.013607557235044893,-1.761599055162033,-0.25945346097881933
DE93,DE,2012,57300,60589.39844138266,11.01187521354155,13483.195554562792,9.443646676481832,22.8,22.9,0.16924371873513103,-0.8206892047042299,0.33358302125848177
DE93,DE,2013,58100,60233.469489311414,11.005983448385217,13077.640042740924,9.509199415316093,23.2,22.8,0.012979963665705134,-0.23557331748352653,0.2965182411186512
DE93,DE,2014,59500,60538.23065574604,11.01103035611205,13324.787024392821,9.478659183865764,21.6,23.2,0.14683607163294563,-0.5081717617097109,0.44477736167797616
DE93,DE,2015,60900,60900,11.016988453697989,12961.58688680366,9.4973812657463,23,21.6,0.3048591219658571,-0.34106070357611445,-0.14825912055932494
DE93,DE,2016,61500,60738.34120133526,11.01433042840356,14033.749807463491,9.46974540737991,22.5,23,0.23436191059442327,-0.5877350618823197,0.3706478013983137
DE93,DE,2017,63200,61509.114443936196,11.026940645154154,13934.499127740042,9.549220408053456,23.1,22.5,0.5688151295196435,0.12164926527050302,0.18532390069915686
DE93,DE,2018,65200,62289.81962702537,11.039553282546862,14620.505620551567,9.542122995799671,23.5,23.1,0.903332549684486,0.05829861445568324,0.4077125815381456
DE93,DE,2019,67500,63217.04518848045,11.054329246121183,14772.956450671249,9.590180316874804,24,23.5,1.2952265732286132,0.48725250041643026,0.5559717020974705
DE93,DE,2020,67400,62033.48335496222,11.035429572362784,15780.079290606714,9.600553521417124,26.9,24,0.7939618566775702,0.5798424804391923,0.7412956027966274
DE93,DE,2021,71100,63720.52589598587,11.062262017222599,16702.507250683015,9.666503619140519,26.7,26.9,1.505622705376043,1.168505145461933,1.8161742268517365
DE93,DE,2022,77100,64933.4242906592,11.081117782301654,17950.318621188675,9.723314121907187,27.7,26.7,2.0057228583485127,1.6755888817161322,1.7420446665720741
DE93,DE,2023,80000,63150.25023286655,11.053272090286487,14588.287329002356,9.795363144242936,27.3,27.7,1.2671882628004503,2.3186898165825243,2.112692467970388
DE94,DE,2000,48700,59480.916030534354,10.993410801103357,15010.984059941607,NA,17.9,NA,-1.067675080938533,NA,NA
DE94,DE,2001,49700,59844.18837072089,10.999499603025193,14149.50424298729,9.616537482767773,18,17.9,-0.8734657317531744,-0.3440852390294326,-1.060272919463175
DE94,DE,2002,49400,58604.40838019314,10.978565201066536,12964.438377747434,9.557434866626327,17.2,18,-1.5411925903647505,-0.6453855685302413,-1.0239838165648814
DE94,DE,2003,49700,58191.2701386287,10.971490624850698,13160.20123281447,9.469965378696468,18.6,17.2,-1.766844345878864,-1.091297902959917,-1.314296639751227
DE94,DE,2004,51600,59725.67856936165,10.99751733369266,12462.95010003578,9.484952496009699,20.1,18.6,-0.9366924949035319,-1.0148947979952103,-0.8062491991751217
DE94,DE,2005,52400,60329.74118080501,11.007580481367674,11292.968091026647,9.430515529969831,17.6,20.1,-0.6157168110482362,-1.2924100227964759,-0.261912655700724
DE94,DE,2006,54300,62245.65827936035,11.038844065378253,12570.675220414432,9.331935518166384,18.5,17.6,0.3814712042363682,-1.794962904169576,-1.1691402281580536
DE94,DE,2007,55400,62358.595693429845,11.040656803569686,12895.443234247148,9.439122016960566,18.5,18.5,0.43929057640859104,-1.2485348521957924,-0.8425383020734154
DE94,DE,2008,55900,62326.48373825107,11.040141714578523,12487.237100206556,9.464629290291388,19.7,18.5,0.4228612198569272,-1.1185008475952,-0.8425383020734154
DE94,DE,2009,53400,58386.81813708875,10.974845426507768,16394.875649810932,9.432462369698678,21,19.7,-1.6598390836237578,-1.2824851922207372,-0.4070690672938975
DE94,DE,2010,56100,60912.71349308896,11.017197192059864,16622.99242637586,9.704724104608992,20.3,21,-0.3089807488786913,0.10548298574648224,0.06468927038391413
DE94,DE,2011,57900,62103.806673745865,11.036562565136993,17945.953631549764,9.718542101924205,21.3,20.3,0.3087001266566681,0.17592601206110528,-0.1893344499041379
DE94,DE,2012,58600,61964.02702731282,11.034309286403824,17681.63681818472,9.795119944078323,22.2,21.3,0.23682920657751338,0.5663136222859646,0.17355657907879393
DE94,DE,2013,58900,61062.84600551536,11.019658875184893,17473.94787793215,9.780281912120419,22.3,22.2,-0.23046253072186063,0.4906705423356531,0.5001585051634321
DE94,DE,2014,60200,61250.44513404894,11.022726395875242,17734.85747581155,9.768466358018072,20.6,22.3,-0.13262042573419602,0.4304358086353434,0.5364476080617258
DE94,DE,2015,61200,61200,11.021902468500418,18289.433650268707,9.783287330852428,20.8,20.6,-0.15890053819225183,0.5059919225614464,-0.08046714120925809
DE94,DE,2016,62800,62022.24109664803,11.035248327065242,17723.147251715134,9.814078775911977,20,20.8,0.2667809898763865,0.6629642048043336,-0.007888935412671983
DE94,DE,2017,64800,63066.307214668755,11.05194194735957,18410.757262416057,9.782626818530195,20.6,20,0.7992432336032261,0.5026246844708055,-0.2982017585990177
DE94,DE,2018,65500,62576.42922653623,11.04414395625546,17725.107535188887,9.82069040659226,21.5,20.6,0.5505173271402268,0.696669760202072,-0.08046714120925809
DE94,DE,2019,67400,63123.39030671974,11.05284666616096,19486.53589666187,9.782737418247306,22.8,21.5,0.8281002816513217,0.5031885128321164,0.24613478487538004
DE94,DE,2020,67100,61757.369927566244,11.030968598422158,18803.23090931362,9.877479039231975,25,22.8,0.13027411625276591,0.9861735900375811,0.7178931225531917
DE94,DE,2021,70800,63451.6629175218,11.058033681113079,22815.630521046995,9.841783990930724,26.5,25,0.9935460969361178,0.8042031373426402,1.5162533863156413
DE94,DE,2022,78600,66196.72048308447,11.100386201167531,22030.39401794541,10.03520112922977,27.9,26.5,2.344428497402707,1.790227975247219,2.060589929790039
DE94,DE,2023,81900,64650.06867589713,11.07674444647163,19001.13572772679,10.000178325153712,27.5,27.9,1.5903475054385743,1.611684568929901,2.5686373703661434
DEA1,DE,2000,57300,69984.73282442748,11.156032394735506,15360.112874346776,NA,19,NA,-2.1938118200081544,NA,NA
DEA1,DE,2001,59700,71885.27254994039,11.182826690321166,14381.089122523283,9.639529355264948,19.3,19,-1.0821369059310333,3.226916293124576,-1.2647836042661347
DEA1,DE,2002,60600,71891.23781052032,11.182909669947929,12683.171730383972,9.57366936710821,18,19.3,-1.078694144423954,2.0779255488182438,-1.1782061551645835
DEA1,DE,2003,61800,72358.56125889847,11.189389056211759,12530.562848465115,9.44803133317792,19.5,18,-0.8098693438208309,-0.1139506139165145,-1.5533751012713044
DEA1,DE,2004,63200,73152.38150355924,11.200299962357954,12192.007496851718,9.43592596695028,19.9,19.5,-0.3571841588791925,-0.3251403535638029,-1.1204878557635498
DEA1,DE,2005,64000,73685.18006815879,11.207556973400349,13123.724748583445,9.408535892825494,20.3,19.9,-0.05609629854639659,-0.8029865016734499,-1.0050512569614825
DEA1,DE,2006,65400,74969.9088668539,11.224842096901517,12618.65910932115,9.4821769207266,19.1,20.3,0.6610503090791889,0.481751953763364,-0.8896146581594139
DEA1,DE,2007,68500,77104.03980144304,11.252910955084626,12955.79766568439,9.44293187920776,20.5,19.1,1.825605854463685,-0.20291548586250382,-1.2359244545656174
DEA1,DE,2008,70400,78493.46073654518,11.270770597581466,12902.406113722995,9.46929866313349,21.9,20.5,2.566588817596625,0.25707838197253224,-0.8318963587583802
DEA1,DE,2009,67500,73803.56225193803,11.209162278420104,11985.980260885659,9.46516909340063,23.1,21.9,0.010506583929030982,0.18503407200803013,-0.4278682629511431
DEA1,DE,2010,68400,74267.90736055766,11.215434204159719,12409.688364133315,9.391492934169257,23,23.1,0.27072400540943753,-1.1003172832248942,-0.08155846654493872
DEA1,DE,2011,70100,75189.58286406883,11.227767974598589,12859.47271287911,9.426232766209967,24.2,23,0.7824427460288362,-0.4942475496783558,-0.11041761624545608
DEA1,DE,2012,69600,73595.499677491,11.20633915716123,12589.240148596187,9.461835994842067,24.9,24.2,-0.10662256667151854,0.1268849665976842,0.23589218016074728
DEA1,DE,2013,70300,72881.46136142155,11.196589583343972,11914.18481176707,9.440597771650419,24.6,24.9,-0.5111249578965168,-0.24363623384106245,0.4379062280643658
DEA1,DE,2014,72500,73765.07096708553,11.208640605421095,12579.745849284502,9.385484970219325,23.8,24.6,-0.011137231430665364,-1.2051319842869292,0.3513287789628158
DEA1,DE,2015,74200,74200,11.214519429155471,12274.022264230203,9.439843327290774,24.8,23.8,0.2327706872863524,-0.2567982402517375,0.12045558135867983
DEA1,DE,2016,75000,74071.1478065064,11.212781367127398,12295.597381497888,9.415240296881747,26.5,24.8,0.1606598176595816,-0.6860217341063636,0.40904707836384946
DEA1,DE,2017,77300,75231.8757360169,11.228330299594719,13021.65265406594,9.416996540822376,26.1,26.5,0.8057731817836301,-0.6553823718926118,0.8996526232726376
DEA1,DE,2018,78900,75378.32467135432,11.230275041466083,13067.811697788575,9.47436883966329,25.9,26.1,0.886459040676227,0.345532480853871,0.7842160244705703
DEA1,DE,2019,79100,74081.01147272301,11.212914523016307,12731.591070370125,9.477907363203965,26.5,25.9,0.16618435406280063,0.407265422364114,0.7264977250695355
DEA1,DE,2020,77800,71605.41550468933,11.178925985628867,12503.046161272961,9.451841669630614,28.9,26.5,-1.2439741723666726,-0.047475635111173094,0.8996526232726376
DEA1,DE,2021,82000,73489.21411351395,11.204893927677658,13199.764683496454,9.433727586503938,29.3,28.9,-0.16658403708358493,-0.36349321174076665,1.5922722160850444
DEA1,DE,2022,87700,73860.7173837978,11.209936401110507,11922.175259947298,9.487954281407715,28.7,29.3,0.04262434468852552,0.5825435593330909,1.707708814887113
DEA1,DE,2023,91700,72385.97432942328,11.189767834875026,12356.733416349554,9.386155412220997,29.3,28.7,-0.7941541056054748,-1.1934354796856506,1.5345539166840108
DEA2,DE,2000,60800,74259.54198473282,11.215321559986934,16761.302750187555,NA,22.3,NA,-0.3427459614080851,NA,NA
DEA2,DE,2001,61800,74413.90022757648,11.217398034386255,16460.182396051234,9.72682810074007,23.1,22.3,-0.22382448399240457,2.631854419203219,-1.5495053664725804
DEA2,DE,2002,64100,76043.37200749757,11.239059140799283,15333.001733257448,9.708699555339242,22.1,23.1,1.0167257380274402,2.3668019304413397,-1.3241227677129321
DEA2,DE,2003,63600,74466.09216935182,11.218099162094191,13831.719431372287,9.63776276047737,24.2,22.1,-0.18367029624411682,1.3296545141863225,-1.6058510161624924
DEA2,DE,2004,64500,74657.09821170206,11.22066088500687,13645.396850571968,9.534719743132843,24,24.2,-0.03695821850066179,-0.1769091726858558,-1.0142216944184168
DEA2,DE,2005,64600,74375.9786312978,11.216888300829234,13712.853452917738,9.521157516674949,25.8,24,-0.2530173638608354,-0.3751987649469676,-1.0705673441083285
DEA2,DE,2006,67100,76918.6679658394,11.250503882416,13367.357354415104,9.526088880216122,24.7,25.8,1.6721759483195389,-0.303098651524857,-0.5634564968991201
DEA2,DE,2007,69400,78117.08557985615,11.265964077329206,13461.931056003354,9.50057099569171,25.9,24.7,2.55759462760332,-0.6761886403567698,-0.8733575701936367
DEA2,DE,2008,67800,75594.55451616141,11.23313952936382,13811.206213355146,9.5076210591790975,26.4,25.9,0.6777044922743687,-0.5731115962837263,-0.5352836720541647
DEA2,DE,2009,66700,72928.85336598913,11.197239633463198,12548.94745616351,9.533235586061613,27.5,26.4,-1.3783134682495968,-0.19860862604768875,-0.3944195478293847
DEA2,DE,2010,68000,73833.59211283509,11.20956908470732,12966.970828527921,9.437392073008029,27.2,27.5,-0.6721951755533504,-1.5999103358569302,-0.08451847453486823
DEA2,DE,2011,69500,74546.02010061032,11.219171933128791,14637.614582542492,9.470160697876262,27.9,27.2,-0.12223177506361407,-1.120809261689502,-0.16903694906973646
DEA2,DE,2012,69600,73595.499677491,11.20633915716123,13184.807127156633,9.591349835888485,28.8,27.9,-0.8571759082088636,0.6510638770996877,0.028172824844955407
DEA2,DE,2013,71000,73607.1658131,11.206497661568669,13403.133241801333,9.486820470478394,29.3,28.8,-0.8480982242673994,-0.8772312970613774,0.28172824844956007
DEA2,DE,2014,73300,74579.03037086026,11.219614652453073,13790.585456082787,9.503243782621453,28.3,29.3,-0.0968768580267074,-0.6371105559327263,0.42259237267434013
DEA2,DE,2015,75300,75300,11.229235413787984,13583.507701249637,9.531741425004558,28.5,28.3,0.45411243044501753,-0.22045434494168265,0.14086412422478004
DEA2,DE,2016,75400,74466.1939281411,11.218100528605,13652.57001053473,9.516611666820321,30.3,28.5,-0.18359203499307244,-0.441662388523293,0.19720977391469185
DEA2,DE,2017,77800,75718.49847687082,11.234777775185687,13992.125578817111,9.521683062050863,30.3,30.3,0.7715282415921125,-0.36751491018843047,0.7043206211239003
DEA2,DE,2018,80000,76429.22653622745,11.244120448288136,14185.29757158305,9.546249991702267,30.5,30.3,1.306591177460008,-0.008328571661504532,0.7043206211239003
DEA2,DE,2019,80500,75392.17981737298,11.230458832667216,13890.028129722052,9.559961324927963,30.9,30.5,0.5241786834477187,0.19214106974438777,0.760666270813812
DEA2,DE,2020,79200,72893.9448325372,11.196760853264902,13667.679072260535,9.538926460924312,32.2,30.9,-1.4057336226022883,-0.11540390596452249,0.8733575701936357
DEA2,DE,2021,83100,74475.0450345489,11.218219382274807,14788.667798987295,9.522789132732749,34.8,32.2,-0.17678518294886178,-0.3513433541976856,1.239604293178065
DEA2,DE,2022,88000,74113.37662228286,11.213351316210575,14067.479080452918,9.60161647720485,34.4,34.8,-0.4555835195452596,0.8011696231461336,1.9720977391469197
DEA2,DE,2023,91800,72464.91214221437,11.190857753239051,12300.610895649528,9.551620964222833,37,34.4,-1.7438092457048142,0.07019894404214384,1.859406439767096
DEA3,DE,2000,48900,59725.19083969465,10.99750916749564,13869.77497313688,NA,18.8,NA,-2.267310043283612,NA,NA
DEA3,DE,2001,51000,61409.529314019426,11.025320302646936,13643.70760640967,9.537467289178483,17.9,18.8,-1.3327530181533327,1.8660810050429855,-1.2497523615842334
DEA3,DE,2002,51200,60739.79168149571,11.01435430891812,12209.11343482899,9.521033713113193,19.4,17.9,-1.701250974854727,1.601081526363017,-1.5599426959342777
DEA3,DE,2003,52200,61118.39640314724,11.020568186636707,12136.305413879407,9.409937954708418,19.9,19.4,-1.492441695995253,-0.1903920971413427,-1.0429588053508718
DEA3,DE,2004,53800,62272.12222929568,11.039269128372883,12406.974163547433,9.403956686654313,20.2,19.9,-0.8640208717096661,-0.28684297976638573,-0.8706308418230698
DEA3,DE,2005,55000,63323.20162107396,11.056007075273149,12036.356661701035,9.426014026031373,19.4,20.2,-0.30156393578082485,0.06884244212627356,-0.7672340637063885
DEA3,DE,2006,57100,65455.37914827764,11.089123955100328,12487.878380773052,9.39568707022058,18.6,19.4,0.8112857384419678,-0.4201946029989596,-1.0429588053508718
DEA3,DE,2007,59200,66635.90009117412,11.106998751706406,12730.506860183494,9.432513723260357,20,18.6,1.4119450301288246,0.17365324961060563,-1.318683546995354
DEA3,DE,2008,60100,67009.33224810178,11.11258717595863,12540.122331462093,9.45175650695547,20.7,20,1.599736758726458,0.483952579914403,-0.836165249117509
DEA3,DE,2009,57100,62432.34673460239,11.041838797203583,10829.524761264687,9.436688569439337,21.4,20.7,-0.7776704928083769,0.24097469301423996,-0.5949061001785865
DEA3,DE,2010,59400,64495.814286800065,11.074355605899813,11535.479762802428,9.290031457339195,21.8,21.4,0.31501457152140944,-2.1239432102370106,-0.3536469512396639
DEA3,DE,2011,61200,65643.40187276764,11.091992370076325,12131.0479601022,9.353182761663387,23.1,21.8,0.9076750930016692,-1.105597437084388,-0.2157845804174216
DEA3,DE,2012,61200,64713.28419917311,11.077721779339136,12224.566305404729,9.403523392279071,23.3,23.1,0.42813045184820525,-0.29383006420240904,0.2322681247548638
DEA3,DE,2013,61000,63239.95936055071,11.054691648700665,11886.045179632396,9.41120283767327,24.7,23.3,-0.34576713488327615,-0.16999523860335314,0.30119931016598434
DEA3,DE,2014,62300,63387.08856895762,11.057015469353875,11760.534505447753,9.383120316999005,22.7,24.7,-0.2676781642322909,-0.6228396657160733,0.7837176080438294
DEA3,DE,2015,63800,63800,11.06350846933288,11555.184081205189,9.372504671563263,24.1,22.7,-0.04948934484251536,-0.7940221578983183,0.09440575393262149
DEA3,DE,2016,65400,64590.040887273586,11.075815512054241,11639.710268711659,9.354889453451788,24.5,24.1,0.3640728190625379,-1.0780761944530322,0.5769240518104678
DEA3,DE,2017,67700,65888.71911162153,11.095722523919571,12443.608917679176,9.36217782997149,23.8,24.5,1.0330220614032932,-0.9605475463687251,0.7147864226327089
DEA3,DE,2018,68100,65060.37908896362,11.083071026769721,12907.581863756992,9.428962430143347,24.4,23.8,0.6078849544320554,0.11638690533420759,0.47352727369378633
DEA3,DE,2019,70100,65652.07211425895,11.092124442283243,12456.714819593808,9.465570159073959,25.7,24.4,0.9121132077398357,0.7067044992484898,0.6803208299271479
DEA3,DE,2020,69600,64058.31515586603,11.067549121784895,11890.436960038605,9.430015099438988,26.6,25.7,0.08629152546703724,0.13336171431424385,1.1283735350994333
DEA3,DE,2021,72600,65064.840788306254,11.083139602244154,13878.444639414436,9.383489739223062,27.4,26.6,0.6101893440599695,-0.6168825510625674,1.4385638694494776
DEA3,DE,2022,76900,64764.98479833582,11.078520378243967,13471.26069190464,9.53809217010279,27.4,27.4,0.45496632937392006,1.8761575166020201,1.71428861109396
DEA3,DE,2023,80600,63623.877109613044,11.060744105125188,13022.364190659651,9.508313857593913,27.6,27.4,-0.14238220866354712,1.3959676139618786,1.71428861109396
DEA4,DE,2000,50900,62167.938931297715,11.03759469457129,14417.402315298574,NA,18.1,NA,-1.6109575793563389,NA,NA
DEA4,DE,2001,51800,62372.816048356995,11.040884819188047,13770.2104774862,9.576191250040818,21.7,18.1,-1.500687307900671,1.6781368864082813,-1.3841970616567758
DEA4,DE,2002,52400,62163.38054903077,11.037521368199656,12889.614260364697,9.530262876826377,17.4,21.7,-1.6134151515904647,0.9262706949664159,-0.001669719012854883
DEA4,DE,2003,53300,62406.331959535404,11.041422022919914,12004.226478043167,9.464177169990087,18.8,17.4,-1.4826826399199504,-0.15557926465990227,-1.6530218227264284
DEA4,DE,2004,54100,62619.364546559416,11.04482984705758,11682.859503249318,9.393014073263585,20.9,18.8,-1.3684676065988362,-1.3205481665007741,-1.1153723005871246
DEA4,DE,2005,55400,63783.73399649996,11.063253483793916,13016.582856317591,9.365878046902248,20.1,20.9,-0.7509896503630663,-1.7647759795762297,-0.3088980173781711
DEA4,DE,2006,56900,65226.11337192641,11.085615179570649,12541.87253621114,9.473979427883803,19.1,20.1,-0.0015255568299177651,0.004887692784212378,-0.616126315743486
DEA4,DE,2007,59400,66861.02137526593,11.110371436185046,13246.946236066531,9.436828128095744,18.3,19.1,0.8281935131383324,-0.6032942288428385,-1.0001616887001308
DEA4,DE,2008,59400,66228.85749646,11.100871560786068,12883.733628151063,9.491522332101747,20.1,18.3,0.5098001508611623,0.2920721858989763,-1.307389987065447
DEA4,DE,2009,57500,62869.70117757684,11.048819628344924,12318.985906989237,9.463720835613884,20.7,20.1,-1.2347479707639382,-0.1630496444153046,-0.616126315743486
DEA4,DE,2010,58900,63952.920227146875,11.065902470188755,13323.709695062948,9.41889692095525,20.3,20.7,-0.6622074664441254,-0.8968353990848422,-0.3857050919694998
DEA4,DE,2011,61500,65965.18325449691,11.096882355370516,13165.456689400298,9.497300410954242,21.3,20.3,0.3760998156748189,0.3866616920500592,-0.5393192411521572
DEA4,DE,2012,61900,65453.46882236627,11.089094769511407,12142.508724097068,9.485351760990742,23,21.3,0.11509474544298795,0.19105742148329266,-0.15528386819551232
DEA4,DE,2013,63200,65520.744780111556,11.090122085680164,11748.130373222803,9.404467692695826,23.2,23,0.149525791678351,-1.1330477475214968,0.4975762658307838
DEA4,DE,2014,65700,66846.41603500025,11.11015296905103,13168.643512350844,9.371449389739297,21.7,23.2,0.8208714712772707,-1.673570826270429,0.5743833404221125
DEA4,DE,2015,66300,66300,11.101945176173954,12237.062937062936,9.48559379112974,22,21.7,0.5457829399805226,0.1950195535181525,-0.001669719012854883
DEA4,DE,2016,67900,67059.07914749047,11.11332928815574,12694.089632085428,9.412224571149931,23,22,0.9273274906396096,-1.0060644852680143,0.11354089287413886
DEA4,DE,2017,69300,67445.91188235409,11.1190812501972,13203.558423763801,9.448891780821905,22.8,23,1.1201075490252246,-0.40580731617239757,0.4975762658307838
DEA4,DE,2018,70700,67544.32895139101,11.120539386516782,13871.054903600054,9.488241649802825,23.5,22.8,1.1689777611019359,0.23836607935119802,0.42076919123945505
DEA4,DE,2019,72100,67525.16974947318,11.120255692533602,13265.417085172088,9.537559566912767,24,23.5,1.1594696067979173,1.0457204860524354,0.6895939523091063
DEA4,DE,2020,72800,67003.52504808977,11.112500509647163,13709.983833269158,9.492915708608411,25.9,24,0.8995505393800941,0.3148823272993436,0.8816116387874288
DEA4,DE,2021,74900,67126.12362319749,11.114328570936578,14546.302378249537,9.525879593363044,26.6,25.9,0.9608189830113111,0.8545145579005714,1.6112788474050534
DEA4,DE,2022,78700,66280.94022924616,11.101657657155727,13977.730633607129,9.58509210822354,26.7,26.6,0.5361465875982607,1.8238475631431394,1.880103608474706
DEA4,DE,2023,82900,65439.44680380796,11.088880517753855,13549.413086720864,9.545220673112167,28.5,26.7,0.10791398415974796,1.1711359174564704,1.9185071457703697
DEA5,DE,2000,48800,59603.05343511451,10.995462083873914,12668.673411805616,NA,17.5,NA,-1.9972209487769703,NA,NA
DEA5,DE,2001,49600,59723.7775289287,10.997485503653492,12242.984876375996,9.446887564739955,17.9,17.5,-1.9418284583410266,2.170014525200722,-1.0208034626421174
DEA5,DE,2002,50600,60027.99724772819,11.00256635316608,10994.9887880035,9.412708388785722,16,17.9,-1.802736752866429,1.5857510359543783,-0.891445448092428
DEA5,DE,2003,51900,60767.14125140502,11.014804481919958,10587.17993650169,9.305194883252415,18.9,16,-1.4677096681284467,-0.2520994718551067,-1.5058960172034546
DEA5,DE,2004,53100,61461.8901556803,11.026172589453036,10887.447165524954,9.267399108184753,17.7,18.9,-1.1565000050835053,-0.8981855989569489,-0.5680504117182033
DEA5,DE,2005,54500,62747.53615179147,11.046874591709877,10899.491219575712,9.295365768384341,17.6,17.7,-0.5897686359475085,-0.4201197002161977,-0.9561244553672728
DEA5,DE,2006,56200,64423.683154697086,11.07323659533801,10665.863117792593,9.29647139002468,16.6,17.6,0.13190911405871075,-0.4012200533015012,-0.9884639590046945
DEA5,DE,2007,58100,65397.7330286692,11.088242873674313,11076.651129676862,9.27480355756916,17.1,16.6,0.5427161732821194,-0.7716129326330418,-1.3118589953789193
DEA5,DE,2008,59400,66228.85749646,11.100871560786068,10974.447344402088,9.312594670002165,18.7,17.1,0.8884350582692223,-0.12560650924311612,-1.150161477191807
DEA5,DE,2009,57100,62432.34673460239,11.041838797203583,10515.481906234365,9.303324880812337,20.1,18.7,-0.7276269300309256,-0.28406554827551317,-0.632729418993048
DEA5,DE,2010,59300,64387.235474869434,11.072670685534893,11246.757962858926,9.260603917446522,19.7,20.1,0.11641694892663368,-1.0143435149970979,-0.17997636806913273
DEA5,DE,2011,61300,65750.66233334407,11.09362502350021,11042.396108189307,9.327835185021213,21,19.7,0.6900561794265793,0.1349169303759061,-0.3093343826188233
DEA5,DE,2012,61500,65030.506180541604,11.082611764633329,10449.453637222463,9.30949733506684,21.7,21,0.388560739572984,-0.17855277451002532,0.11107916466766907
DEA5,DE,2013,62300,64587.69619938212,11.07577921032076,10709.203850630274,9.254304972506745,22.2,21.7,0.20151492573250962,-1.1220185377657235,0.3374556901296261
DEA5,DE,2014,64500,65625.47692933815,11.091719267362194,10351.204492401283,9.278858823669351,20.9,22.2,0.6378848110759747,-0.7022916615557888,0.4991532083167385
DEA5,DE,2015,65900,65900,11.095893720490599,10605.069376825706,9.244858167999764,22,20.9,0.7521633000599712,-1.2835035007404707,0.07873966103024614
DEA5,DE,2016,66800,65972.70231299504,11.096996334133689,10653.11500288373,9.26908740887514,22.7,22,0.7823480972512544,-0.8693255569950287,0.43447420104189377
DEA5,DE,2017,68500,66667.31549698781,11.10747008926952,10894.455132121679,9.273607616904822,22.4,22.7,1.0690742561262578,-0.7920565052461617,0.6608507265038509
DEA5,DE,2018,70000,66875.57321919902,11.110589055663613,11708.34314259906,9.296009235308649,22.7,22.4,1.1544580790475003,-0.40912018896660324,0.5638322155915833
DEA5,DE,2019,70900,66401.31116834465,11.10347208178078,12139.927451023053,9.36805695576964,23.1,22.7,0.9596260863405683,0.8224733580852981,0.6608507265038509
DEA5,DE,2020,69600,64058.31515586603,11.067549121784895,12015.40796233308,9.404255088567878,25.5,23.1,-0.02378933644341969,1.4412491706215724,0.7902087410535414
DEA5,DE,2021,73400,65781.80873087712,11.094098616033873,12129.016122734594,9.393945102012198,26.7,25.5,0.7030210966208799,1.265008856133881,1.5663568283516802
DEA5,DE,2022,77800,65522.96251379098,11.090155932916716,11610.369290036511,9.403355887579544,26.4,26.7,0.5950874690743959,1.4258781064484263,1.9544308720007497
DEA5,DE,2023,81500,64334.3174247328,11.071848475859424,13377.573933952079,9.359653882113424,27.3,26.4,0.09390840075267017,0.6788300724382319,1.857412361088482
DEB1,DE,2000,48700,59480.916030534354,10.993410801103357,NA,NA,NA,NA,-1.0792010622469916,NA,NA
DEB1,DE,2001,48800,58760.49079459113,10.981224982781711,NA,NA,NA,NA,-1.405795785010706,NA,NA
DEB1,DE,2002,49800,59078.93800270482,10.986629760903266,13487.697300609701,NA,19.3,NA,-1.2609411707684093,NA,NA
DEB1,DE,2003,50800,59479.205695016855,10.99338204633255,12089.46783069106,9.509533237864193,19.5,19.3,-1.0799717250085485,0.6440569885025828,-1.0060390441527887
DEB1,DE,2004,51700,59841.42600844957,10.999453442719528,12276.400965774774,9.40008992532748,21,19.5,-0.9172509320790203,-0.42551012067358424,-0.9387561781425705
DEB1,DE,2005,52200,60099.47499309202,11.00375638492927,11023.083275704113,9.415434077781548,18.4,21,-0.8019268577357496,-0.27555485705206023,-0.4341346830659329
DEB1,DE,2006,53900,61787.12672665788,11.031450316353315,12246.42521293375,9.307746832657097,18.5,18.4,-0.059695879319870734,-1.327960278573513,-1.3088119411987718
DEB1,DE,2007,54600,61458.11055706262,11.026111092567307,12430.34073914872,9.412989354032973,18.7,18.5,-0.2027935577964299,-0.2994466422318995,-1.2751705081936622
DEB1,DE,2008,54700,60988.52702115087,11.018441043845405,11817.30969858633,9.427895596771734,19.5,18.7,-0.4083601738245206,-0.15377098069318249,-1.2078876421834441
DEB1,DE,2009,53200,58168.14091560152,10.971093076889218,11838.41404968913,9.37732065918138,19.6,19.5,-1.6773431615335397,-0.6480295017620962,-0.9387561781425705
DEB1,DE,2010,55500,60261.240621505116,11.006444400283602,10861.309022450874,9.379104950960109,20.7,19.6,-0.7298847833948509,-0.6305919831465956,-0.9051147451374608
DEB1,DE,2011,57300,61460.243910287354,11.026145804278737,11805.371432901373,9.292962122361311,22.5,20.7,-0.20186324179531442,-1.4724482284038478,-0.5350589820812607
DEB1,DE,2012,58200,61541.06438548815,11.027459944558249,12273.520236232804,9.376309913056938,23.5,22.5,-0.16664268713652095,-0.6579073169101797,0.07048681201070468
DEB1,DE,2013,59400,61581.20632814282,11.028112010895953,11569.520872762288,9.415199394376133,22.7,23.5,-0.14916651777597312,-0.27784836997380125,0.4069011420617964
DEB1,DE,2014,61900,62980.10886707026,11.050574223251017,12423.750728054476,9.356129408160186,21.9,22.7,0.4528480390741692,-0.8551272637835319,0.13776967802092277
DEB1,DE,2015,63100,63100,11.052476048529304,12059.980819290315,9.427365300884043,22.2,21.9,0.5038192650610017,-0.15895345394311358,-0.13136178601995083
DEB1,DE,2016,63900,63108.61793114345,11.052612614974578,11884.599232646027,9.397647879839639,23.2,22.2,0.5074794115653947,-0.4493757317590579,-0.030437487004623072
DEB1,DE,2017,66300,64526.175437230544,11.074826241193158,13172.783199869047,9.382998658792093,24.3,23.2,1.102831558211721,-0.5925395728777135,0.30597684304646866
DEB1,DE,2018,67300,64296.08682360134,11.071254050264937,13998.16793601221,9.48590810117813,25.5,24.3,1.007092505234948,0.4131733596766644,0.67603260610267
DEB1,DE,2019,69100,64715.52329665184,11.077756379016323,13644.964492064524,9.54668173832084,26.4,25.5,1.1813628086174752,1.0071016855489805,1.0797298021639798
DEB1,DE,2020,69500,63966.277346734045,11.066111307015268,15941.38182519669,9.521125830871886,27.3,26.4,0.869260743629969,0.7573490289544348,1.3825026992099618
DEB1,DE,2021,72500,64975.219795484896,11.081761242274034,15817.613804726303,9.676673637746058,27.2,27.3,1.2886980052234587,2.2774859316207396,1.6852755962559451
DEB1,DE,2022,78200,65859.84149843773,11.095284149283636,13880.468891881035,9.668879395856942,26.2,27.2,1.6511283278481856,2.201314399780779,1.6516341632508356
DEB1,DE,2023,83200,65676.2602421812,11.09249280343977,14536.709961150971,9.538238015326012,27.6,26.2,1.5763168709601703,0.9245829077000995,1.3152198331997438
DEB2,DE,2000,44600,54473.28244274809,10.905465630040831,NA,NA,NA,NA,-1.4728436387260624,NA,NA
DEB2,DE,2001,45100,54305.289648279926,10.902376916431242,NA,NA,NA,NA,-1.5429203212451106,NA,NA
DEB2,DE,2002,46500,55164.06861698342,10.91806708946597,13264.509278572317,NA,20.2,NA,-1.1869419388499383,NA,NA
DEB2,DE,2003,48100,56317.90932933683,10.93876786885983,11512.579331512872,9.492847272187769,20.2,20.2,-0.7172830035000174,-0.3752117104740258,-1.6360119597058622
DEB2,DE,2004,48800,56484.75027490017,10.941725974064244,12054.604794576502,9.351195571442133,25,20.2,-0.6501695622848539,-1.3655627004118402,-1.6360119597058622
DEB2,DE,2005,48600,55954.68361425809,10.932297420947126,11476.5606222457,9.397202006550422,21.9,25,-0.8640844171134142,-1.0439109425214013,-0.18049558249182052
DEB2,DE,2006,49700,56972.54542328194,10.950324771540947,12695.592365449647,9.348062027619944,20.5,21.9,-0.4550801894955699,-1.3874707199413137,-1.1205165761092228
DEB2,DE,2007,50700,57068.24551727243,10.952003120413584,15181.790855824376,9.449010154369562,22.2,20.5,-0.41700183845037053,-0.6816967918303065,-1.5450421861299846
DEB2,DE,2008,50900,56751.6640836669,10.946440257973947,12240.378154286445,9.627852018683143,23.2,22.2,-0.543211968087949,0.5686674214686763,-1.029546802533345
DEB2,DE,2009,49600,54231.950928831495,10.9010255142725,12844.174454059157,9.412495450547121,25.7,23.2,-1.5735809107344294,-0.9369875711678397,-0.7263142239470863
DEB2,DE,2010,51500,55918.08814427952,10.931643187200905,14313.24220803317,9.460645637650575,24.3,25.7,-0.8789276613639888,-0.6003478752617092,0.03176722251856032
DEB2,DE,2011,54200,58135.16963241841,10.970526089003645,15217.45818039717,9.56894041628188,26.5,24.3,0.003246961945410221,0.15678981287094318,-0.3927583875022014
DEB2,DE,2012,54600,57734.40060906621,10.963608472571716,15237.237280679761,9.630198612238605,27.6,26.5,-0.15369980352480286,0.5850735164071795,0.2743532853875675
DEB2,DE,2013,56800,58885.73265048,10.983354110254458,13509.891413493751,9.631497532011997,27.5,27.6,0.29428889271879144,0.5941548509528088,0.6079091218324524
DEB2,DE,2014,58500,59520.78140102763,10.994080797798278,13819.513888276188,9.511177393430733,25.7,27.5,0.5376557996264311,-0.24705755755461833,0.577585863973826
DEB2,DE,2015,59600,59600,10.995410853053441,13102.235251007696,9.533836922193341,25.2,25.7,0.5678320709257547,-0.088634562112648,0.03176722251856032
DEB2,DE,2016,61300,60540.8181405179,11.011073096533254,12292.494970216343,9.480538124481543,26.1,25.2,0.9231767880479339,-0.4612705191715794,-0.11984906677456901
DEB2,DE,2017,61800,60146.5707695452,11.004539708464987,13252.502248610444,9.416744190111013,27.5,26.1,0.7749473892418247,-0.9072827147422627,0.1530602539530644
DEB2,DE,2018,63600,60761.23509630082,11.014707283960332,16069.312158490531,9.491941662536382,28.4,27.5,1.0056291713804082,-0.38154323639307225,0.577585863973826
DEB2,DE,2019,65900,61718.56708030906,11.03034008975116,14537.562648075407,9.68466665498354,29.4,28.4,1.360306006709112,0.9658841933597002,0.8504951847014585
DEB2,DE,2020,66500,61205.1430727743,11.02198650210633,18538.64489230657,9.584491106229528,31.6,29.4,1.170779950468608,0.26551170680375763,1.1537277632877172
DEB2,DE,2021,67600,60583.791147238335,11.011782663462323,19023.821331649135,9.827612745418715,28.9,31.6,0.9392754306219976,1.9652848459817904,1.8208394361774871
DEB2,DE,2022,73500,61901.51342883853,11.033299907951161,16687.270299759988,9.853447227152289,29.9,28.9,1.427458312339398,2.1459053710068905,1.0021114739945878
DEB2,DE,2023,78500,61966.183041000295,11.034344080400968,13671.92357299047,9.722401450239479,29.2,29.9,1.451148479350394,1.2297051827308576,1.3053440525808464
DEB3,DE,2000,57200,69862.59541984733,11.154285669400565,NA,NA,NA,NA,-0.7674908718354696,NA,NA
DEB3,DE,2001,57200,68875.00150513551,11.140048568308362,NA,NA,NA,NA,-1.0473903751925995,NA,NA
DEB3,DE,2002,57800,68569.53045293852,11.135603552550991,14579.965058250848,NA,21.1,NA,-1.1347787904918456,NA,NA
DEB3,DE,2003,58600,68611.83964031472,11.13622038833108,12792.391165263878,9.587403609006337,24.6,21.1,-1.1226518815528816,0.021456321258021976,-1.940666266790509
DEB3,DE,2004,60000,69448.46345274612,11.148340223427244,12865.112022599364,9.456605832944318,25.8,24.6,-0.8843775445079427,-1.2417474469603584,-0.7995545019176897
DEB3,DE,2005,60200,69310.12250161187,11.146346242355452,12693.996140189054,9.462274432225495,23.6,25.8,-0.9235789456979381,-1.1870018986177915,-0.4083161825327234
DEB3,DE,2006,62300,71416.28933340976,11.17628126423177,12675.355515451703,9.448884415800594,23.2,23.6,-0.33506041921539337,-1.3163184643399921,-1.1255864347384952
DEB3,DE,2007,64200,72263.93219346924,11.188080420512362,12851.034185301201,9.447414876622378,23.6,23.2,-0.10309058479597047,-1.3305108113611348,-1.255999207866818
DEB3,DE,2008,63900,71246.19518558575,11.17389669580096,13922.727857899163,9.461179568431312,25.5,23.6,-0.3819407156453063,-1.1975757486643095,-1.1255864347384952
DEB3,DE,2009,62300,68117.9544932702,11.128996106335027,13484.282571222375,9.541277881492526,25.3,25.5,-1.264680299396652,-0.42401144250298095,-0.5061257623789652
DEB3,DE,2010,66500,72204.9099338755,11.187263327193023,14091.247469880445,9.50928003217282,26.3,25.3,-0.11915453017350189,-0.7330366037287482,-0.5713321489431261
DEB3,DE,2011,68300,73258.89457369331,11.201754947134788,15167.696326561581,9.553309136806197,27.5,26.3,0.16574877972585733,-0.3078173640851619,-0.2453002161223206
DEB3,DE,2012,69700,73701.24033794715,11.207774907587334,13990.203032473264,9.626923203629934,28,27.5,0.2841003970940911,0.40312413205718756,0.14593810326264575
DEB3,DE,2013,70300,72881.46136142155,11.196589583343972,15674.338800679852,9.546112580239942,28.7,28,0.06419841843073924,-0.3773194431448194,0.3089540696730485
DEB3,DE,2014,72100,73358.09126519815,11.20310808785137,15654.037933396978,9.659780182836636,26.7,28.7,0.19235134524046785,0.7204464994229676,0.5371764226476121
DEB3,DE,2015,74600,74600,11.219895786191852,15964.385091906166,9.658484177601721,27.8,26.7,0.5223952493737325,0.7079300886271241,-0.11488744299399889
DEB3,DE,2016,76000,75058.76311059315,11.22602659387742,15576.456454996292,9.678115588397485,27.7,27.8,0.6429261085180927,0.8975240774491788,0.24374768310888764
DEB3,DE,2017,76700,74647.9284469922,11.220538052374552,15313.07018420654,9.653515851642958,27.1,27.7,0.535022116626873,0.6599475597049822,0.21114448982680664
DEB3,DE,2018,77000,73563.13054111892,11.205899235467939,16517.571397196196,9.636462003113431,28.5,27.1,0.24722493408519441,0.495246856270173,0.015525330134324018
DEB3,DE,2019,78600,73612.73706391946,11.206573347677859,15787.948681834712,9.712180026413009,30.1,28.5,0.26047788997428495,1.2265077020870099,0.4719700360834513
DEB3,DE,2020,76900,70777.0752225014,11.16729043095612,13185.060273220777,9.66700218632361,32.7,30.1,-0.5118189989517881,0.790194336836557,0.9936211285967406
DEB3,DE,2021,94000,84243.73325207696,11.341469462683408,16238.46284619702,9.486839670124741,31.8,32.7,2.912517469544202,-0.9497585599635099,1.8413041539308352
DEB3,DE,2022,96600,81356.27479218777,11.306593242950841,18045.2400649585,9.695137956908084,32.5,31.8,2.22685565405945,1.0619207567657638,1.5478754143921096
DEB3,DE,2023,94600,74675.1709003647,11.22090293167044,15540.741120561426,9.800637220671327,33.8,32.5,0.5421955947838843,2.0807994528897895,1.7760977673666734
DEC0,DE,2000,49700,60702.29007633587,11.013736704117395,16410.602492776125,NA,17.9,NA,-1.5504642898590806,NA,NA
DEC0,DE,2001,51100,61529.94015581162,11.027279167132269,13445.767067123135,9.705682898387375,17.1,17.9,-1.1984942998335233,2.8685364099061106,-0.8322329671556262
DEC0,DE,2002,51200,60739.79168149571,11.01435430891812,13481.890308672619,9.506419619297425,16.5,17.1,-1.534412678323408,0.45670994425952155,-1.056108502179946
DEC0,DE,2003,52000,60884.22630198576,11.016729410329543,13852.508725683532,9.5091026052486,17.4,16.5,-1.4726835512680263,0.4891840486381854,-1.2240151534481865
DEC0,DE,2004,53800,62272.12222929568,11.039269128372883,11848.740439123085,9.536221630640858,19,17.4,-0.8868739886958238,0.8174250745929199,-0.9721551765458265
DEC0,DE,2005,56400,64935.06493506494,11.081143048544691,11687.506344886942,9.379976848856753,18.8,19,0.2014334520566475,-1.0737176464699671,-0.5244041064971853
DEC0,DE,2006,59000,67633.40402361438,11.121857282344083,12754.79146646005,9.366275716474822,15.9,18.8,1.2596005261355097,-1.2395522841362012,-0.5803729902532652
DEC0,DE,2007,61500,69224.79485822987,11.145114384628918,13348.511582948046,9.453662281281938,15.3,15.9,1.8640549780492077,-0.18184997839123962,-1.3919218047164268
DEC0,DE,2008,61800,68904.77093066041,11.140480698881115,12917.646516428975,9.499160165698706,18.4,15.3,1.7436250145599415,0.3688435676973846,-1.559828455984667
DEC0,DE,2009,56400,61666.976459397105,11.029503839045633,10512.404241752753,9.466349602572647,19.7,18.4,-1.1406748507202493,-0.028286223911012227,-0.692310757765426
DEC0,DE,2010,59100,64170.07785100815,11.069292303943266,13423.079948135912,9.26031119525068,21.3,19.7,-0.10656860448046881,-2.5221169286364655,-0.32851301335090516
DEC0,DE,2011,61700,66179.70417564973,11.100129111469386,13498.690449911799,9.504730888525618,21.8,21.3,0.6948831569507999,0.4362700238316446,0.11923805669773604
DEC0,DE,2012,62000,65559.20948282242,11.090708974865947,12591.875396183133,9.51034795601112,22.9,21.8,0.45005284929479694,0.5042574226274982,0.2591602660879363
DEC0,DE,2013,61800,64069.33587675465,11.067721148990998,12664.74785833855,9.440807075133568,22.6,22.9,-0.147403081360417,-0.3374457637842154,0.5669891267463762
DEC0,DE,2014,64800,65930.71170575367,11.096359646918696,13409.373478029183,9.446577653697412,19.9,22.6,0.596914390202037,-0.2676003102418732,0.4830358011122569
DEC0,DE,2015,66200,66200,11.1004357419251,13740.445999125493,9.503709254679379,19.7,19.9,0.7028525136565047,0.42390445622775225,-0.27254412959482527
DEC0,DE,2016,66300,65478.894660951664,11.089483150782906,12444.469258654804,9.52809902515677,23,19.7,0.41819355680070786,0.7191113513319163,-0.32851301335090516
DEC0,DE,2017,68200,66375.34185247545,11.103080908850758,12178.870700827289,9.429031566938072,23,23,0.7716006708726172,-0.4799731900217228,0.5949735686244167
DEC0,DE,2018,68800,65729.13482115562,11.093297558553553,12907.573395169546,9.40745781946349,24.5,23,0.5173304024035895,-0.7410957378388995,0.5949735686244167
DEC0,DE,2019,69100,64715.52329665184,11.077756379016323,13886.90937318799,9.46556950297971,25,24.5,0.1134135668400313,-0.03772832911312946,1.0147401967950174
DEC0,DE,2020,67200,61849.407736698246,11.032457801973626,12176.897028476042,9.538701903660083,26.3,25,-1.0639010540216955,0.8474455988817746,1.1546624061852178
DEC0,DE,2021,70600,63272.42093187908,11.0552048249126,12699.801058151006,9.40729574924033,27.3,26.3,-0.4727036161443653,-0.7430573900574926,1.5184601505997386
DEC0,DE,2022,78200,65859.84149843773,11.095284149283636,12899.695434326628,9.449341607611471,26.8,27.3,0.5689620973680838,-0.2341461925027735,1.798304569380139
DEC0,DE,2023,80600,63623.877109613044,11.060744105125188,13097.297947040659,9.464958980328927,26.6,26.8,-0.3287371604832317,-0.045117922889565766,1.6583823599899388
DED2,DE,2000,38800,47389.31297709924,10.76615201764404,17931.81439381313,NA,33.3,NA,-2.5574074143214602,NA,NA
DED2,DE,2001,41500,49970.49934376091,10.819188097159262,16450.323400976544,9.794331754664833,32.7,33.3,-1.7602159172075158,2.6513683596755637,0.4211238496142246
DED2,DE,2002,43900,52079.626070657454,10.860529096953785,13623.100706314008,9.708100415634103,30.9,32.7,-1.138814527443703,1.7163460862474935,-0.1024355309872455
DED2,DE,2003,45500,53273.69801423754,10.88319801770502,13462.260525603888,9.519522212112959,32,30.9,-0.7980753356177389,-0.3284420680044637,-1.6731136727916744
DED2,DE,2004,47100,54517.043810405696,10.906268662227516,14339.642609265471,9.507645533050452,33.6,32,-0.4512977869304528,-0.4572230840784813,-0.7132548083556356
DED2,DE,2005,47100,54227.687206410614,10.90094689106305,13196.516829289641,9.570783191197673,34.1,33.6,-0.5312899500140917,0.22739015889459677,0.6829035399149659
DED2,DE,2006,48400,55482.31787699891,10.92381965216095,13467.140568686731,9.487708197183949,33.1,34.1,-0.18748681016227817,-0.6734072848288994,1.1192030237495285
DED2,DE,2007,49800,56055.199738859315,10.934092193847054,15578.943918475887,9.508007965406016,33.6,33.1,-0.033079037929402304,-0.4532931633690005,0.2466040560804033
DED2,DE,2008,49800,55525.20375965838,10.924592318448077,13169.990283613473,9.65367553269055,33.9,33.6,-0.1758727730796849,1.1262070677312306,0.6829035399149659
DED2,DE,2009,48900,53466.58065362622,10.886812077022446,12412.149634766896,9.485696056970424,33.8,33.9,-0.7437519884877763,-0.6952252913454819,0.944683230215701
DED2,DE,2010,50400,54723.72121304248,10.910052554608537,14387.420711254596,9.426431081148753,33.6,33.8,-0.3944216592129357,-1.3378463273900536,0.8574233334487872
DED2,DE,2011,51900,55668.179039160794,10.927163970729888,15530.80828705019,9.57410954206827,33.9,33.6,-0.13721796768433944,0.2634583933462941,0.6829035399149659
DED2,DE,2012,52200,55196.62475811824,10.91865708470945,14738.759485476214,9.650580961604197,33.5,33.9,-0.26508596366741966,1.0926520641215245,0.944683230215701
DED2,DE,2013,53500,55464.554521138736,10.923499438429314,12555.697767803917,9.59823600246467,34.1,33.5,-0.19229998011096536,0.5250660420640735,0.5956436431480522
DED2,DE,2014,55600,56570.17856234421,10.943237244817004,12794.244604746034,9.437929846933363,31,34.1,0.10438128984285656,-1.2131630945144543,1.1192030237495285
DED2,DE,2015,58800,58800,10.981897133886719,12365.996847911741,9.456750708535,31.1,31,0.6854825915878247,-1.0090850296201224,-1.5858537760247606
DED2,DE,2016,60000,59256.918245205125,10.98963781581319,13666.689385095191,9.422705795218898,31.4,31.1,0.80183368446744,-1.3782402880829452,-1.498593879257847
DED2,DE,2017,61600,59951.92167320364,11.001298214540816,13031.794869542124,9.522716719340991,31.5,31.4,0.9771024977656374,-0.2938034384248744,-1.2368141889571118
DED2,DE,2018,63000,60188.015897279125,11.005228540005788,13831.162859283355,9.475147409637902,32.2,31.5,1.0361796782474155,-0.8096062150480644,-1.1495542921901982
DED2,DE,2019,65300,61156.63778974479,11.021193684525084,14145.68315629046,9.534679503501762,31.5,32.2,1.2761536276288925,-0.16408876892928845,-0.5387350148218081
DED2,DE,2020,64200,59088.27346273849,10.986787765140438,14332.815822776736,9.55716477923188,32.1,31.5,0.7589942403865569,0.0797232125167963,-1.1495542921901982
DED2,DE,2021,67300,60314.92816877425,11.007334917064085,14138.544065526334,9.570306999968105,33.7,32.1,1.0678408774902497,0.2222267297856205,-0.6259949115887218
DED2,DE,2022,73200,61648.85419035347,11.029209922699636,15165.75186401179,9.556659968486317,34.2,33.7,1.3966466386132113,0.07424945673064785,0.7701634366818797
DED2,DE,2023,77400,61097.867100298376,11.020232236208287,12543.988239647158,9.626794997793246,35.5,34.2,1.2617019858395464,0.8347364825222687,1.206462920516442
DED4,DE,2000,37000,45190.83969465649,10.718649683659036,NA,NA,NA,NA,-2.183538480599143,NA,NA
DED4,DE,2001,38700,46598.99577357945,10.749334269958347,NA,NA,NA,NA,-1.7186261439356882,NA,NA
DED4,DE,2002,40200,47690.227062424376,10.772481772497635,NA,NA,NA,NA,-1.3679106612991958,NA,NA
DED4,DE,2003,41300,48356.125889846386,10.786348191715103,NA,NA,NA,NA,-1.157815948055727,NA,NA
DED4,DE,2004,42300,48961.16673418601,10.798782747257375,NA,NA,NA,NA,-0.9694158759107319,NA,NA
DED4,DE,2005,42900,49392.097264437696,10.80754571597465,9955.55141842966,NA,30.9,NA,-0.8366452326073763,NA,NA
DED4,DE,2006,45100,51699.432567203534,10.853202084946997,10142.649003633955,9.205885606067195,30.2,30.9,-0.14489045463991918,-1.4176379588818062,1.501396522335584
DED4,DE,2007,46500,52340.69855134454,10.865529522409759,11172.532947342896,9.224504485989103,29.3,30.2,0.041886635980790794,-1.1703583006424894,1.2108036470448262
DED4,DE,2008,46700,52068.81557381619,10.86032149909232,11762.460829190599,9.321213629771071,30.4,29.3,-0.03702185137145411,0.11404785715669959,0.8371842359567092
DED4,DE,2009,45100,49311.713445368965,10.805916927050252,9572.174957483014,9.37266845374489,29.3,30.4,-0.8613235534224901,0.7974257692747516,1.2938301828421854
DED4,DE,2010,47100,51140.62041933137,10.842334380553586,10820.326782555774,9.166615726910011,29,29.3,-0.30955064573468066,-1.939186104517658,0.8371842359567092
DED4,DE,2011,49300,52879.40706417394,10.875769261606688,11635.369507862775,9.289181753659362,28.7,29,0.19703231826023493,-0.3113714704768395,0.7126444322606696
DED4,DE,2012,49500,52341.62692580178,10.8655472593955,11472.815022919185,9.361804833535741,27.4,28.7,0.04215537493024252,0.6531446791217878,0.5881046285646302
DED4,DE,2013,50200,52043.37639179747,10.859832811225036,10530.429995431641,9.34773560485205,29.7,27.4,-0.044426123212105206,0.46628950441815387,0.048432145881793225
DED4,DE,2014,52600,53517.830798188945,10.88777016330413,11230.930900600211,9.262024439567945,24.8,29.7,0.3788619572784351,-0.6720511340972928,1.0032373075514276
DED4,DE,2015,54400,54400,10.904119432844034,10477.187864644107,9.326426938384248,25.8,24.8,0.6265751586360786,0.18328645677007732,-1.030912819483879
DED4,DE,2016,55800,55108.933968040765,10.917067122978354,11168.84706020159,9.256955588340825,23.9,25.8,0.8227499030508775,-0.7393711772129608,-0.6157801404970817
DED4,DE,2017,57300,55766.96610185987,10.928936967722036,10396.88980037661,9.320883669206998,24.2,23.9,1.0025938547270865,0.10966560989699621,-1.4045322305719976
DED4,DE,2018,58500,55888.871904616324,10.931120567852066,10948.6968256544,9.249261982746711,24.7,24.2,1.0356783039970952,-0.841550909287063,-1.2799924268759582
DED4,DE,2019,60500,56661.20346523062,10.944845013279494,12704.738235363651,9.300975716806471,25.3,24.7,1.2436219252939897,-0.15473438013969326,-1.0724260873825595
DED4,DE,2020,59500,54762.4964335349,10.910760866996105,11840.20963713128,9.449730292264851,27,25.3,0.7272017286121949,1.8208936240777451,-0.8233464799904804
DED4,DE,2021,62400,55923.49952052769,10.931739955788785,12282.244750586135,9.37925661412004,25.5,27,1.0450628559070527,0.8849239460085779,-0.11762092571292514
DED4,DE,2022,66800,56258.790436005635,10.937717582274969,11804.548054868254,9.415909982274748,25,25.5,1.1356318559347762,1.3717218838346525,-0.7403199441931212
DED4,DE,2023,72200,56993.100835162055,10.950685501511387,14598.355730337742,9.376240164573984,24.3,25,1.3321130981798992,0.8448621046962431,-0.94788628368652
DED5,DE,2000,39500,48244.274809160306,10.78403244292189,NA,NA,NA,NA,-1.8789795287169098,NA,NA
DED5,DE,2001,41700,50211.3210273453,10.823995798727367,NA,NA,NA,NA,-1.4207890127608893,NA,NA
DED5,DE,2002,43300,51367.83163688993,10.846767411881103,NA,NA,NA,NA,-1.1597064042120044,NA,NA
DED5,DE,2003,43900,51400.337204945674,10.84740001182924,NA,NA,NA,NA,-1.152453477354674,NA,NA
DED5,DE,2004,44500,51507.610394120034,10.849484850377339,NA,NA,NA,NA,-1.1285502482392824,NA,NA
DED5,DE,2005,45100,51925.02532928065,10.85755613654931,11224.548375304421,NA,34.8,NA,-1.0360108030143882,NA,NA
DED5,DE,2006,47200,54106.7232188915,10.898713731029874,10876.037148021982,9.325858477975165,33.8,34.8,-0.5641280226405331,-1.1225820416370993,0.3984027040097473
DED5,DE,2007,48500,54591.91139226258,10.907641007759885,12368.89975912402,9.294317221342517,34.7,33.8,-0.4617744177301724,-1.4344126753488633,-0.11382934400278442
DED5,DE,2008,49200,54856.225401108284,10.912470957915732,11186.486780254263,9.422940517140054,34,34.7,-0.40639775304963044,-0.16278661726958024,0.34717949920849706
DED5,DE,2009,48500,53029.22621065177,10.878598478485056,10696.964654082249,9.32246179135355,34.7,34,-0.794754749458913,-1.1561631685425546,-0.011382934400276623
DED5,DE,2010,50200,54506.5635891812,10.906076406228898,11736.034895767238,9.277715303017438,35.3,34.7,-0.47971299091301345,-1.598546488165371,0.34717949920849706
DED5,DE,2011,53300,57169.82548723065,10.953781511729844,12605.816477975914,9.370419293213697,33.9,35.3,0.06723874681414008,-0.6820343673202498,0.6545187280160132
DED5,DE,2012,54500,57628.65994861004,10.961775291490055,13328.502351866506,9.441913611659603,34.6,33.9,0.1588895603894061,0.024789678640582454,-0.06260613920153052
DED5,DE,2013,55700,57745.33994069958,10.963797931460592,14168.551945748764,9.497660055162893,35.3,34.6,0.18207966625050298,0.5759233575319443,0.29595629440724314
DED5,DE,2014,58300,59317.29155008394,10.990656136916913,12510.560270978183,9.558780135913679,30,35.3,0.4900161437471646,1.1801831603358646,0.6545187280160132
DED5,DE,2015,60700,60700,11.01369897704759,11479.493514515134,9.434328388307675,30.7,30,0.75420844181037,-0.05020115105986114,-2.0603111264504035
DED5,DE,2016,62200,61429.67191419598,11.025648253336222,12464.179690812694,9.348317549955613,31.3,30.7,0.8912100763737782,-0.9005418506007049,-1.7017486928416317
DED5,DE,2017,64300,62579.684473814836,11.044195975244916,12860.995600229438,9.430614184791967,32.3,31.3,1.1038646470389535,-0.08692138860546304,-1.394409464034112
DED5,DE,2018,65100,62194.2830938551,11.03801836282878,12785.38981096416,9.461954413164282,32.9,32.3,1.0330366756818044,0.2229217919574362,-0.8821774160215821
DED5,DE,2019,67600,63310.70007024116,11.055809631291616,13633.500719470956,9.45605837697219,34.3,32.9,1.237018306157939,0.16463100400372674,-0.5748381872140622
DED5,DE,2020,66100,60836.99183624633,11.015953301302162,14650.509361341801,9.520285330999219,37,34.3,0.7800548696820019,0.7996067124507236,0.14228668000348144
DED5,DE,2021,70700,63362.04192470044,11.05662025331593,14694.92710322831,9.592230382533069,36.9,37,1.246312303523269,1.5108869025051688,1.5253132096373185
DED5,DE,2022,75700,63754.347844395605,11.062792662175772,14160.311700955644,9.595257618189358,35.9,36.9,1.3170806147218643,1.5408154758682922,1.4740900048360648
DED5,DE,2023,80100,63229.18804565763,11.054521309686919,12762.829431638294,9.558198379784786,36,35.9,1.2222473558992366,1.1744316652559033,0.9618579568235329
DEE0,DE,2000,40100,48977.09923664122,10.799108105327337,16595.904289342423,NA,27.1,NA,-2.056835181583366,NA,NA
DEE0,DE,2001,41800,50331.73186913749,10.826391009453321,12777.91226102486,9.716911214344204,25.7,27.1,-1.6512856177742536,3.2006113983633897,1.799477495261814
DEE0,DE,2002,43900,52079.626070657454,10.860529096953785,11734.431552526336,9.45547335472964,25.3,25.7,-1.1438364682570343,1.0360237920960365,0.8385624812082403
DEE0,DE,2003,44800,52454.10266017235,10.867693831169055,11380.42831518055,9.370282666764714,25.4,25.3,-1.0373355319053437,0.3306833046466147,0.564015334335792
DEE0,DE,2004,45700,52896.579663174954,10.876093959105303,11866.375142681345,9.33965034450988,26.4,25.4,-0.9124709571974889,0.07706148720305543,0.6326521210539029
DEE0,DE,2005,46400,53421.755549415124,10.885973349272888,10574.71851980796,9.381464061242271,25.7,26.4,-0.7656177353167475,0.4232602097000317,1.3190199882350258
DEE0,DE,2006,48000,55023.78632429644,10.915520849346255,9886.35912928311,9.266221386047977,23.8,25.7,-0.3264058496952691,-0.5308971828307567,0.8385624812082403
DEE0,DE,2007,49500,55717.51781272161,10.928049879391091,10245.69993784319,9.19891122026385,23.1,23.8,-0.14016678049018896,-1.0881950081989906,-0.46553646643589247
DEE0,DE,2008,49800,55525.20375965838,10.924592318448077,10316.495116090186,9.23461337828495,24.2,23.1,-0.19156205446130642,-0.7925972363865851,-0.9459939734626781
DEE0,DE,2009,47800,52263.85593544649,10.86406032003903,10569.595568839937,9.241499360817542,24.6,24.2,-1.0913462357172403,-0.7355844056167863,-0.19098931956344425
DEE0,DE,2010,50600,54940.878836903765,10.914012955824633,10502.762189992396,9.265736815960077,25,24.6,-0.3488200896581505,-0.5349092046862902,0.0835578273090064
DEE0,DE,2011,51900,55668.179039160794,10.927163970729888,9895.969882126594,9.259393567263459,25.4,25,-0.153335461854413,-0.5874284439900929,0.35810497418145465
DEE0,DE,2012,54300,57417.17862769771,10.958098816760746,10758.654602018694,9.199882870628585,25.8,25.4,0.3064987719347993,-1.080150181255296,0.6326521210539029
DEE0,DE,2013,55100,57123.30755354663,10.952967500686222,10246.997496983293,9.28346578891089,25.7,25.8,0.2302237908631283,-0.3881213019022142,0.9071992679263535
DEE0,DE,2014,56600,57587.627817062625,10.961063028769603,10170.599221509969,9.234740014531443,23.7,25.7,0.35056060940190437,-0.7915487453605787,0.8385624812082403
DEE0,DE,2015,57700,57700,10.96301245249619,10584.681997498317,9.227256407809316,23.4,23.7,0.3795380209833883,-0.8535096349760991,-0.5341732531540058
DEE0,DE,2016,59100,58368.06447152705,10.974524178003142,10767.661949304544,9.267163140368341,22.9,23.4,0.550655261159732,-0.5230998816555822,-0.7400836133083432
DEE0,DE,2017,61000,59367.974384178924,10.991510208174653,11056.55396796145,9.2843026573821,22.2,22.9,0.8031458719500923,-0.3811924082694173,-1.0832675468989046
DEE0,DE,2018,62000,59232.650565576274,10.989228198659347,11144.52594262313,9.310778650392713,21.5,22.2,0.7692247043476005,-0.16198312305385257,-1.5637250539256902
DEE0,DE,2019,64900,60782.018262701946,11.015049271952742,11982.900469578599,9.318703709484458,23.1,21.5,1.153044731822101,-0.09636720685021459,-2.0441825609524757
DEE0,DE,2020,64500,59364.38689013447,10.991449778246249,11667.200116638269,9.39123595167945,22.6,23.1,0.8022476049990418,0.5041670567852407,-0.9459939734626781
DEE0,DE,2021,68100,61031.89611134512,11.019151893568871,13494.965352529669,9.364536775041397,25.1,22.6,1.2140285772079105,0.2831099117585997,-1.2891779070532396
DEE0,DE,2022,75100,63249.029367425486,11.054835060502459,13037.580660305395,9.510071958018626,25.3,25.1,1.7444447205341507,1.488075611113691,0.4267417608995679
DEE0,DE,2023,78900,62281.93429216464,11.039426683464434,12404.785748423756,9.475591286082249,25.6,25.3,1.5154052987071387,1.2025911933660534,0.564015334335792
DEF0,DE,2000,50100,61190.83969465648,11.021752779105631,14551.558651389108,NA,21.5,NA,-0.8959228367193306,NA,NA
DEF0,DE,2001,51500,62011.5835229804,11.0350764775923,13147.868631498386,9.585453390669105,20.9,21.5,-0.4513920034810218,1.078110191767957,-0.8214277855163132
DEF0,DE,2002,51100,60621.159275867794,11.012399274082318,11612.287397040762,9.484014943214449,19.9,20.9,-1.207992446060321,0.13700561630525016,-1.091325486471674
DEF0,DE,2003,52500,61469.65155488947,11.026298861345692,11284.057535768214,9.359819074841754,21.5,19.9,-0.7442477047605643,-1.0152330359213029,-1.541154988063941
DEF0,DE,2004,53500,61924.87991203195,11.033677315107104,11136.224764873232,9.331146170989445,22.9,21.5,-0.49807355110102514,-1.2812485525652482,-0.8214277855163132
DEF0,DE,2005,54100,62287.003776365484,11.039508075893114,10847.202731099038,9.31795856599778,20.9,22.9,-0.3035365047087254,-1.403597777227814,-0.19166648328714012
DEF0,DE,2006,55200,63277.35427294091,11.055282791721414,12347.388356076754,9.29166251292724,20.3,20.9,0.2227698792332346,-1.6475618409754988,-1.091325486471674
DEF0,DE,2007,55600,62583.716977521646,11.044260411072983,12170.953163041613,9.421199850549788,20.2,20.3,-0.14497996581310169,-0.4457672139004853,-1.3612231874270333
DEF0,DE,2008,56500,62995.462096801166,11.050817972569865,12243.689773314834,9.40680750362474,22.4,20.2,0.07380600259776587,-0.5792935432428546,-1.4062061375862605
DEF0,DE,2009,54800,59917.55868749932,11.000724874495589,10889.181232283385,9.412765962706978,22.8,22.4,-1.5974961999195163,-0.5240133881763354,-0.4165812340832736
DEF0,DE,2010,55800,60586.97705729703,11.011835248918478,12853.28812079989,9.295525027818853,22.8,22.8,-1.2268105374708924,-1.6117270019327028,-0.23664943344636585
DEF0,DE,2011,57500,61674.76483144019,11.02963012836135,13749.438123571876,9.461354942477563,24.4,22.8,-0.633103572844723,-0.07322463572029024,-0.23664943344636585
DEF0,DE,2012,59100,62492.73032959364,11.042805514232908,13262.5181989054,9.528753238519545,24.9,24.4,-0.1935210300860127,0.5520692875907219,0.4830777691012603
DEF0,DE,2013,59700,61892.22252171929,11.033149804925909,11699.403764783287,9.492697155129056,24.8,24.9,-0.51567335948928394,0.21755564011772968,0.7079925198973938
DEF0,DE,2014,61300,62369.639314239204,11.040833886502632,13415.783297938733,9.367293159212396,23.4,24.8,-0.2593022633263351,-0.9458915271038508,0.663009569738168
DEF0,DE,2015,62200,62200,11.03811027872727,12860.656945058183,9.504187150863553,23.8,23.4,-0.3501724999207323,0.32415513793255435,0.03324826750899335
DEF0,DE,2016,63200,62417.28721828273,11.0415975547439,14563.416514197734,9.461928080861512,24.1,23.8,-0.2338232959098905,-0.06790729136968077,0.2131800681459011
DEF0,DE,2017,66200,64428.85088905975,11.073316806944304,13782.297277042073,9.5862679449249,24.2,24.1,0.8244553513027575,1.0856672941914152,0.3481289186235815
DEF0,DE,2018,67200,64200.55029043107,11.06976706114336,13809.541921572596,9.531140241633885,24.4,24.2,0.7060219102986172,0.574214929691099,0.39311186878280724
DEF0,DE,2019,69600,65183.79770545539,11.084966215583073,14968.32255209135,9.533115075800527,24.7,24.4,1.213125309130681,0.5925366362692459,0.4830777691012603
DEF0,DE,2020,69500,63966.277346734045,11.066111307015268,14598.950239022448,9.613691417166645,26.9,24.7,0.5840516157665872,1.340091093543404,0.6180266195789407
DEF0,DE,2021,73400,65781.80873087712,11.094098616033873,14136.64086951971,9.588704903674577,28.3,26.9,1.5178180028239627,1.1082764043176276,1.6076515230819277
DEF0,DE,2022,80900,68133.77464480323,11.129228325796815,15688.489688332476,9.556525348959417,26.5,28.3,2.6898828891590045,0.8097276100616128,2.2374128253111025
DEF0,DE,2023,83100,65597.32242939013,11.09129015747401,14530.694536284116,9.660682581586663,29.1,26.5,1.4241168112981546,1.7760559663473472,1.4277197224450215
DEG0,DE,2000,37100,45312.97709923664,10.721348740628201,15110.175472104856,NA,30.5,NA,-1.9470158462560323,NA,NA
DEG0,DE,2001,38900,46839.81745716384,10.754488920547011,14591.060337094668,9.623123668177836,29.9,30.5,-1.5417346513782089,2.658337378434887,1.4149691829117224
DEG0,DE,2002,40200,47690.227062424376,10.772481772497635,12391.195472817344,9.588164314482302,28.6,29.9,-1.3216946710379252,2.2984282558608595,0.9741887150972346
DEG0,DE,2003,42100,49292.806294492315,10.80553343243645,12896.333933590744,9.424741456878824,29.2,28.6,-0.9174960135316791,0.6159778936242654,0.01916436816584877
DEG0,DE,2004,42800,49539.90392962556,10.810533763792895,10992.386768932933,9.464698358765277,30.8,29.2,-0.8563454623913411,1.0273371431108254,0.4599448359803339
DEG0,DE,2005,43200,49737.49654600718,10.814514385290742,11335.693719161465,9.304958200245299,30.2,30.8,-0.8076652487969599,-0.617199560670007,1.6353594168189662
DEG0,DE,2006,44700,51240.90101450106,10.844293340057886,11668.960230341332,9.335711762582918,27.3,30.2,-0.4434894839155336,-0.30058937006536485,1.1945789490044785
DEG0,DE,2007,45900,51665.33469906913,10.852542326882947,11950.409328956372,9.364687623654042,27,27.3,-0.3426101511785823,-0.002280745004380151,-0.9358599787655396
DEG0,DE,2008,46100,51399.83721526609,10.847390284420072,12763.741194967906,9.388520810242172,28,27,-0.40561602291888776,0.24308366727228695,-1.1562502126727836
DEG0,DE,2009,44600,48765.020391650905,10.794768539567638,10330.916907854367,9.45436371102271,27.9,28,-1.0491431154874387,0.920941183004324,-0.421616099648639
DEG0,DE,2010,46800,50814.88398353945,10.835944582454815,10453.60054012463,9.242896319825558,28.2,27.9,-0.5455889434057246,-1.256131193150861,-0.4950795109510545
DEG0,DE,2011,49300,52879.40706417394,10.875769261606688,11148.604415660078,9.254701747343702,30.1,28.2,-0.05856100355026494,-1.1345934468678287,-0.27468927704381063
DEG0,DE,2012,49800,52658.84890717027,10.871589573851463,11124.799065816062,9.319069604539742,30.5,30.1,-0.10967565808153552,-0.471921613539389,1.1211155377020656
DEG0,DE,2013,52000,53909.473553256335,10.89506150310878,10397.013265508487,9.31693204537165,30,30.5,0.17736960114151093,-0.4939279426991841,1.4149691829117224
DEG0,DE,2014,54800,55756.21915856947,10.928744237514437,10870.733584343125,9.249273857874867,27,30,0.5892858574841285,-1.1904739689498764,1.04765212639965
DEG0,DE,2015,56200,56200,10.936672035881783,10746.919108342257,9.293829464898192,26.4,27,0.6862372802868997,-0.7317707111843695,-1.1562502126727836
DEG0,DE,2016,57800,57084.164576214265,10.952282029269421,11565.438067332921,9.282374397906922,26.9,26.4,0.8771365689351842,-0.8497014700239155,-1.5970306804872714
DEG0,DE,2017,59600,58005.430709787935,10.968291918072646,10769.916830570337,9.355776452662635,26.8,26.9,1.0729262984999708,-0.09402190705664651,-1.2297136239751991
DEG0,DE,2018,60500,57799.60256802201,10.96473717865105,11449.168459735543,9.2845120477966,28.3,26.8,1.0294543244855583,-0.8276942068786999,-1.303177035277612
DEG0,DE,2019,62200,58253.33645516272,10.972556647987831,11559.079412338593,9.34567238274128,28.3,28.3,1.1250809590990352,-0.1980440515016615,-0.20122586574139512
DEG0,DE,2020,62100,57155.47947096668,10.953530543383955,11840.083564704168,9.355226503444436,29.1,28.3,0.8924050223171507,-0.09968367478570563,-0.20122586574139512
DEG0,DE,2021,65500,58701.750297989805,10.980224823054611,11837.059819653365,9.379245966242834,28.4,29.1,1.2188573707301864,0.14759846480302613,0.386481424677921
DEG0,DE,2022,70200,59122.26180550292,10.987362812764134,11913.642589608497,9.37899055155719,27.8,28.4,1.3061499866902848,0.14496895179189817,-0.12776245443898224
DEG0,DE,2023,75300,59440.17303168564,10.992725590418454,11384.938340185141,9.385439458545136,27.9,27.8,1.3717330022602476,0.21136092447559066,-0.5685429222534674
DK01,DK,2000,70000,93373.17255362288,11.444359351198065,NA,NA,NA,NA,-1.1786880081255406,NA,NA
DK01,DK,2001,71500,93010.54986796404,11.4404682051421,NA,NA,NA,NA,-1.2215440305086815,NA,NA
DK01,DK,2002,72500,91843.0686986154,11.427836624525394,NA,NA,NA,NA,-1.3606648175102736,NA,NA
DK01,DK,2003,75000,93614.25932398022,11.446937994067552,NA,NA,NA,NA,-1.1502875382014006,NA,NA
DK01,DK,2004,79700,97569.933280284,11.488324664287926,NA,NA,NA,NA,-0.6944660296232067,NA,NA
DK01,DK,2005,83500,99501.89470673751,11.50793196524415,NA,NA,NA,NA,-0.478516559578311,NA,NA
DK01,DK,2006,83400,97444.70538750043,11.4870403718794,NA,NA,NA,NA,-0.7086108762608472,NA,NA
DK01,DK,2007,84400,96169.1848408195,11.473864261439134,26418.549556641654,NA,40.9,NA,-0.8537289663631621,NA,NA
DK01,DK,2008,88300,96576.61599037515,11.478091920403807,27362.833782966827,10.181821677123475,40.9,40.9,-0.8071666824980831,0.1745256435491236,-1.479369818429917
DK01,DK,2009,87600,95140.86495644809,11.4631138613518,24924.46775812351,10.216940940311924,41,40.9,-0.9721309436069182,0.412690055819336,-1.479369818429917
DK01,DK,2010,96700,101795.90289913048,11.530725135718217,22529.825916984468,10.123605240865777,42.8,41,-0.22747879076417787,-0.22027430573743864,-1.4574735028934889
DK01,DK,2011,96000,100454.13640834606,11.517456548174213,20734.04011545472,10.02259530667582,45.3,42.8,-0.37361539848848235,-0.9052821739468329,-1.0633398232377855
DK01,DK,2012,100100,102187.69460069215,11.534566544421176,22295.449104381398,9.93953207864798,46.1,45.3,-0.18517056203438326,-1.468582855352468,-0.5159319348270854
DK01,DK,2013,102900,104362.11320601628,11.555621988240903,20967.590991732664,10.012137860585154,46.9,46.1,0.0467283589125418,-0.9762002763189226,-0.34076141053566045
DK01,DK,2014,107000,107381.20327161423,11.584140429646821,22013.263070645164,9.950733238504935,47.5,46.9,0.3608227017220995,-1.3926211918129656,-0.16559088624423707
DK01,DK,2015,109300,109300,11.60185167416463,23299.52099810627,9.999400417536746,47.8,47.5,0.5558895228004125,-1.0625803811967276,-0.03421299302566875
DK01,DK,2016,110300,109632.33905515412,11.604887674344965,25903.799260561434,10.056188081321283,49.4,47.8,0.5893272015234269,-0.6774697797336792,0.03147595358361463
DK01,DK,2017,114200,112174.13511973755,11.627807720716289,28189.95670607356,10.162144926526729,49.9,49.4,0.8417623468982222,0.04108600627327693,0.38181700216646297
DK01,DK,2018,115100,112612.39225508516,11.631707044183438,31253.246527205185,10.246721048316754,51.1,49.9,0.8847084330599225,0.6146465115187475,0.491298579848603
DK01,DK,2019,115200,111841.40267759192,11.624837099212952,28470.89582509474,10.349878538639038,52.7,51.1,0.8090447311089877,1.314218222976457,0.7540543662857396
DK01,DK,2020,119100,112269.5222653746,11.628657708214188,28150.582981228028,10.25663764535818,53,52.7,0.8511238775916056,0.6818967978763699,1.104395414868588
DK01,DK,2021,133800,122118.17534636657,11.712744505256405,33557.888186107586,10.24532334316611,54.1,53,1.7772329478598992,0.6051678495108337,1.1700843614778713
DK01,DK,2022,152100,125788.76419362042,11.742359304423584,30112.50586124503,10.421027232084725,53.1,54.1,2.1034022763114137,1.796719426585398,1.4109438323785797
DK01,DK,2023,138300,117920.90857932165,11.677769412442002,31320.364624816513,10.312695841568024,55.1,53.1,1.3920268057751715,1.0620604499895765,1.1919806770142996
DK02,DK,2000,57400,76566.00149397076,11.245908412474227,NA,NA,NA,NA,-1.4901318554301892,NA,NA
DK02,DK,2001,59700,77660.55702262172,11.260102775840695,NA,NA,NA,NA,-1.222010294296858,NA,NA
DK02,DK,2002,62500,79175.05922294431,11.27941661940712,NA,NA,NA,NA,-0.8571853454901643,NA,NA
DK02,DK,2003,64500,80508.263018623,11.29611510433297,NA,NA,NA,NA,-0.5417626857140385,NA,NA
DK02,DK,2004,67200,82267.24612842016,11.31772832602086,NA,NA,NA,NA,-0.13350409809973174,NA,NA
DK02,DK,2005,69000,82223.1225720346,11.3171918379846,NA,NA,NA,NA,-0.14363798054995594,NA,NA
DK02,DK,2006,71200,83190.20411978454,11.328884880932629,NA,NA,NA,NA,0.07723539352689272,NA,NA
DK02,DK,2007,72200,82267.9519609854,11.317736905736004,14971.882018831058,NA,26.4,NA,-0.13334203330268715,NA,NA
DK02,DK,2008,69600,76123.8105654599,11.240116380134268,15511.732744635274,9.613929188872449,26.6,26.4,-1.5995392809716145,0.582688845484232,-1.2667138710334533
DK02,DK,2009,70400,76460.23850381214,11.24452612657345,12663.384114572751,9.64935196783101,26.8,26.6,-1.516242265885392,0.8555562515119421,-1.1708868169599993
DK02,DK,2010,75200,79162.89449859991,11.279262964214762,11180.175181349117,9.446469967606028,26.5,26.8,-0.8600877842250113,-0.7072766700910527,-1.075059762886547
DK02,DK,2011,76700,80258.66940125148,11.293010065079587,12782.587489418263,9.321897415758881,27.2,26.5,-0.600414697819346,-1.6668792220124815,-1.2188003439967263
DK02,DK,2012,79200,80851.80232142675,11.300373156920383,11538.235494451159,9.455839171399205,27.5,27.2,-0.46133106101558646,-0.6351041751385788,-0.8834056547396422
DK02,DK,2013,81500,82658.03912818589,11.322467365647716,12366.427431287591,9.35342162494406,28.9,27.5,-0.04398696582545641,-1.4240431306516756,-0.7396650736294628
DK02,DK,2014,82600,82894.2746750966,11.325321275711847,11772.405386867233,9.422740614561395,28.8,28.9,0.009921392159554784,-0.890067721566137,-0.06887569511529448
DK02,DK,2015,86800,86800,11.371361900648441,13629.166666666666,9.373513545293504,29.3,28.8,0.8795964818304577,-1.2692718126169809,-0.11678922215201981
DK02,DK,2016,87000,86473.37713325846,11.367591866740092,14501.310163355694,9.51996738317853,29.1,29.3,0.8083831874448727,-0.14111416882397562,0.12277841303161197
DK02,DK,2017,89600,88010.52983124768,11.385211743475264,14528.821138700998,9.581994280420297,31.1,29.1,1.1412102917848659,0.3366890711225049,0.026951358958159595
DK02,DK,2018,90300,88348.38419317281,11.38904318887854,14290.097969617385,9.583889620354844,30.8,31.1,1.2135836062056153,0.35128918174865587,0.9852218996926867
DK02,DK,2019,92200,89511.9559624477,11.402127481513709,14759.880204267185,9.567322126716885,30.3,30.8,1.4607367103705018,0.22366709375101118,0.8414813185825073
DK02,DK,2020,93600,88231.96712039516,11.387724615336479,15785.90229859642,9.599667981879467,30.4,30.3,1.1886766774875734,0.47283245721069517,0.6019136833988755
DK02,DK,2021,97000,88531.11366664841,11.391109336065659,17085.958156247132,9.66687256113203,32.1,30.4,1.2526116763655069,0.9905202206491088,0.6498272104356009
DK02,DK,2022,99800,82535.95441501195,11.320989288475754,16476.531579177747,9.746012244700438,32.9,32.1,-0.07190680615856794,1.60014602653035,1.4643571700599503
DK02,DK,2023,106000,90380.45053801948,11.411783267883356,18205.01865001595,9.709692318884603,33.1,32.9,1.6431277376085236,1.3203677528923683,1.8476653863537598
DK03,DK,2000,59800,79767.36741009497,11.286869770105293,NA,NA,NA,NA,-1.7403581756755664,NA,NA
DK03,DK,2001,61600,80132.1660400921,11.291432625981612,NA,NA,NA,NA,-1.6482789525076427,NA,NA
DK03,DK,2002,64400,81581.98102332182,11.309363695775073,NA,NA,NA,NA,-1.2864268533167242,NA,NA
DK03,DK,2003,66100,82505.36721753457,11.320618627388884,NA,NA,NA,NA,-1.059300380796216,NA,NA
DK03,DK,2004,68900,84348.41158107364,11.34271125651137,NA,NA,NA,NA,-0.6134672923804023,NA,NA
DK03,DK,2005,69100,82342.28651779117,11.318640064160967,NA,NA,NA,NA,-1.0992281299852147,NA,NA
DK03,DK,2006,73600,85994.3683035975,11.36203708824953,NA,NA,NA,NA,-0.22346865517617923,NA,NA
DK03,DK,2007,75200,85686.28791504295,11.358448090793017,21018.98198171152,NA,25.5,NA,-0.29589524648327376,NA,NA
DK03,DK,2008,76200,83342.44777425352,11.330713275486493,19887.568170114908,9.953181212321471,25.3,25.5,-0.8555886309236086,1.2330483996152921,-1.4018300719385655
DK03,DK,2009,76000,82542.30293025175,11.321066203695786,16641.23084048737,9.897850100427215,25.9,25.3,-1.0502682132754753,0.6720874534205451,-1.465369112026432
DK03,DK,2010,81600,85900.16211550203,11.36094099522903,15420.347017746393,9.719638680418933,27.4,25.9,-0.24558800248479037,-1.1346654450501712,-1.2747519917628318
DK03,DK,2011,84400,88315.92825900426,11.388675758308288,16582.823065101893,9.643443151257511,27.5,27.4,0.3141043280002905,-1.907155183118094,-0.7982091911038297
DK03,DK,2012,86600,88406.1373868126,11.389696673668391,17404.054085988766,9.71612268350162,28.8,27.5,0.33470657707994056,-1.1703115199261511,-0.7664396710598957
DK03,DK,2013,88900,90163.18623921135,11.409376487920758,18960.04477545781,9.764458451511492,28.3,28.8,0.731848642831273,-0.6802711569259196,-0.3534359104887602
DK03,DK,2014,89600,89919.21320688445,11.406666915165799,17552.56859763048,9.850089137381003,29.3,28.3,0.6771689945678931,0.18787460997041106,-0.5122835107084276
DK03,DK,2015,90900,90900,11.41751528016557,17690.224475018105,9.772955577023945,30.1,29.3,0.8960908822841718,-0.5941251279700926,-0.19458831026909282
DK03,DK,2016,92300,91741.29551034202,11.426727889594316,19093.526111479474,9.780767476446872,30.3,30.1,1.0820029387992451,-0.5149260961444102,0.05956785008237528
DK03,DK,2017,93900,92234.2494548455,11.432086809708597,19131.093437736163,9.85710460953623,32.5,30.3,1.190146876393877,0.2589992587163006,0.12310689017024203
DK03,DK,2018,93800,91772.74016965237,11.42707058446778,18728.385272950323,9.85907021907245,32.5,32.5,1.088918580797915,0.27892711029092815,0.8220363311367784
DK03,DK,2019,95300,92521.57704144539,11.435197161611317,19219.944890361607,9.837795580987676,33.1,32.5,1.2529143173879487,0.06323939498180077,0.8220363311367784
DK03,DK,2020,97400,91814.03416160778,11.427520442501423,19888.86665259545,9.863703815213285,33.5,33.1,1.0979967939601483,0.32590369157514987,1.0126534514003798
DK03,DK,2021,101600,92729.49637661318,11.437441892706659,18786.9262621554,9.89791538946012,33.9,33.5,1.2982133803175213,0.6727493703136075,1.1397315315761132
DK03,DK,2022,102700,84934.29377176079,11.34963322209285,23153.78436094694,9.840916495319766,34.7,33.9,-0.4737808260938668,0.09488002168866651,1.2668096117518468
DK03,DK,2023,105200,89698.33393018537,11.404207474074898,23870.826029163134,10.049913517469603,35.1,34.7,0.6275370466791302,2.213745218562245,1.5209657721033158
DK04,DK,2000,59200,78967.02593106391,11.276785651038665,NA,NA,NA,NA,-1.443164957849853,NA,NA
DK04,DK,2001,61700,80262.25072522211,11.29305468635348,NA,NA,NA,NA,-1.1311848143759309,NA,NA
DK04,DK,2002,63600,80568.54026526812,11.296863533010841,NA,NA,NA,NA,-1.0581451716657464,NA,NA
DK04,DK,2003,64800,80882.72005591891,11.300755483889471,NA,NA,NA,NA,-0.9835118962432733,NA,NA
DK04,DK,2004,67500,82634.51062006489,11.322182676370241,NA,NA,NA,NA,-0.5726173069183345,NA,NA
DK04,DK,2005,68000,81031.48311446888,11.302593038563447,NA,NA,NA,NA,-0.9482743692642639,NA,NA
DK04,DK,2006,71900,84008.08534006332,11.3386683272417,NA,NA,NA,NA,-0.25648327532918413,NA,NA
DK04,DK,2007,72900,83065.56368359883,11.327385498851834,21694.938510789372,NA,28.8,NA,-0.4728463449118464,NA,NA
DK04,DK,2008,74400,81373.72853549162,11.306807754632938,18817.841099653546,9.984834263971203,29.7,28.8,-0.8674516469197977,0.8182036018984754,-1.4483977689033485
DK04,DK,2009,75900,82433.69463692248,11.319749547811039,15980.765021896226,9.84256069346971,31.3,29.7,-0.6192757462358255,-0.19903828306192686,-1.2258051555393337
DK04,DK,2010,78000,82110.44908099459,11.315820559948559,15341.956767447806,9.67914109188501,32,31.3,-0.6946192545216275,-1.3674721880348506,-0.8300849540033063
DK04,DK,2011,81200,84967.45704539272,11.350023603874009,16516.450968702644,9.638346626593735,30.2,32,-0.038730915439259044,-1.6591485592861919,-0.6569573658312947
DK04,DK,2012,82600,84322.71302714458,11.342406538626935,17102.079210727687,9.712112191592196,31.4,30.2,-0.18479815683667045,-1.1317321029499419,-1.1021425925593251
DK04,DK,2013,84400,85599.24542845262,11.35743174700281,17395.426091154233,9.746955326369756,33.1,31.4,0.10332996963940544,-0.882607153220204,-0.8053524414073052
DK04,DK,2014,85700,86005.3188820312,11.362164420788648,19402.902456141193,9.763962582322216,33.1,33.1,0.19408521223062197,-0.7610069639362533,-0.3848997272752758
DK04,DK,2015,85300,85300,11.35392973347977,19422.81529698942,9.873177945002087,34.2,33.1,0.036174255718826424,0.019872021580879563,-0.3848997272752758
DK04,DK,2016,91100,90548.55927402122,11.413641552351422,19597.18918058018,9.874203700287325,36.2,34.2,1.1812268945622786,0.0272060698948771,-0.11284208871925698
DK04,DK,2017,92200,90564.40681295798,11.413816554056927,21217.104667992116,9.88314142578046,37,36.2,1.1845827823660309,0.09110991862692414,0.3818081632007767
DK04,DK,2018,93000,90990.03023217132,11.418505221608855,19261.526856675337,9.962562959314509,37.7,37,1.2744941475605003,0.6589659877045898,0.5796682639687895
DK04,DK,2019,95700,92909.91524518703,11.439385649410069,19979.798384076443,9.865864958257463,39.4,37.7,1.674903805242362,-0.03241510662269748,0.7527958521408019
DK04,DK,2020,98800,93133.74307152821,11.441791836606756,21705.289617981445,9.902476961264567,38.9,39.4,1.7210456085098222,0.2293570750962637,1.1732485662728296
DK04,DK,2021,102900,93915.99583812497,11.45015600040228,25559.549366522177,9.985311271020919,40.2,38.9,1.8814394468950009,0.8216141548822915,1.049586003292821
DK04,DK,2022,100100,82784.05848639976,11.323990791479511,23457.824068205875,10.148766277918298,41.3,40.2,-0.5379443223011228,1.990301204321045,1.371108667040844
DK04,DK,2023,102800,87651.98410668304,11.381129526792353,22030.61990049763,10.062959367189992,41.2,41.3,0.5577660560877848,1.376790323106631,1.643166305596861
DK05,DK,2000,59100,78833.63568455874,11.275095033560758,NA,NA,NA,NA,-1.6816355712286566,NA,NA
DK05,DK,2001,60700,78961.40387392191,11.27671445350759,NA,NA,NA,NA,-1.6359702170673283,NA,NA
DK05,DK,2002,64000,81075.26064429498,11.303133146024436,NA,NA,NA,NA,-0.8910004193193576,NA,NA
DK05,DK,2003,66500,83004.64326726248,11.32665182819305,NA,NA,NA,NA,-0.227806815499651,NA,NA
DK05,DK,2004,67300,82389.66762563506,11.319215315142438,NA,NA,NA,NA,-0.43750597527949725,NA,NA
DK05,DK,2005,69100,82342.28651779117,11.318640064160967,NA,NA,NA,NA,-0.45372724009220383,NA,NA
DK05,DK,2006,73400,85760.68795494642,11.359315998135168,NA,NA,NA,NA,0.6932766203997188,NA,NA
DK05,DK,2007,73600,83863.17540621226,11.336941885572053,21554.51393162475,NA,23.5,NA,0.062358262108277135,NA,NA
DK05,DK,2008,74600,81592.47511757628,11.309492320003608,20998.62845520381,9.978340536781987,25.8,23.5,-0.7116806990081661,1.2450686472372234,-2.022635849966036
DK05,DK,2009,75200,81673.43658361753,11.310484094365249,15898.053534292758,9.9522124029157,29.9,25.8,-0.6837140634476864,0.9665351813179397,-1.2797915457868927
DK05,DK,2010,77500,81584.10004842411,11.30938966961827,16581.254661775478,9.673951961487607,28.4,29.9,-0.7145752948234446,-1.999801625429719,0.0444091703585355
DK05,DK,2011,78600,82246.82418433334,11.317480056141537,17645.067735097306,9.71602809903342,28.2,28.4,-0.48643782707788286,-1.5512578265075334,-0.44005450628003606
DK05,DK,2012,81600,83301.85693722757,11.330226120070064,17599.489041902627,9.77821157487204,29.2,28.2,-0.12701683526072624,-0.888363984303694,-0.5046496631651787
DK05,DK,2013,82700,83875.09001105487,11.337083947430544,19555.55827712287,9.775625148894736,27.5,29.2,0.06636420577566277,-0.9159360334783085,-0.18167387873946433
DK05,DK,2014,82900,83195.34346931607,11.328946657326163,20098.271942318308,9.881014835855115,27,27.5,-0.1630958766796662,0.2075485188991148,-0.7307327122631785
DK05,DK,2015,85500,85500,11.356271654924852,18437.395416515097,9.908389117332286,28.9,27,0.6074304437118082,0.4993662788626165,-0.8922206044760357
DK05,DK,2016,86800,86274.58776053833,11.365290369751813,20944.035128393665,9.822136240741482,30.8,28.9,0.861745457836903,-0.42011433866986336,-0.27856661406717886
DK05,DK,2017,90000,88403.43398228002,11.389666093824644,18180.14366954815,9.9496091654016,31.5,30.8,1.549106432302938,0.938783916297484,0.3350873763416791
DK05,DK,2018,89700,87761.35174006202,11.382376497520351,19344.318786882643,9.808085270315654,32.1,31.5,1.3435501171669417,-0.5699017483740435,0.561170425439679
DK05,DK,2019,91400,88735.27955496442,11.393412829411265,20815.53235186692,9.870154052603121,31.6,32.1,1.6547590814792767,0.09176942739349142,0.754955896095108
DK05,DK,2020,93200,87854.90743184646,11.383441953544478,21860.876912196483,9.943454734697992,32,31.6,1.3735944714928598,0.8731759045118457,0.5934680038822508
DK05,DK,2021,95900,87527.15258383076,11.379704339451669,18934.24935257415,9.99245387584802,35,32,1.268199035552761,1.3955209246893145,0.7226583176525362
DK05,DK,2022,95800,79227.90012984113,11.280083790135151,19659.84752336827,9.848727696168726,34.8,35,-1.5409596852486842,-0.13664173087121703,1.6915856709296793
DK05,DK,2023,99100,84497.19479545028,11.344473615107232,20581.401092754328,9.886333637992967,35.1,34.8,0.2747423922062044,0.26424848842531073,1.6269905140445355
EE00,EE,2000,10500,21436.0084110814,9.97282742299577,5738.008011277019,NA,28.7,NA,-2.3466135871753515,NA,NA
EE00,EE,2001,11900,22736.82601551454,10.031741180408575,6289.942737898765,8.65486739271967,29.6,28.7,-1.993399883043786,-2.0974624453222677,-1.73707280297672
EE00,EE,2002,13300,24247.064828994386,10.09605085106033,7407.331256079335,8.746707245980355,29.4,29.6,-1.6078353225757749,-1.6337176476521225,-1.5096382234598436
EE00,EE,2003,14600,25620.32779981048,10.151141370053123,8431.568842988596,8.910225499043712,29.8,29.4,-1.277543602432568,-0.8080331927020683,-1.560179241130261
EE00,EE,2004,16300,27322.4043715847,10.215462317556954,8606.026152856526,9.03973813605213,30.9,29.8,-0.8919114323116051,-0.15405989556804203,-1.459097205789427
EE00,EE,2005,18500,29275.857703506772,10.28451848619239,9582.556900755075,9.060217952303587,33.2,30.9,-0.4778895435709815,-0.050647184128971026,-1.1811216086021346
EE00,EE,2006,21100,30639.212383469345,10.330035918023787,11126.143255498719,9.167699735223522,33.2,33.2,-0.20499266165814095,0.4920814451508505,-0.5998999053923394
EE00,EE,2007,25500,32956.807196215785,10.402953110284448,11730.947298856247,9.317052866293738,33.3,33.2,0.23217774987741124,1.246239200095884,-0.5998999053923394
EE00,EE,2008,25900,31344.168653410947,10.352783520893778,9543.807157946689,9.36998569702749,34.2,33.3,-0.06861084826395684,1.5135232168620576,-0.5746293965571324
EE00,EE,2009,24500,29765.15897024699,10.301093826418079,6555.9836141854275,9.163647757993848,36.1,34.2,-0.3785131402407123,0.47162101001486106,-0.34719481704025507
EE00,EE,2010,26900,32097.940481588434,10.376547147607727,6575.716619839314,8.788133440499008,35.5,36.1,0.07386247178623175,-1.42453632262576,0.13294485082870489
EE00,EE,2011,28700,32448.44428364689,10.387407779030655,8270.418657176198,8.791138842717354,36.9,35.5,0.138976700152628,-1.4093605618402105,-0.0186782021825461
EE00,EE,2012,30500,33091.74550820241,10.407039149847842,9076.26183664076,9.020440410336914,37.6,36.9,0.25667534148919063,-0.2515036478124468,0.33510892151037164
EE00,EE,2013,31900,33239.90038449916,10.411506252108671,8848.842335929414,9.113417694827005,37.4,37.6,0.2834575703873768,0.21798460214575166,0.5120024833568314
EE00,EE,2014,33600,34039.10444737109,10.435265273509591,8368.51725284337,9.088041919946166,37.6,37.4,0.4259032795747552,0.08984977646789541,0.46146146568641383
EE00,EE,2015,33700,33700,10.425253116340453,7985.90391908976,9.032231997592646,36.7,37.6,0.3658760249001121,-0.19196209747266174,0.5120024833568314
EE00,EE,2016,35500,34654.77015589766,10.453190661979713,8120.586155888964,8.985433256382468,37.7,36.7,0.5333738117148905,-0.4282720653482542,0.28456790383995584
EE00,EE,2017,37900,35663.539441616245,10.481884141724866,8938.541416676124,9.002157617236223,38.4,37.7,0.7054037536212364,-0.3438225038025418,0.5372729921920403
EE00,EE,2018,40800,36616.886846639856,10.50826480223462,9605.350419281755,9.098127702359665,39.1,38.4,0.8635673341716528,0.14077787531205618,0.7141665540384983
EE00,EE,2019,43400,37516.31613979582,10.532531214392444,9892.189863157035,9.170075557544118,39.5,39.1,1.0090550725311327,0.504078145953908,0.891060115884958
EE00,EE,2020,43700,37493.02904208314,10.531910302467287,11520.740750350315,9.199500822063767,40.1,39.5,1.0053324343791044,0.6526608456923497,0.9921421512257914
EE00,EE,2021,49200,40474.838964436436,10.608435799895213,11926.195355462716,9.351904233428332,41.2,40.1,1.4641362111885188,1.4222209730031705,1.1437652042370423
EE00,EE,2022,54300,38230.55205480417,10.551390266942049,9494.500630775594,9.386492550184704,42.1,41.2,1.1221233285716117,1.5968744745762278,1.4217408014243356
EE00,EE,2023,55600,36034.16764961308,10.492222868704454,9092.66570176108,9.158468029001362,41.6,42.1,0.7673889369270238,0.4454659990003251,1.649175380941211
EL30,EL,2000,39200,49867.69794422959,10.817128736340353,12204.901029571327,NA,22.1,NA,-0.5428932656017088,NA,NA
EL30,EL,2001,41500,51647.10713974588,10.852189464068209,11974.0212028342,9.409592873787327,22,22.1,-0.1662213540438551,1.2319141901837731,-1.3999674135242783
EL30,EL,2002,43700,52824.349970384515,10.874727537067978,11466.697636801007,9.390494682223181,23.5,22,0.07591449394963574,1.1831470370578498,-1.4136053849393817
EL30,EL,2003,47600,55562.040387533554,10.92525552023165,11743.397049150708,9.347202255573542,24,23.5,0.6187575334083345,1.0726000047629505,-1.2090358137128352
EL30,EL,2004,49500,56113.54206815245,10.935132453969697,11331.39602674613,9.371046408353623,26.2,24,0.7248695211662091,1.1334859502137824,-1.1408459566373197
EL30,EL,2005,51100,56847.25775948382,10.94812326159458,10094.622308835842,9.335332561501966,25.5,26.2,0.8644351450952631,1.0422907900709615,-0.8408105855050517
EL30,EL,2006,56600,60915.89086799763,11.017249353453751,11622.637568728089,9.219758116360634,26.5,25.5,1.6070853650571975,0.7471719226787041,-0.9362763854107733
EL30,EL,2007,59900,62367.89771248294,11.040805962241855,12305.30315673279,9.360709989909239,27.1,26.5,1.8601637646531561,1.1070919484907489,-0.7998966712597424
EL30,EL,2008,61200,61233.67852318776,11.022452619805899,11439.356933385285,9.417785599395529,28.1,27.1,1.6629862093985084,1.2528342811207573,-0.7180688427691236
EL30,EL,2009,60600,59230.58878723904,10.989193389914478,10517.816773535733,9.344815051237157,28.3,28.1,1.3056685348372357,1.066504288368844,-0.5816891286180927
EL30,EL,2010,59400,57379.66209754543,10.957445200663807,7398.323625886616,9.260825933721431,29.9,28.3,0.964584595382971,0.8520384243605393,-0.5544131857878866
EL30,EL,2011,57200,54720.08571537903,10.909986118731226,5990.212554172704,8.90900871648652,31.8,29.9,0.45471203223810736,-0.046325383940638565,-0.3362056431462374
EL30,EL,2012,54200,52024.342016855124,10.85946700374034,5570.3538846084675,8.697882175316769,33.4,31.8,-0.08803573276931985,-0.585436133122847,-0.07708418625927833
EL30,EL,2013,52100,51008.419815938905,10.839745992510052,5044.865744473947,8.625213864944145,35.2,33.4,-0.2999067200353564,-0.7709943629395889,0.14112335638237086
EL30,EL,2014,49200,49114.05041177938,10.801900431946283,4721.942809012394,8.52612632083281,36.3,35.2,-0.7064972435460009,-1.0240139967786919,0.38660684185422717
EL30,EL,2015,50400,50400,10.82774645405946,4538.249850029994,8.459975605969484,37,36.3,-0.42882272888377876,-1.1929295734338927,0.5366245274203604
EL30,EL,2016,48500,48738.82021907345,10.794231121286595,4939.813297683484,8.42029672112476,38,37,-0.7888918227155753,-1.294249441683686,0.6320903273260824
EL30,EL,2017,50100,50244.20085645804,10.824650413419924,5174.843006286694,8.505082815476559,38.4,38,-0.46208477509704315,-1.0777485006225604,0.7684700414771134
EL30,EL,2018,48500,48754.00838367897,10.7945426963008,5422.88351117099,8.551564280723964,39.3,38.4,-0.7855444433598111,-0.9590582714653105,0.8230219271375255
EL30,EL,2019,48000,48133.81199735264,10.781740161266644,5059.268820625058,8.598382966096057,40.2,39.3,-0.923087376910235,-0.8395069521151707,0.9457636698734532
EL30,EL,2020,45100,45390.95602814038,10.723068157756577,5160.645540813986,8.528977249987356,41,40.2,-1.553424998211432,-1.0167341609804215,1.0685054126093818
EL30,EL,2021,47200,46851.89045392733,10.754746638056906,5807.702646669289,8.548816955459566,45,41,-1.2130899708670864,-0.9660735551588273,1.177609183930206
EL30,EL,2022,50300,46976.418398318936,10.757401018574487,6826.953006127313,8.666940357995196,45.6,45,-1.184572862171564,-0.6644459356084569,1.7231280405343299
EL30,EL,2023,54400,47807.78458374711,10.774943762620287,7004.411392926879,8.82863373386263,43.7,45.6,-0.996103900973947,-0.2515625694588414,1.8049558690249488
EL41,EL,2000,27700,35238.14370038673,10.469884402737229,9102.305346677038,NA,11.5,NA,-0.08098893369734445,NA,NA
EL41,EL,2001,29600,36837.45473099947,10.51427039816157,9062.918561098051,9.116282995220773,11.1,11.5,0.29886570944962143,0.5887503020181865,-1.560425721565602
EL41,EL,2002,29000,35055.06062107897,10.464675264952907,8707.036608892617,9.111946484148586,12.1,11.1,-0.12556865203529888,0.5723999373454092,-1.6306258029269887
EL41,EL,2003,33000,38519.90194934049,10.558930320460757,10919.90311832935,9.071886783355508,13.3,12.1,0.6810646144363552,0.42135899550393874,-1.4551255995235224
EL41,EL,2004,32900,37295.66735438819,10.526632442166378,10759.614450638552,9.298342377311679,17.1,13.3,0.4046598854981875,1.2751862962390401,-1.2445253554393627
EL41,EL,2005,35000,38936.477917454664,10.569686825874333,8941.89825389424,9.283555001348763,16.1,17.1,0.7731186167476763,1.2194320307656275,-0.5776245825061908
EL41,EL,2006,39100,42081.47231340472,10.647362835235935,9729.774073529117,9.098503178278536,18,16.1,1.4378686698905931,0.5217133485822164,-0.7531247859096569
EL41,EL,2007,40800,42480.97206459606,10.656811538530567,12593.05871455022,9.182945955334842,17,18,1.5187305224607817,0.8400960705145196,-0.41967439944307133
EL41,EL,2008,43900,43924.158287057886,10.690219750368744,13067.639178949554,9.440901045470179,17.9,17,1.8046374682135364,1.8126889505286115,-0.5951746028465376
EL41,EL,2009,44400,43396.66901243256,10.678137966277388,7027.896918574938,9.47789416130132,18.3,17.9,1.7012417520484353,1.952167652220552,-0.4372244197834182
EL41,EL,2010,42000,40571.478250789696,10.610820592578575,8163.539430290749,8.857642781950553,16.7,18.3,1.1251407382153393,-0.38642576362938835,-0.3670243384220313
EL41,EL,2011,39000,37309.14935139479,10.52699386647512,7601.328679755853,9.007433107626307,18.6,16.7,0.4077529489861089,0.17834310435765832,-0.6478246638675775
EL41,EL,2012,36600,35130.82874200917,10.466834335702059,6075.673636671497,8.936078337277754,20.6,18.6,-0.10709135889120627,-0.09069264740685373,-0.31437427740099133
EL41,EL,2013,34400,33679.26375562953,10.424637608130084,5975.478420341282,8.712048148756171,27.4,20.6,-0.46821028256487557,-0.9353752088170207,0.0366261294059412
EL41,EL,2014,33200,33142.001497379584,10.408556684370463,6957.872033120781,8.695419443944257,25.3,27.4,-0.6058305724285216,-0.9980720135028245,1.2300275125495113
EL41,EL,2015,33400,33400,10.416311178964792,7573.035439137134,8.847628964212035,22.9,25.3,-0.5394677309792476,-0.4241818235277655,0.8614770854022324
EL41,EL,2016,31900,32057.07969048337,10.375273333133956,5838.1022499863575,8.932349248772374,25.6,22.9,-0.8906689631373521,-0.10475278836927004,0.4402765972339131
EL41,EL,2017,32300,32392.967817636618,10.385696635557716,6812.780345297054,8.672161065818125,24.2,25.6,-0.8014665067152736,-1.0857653129615903,0.9141271464232725
EL41,EL,2018,31600,31765.498245860937,10.366136018950229,5568.189901636465,8.826555589728033,24.5,24.2,-0.9688659526472004,-0.5036367936555431,0.6684268616584194
EL41,EL,2019,32600,32690.880648202005,10.394851438731415,5257.2424799387345,8.624825307330017,26.9,24.5,-0.7231198467073049,-1.2642398747601056,0.7210769226794593
EL41,EL,2020,30000,30193.54059521533,10.3153832929101,5234.65760351439,8.567361924910507,29.3,26.9,-1.4032069751792022,-1.4808995908890645,1.1422774108477782
EL41,EL,2021,31100,30870.631210108895,10.337560564650584,6865.862513214404,8.563056715915264,27.9,29.3,-1.2134142362213858,-1.4971319343312857,1.5634778990160976
EL41,EL,2022,33300,31099.696474433807,10.344953338455191,7509.358888264946,8.834316949525626,26.7,27.9,-1.1501469955395331,-0.47437339251697236,1.3177776142512443
EL41,EL,2023,35700,31373.85863308404,10.353730297543985,7584.620285052985,8.923905373373128,26.7,26.7,-1.0750339192028278,-0.1365895437080552,1.107177370167085
EL42,EL,2000,37300,47450.64115611642,10.767445316193706,10399.874332027366,NA,10.3,NA,0.6033081401837455,NA,NA
EL42,EL,2001,38600,48038.03218299255,10.77974831330234,10439.769916401858,9.24954900159755,10.2,10.3,0.6745854243099425,0.5460863266565273,-1.0868395886688436
EL42,EL,2002,38300,46296.855923700845,10.742829331153034,12006.830134597536,9.253377822534949,10.1,10.2,0.4606956902012213,0.5577413436868459,-1.1059653044602618
EL42,EL,2003,42200,49258.7837049142,10.804842980036241,12481.7425573299,9.393230944732972,10.9,10.1,0.8199711116388658,0.9834573924683555,-1.1250910202516797
EL42,EL,2004,45000,51012.31097104768,10.839822274165371,11381.671998642085,9.432022260167516,12.5,10.9,1.0226232836389813,1.1015390289329918,-0.9720852939203352
EL42,EL,2005,46800,52063.633329625096,10.860221967308522,9731.560114031668,9.3397596211975,11.6,12.5,1.140808690935486,0.8206894812421248,-0.6660738412576462
EL42,EL,2006,50300,54135.50018834418,10.899245445350308,12493.364406933337,9.18312950292622,12.1,11.6,1.3668907998246134,0.3439038791572824,-0.8382052833804089
EL42,EL,2007,51700,53830.0552877357,10.893587238634835,13684.167264885704,9.43295293489567,12.1,12.1,1.3341100388325995,1.104372023733135,-0.7425767044233186
EL42,EL,2008,52900,52929.11101105608,10.876708769151872,15128.217729736672,9.523994769414028,12.1,12.1,1.2363248037122707,1.3815054152215018,-0.7425767044233186
EL42,EL,2009,51200,50043.00570803034,10.820638028884671,10621.535365507363,9.624317002734502,11.7,12.1,0.9114795607277979,1.6868885493474328,-0.7425767044233186
EL42,EL,2010,49700,48009.5825967678,10.77915590739779,10469.222705245551,9.27063885736955,12.3,11.7,0.671153326943438,0.6102843218640612,-0.8190795675889909
EL42,EL,2011,46800,44770.97922167375,10.709315423269075,8760.817972918783,9.256195060921971,15,12.3,0.266533217973395,0.5663170806868436,-0.7043252728404822
EL42,EL,2012,41800,40122.094027759114,10.59968243482545,6233.239631995199,9.078044555475149,16.6,15,-0.3686243454967656,0.02402293612092159,-0.18793094647219472
EL42,EL,2013,42500,41609.555512042294,10.636085119681102,5254.812322422606,8.737651481761347,17.2,16.6,-0.15772577431919135,-1.0121412345212522,0.11808050619049454
EL42,EL,2014,41300,41227.85126029449,10.626869308415007,6333.136897252766,8.566899568576734,17.8,17.2,-0.21111747979280393,-1.5319138978723792,0.2328348009390025
EL42,EL,2015,40200,40200,10.601622274607113,6207.19696969697,8.753550952776207,19.1,17.8,-0.3573859041595842,-0.9637428872281655,0.3475890956875111
EL42,EL,2016,36600,36780.22309315646,10.512715563750477,5737.005371175682,8.733464699388,17.4,19.1,-0.8724659967987104,-1.0248858942119077,0.5962234009759461
EL42,EL,2017,36800,36905.91999037237,10.51612725050399,6260.915536052421,8.654692640835647,20.4,17.4,-0.8527004255372944,-1.2646698117551338,0.2710862325218385
EL42,EL,2018,36200,36389.589762663476,10.502038017189088,5866.5342250616195,8.74208170516596,20.8,20.4,-0.9343262503049676,-0.9986555348572802,0.8448577062643803
EL42,EL,2019,36600,36702.03164798139,10.510587390766073,7113.818648119298,8.677019316829721,22.2,20.8,-0.8847955445617219,-1.1967069079798132,0.921360569430053
EL42,EL,2020,30400,30596.121136484868,10.328628519660121,5599.435824863954,8.869794459931471,22.5,22.2,-1.938972347220589,-0.6098950375350116,1.1891205905099056
EL42,EL,2021,33600,33352.193204490635,10.414878812434555,8147.471104007278,8.630421126088057,24.1,22.5,-1.4392821847530457,-1.3385528484288183,1.24649773788416
EL42,EL,2022,36500,34088.25589540042,10.43670820205724,9949.338284617294,9.00546286409693,28.6,24.1,-1.3128138459654477,-0.19691736454439218,1.552509190546849
EL42,EL,2023,39700,34889.13691130074,10.459930796451536,10882.827308310698,9.205261323882581,20.1,28.6,-1.1782739900121315,0.4112736398161891,2.413166401160662
EL43,EL,2000,24300,30912.884184815794,10.338928339890439,7788.139010634571,NA,14.5,NA,-1.151406255103457,NA,NA
EL43,EL,2001,26900,33477.28149540154,10.41862232343935,7426.1815378625515,8.960357215669537,14.6,14.5,-0.3331384716135846,-0.08910971693296799,-1.704011306565649
EL43,EL,2002,29400,35538.57869861109,10.47837410931107,7727.913781405307,8.912767080689575,16.6,14.6,0.28037034307387254,-0.26140066425827063,-1.6810515760143838
EL43,EL,2003,31700,37002.45126648768,10.51873943987751,9632.876793665167,8.952594219179666,16.6,16.6,0.694826342153987,-0.11721415538194704,-1.2218569649890767
EL43,EL,2004,34700,39336.1597932301,10.579899471347865,10993.948014131971,9.17293719264834,19.6,16.6,1.3227944918287173,0.6804952785453915,-1.2218569649890767
EL43,EL,2005,34500,38380.24251863388,10.555298088422234,9446.759453966772,9.305100219842204,19.7,19.6,1.0701967651134099,1.1589661457996656,-0.5330650484511168
EL43,EL,2006,37000,39821.34208685357,10.592158280888839,11240.315157719662,9.15342704675487,20.3,19.7,1.4486633273997351,0.6098625409022684,-0.5101053178998519
EL43,EL,2007,38500,40086.21138448403,10.598787698414188,14386.499917562358,9.327262161997629,21,20.3,1.5167316876789962,1.2391992027164886,-0.3723469345922596
EL43,EL,2008,41000,41022.56240932513,10.621877496991926,13452.978633047585,9.574045540105907,21,21,1.7538090360818097,2.132631045603999,-0.21162882073340242
EL43,EL,2009,39800,38900.61771835171,10.568765409129602,10378.021312307983,9.506955820217545,19.6,21,1.2084741378087087,1.8897455946545165,-0.21162882073340242
EL43,EL,2010,39000,37673.51551859043,10.536712620424854,9477.804232540804,9.247445513530122,19.6,19.6,0.8793681852620332,0.950238350166116,-0.5330650484511168
EL43,EL,2011,35400,33865.2278728045,10.430144040485201,6735.679422050321,9.156707947380772,20.6,19.6,-0.21483782394523504,0.6217404117499701,-0.5330650484511168
EL43,EL,2012,33200,31867.309132095754,10.36933597121718,5437.319805896769,8.815173963051267,20.7,20.6,-0.8391921583938847,-0.6147178107091736,-0.3034677429384634
EL43,EL,2013,33500,32798.12022713922,10.398126482581752,6707.626118189546,8.601041535702404,21.6,20.7,-0.5435820399039608,-1.3899431547124117,-0.2805080123871986
EL43,EL,2014,33500,33441.47741452458,10.41755224727904,6920.3256906645665,8.811000384685748,22,21.6,-0.3441256102766144,-0.6298274499365971,-0.07387043742581008
EL43,EL,2015,34200,34200,10.439980923050696,6774.664750957854,8.842218112629125,24.1,22,-0.11383642164518244,-0.5168096591072062,0.017968484779250924
EL43,EL,2016,32300,32459.04934177469,10.387734553571768,6225.918175799262,8.820945161270112,26.8,24.1,-0.6502824498786338,-0.5938242955143634,0.5001228263558233
EL43,EL,2017,33500,33596.42173036616,10.422174844160127,6513.4056276695355,8.736476208576493,27.9,26.8,-0.29666252792821873,-0.8996279223644932,1.120035551239987
EL43,EL,2018,32700,32871.2592607485,10.40035397626057,5781.944318247585,8.781617736304558,26.6,27.9,-0.5207109744340602,-0.7362016875102672,1.3725925873039053
EL43,EL,2019,32500,32590.60187320752,10.391779239694445,5677.626427010783,8.662495292340987,26.3,26.6,-0.6087531373617842,-1.167461626714687,1.0741160901374567
EL43,EL,2020,28700,28885.153836089336,10.27108303401352,5881.085832789739,8.64428854180942,28,26.3,-1.8480162824592488,-1.2333756716763127,1.0052368984836604
EL43,EL,2021,30800,30572.84377078308,10.327867435444924,8062.773557773634,8.67949668928454,27.6,28,-1.2649754526887393,-1.105911333014286,1.395552317855171
EL43,EL,2022,34300,32033.621293485874,10.374541295640688,8062.411838466812,8.995012890174772,28.9,27.6,-0.7857458492913342,0.03635449940552678,1.30371339565011
EL43,EL,2023,36900,32428.442116549053,10.386791159804872,8424.658721943391,8.994968026280437,28.4,28.9,-0.65996886147735,0.0361920782890732,1.6021898928165585
EL51,EL,2000,23700,30149.60309383269,10.313927037685021,8737.17790220986,NA,12.5,NA,-0.45717748838270167,NA,NA
EL51,EL,2001,25600,31859.42030789143,10.369088388317072,8950.763811128216,9.075342522023934,13,12.5,0.07992726185536282,0.6623571443546646,-1.5044061058365255
EL51,EL,2002,26500,32033.0726365032,10.37452416795861,8231.428396945646,9.099494149652976,13.3,13,0.13285531806254144,0.7430425001521204,-1.3956652496635522
EL51,EL,2003,28600,33383.91502276176,10.415829476820083,8997.016916915043,9.015714838386044,13.8,13.3,0.5350441213703546,0.4631539708212974,-1.3304207359597682
EL51,EL,2004,31100,35255.17491554629,10.47036760358024,10419.813720469236,9.104648347699339,14.6,13.8,1.0660805556911916,0.7602615592403468,-1.221679879786795
EL51,EL,2005,32300,35932.806763822446,10.48940599461353,9112.47846985396,9.251464438033283,15.4,14.6,1.2514569132985216,1.2507423114005531,-1.047694509910038
EL51,EL,2006,32700,35193.45638486789,10.468615446147822,10684.386009012509,9.117400013609481,15.5,15.4,1.0490198407280356,0.8028621125766757,-0.8737091400332807
EL51,EL,2007,34800,36233.77029039076,10.49774684390088,12636.874308601347,9.27653870321146,17,15.5,1.3326715630836121,1.3345099993731908,-0.8519609687986861
EL51,EL,2008,37700,37720.7464105258,10.537965524741583,11779.562234527117,9.444374351408777,18,17,1.7242798953730543,1.895212540762715,-0.5257384002797665
EL51,EL,2009,37600,36750.332316834785,10.511902547235058,7637.714069658673,9.37412129476015,19.3,18,1.4705053074830938,1.6605122978384146,-0.30825668793382
EL51,EL,2010,38100,36804.12669893065,10.513365256427862,7554.5468680915255,8.940853631847599,18.4,19.3,1.4847476718681218,0.21305889740611905,-0.02553046188408946
EL51,EL,2011,34600,33099.911988673324,10.407285902409152,6045.6422047092055,8.929904895157147,18.5,18.4,0.4518555419112979,0.17648154001346536,-0.22126400299544172
EL51,EL,2012,32100,30811.464552417885,10.33564212543071,4723.591846026473,8.707092994744272,19.3,18.5,-0.2457381989816059,-0.567884750194748,-0.19951583176084678
EL51,EL,2013,30000,29371.450949676917,10.287778425412887,5957.8126385939195,8.460324773505482,19.5,19.3,-0.7117858999348323,-1.3922839184816491,-0.02553046188408946
EL51,EL,2014,28500,28450.212128774645,10.255910895722625,5496.769113608116,8.692458685748534,20.5,19.5,-1.0220792734449196,-0.6167748062318492,0.017965880585099677
EL51,EL,2015,29300,29300,10.285342795005159,5716.008105369808,8.611915764724241,22.6,20.5,-0.7355015748924875,-0.8858512568805397,0.2354475929310461
EL51,EL,2016,29000,29142.799718621245,10.279963153329632,5412.312955616119,8.651025957063064,24.6,22.6,-0.7878830170688698,-0.7551925769508154,0.692159188857534
EL51,EL,2017,29200,29284.045209751992,10.284798114603342,5750.372181299014,8.596431813859773,25,24.6,-0.7408051149223274,-0.9375797823380789,1.1271226135494268
EL51,EL,2018,28800,28950.83384432895,10.273354285499263,4737.080376643949,8.657019858879119,25.1,25,-0.8522334048805191,-0.735168249478084,1.2141152984878052
EL51,EL,2019,29000,29080.844748400556,10.277834980345228,5100.460193944859,8.463176270616817,23.8,25.1,-0.8086049864578462,-1.3827576843695093,1.2358634697224
EL51,EL,2020,27100,27274.831671011187,10.2137196391336,5301.105392692466,8.5370860487484,24.4,23.8,-1.4328945285614418,-1.1358411271480473,0.9531372436726696
EL51,EL,2021,28700,28488.331695502417,10.257249868230971,6408.401552500865,8.575670642452584,24.9,24.4,-1.0090417301935197,-1.0069383583930822,1.083626271080237
EL51,EL,2022,31100,29045.06187251926,10.276603760653982,6804.778516313965,8.765365151032823,27.6,24.9,-0.8205933431093294,-0.37321009987954784,1.1923671272532101
EL51,EL,2023,32600,28649.5179674661,10.262891897131052,6837.342870790308,8.82538036735736,24.5,27.6,-0.9541054298946492,-0.1727122635936117,1.7795677505872662
EL52,EL,2000,26700,33966.008548748214,10.43311555495014,11657.110318334546,NA,17.5,NA,-0.5826919648069183,NA,NA
EL52,EL,2001,28400,35344.044404067055,10.472885181998716,11309.373896994543,9.36367160057365,18.8,17.5,-0.10989914315802846,1.0251834154640926,-1.6473275648207382
EL52,EL,2002,30400,36747.3738924414,10.51182204337861,11079.599273279462,9.333387209221916,19.2,18.8,0.35299351951305463,0.9538072372231,-1.39264765691929
EL52,EL,2003,32000,37352.63219329987,10.528158661794002,12033.905434077824,9.312860792975716,19.2,19.2,0.547207961287438,0.9054292748720832,-1.3142846083342292
EL52,EL,2004,34900,39562.881175323644,10.585646613603434,13831.153339981518,9.395483397520888,20.8,19.2,1.2306413491237824,1.1001594802857615,-1.3142846083342292
EL52,EL,2005,35000,38936.477917454664,10.569686825874333,10928.174003511698,9.534678815251237,21.4,20.8,1.04090677946986,1.4282240872596836,-1.0008324139939853
EL52,EL,2006,36900,39713.71683797018,10.589451919291095,12714.104767800658,9.299099504406326,22.3,21.4,1.2758799230512827,0.8729957953827139,-0.8832878411163942
EL52,EL,2007,39700,41335.65173932509,10.629480644813595,14783.822165109514,9.450467267811675,22.7,22.3,1.751752982249843,1.229748960248357,-0.7069709818000066
EL52,EL,2008,41200,41222.67246985842,10.626743686643099,10697.049780749609,9.60128876493395,23.2,22.7,1.719215232409157,1.5852146500204818,-0.628607933214946
EL52,EL,2009,41000,40073.50066463367,10.598470563543517,8485.45877055821,9.277723261006587,24,23.2,1.383096172737046,0.8226149063860682,-0.5306541224836198
EL52,EL,2010,39300,37963.31179181035,10.544375493170422,7373.168664669005,9.046109244628392,25.5,24,0.7399983401184209,0.27673227251975774,-0.3739280253134977
EL52,EL,2011,38200,36543.83346726361,10.506267735958003,6319.730179157764,8.905602833717285,26.6,25.5,0.28696230744042706,-0.05442216650182439,-0.08006659311951912
EL52,EL,2012,36800,35322.80048376879,10.472283940469625,7252.797156941771,8.751431793058284,27.1,26.6,-0.11704687624298893,-0.41778227335919443,0.1354317904893988
EL52,EL,2013,35000,34266.692774623065,10.441929105240144,5605.936145673342,8.889142488191936,27.1,27.1,-0.47791393142819116,-0.09321695496166925,0.233385601220725
EL52,EL,2014,33000,32942.350885949585,10.4025143699145,5060.21422737482,8.631581341305482,27.3,27.1,-0.9464876976944243,-0.7002534350615043,0.233385601220725
EL52,EL,2015,34400,34400,10.44581184336149,4572.709096967677,8.529164098811162,29.1,27.3,-0.43175481834742874,-0.9416369012280521,0.2725671255132553
EL52,EL,2016,33400,33564.46588282585,10.421223223325812,4798.163215869049,8.42786110846336,31.3,29.1,-0.724071440600907,-1.180394227120173,0.6252008441460297
EL52,EL,2017,33700,33796.99738248774,10.428127242687422,4893.513523563187,8.47598846030106,31.1,31.3,-0.6419944628433081,-1.0669646256090262,1.056197611363865
EL52,EL,2018,33100,33273.35417525307,10.41251218074038,4410.464886402868,8.49566583643888,31.7,31.1,-0.8276308327581302,-1.0205877349455899,1.0170160870713345
EL52,EL,2019,33200,33292.55329816891,10.413089026281195,4354.386551600689,8.391735379302855,31.4,31.7,-0.8207731262333922,-1.265537641551001,1.1345606599489255
EL52,EL,2020,31000,31199.991948389175,10.348173115733092,4470.585370338793,8.378939018653135,32.2,31.4,-1.592512234585014,-1.2956969175939763,1.0757883735101297
EL52,EL,2021,32100,31863.25600786159,10.369208775601367,5764.683571439186,8.405274634366776,33.3,32.2,-1.3424342297744536,-1.2336274647385015,1.2325144706802524
EL52,EL,2022,35700,33341.11604015877,10.414546630254387,6656.134062491862,8.659505543328454,33.1,33.3,-0.8034447088838857,-0.6344399010307133,1.448012854289169
EL52,EL,2023,37600,33043.615815236975,10.405583659154239,6499.08948417129,8.803294123898546,34.2,33.1,-0.9099991000432623,-0.29554983596084494,1.4088313299966393
EL53,EL,2000,34100,43379.808670873186,10.677749373833407,13197.773672976993,NA,12.3,NA,-0.32937381191804127,NA,NA
EL53,EL,2001,35200,43806.70292335072,10.687542119435607,14060.176316148269,9.487803433211466,13.6,12.3,-0.25051097770087577,0.15115360251028775,-1.5300350113513246
EL53,EL,2002,35700,43153.98841974204,10.672530123752027,11558.888390099533,9.551101705552618,13.2,13.6,-0.3714054208892107,0.36182168281569077,-1.2654424905913213
EL53,EL,2003,40600,47391.152095249214,10.766190825601964,13230.610563916316,9.355209977576704,13.4,13.2,0.3828619421877827,-0.29014136063003754,-1.3468555739020915
EL53,EL,2004,43600,49425.26129639286,10.80821693475004,14562.633822739464,9.490288406000007,15.7,13.4,0.7213061551971435,0.15942404066934962,-1.3061490322467062
EL53,EL,2005,46200,51396.15085104016,10.847318562472614,16430.031057996202,9.586214199810174,17.5,15.7,1.0361989656479713,0.47868240407055324,-0.8380238032097771
EL53,EL,2006,47300,50906.74272184254,10.8377506637425,17575.917841575632,9.706866101351876,17.4,17.5,0.9591468658578922,0.8802337188678498,-0.47166492831131057
EL53,EL,2007,47500,49457.014045791984,10.808859168161046,18801.47941369423,9.774284939586954,16.9,17.4,0.7264781824383549,1.1046157865308655,-0.49201819913900346
EL53,EL,2008,46200,46225.423983190754,10.741285228375311,22029.374065611446,9.84169083793975,17.6,16.9,0.1822924527972046,1.3289547879290537,-0.5937845532774664
EL53,EL,2009,46700,45644.69465947299,10.728642661514062,24972.540697123928,10.000132026574374,17.3,17.6,0.08047946847601754,1.8562756738936181,-0.4513116574836177
EL53,EL,2010,50000,48299.37886998773,10.785173979723353,13240.315014834192,10.125532128082579,18.4,17.3,0.5357368760631007,2.2736298555757837,-0.5123714699666956
EL53,EL,2011,50000,47832.242758198445,10.77545522577362,8188.414336601502,9.491021621869152,19.1,18.4,0.4574699106307352,0.16186431548079708,-0.28848549086207764
EL53,EL,2012,55700,53464.130080052215,10.886766242227978,11951.256964265023,9.010475548407772,17.8,19.1,1.35387859863061,-1.437479790607734,-0.14601259506822903
EL53,EL,2013,53700,52574.89719992168,10.86999404526555,11017.158681969187,9.388591737122216,20.1,17.8,1.2188089213167703,-0.17904083702068432,-0.41060511582823267
EL53,EL,2014,51500,51410.03244322436,10.847588616117712,11978.551508129303,9.30720921661014,22.3,20.1,1.0383737587762945,-0.44989656076447193,0.057520113208696766
EL53,EL,2015,49400,49400,10.807705703176014,12182.490752157832,9.390872955188161,21.9,22.3,0.7171891105493161,-0.17144853137100308,0.5052920714179333
EL53,EL,2016,44300,44518.13888051452,10.703652000394248,12006.237973477448,9.407755015608638,21.8,21.9,-0.12077505654979047,-0.11526198584866316,0.4238789881071626
EL53,EL,2017,44900,45029.23390129673,10.715067200077314,10628.846020305766,9.393181624827864,24.5,21.8,-0.02884629246964589,-0.1637648619268467,0.40352571727947045
EL53,EL,2018,42600,42823.10839473658,10.664833151632687,8795.243170514668,9.271326906675968,26,24.5,-0.4333905944941875,-0.5693193675989794,0.95306402962717
EL53,EL,2019,41400,41515.41284771665,10.633820031190021,8779.579645206779,9.08196630551197,27.1,26,-0.6831451245697522,-1.199545641669992,1.2583630920425586
EL53,EL,2020,36600,36836.11952616271,10.514234151655266,8025.95844876566,9.080183809082913,26.6,27.1,-1.6461928514855857,-1.205478111656488,1.4822490711471772
EL53,EL,2021,37700,37421.9548752767,10.530012839919362,9253.703086625035,8.990436373734674,27.7,26.6,-1.5191240878023744,-1.5041737824521464,1.3804827170087144
EL53,EL,2022,39400,36796.63787065141,10.513161757772682,11047.731804946283,9.132779084083513,27.6,27.7,-1.6548290424388903,-1.0304315391719543,1.6043686961133323
EL53,EL,2023,38300,33658.789513924894,10.424029504944992,10920.666823581349,9.309980419355146,28.5,27.6,-2.3726279482507393,-0.44067349762491326,1.5840154252856402
EL54,EL,2000,25700,32693.873397109706,10.39494298144511,8400.404323362092,NA,14.5,NA,0.34540463510235003,NA,NA
EL54,EL,2001,28200,35095.14268291165,10.465818014775623,8825.889786214595,9.036035117406596,16.1,14.5,1.0170914139007494,0.27939431335211873,-1.5548606140644994
EL54,EL,2002,28600,34571.54254354684,10.45078615279224,9083.259758476986,9.085444702352317,16.8,16.1,0.8746335908775632,0.4320650239028766,-1.2785744209328065
EL54,EL,2003,31500,36768.997315279565,10.512410304825863,9492.4398745487415,9.11418841140629,17.8,16.8,1.4586492340536676,0.5208802303037228,-1.157699211437691
EL54,EL,2004,31400,35595.256988686604,10.47996767730926,11126.473532504126,9.158250958090505,19.2,17.8,1.1511885818552525,0.657029123647899,-0.9850203407303829
EL54,EL,2005,32400,36044.053843586604,10.492497187183204,10504.264617384502,9.317082550623324,19,19.2,1.2699314696068051,1.1478029707978512,-0.7432699217401519
EL54,EL,2006,33400,35946.83312705161,10.48979626822727,11310.00985004995,9.25953660772401,19.7,19,1.2443347048780036,0.9699917222030098,-0.7778056958816134
EL54,EL,2007,34700,36129.65026082067,10.494869144073265,12369.66413278809,9.333443440024903,19.5,19.7,1.2924106418634707,1.1983564942270681,-0.656930486386498
EL54,EL,2008,35100,35119.31562359298,10.466506560759438,13004.167217342672,9.42300231326271,19.8,19.5,1.023616803903269,1.4750845183212165,-0.6914662605279595
EL54,EL,2009,34000,33231.683477988896,10.41125902145537,10508.46019755008,9.473025140257045,19,19.8,0.5000326873549771,1.6296500859003078,-0.6396625993157669
EL54,EL,2010,35500,34292.55899769129,10.442683670776578,8521.986316346882,9.259935944816965,20.6,19,0.797845901480752,0.9712256341615413,-0.7778056958816134
EL54,EL,2011,33300,31856.273676960165,10.368989617331872,6951.937367260556,9.050404728372918,23,20.6,0.09944310646489875,0.32379498417289715,-0.5015195027499204
EL54,EL,2012,30400,29179.704747461175,10.281228703706915,4484.620862916919,8.846775657592296,23.3,23,-0.7322721338265473,-0.3053986218656898,-0.08709021305238139
EL54,EL,2013,29700,29077.736440180142,10.277728089559384,4873.265113092348,8.408409236452972,25.6,23.3,-0.7654476560108798,-1.6599073284345636,-0.03528655184018886
EL54,EL,2014,28600,28550.037434489645,10.259413526273827,5802.261826212213,8.491519445856216,24.6,25.6,-0.9390158286141823,-1.403105035163843,0.3618748507866197
EL54,EL,2015,29300,29300,10.285342795005159,5275.190114068441,8.666003090552547,25.8,24.6,-0.6932826533008318,-0.8639679012547326,0.18919598007931168
EL54,EL,2016,28900,29042.307305798407,10.276508918461545,5376.816324803567,8.570769998276516,28.2,25.8,-0.7770018108243626,-1.1582286986627595,0.39641062492808116
EL54,EL,2017,29100,29183.757383691194,10.281367579506552,6275.042865847951,8.589851716807145,30,28.2,-0.7309559998633189,-1.0992680834339335,0.8108399146256201
EL54,EL,2018,28700,28850.310115702814,10.269876021122938,5645.205829072866,8.744335595187481,33.8,30,-0.8398621614741194,-0.6219282412378829,1.1216618818987747
EL54,EL,2019,29100,29181.123523395043,10.2812773245362,5281.8530279038205,8.638561938110861,31.8,33.8,-0.7318113514230696,-0.9487583370822372,1.7778415905865446
EL54,EL,2020,26900,27073.541400376416,10.206312197855738,5922.9569459202185,8.572032267385481,31.6,31.8,-1.4422601808070556,-1.1543284124736797,1.4324838491719292
EL54,EL,2021,28000,27793.49433707553,10.2325572556406,8242.714162728458,8.686591087285532,30,31.6,-1.1935342544193372,-0.8003530359711152,1.3979480750304678
EL54,EL,2022,30000,28017.74457156199,10.24059332313095,8158.551392942521,9.017084957347613,30.9,30,-1.117375979309562,0.22084020073543076,1.1216618818987747
EL54,EL,2023,31900,28034.344268778175,10.24118561854919,7830.282364727697,9.006821906823967,36.3,30.9,-1.1117627614685262,0.18912839385454672,1.2770728655353516
EL61,EL,2000,24500,31167.311215143498,10.347125107094618,11086.456884694491,NA,14.4,NA,-0.6684238674443296,NA,NA
EL61,EL,2001,26300,32730.57633193534,10.396064976015275,9918.454630943852,9.3134795418938765,15.9,14.4,-0.1089013193033552,1.1887473451820825,-1.6463831274354086
EL61,EL,2002,29400,35538.57869861109,10.47837410931107,9539.361885450631,9.202152404972477,15.4,15.9,0.8321272737973325,0.8725118456886831,-1.3885519068429366
EL61,EL,2003,32100,37469.35916890394,10.531278789130246,11066.795898450227,9.163181873887664,16.6,15.4,1.4369789400124362,0.7618122830849151,-1.4744956470404271
EL61,EL,2004,32200,36502.14251706078,10.505126236945413,10897.301343319372,9.311704543739092,17.6,16.6,1.1379805372465683,1.1837052912534474,-1.2682306705664494
EL61,EL,2005,32400,36044.053843586604,10.492497187183204,9150.903891762873,9.29627045438175,18.6,17.6,0.9935944107735616,1.1398632677170766,-1.096343190171468
EL61,EL,2006,35300,37991.71285583598,10.545123332183865,10876.06952591078,9.121607939375567,20.7,18.6,1.5952616280957814,0.6437175012562822,-0.9244557097764866
EL61,EL,2007,36700,38212.05085222244,10.550906212180974,12093.569126062994,9.294320198331302,21.4,20.7,1.6613764711253387,1.1343233767856438,-0.5634920009470262
EL61,EL,2008,37900,37920.85647105909,10.543256542376,10672.249333025846,9.400429113115894,22.7,21.4,1.5739188862132145,1.4357360116160813,-0.44317076467053934
EL61,EL,2009,37300,36457.11158026429,10.50389182348898,9619.120974346673,9.275402131172015,23.9,22.7,1.1238676640853618,1.0805847773479276,-0.21971704015706345
EL61,EL,2010,35300,34099.36148221134,10.437033938234459,6648.331706018344,9.171508164676782,23.9,23.9,0.3594909882594755,0.7854639173534124,-0.013452063683085954
EL61,EL,2011,32700,31282.286763861783,10.35080729824868,5801.239478486638,8.802121230901001,24.4,23.9,-0.6263259006393197,-0.26381539350673183,-0.013452063683085954
EL61,EL,2012,31500,30235.549327139044,10.316773641126327,3555.686103614561,8.66582687689059,23.8,24.4,-1.015427853211529,-0.6509726878602493,0.07249167651440472
EL61,EL,2013,31100,30448.40415116507,10.323788862935919,6424.434097895955,8.1763033204132,25.1,23.8,-0.9352238218308834,-2.0415116945869656,-0.030640811722583722
EL61,EL,2014,30500,30446.71824307462,10.323733492061386,5310.3945805161875,8.767863827735823,26.3,25.1,-0.9358568691498592,-0.36112686042189646,0.19281291279089216
EL61,EL,2015,32200,32200,10.3797217315325,5888.547608600263,8.577421420423645,26.1,26.3,-0.29575130479714795,-0.9020969371392411,0.39907788926486965
EL61,EL,2016,30900,31052.155562255048,10.343423507246857,5221.790396757745,8.680764660262126,25.6,26.1,-0.7107437310789231,-0.6085404694770787,0.3647003931858735
EL61,EL,2017,30900,30988.938252785498,10.341385589232805,5510.442073803943,8.560595609954412,28.6,25.6,-0.7340429573595119,-0.9498922790950497,0.2787566529883828
EL61,EL,2018,30600,30760.260959599516,10.333978907315698,5207.2810880087,8.614400130109,32.1,28.6,-0.8187224963719324,-0.7970553358607851,0.7944190941733269
EL61,EL,2019,31400,31487.535348268186,10.357347043272961,4931.939751423996,8.55781313442313,31.8,32.1,-0.5515579275965224,-0.957796169950379,1.3960252755557616
EL61,EL,2020,29300,29489.024647993643,10.291773427270966,5010.288334497071,8.503487648358849,30.3,31.8,-1.3012517360482134,-1.1121129672366408,1.344459031437267
EL61,EL,2021,31500,31267.681129209974,10.350340291296984,6273.217914244834,8.519248744218691,32.8,30.3,-0.6316651245762785,-1.0673420501032955,1.086627810844795
EL61,EL,2022,33400,31193.088956339016,10.347951841451449,7079.261808512605,8.744044725935085,33.5,32.8,-0.6589719313404567,-0.4287873227650417,1.516346511832248
EL61,EL,2023,35300,31022.330805262372,10.342462572697642,7619.379251026497,8.864924916917484,33.1,33.5,-0.7217299588607269,-0.08541544928224765,1.6366677481087353
EL62,EL,2000,30400,38672.9086098107,10.562894597956111,8482.782439475312,NA,13.2,NA,0.27675795311725904,NA,NA
EL62,EL,2001,33200,41317.6857117967,10.629045912753998,9994.372537334646,9.04579379282971,11.9,13.2,0.7070745555907327,0.2509713506917805,-0.6620081497783545
EL62,EL,2002,33600,40615.51851269839,10.611905501935592,10312.696275955883,9.209777467308538,10.8,11.9,0.5955755873402666,0.7056431390618072,-0.9592160128169847
EL62,EL,2003,35800,41788.25726625423,10.64037065240093,10937.036344279888,9.24113106328178,10.8,10.8,0.7807423806922257,0.7925761560117692,-1.210699589234287
EL62,EL,2004,38800,43983.94812614778,10.691580031024278,13189.348875177147,9.299910138387206,10.4,10.8,1.113861168902323,0.9555508379845843,-1.210699589234287
EL62,EL,2005,39800,44276.337746134166,10.698205676675313,9107.505939706172,9.487164879457017,12.3,10.4,1.1569612241991436,1.4747454972917797,-1.3021481624769429
EL62,EL,2006,42800,46063.60652209008,10.737778470832366,12812.308723291506,9.116854181059962,13.1,12.3,1.414383625916683,0.4479979992383631,-0.8677674395743291
EL62,EL,2007,45600,47478.733483960306,10.76803717364079,14728.6351903034,9.458161606855493,12.3,13.1,1.6112175396122548,1.3943291396011168,-0.6848702930890184
EL62,EL,2008,45500,45525.03877132423,10.726017756244524,11899.687685369814,9.59754885005893,13,12.3,1.337879768668149,1.780803264813239,-0.8677674395743291
EL62,EL,2009,42800,41832.82508405661,10.64143659942696,7762.985528016907,9.38426743382831,12.4,13,0.7876764031535971,1.1894453552416488,-0.7077324363996821
EL62,EL,2010,42300,40861.27452400962,10.61793806034744,9291.151247502274,8.957122272178374,14.9,12.4,0.634817589527833,0.005114932361323601,-0.8449052962636653
EL62,EL,2011,38600,36926.4914093292,10.516684496816259,7051.264859508957,9.136817747434899,16.9,14.9,-0.023840361265632767,0.5033502802186761,-0.2733517134970684
EL62,EL,2012,35200,33787.02654969188,10.42783217789879,5161.586079190798,8.860962292410088,14.7,16.9,-0.6018277847246196,-0.26150447417305694,0.18389115271620873
EL62,EL,2013,34600,33875.07342862737,10.43043472581441,4041.8662460886953,8.548999190932289,17,14.7,-0.5848981200573985,-1.1264736347018014,-0.3190760001183964
EL62,EL,2014,34600,34539.55577738957,10.449860490511698,4978.207967280888,8.304461806393952,17.7,17,-0.45853284537576194,-1.8044938724159476,0.20675329602687292
EL62,EL,2015,34900,34900,10.460242108190519,5473.698630136986,8.512825259331084,19.5,17.7,-0.3910000614639388,-1.2267718273466937,0.3667882992015199
EL62,EL,2016,33500,33664.95829564868,10.424212762174179,5243.792336743304,8.607709833305549,20.8,19.5,-0.6253722098401628,-0.9636886937676378,0.7783068787934698
EL62,EL,2017,33900,33997.57303460933,10.43404441971551,6585.9799517619695,8.564800243936116,20.1,20.8,-0.5614169357417601,-1.08266260869441,1.0755147418321003
EL62,EL,2018,32800,32971.78298937464,10.40340741374746,6517.2668989259455,8.792698418862738,22.8,20.1,-0.7607117246421884,-0.4507773244460041,0.9154797386574535
EL62,EL,2019,33000,33091.99574817994,10.407046711825233,5514.288054123797,8.782210379755853,24.6,22.8,-0.7370379641281327,-0.4798571429851234,1.532757608045378
EL62,EL,2020,27200,27375.476806328566,10.217402884549896,5328.173060807956,8.615097830720487,23.7,24.6,-1.970677653415092,-0.9432042522047882,1.9442761876373278
EL62,EL,2021,29700,29480.956493255115,10.291499791274049,6912.265655941226,8.58076369307559,18.8,23.7,-1.48867469923723,-1.038401312611938,1.7385168978413525
EL62,EL,2022,32900,30726.126546812982,10.33286859924012,8310.303406634746,8.841052743764598,18.5,18.8,-1.2195691652546161,-0.3167069820876711,0.6182718756188229
EL62,EL,2023,36200,31813.268417861127,10.367638727590116,9293.255048163675,9.025251398210028,22.3,18.5,-0.9933882715739571,0.19401417291894463,0.5496854456868311
EL63,EL,2000,25500,32439.446366782005,10.387130441708317,7309.016330254208,NA,12.4,NA,-0.46745566464970456,NA,NA
EL63,EL,2001,27000,33601.73235597924,10.422332902835885,8091.338367100442,8.896863978744445,11.9,12.4,-0.12163189470844309,0.14336831738050848,-1.708839268080605
EL63,EL,2002,28700,34692.42206292987,10.45427655773201,8282.944234262464,8.998549431116373,12.4,11.9,0.19217784495289633,0.45119386944269074,-1.8274370446824575
EL63,EL,2003,31700,37002.45126648768,10.51873943987751,8615.007273243275,9.021953768022476,13.9,12.4,0.8254516619184394,0.5220442493221941,-1.708839268080605
EL63,EL,2004,34900,39562.881175323644,10.585646613603434,10252.994315396654,9.0612609932151,15.8,13.9,1.4827378377390699,0.6410363766394395,-1.3530459382750477
EL63,EL,2005,35200,39158.97207698298,10.575384846988971,8955.34680199141,9.235325070236762,16.3,15.8,1.3819277607387537,1.167968886192587,-0.9023743871880081
EL63,EL,2006,37700,40574.71882903729,10.610900462698579,10731.222527423704,9.100006040935488,18.4,16.3,1.7308279149630046,0.7583266617883957,-0.7837766105861557
EL63,EL,2007,38700,40294.4514436242,10.603969057156187,10868.9939400366,9.280912764588805,19.4,18.4,1.6627348124104482,1.3059734566972456,-0.2856659488583757
EL63,EL,2008,39200,39221.57186452549,10.576982177084036,11528.99601588741,9.293669422017407,18,19.4,1.397619695268957,1.3445908304102974,-0.04847039565467076
EL63,EL,2009,38100,37239.033544452264,10.525112778971865,12355.250561813138,9.352620533659765,18.2,18,0.8880624022509551,1.5230495780747555,-0.38054417013985736
EL63,EL,2010,37800,36514.33042571073,10.50546007692075,9020.1396159778,9.421836398412387,20.2,18.2,0.6949971649023526,1.7325821245889406,-0.33310505949911656
EL63,EL,2011,34900,33386.90544522252,10.415919049553855,6081.10451106282,9.107215091426657,20.9,20.2,-0.18464064042664424,0.7801501369810045,0.14128604690829338
EL63,EL,2012,34100,32731.18197001401,10.39608347958421,5056.042140010978,8.71294162146524,20.6,20.9,-0.37950234515172804,-0.4134075030089057,0.3073229341508867
EL63,EL,2013,33100,32406.50088114353,10.386114326133749,5109.1158338347705,8.52833927044603,21.6,20.6,-0.47743783372077886,-0.9722418228545693,0.23616426818977587
EL63,EL,2014,32000,31944.0978287996,10.371742711247746,5814.314745114417,8.538781641580098,22.6,21.6,-0.6186224520919377,-0.9406303328704846,0.4733598213934808
EL63,EL,2015,33100,33100,10.407288561365155,5172.586123241145,8.66807821538013,22.9,22.6,-0.2694252795186112,-0.5492194842058526,0.7105553745971858
EL63,EL,2016,31500,31655.110039192037,10.362654869174746,4811.159883037399,8.55112805969687,22.7,22.9,-0.7079000680781309,-0.9032548491200169,0.7817140405582966
EL63,EL,2017,31900,31991.816513393438,10.373235415119904,5257.432003281151,8.478693473954863,23.8,22.7,-0.6039583500962041,-1.1225312138734902,0.7342749299175558
EL63,EL,2018,30700,30860.784688225656,10.337241552950514,4706.8622016116815,8.567397974213362,21.9,23.8,-0.957556726785169,-0.8540020277850121,0.9951900384416316
EL63,EL,2019,31400,31487.535348268186,10.357347043272961,4915.203444680692,8.456776765767959,20.6,21.9,-0.7600433644486648,-1.1888781950753153,0.5445184873545916
EL63,EL,2020,29200,29388.379512676256,10.288354620522181,4771.156123691867,8.500088424335134,25,20.6,-1.4378147181785634,-1.0577637150963677,0.23616426818977587
EL63,EL,2021,29900,29679.48145280566,10.298211225862037,5587.348845301632,8.470343928454163,26,25,-1.3409848855966977,-1.1478072331394547,1.2798247022860774
EL63,EL,2022,33200,31006.303992528603,10.341945817391236,5811.298746467506,8.628260186260894,25.4,26,-0.9113427289116772,-0.6697579340012574,1.5170202554897823
EL63,EL,2023,34900,30670.8029774407,10.331066437966772,6089.910833190098,8.66755936126258,27.8,25.4,-1.0182201427821311,-0.550790176487284,1.374702923567559
EL64,EL,2000,37200,47323.42764095257,10.764760750823037,17210.20786867732,NA,10.9,NA,1.0282531673930477,NA,NA
EL64,EL,2001,40500,50402.59853396886,10.827798010944049,18761.14264975452,9.753257967498552,10.1,10.9,1.55060431653788,1.0712717116027513,-1.251383762797566
EL64,EL,2002,40300,48714.44631136146,10.793730903919071,15388.950775070181,9.839543129540877,8.7,10.1,1.268311074915765,1.3044736388946276,-1.4112827991550327
EL64,EL,2003,41700,48675.14882689389,10.79292388779903,17968.079591619506,9.64140504874993,10.9,8.7,1.261623826820396,0.7689680986987665,-1.6911061127805997
EL64,EL,2004,43100,48858.457841159005,10.796682781504753,19286.259967455037,9.796352106599953,12.5,10.9,1.2927714757335633,1.1877417518224274,-1.251383762797566
EL64,EL,2005,43300,48169.985537879635,10.782491399393365,14651.442861127462,9.867148202573748,14,12.5,1.1751761878100948,1.3790815561995857,-0.9315856900826326
EL64,EL,2006,43400,46709.35801539041,10.751699809350974,19789.031072932903,9.59229409840967,14.3,14,0.9200251483809864,0.6362364910920478,-0.6317749969123825
EL64,EL,2007,45800,47686.97354310048,10.77241354824059,18953.938668051884,9.892883076960057,13.9,14.3,1.0916672104139111,1.4486349088670791,-0.5718128582783323
EL64,EL,2008,46000,46025.313922657464,10.736946826776713,15538.555312890214,9.849767034193517,14.5,13.9,0.7977762215369958,1.3321056698604463,-0.6517623764570657
EL64,EL,2009,45600,44569.551958714525,10.70480621335955,11577.738758879197,9.651079653891578,15.4,14.5,0.5314466520023194,0.7951155441160191,-0.5318380991889657
EL64,EL,2010,44300,42793.24967880913,10.664135651346298,12343.752307503966,9.356839460805118,15.9,15.4,0.19443462509623355,-1.240833049541834e-4,-0.3519516832868156
EL64,EL,2011,41900,40083.4194313703,10.598718047273564,10935.276225617456,9.420905328020545,17.3,15.9,-0.3476409758435288,0.17302600825927883,-0.2520147855633989
EL64,EL,2012,41000,39354.20706072066,10.580358161999047,9053.806964009987,9.29974919347929,17.3,17.3,-0.4997780952694175,-0.15442130028718468,0.027808528062167968
EL64,EL,2013,38500,37693.36205208537,10.53723928504447,8442.202366434329,9.110940607248406,18.3,17.3,-0.8570778079127147,-0.6647121215143473,0.027808528062167968
EL64,EL,2014,35800,35737.45944596955,10.483954701854675,8562.973033849696,9.040998497440391,17.9,18.3,-1.298614499188023,-0.8537438671821403,0.2276823235090014
EL64,EL,2015,37000,37000,10.51867319162636,7492.9405225125065,9.055202725873702,19,17.9,-1.0109236478724803,-0.8153542603489594,0.14773280533026759
EL64,EL,2016,36800,36981.20791880213,10.518165168518044,7954.08738775054,8.921716592592583,21.1,19,-1.0151333240848044,-1.1761257164265146,0.36759398032178464
EL64,EL,2017,37600,37708.22259885872,10.537633455724954,8216.33527755826,8.981441212349292,23.3,21.1,-0.8538115570078497,-1.0147086650543777,0.7873289507601351
EL64,EL,2018,37000,37193.77959167262,10.523896811001586,7216.761631766424,9.013879558657745,23.6,23.3,-0.9676387148327769,-0.9270379149712762,1.2270513007431685
EL64,EL,2019,37700,37805.09817292072,10.540199244812719,6545.530251251652,8.88416160381217,23.2,23.6,-0.8325504350002583,-1.277625157995866,1.2870134393772186
EL64,EL,2020,36900,37138.05493211486,10.522397462294427,8415.416054855452,8.786537691296381,25.2,23.2,-0.9800628988574369,-1.541472197389365,1.2070639211984848
EL64,EL,2021,38000,37719.74231460251,10.537938905191782,9193.276464975075,9.037820547453247,24.7,25.2,-0.85128048443749,-0.8623328765123385,1.6068115120921516
EL64,EL,2022,41900,39131.44991828158,10.574681768396886,10809.844640042358,9.12622767683428,22.7,24.7,-0.5468148908946643,-0.6233959321987139,1.5068746143687348
EL64,EL,2023,41900,36822.53996431993,10.513865435686483,10711.334266850457,9.288212538656005,20,22.7,-1.0507625754397927,-0.1856012862269629,1.107127023475068
EL65,EL,2000,27600,35110.93018522288,10.46626776226704,10524.602987377864,NA,12.3,NA,-0.4849803739597915,NA,NA
EL65,EL,2001,29900,37210.80731273257,10.524354517228197,11266.015067582359,9.261470936924914,13.3,12.3,0.28072718446763867,0.6089449621992084,-1.3608643107818703
EL65,EL,2002,30300,36626.49437305837,10.508527147481757,11077.516308218064,9.329545956892284,13,13.3,0.07208862903484341,0.797663812698306,-1.133724404047596
EL65,EL,2003,33000,38519.90194934049,10.558930320460757,12588.1042616157,9.31267277526557,11.9,13,0.7365101575666697,0.750887661293837,-1.2018663760678785
EL65,EL,2004,35500,40243.04532160428,10.60269248087642,14174.899346049107,9.44050754076961,15.4,11.9,1.313388949053572,1.105273602147145,-1.45172027347558
EL65,EL,2005,34400,38268.99543886973,10.552395328764273,12000.83418058393,9.559228027762918,15,15.4,0.6503650021073217,1.4343927687196873,-0.6567305999056197
EL65,EL,2006,37400,40251.843082387124,10.602911072665101,13666.422094595946,9.39273144140274,15.2,15,1.3162704559464051,0.9728278010564038,-0.7475865625993295
EL65,EL,2007,40800,42480.97206459606,10.656811538530567,13489.852797219888,9.522697161340838,15.9,15.2,2.026793778234702,1.3331212138642432,-0.7021585812524749
EL65,EL,2008,41600,41622.89259092501,10.636405597554836,12582.883735133051,9.50969303714967,16.9,15.9,1.7577998698576502,1.2970709362399246,-0.5431606465384825
EL65,EL,2009,40500,39584.79943701619,10.586200470951702,9308.49077221604,9.44009273571244,15,16.9,1.0959890157734005,1.1041236717672798,-0.3160207398042085
EL65,EL,2010,40200,38832.700611470136,10.567017969920183,10833.510307102322,9.138682248882679,15.5,15,0.8431226602815411,0.26854785217662036,-0.7475865625993295
EL65,EL,2011,38300,36639.49795278001,10.508882116532073,8550.99208661216,9.290399415556502,17.3,15.5,0.07676787966635114,0.6891410346595295,-0.6340166092321924
EL65,EL,2012,36800,35322.80048376879,10.472283940469625,6113.081880235554,9.053802588721327,17.7,17.3,-0.40567428902449926,0.03324286212179008,-0.22516477711049823
EL65,EL,2013,34800,34070.88310162522,10.43619843053116,6165.594260817459,8.71818632438292,19.1,17.7,-0.8813584226633641,-0.8971588571153725,-0.1343088144167888
EL65,EL,2014,33500,33441.47741452458,10.41755224727904,5750.573101846306,8.72673980362409,19.3,19.1,-1.1271549637426284,-0.8734467411154758,0.1836870550111959
EL65,EL,2015,35100,35100,10.465956409453957,6341.886988076723,8.657054798710996,20.8,19.3,-0.48908466937920636,-1.066628822156752,0.2291150363580506
EL65,EL,2016,34400,34569.390011054165,10.45072388772251,5635.786959780143,8.754931635336355,21.4,20.8,-0.6898818568185547,-0.7952928150974918,0.5698248964594622
EL65,EL,2017,35100,35201.02694733886,10.468830535800926,6060.389902720172,8.636892072407072,23,21.4,-0.45119754228420783,-1.1225243111750207,0.7061088405000264
EL65,EL,2018,33900,34077.54400426221,10.436393912743767,5149.933941618735,8.709529417376473,23.8,23,-0.8787815493670049,-0.9211576975111204,1.0695326912748657
EL65,EL,2019,34700,34796.73492308618,10.457278837311566,5103.866779951296,8.546739166705368,23.8,23.8,-0.6034736136862396,-1.372447891679793,1.2512446166622855
EL65,EL,2020,32300,32508.378707515174,10.389253141476555,5707.088052393369,8.537753723577264,23.9,23.8,-1.5001976517735078,-1.3973575060900951,1.2512446166622855
EL65,EL,2021,33500,33252.93072471537,10.411898184296417,6575.189797527565,8.649464199258297,24.7,23.9,-1.2016875962595353,-1.0876716247001688,1.2739586073357125
EL65,EL,2022,37600,35115.57319635769,10.466399991864643,7956.806193105155,8.791058723173451,26.5,24.7,-0.4832373052963858,-0.6951406228283646,1.455670532723132
EL65,EL,2023,38500,33834.55342783573,10.429237850052129,7700.770649310299,8.981782966301358,26.2,26.5,-0.973113747735334,-0.16641128947434958,1.8645223648448264
ES11,ES,2000,34400,46823.743993902026,10.754145703544143,11361.612756866323,NA,18.7,NA,-1.193910186243797,NA,NA
ES11,ES,2001,35600,46520.74485462267,10.747653617996736,11669.155350348474,9.337995650232642,20.3,18.7,-1.2787161257076753,0.09848772340783636,-1.8535233760692622
ES11,ES,2002,37200,46700.22722422386,10.751504309260223,11966.292332010655,9.364704344799028,21.4,20.3,-1.2284146489633014,0.2664787666554339,-1.6138548580111143
ES11,ES,2003,38600,46592.472780822245,10.7491942787581,12293.345417847713,9.389849003871408,23,21.4,-1.2585905154845005,0.42463241580421884,-1.449082751846138
ES11,ES,2004,40300,46813.10767014764,10.753918521113057,13418.830679305198,9.41681337201558,24.2,23,-1.1968778642506943,0.5942315822401831,-1.20941423378799
ES11,ES,2005,42200,47038.89068473912,10.758729999912193,13845.024484214842,9.504414274039771,27.2,24.2,-1.134025645685245,1.1452194593862008,-1.0296628452443795
ES11,ES,2006,44200,47340.06661882678,10.765112290308783,14744.21174858702,9.535681204055274,28.3,27.2,-1.0506539573330587,1.341880669442667,-0.5802843738853524
ES11,ES,2007,45800,47366.89695114384,10.765678887146514,14915.978211218731,9.598605860924978,28.6,28.3,-1.043252518031295,1.737661104434144,-0.41551226772037553
ES11,ES,2008,47700,48151.17652403016,10.78210085148705,12436.362045701557,9.610188280531938,29.3,28.6,-0.8287328380961371,1.8105116418600118,-0.3705744205844727
ES11,ES,2009,49100,49450.106755831286,10.808719495912658,13472.791627414872,9.428379883468093,29.7,29.3,-0.48101419956552055,0.6669820613327968,-0.2657194439340332
ES11,ES,2010,50700,50912.3043089684,10.837859908275693,12514.399616899027,9.508427495698067,30.1,29.7,-0.10035377407267518,1.1704616250594513,-0.20580231441949645
ES11,ES,2011,51300,51589.93543715682,10.85108188277749,10710.875014679152,9.434635229634749,31,30.1,0.07236452438540204,0.7063266322851294,-0.1458851849049592
ES11,ES,2012,52000,52400.33858680318,10.866668331868471,9872.711894471391,9.27901486082148,31.3,31,0.2759698910143773,-0.27248676657034354,-0.011071643497251293
ES11,ES,2013,53300,53475.935828877,10.886987034103733,9769.1606299785,9.197529856032162,32.1,31.3,0.5413925536033466,-0.7850071718476921,0.03386620363865152
ES11,ES,2014,53700,53996.44045811506,10.896673405931448,9071.765484689042,9.186985828344918,33.4,32.1,0.6679253691134489,-0.851326482468022,0.1537004626677255
ES11,ES,2015,54900,54900,10.913268627497622,9042.289535798584,9.112922175180257,35.2,33.4,0.8847083035423852,-1.3171684325840882,0.34843113358997013
ES11,ES,2016,55600,55393.93456342407,10.922225382326792,9141.361886881465,9.109667688553847,35.7,35.2,1.0017101517602833,-1.337638343692889,0.6180582164053869
ES11,ES,2017,56800,55886.25965464653,10.93107382668641,10171.061703475827,9.120564656289439,36.5,35.7,1.1172971432180532,-1.2690991279859043,0.6929546282985581
ES11,ES,2018,57800,56202.71873359133,10.93672041075425,10195.746814235328,9.227301879215771,36.9,36.5,1.1910583195208186,-0.5977485538057347,0.8127888873276317
ES11,ES,2019,58300,55890.55804277592,10.931150736876196,10537.938402160496,9.22972593331591,37.9,36.9,1.1183018189654028,-0.5825018566615219,0.8727060168421683
ES11,ES,2020,55600,52704.41920867537,10.872454586965834,9983.61539354692,9.262737205445685,40.3,37.9,0.3515555862314497,-0.3748691687281101,1.0224988406285107
ES11,ES,2021,59600,55088.27063499399,10.91669209834205,9449.16481155243,9.208700567586249,41.4,40.3,0.9294290114056504,-0.7147461756344676,1.3820016177157322
ES11,ES,2022,64500,56944.59158809195,10.949833996641148,9850.020661897379,9.153681636852168,42.2,41.4,1.3623607404081821,-1.0608015603112546,1.5467737238807089
ES11,ES,2023,68100,56588.722141895596,10.94356498889373,9905.869925558492,9.195228831818492,41.4,42.2,1.2804688602652161,-0.7994800416179334,1.6666079829097835
ES12,ES,2000,38300,52132.2498536758,10.86153903535139,15529.297772803924,NA,21.7,NA,-1.2494280891219718,NA,NA
ES12,ES,2001,40100,52401.17608624633,10.866684314451275,15561.567495471532,9.65048369765767,21.2,21.7,-1.1295624942450673,0.9276020284126854,-1.6136676334738373
ES12,ES,2002,42000,52726.06299509146,10.872865166264491,15966.17612360352,9.65255953144209,23.1,21.2,-0.9855719613595584,0.9371975474941142,-1.6781022785604662
ES12,ES,2003,42900,51782.82596625063,10.854813828221285,15965.331565920376,9.67822777131135,24.4,23.1,-1.406100047566047,1.0558487069947844,-1.4332506272312762
ES12,ES,2004,44900,52156.53931487913,10.862004846908627,16085.099361319928,9.678174873233905,25.9,24.4,-1.238576436893803,1.0556041862073744,-1.2657205500060413
ES12,ES,2005,46800,52166.35270250689,10.862192981793829,15548.520934521488,9.685648616919819,29.8,25.9,-1.234193603719164,1.090151485074036,-1.0724166147461547
ES12,ES,2006,49200,52695.277774802664,10.872281124723393,16385.291437209908,9.651720796332466,28.7,29.8,-0.9991779262445438,0.9333205035761141,-0.5698263830704489
ES12,ES,2007,51300,53055.0614321764,10.879085548203099,15335.868873767562,9.704139347804754,29,28.7,-0.840660525661267,1.1756246873928202,-0.7115826022610326
ES12,ES,2008,52500,52996.57793525332,10.877982623190332,16634.690840757445,9.637949734465112,30.6,29,-0.8663545181917798,0.8696639199365858,-0.6729218152090551
ES12,ES,2009,53400,53780.76783628087,10.892671207078333,13328.639065050036,9.719245603414079,32.1,30.6,-0.5241659193898581,1.2454531895764254,-0.46673095093184247
ES12,ES,2010,55700,55933.24161754516,10.931914144611794,14217.616747899936,9.497670312315481,32.8,32.1,0.3900464995769637,0.22122381742411637,-0.27342701567195576
ES12,ES,2011,55500,55813.67284136848,10.929774151353156,13456.196677131207,9.56223709071045,35.1,32.8,0.3401927287708483,0.5196830480065966,-0.18321851255067584
ES12,ES,2012,55700,56128.82421701802,10.935404760220282,13550.37785100208,9.507194998420657,35.9,35.1,0.4713646765457031,0.2652515753075999,0.11318085484781772
ES12,ES,2013,56000,56184.84815041486,10.936402393667084,10587.228407129644,9.514169711601859,37.7,35.9,0.4946057727522714,0.2974921110961627,0.2162762869864236
ES12,ES,2014,56200,56510.24122432153,10.942177161316273,9203.597107674683,9.267403686412125,38.7,37.7,0.629136076377866,-0.8431811552931602,0.44824100929828825
ES12,ES,2015,57300,57300,10.95605590270283,9694.762031374634,9.127349676585114,39.6,38.7,0.9524583996468926,-1.4905792917970244,0.577110299471546
ES12,ES,2016,57600,57386.52213764795,10.9575647487721,10148.048688781853,9.17934102187521,40.7,39.6,0.9876088216472586,-1.2502498639090867,0.6930926606274779
ES12,ES,2017,58700,57755.694396615334,10.963977227793354,9387.983455828513,9.225036718577377,41.6,40.7,1.1369953947751226,-1.03902200311618,0.8348488798180617
ES12,ES,2018,59300,57661.26679761187,10.962340941079598,10004.487580430954,9.147185794701414,43.1,41.6,1.098876086468223,-1.3988870516403507,0.9508312409739935
ES12,ES,2019,59700,57232.698373134175,10.954880663918306,10410.916249351729,9.210789029357501,43.3,43.1,0.9250797690041765,-1.1048817915065754,1.1441351762338803
ES12,ES,2020,56800,53841.92465922232,10.893807711436404,10195.87835892694,9.250610174003988,44.2,43.3,-0.4976896547760735,-0.9208089836703071,1.1699090342685312
ES12,ES,2021,61100,56474.72039929753,10.941548390448295,10763.818813993417,9.229738835150902,44.6,44.2,0.6144880868969541,-1.0172865204185793,1.2858913954244642
ES12,ES,2022,67100,59240.03248931737,10.989352816817057,10773.630788006614,9.2839456791144,43.3,44.6,1.7281509015280818,-0.7667159740195892,1.337439111493767
ES12,ES,2023,69700,57918.26627445115,10.966788093504741,10735.508812224534,9.284856833858656,43.6,43.3,1.2024779631788547,-0.7625041711284966,1.1699090342685312
ES13,ES,2000,38600,52540.59645827379,10.869341415635576,15900.89941738973,NA,23.4,NA,-0.9068492584920373,NA,NA
ES13,ES,2001,40000,52270.499836654686,10.864187434252688,14947.48436319683,9.674130953739892,23.9,23.4,-1.0041997693979958,0.9229828201235192,-1.7930485050967957
ES13,ES,2002,41400,51972.833523733,10.858476428812391,15799.317277124208,9.612298294639565,25,23.9,-1.1120715788006328,0.6978010309489671,-1.714734574946347
ES13,ES,2003,43000,51903.53185428385,10.857142117980876,16460.439756171705,9.667722007772872,27.5,25,-1.137274588184142,0.8996427609933577,-1.5424439286153597
ES13,ES,2004,44500,51691.893084902484,10.853056241332615,16591.067799309658,9.708715190531024,27.9,27.5,-1.2144502994755375,1.04893147624111,-1.150874277863116
ES13,ES,2005,46100,51386.086743281354,10.84712272887283,16083.561627805924,9.716619745146346,30.6,27.9,-1.3265249125784928,1.077718233543884,-1.0882231337427573
ES13,ES,2006,48200,51624.23554360749,10.851746522281687,16108.21964014216,9.685553012473262,30.6,30.6,-1.23918880923703,0.9645796018091286,-0.6653279109303338
ES13,ES,2007,50200,51917.428535969884,10.857409822724058,16264.610761860866,9.68708495734785,32.3,30.6,-1.1322180713703154,0.9701586290221853,-0.6653279109303338
ES13,ES,2008,51500,51987.11930791517,10.858751261262444,18466.8625979613,9.696746907595024,33.4,32.3,-1.1068804309406448,1.0053454586884316,-0.3990605484188089
ES13,ES,2009,52800,53176.489545985576,10.8813716518244,15056.440362094843,9.823733194008884,33.8,33.4,-0.6796172309977525,1.467803318197726,-0.22676990208782152
ES13,ES,2010,55200,55431.14788668748,10.922896950961604,13723.61992619053,9.619561109676852,35.7,33.8,0.10472962363999597,0.7242507050910153,-0.16411875796746275
ES13,ES,2011,55800,56115.36837024075,10.935164999988032,14472.840906083777,9.52687370949623,35.2,35.7,0.3364535573948628,0.3867023138315573,0.1334741766042432
ES13,ES,2012,56200,56632.673626506505,10.944341370186688,9226.0425204115,9.580029131114241,36.1,35.2,0.5097805954139292,0.5802833940961105,0.05516024645379451
ES13,ES,2013,55900,56084.51806443197,10.934615083092988,9193.99092018589,9.129785472866251,37.2,36.1,0.3260665018912935,-1.059411129865282,0.19612532072460198
ES13,ES,2014,57100,57415.209500155855,10.958064521078594,8558.51104835048,9.126305388785296,37.4,37.2,0.7689890890655003,-1.0720848781922925,0.3684159670555894
ES13,ES,2015,57700,57700,10.96301245249619,9763.492759982448,9.054681511056248,38.1,37.4,0.8624476438499588,-1.332924265812304,0.39974153911576815
ES13,ES,2016,58500,58283.186546048695,10.973068935308065,8891.08366896449,9.18640548014112,39.1,38.1,1.0523986093120101,-0.8532127433371541,0.5093810413263968
ES13,ES,2017,59400,58444.433512077536,10.975831727327902,8042.275144699223,9.092804218600365,40.4,39.1,1.104583356340983,-1.1940892291525744,0.6660089016272942
ES13,ES,2018,60700,59022.57832403104,10.985675333141371,9435.45580311168,8.992467300338655,40.6,40.4,1.2905134138844037,-1.5594955872678324,0.8696251200184605
ES13,ES,2019,61100,58574.83870349244,10.9780605096973,10447.00246589557,9.152229766451528,42,40.6,1.1466815104164918,-0.9776736425919119,0.9009506920786403
ES13,ES,2020,58300,55263.80647240601,10.919873479065744,9552.471583532088,9.25407037087611,42.5,42,0.04762104836476787,-0.6067911696622627,1.1202296964998966
ES13,ES,2021,62400,57676.31019502727,10.962601799646128,10107.56846576244,9.164555204548988,43.5,42.5,0.8546910646563858,-0.9327869396176354,1.1985436266503453
ES13,ES,2022,67000,59151.7463008087,10.987861392230387,10964.712219561277,9.221039775250325,45.3,43.5,1.3318045931449536,-0.7270817851515148,1.3551714869512426
ES13,ES,2023,70400,58499.9418324442,10.97678103890226,11618.49765090153,9.302437415141524,49.4,45.3,1.1225143420988097,-0.43064837193624783,1.6371016354928576
ES21,ES,2000,43700,59482.488736439496,10.993437241266335,16425.004368459955,NA,32,NA,-1.070910416378085,NA,NA
ES21,ES,2001,45400,59327.017314603065,10.990820085186055,16242.085654971457,9.706560109316852,33,32,-1.1146458229796397,1.2964438033315777,-1.831201026618393
ES21,ES,2002,47000,59002.97525641187,10.98534314969118,16167.208641756824,9.695361032499886,33.8,33,-1.2061711250446105,1.1907734902346119,-1.682795023756437
ES21,ES,2003,48200,58180.2380320112,10.97130102334387,15834.05780472259,9.690740311927922,35.9,33.8,-1.4408296958411697,1.1471740938242498,-1.564070221466873
ES21,ES,2004,50700,58893.90964954058,10.983492962757557,16341.560367738342,9.669918456395587,37.2,35.9,-1.2370896776065354,0.9507068287700259,-1.2524176154567659
ES21,ES,2005,52900,58965.813204329366,10.984713117734481,15253.301321855288,9.701466857596394,40.8,37.2,-1.216699615877027,1.248385779194525,-1.0594898117362228
ES21,ES,2006,55700,59657.0522775713,10.99636764815837,15207.720547222185,9.632551238728775,41.8,40.8,-1.0219402621343752,0.5981236958074578,-0.525228201433183
ES21,ES,2007,58100,60087.701154180286,11.00356045988424,15048.582496684157,9.629558508619516,42.4,41.8,-0.9017408793732128,0.5698854103819104,-0.3768221985712274
ES21,ES,2008,59800,60365.62591482188,11.00817511454934,14823.09247555489,9.619039079474383,41.7,42.4,-0.824625188939363,0.4706279992992916,-0.2877785968540537
ES21,ES,2009,60900,61334.246464972,11.024093635828036,11433.30170630341,9.603941546147498,43.3,41.7,-0.5586101026152995,0.328173304174161,-0.3916627988574221
ES21,ES,2010,62300,62560.87886486649,11.043895423471962,12815.976426566684,9.344285578269567,43.7,43.3,-0.227701586852624,-2.1218435920032435,-0.15421319427829383
ES21,ES,2011,63700,64060.017297210325,11.067575693178885,14330.379863887547,9.45844782993119,44.5,43.7,0.1680204076704821,-1.0446511524744666,-0.09485079313351069
ES21,ES,2012,64300,64795.034060220074,11.078984244530616,15419.522604219785,9.570137028767288,46,44.5,0.3586691946733944,0.009206482708410985,0.02387400915605344
ES21,ES,2013,65200,65415.21606084016,11.088510171864542,14273.827589976703,9.643389687119244,46.8,46,0.5178573716205985,0.7003912535378479,0.246483013448987
ES21,ES,2014,66300,66665.99631979568,11.107450301608445,15264.675044716436,9.566182900851977,47,46.8,0.8343666855577145,-0.02810319394308815,0.3652078157385511
ES21,ES,2015,67200,67200,11.115428526511241,13951.609221638895,9.633296617337837,47.8,47,0.9676911413330476,0.6051568104367004,0.3948890163109427
ES21,ES,2016,67800,67548.71876618978,11.120604376016605,11409.138702860633,9.54335013698636,48.6,47.8,1.0541849826179326,-0.24354464023208572,0.5136138186005068
ES21,ES,2017,69200,68086.78112854823,11.128538363582926,14012.683666823554,9.342169953842186,49.7,48.6,1.186770186381406,-2.141805835256922,0.632338620890072
ES21,ES,2018,70500,68551.75900896521,11.135344344894142,14331.907134239496,9.547718174650344,49.6,49.7,1.3005052296260282,-0.2023294655247216,0.7955852240382235
ES21,ES,2019,71300,68353.28968181688,11.13244497094,13100.138680799642,9.570243598794551,50.8,49.6,1.2520536681277283,0.010212037749395038,0.7807446237520277
ES21,ES,2020,67300,63795.09735150814,11.06343162235998,12879.305834942435,9.480378095453792,53.4,50.8,0.09876866391088393,-0.8377253440397775,0.9588318271863739
ES21,ES,2021,71700,66272.29873370922,11.101527271876321,12853.78269759516,9.463377103403362,55,53.4,0.7353866837154879,-0.9981403659464351,1.3446874346274589
ES21,ES,2022,77600,68510.0822827277,11.134736200028595,13591.541785560681,9.46139342035774,55,55,1.2903424949050284,-1.0168576595182006,1.5821370392065883
ES21,ES,2023,81300,67557.46123547888,11.120733792292029,13380.375143571142,9.51720295071469,55.7,55,1.0563476635024174,-0.4902597405112583,1.5821370392065883
ES22,ES,2000,39800,54173.982876665716,10.899956051455183,20038.224098236566,NA,29.9,NA,-1.5782300207040287,NA,NA
ES22,ES,2001,41800,54622.67232930414,10.908204319669462,20513.644742558783,9.90539693341954,32.4,29.9,-1.4614090201936518,0.9452447551408658,-1.7845809989666312
ES22,ES,2002,43800,54985.7514091668,10.914829365363524,20321.817542915407,9.928845540912915,34.2,32.4,-1.3675778733030364,1.050026756136298,-1.34036711394247
ES22,ES,2003,45800,55283.296719213955,10.920226093407454,20913.18438874941,9.919450343701978,33.7,34.2,-1.291143505118584,1.0080435567592423,-1.020533116725073
ES22,ES,2004,48000,55757.54759719819,10.928768063068311,21369.674431571522,9.948135071059617,33.5,33.7,-1.1701627833249906,1.1362235832870886,-1.1093758937299054
ES22,ES,2005,50100,55844.74936742724,10.930330786961045,20317.31491230115,9.96972811336193,37,33.5,-1.1480297774711534,1.2327138409987473,-1.1449130045318388
ES22,ES,2006,52900,56658.13403022481,10.944790840089386,21485.983158761243,9.91922875281848,36.5,37,-0.9432306814667865,1.0070533599562181,-0.523013565498013
ES22,ES,2007,54900,56778.22363794316,10.94690814454186,21977.261799326112,9.975156055402353,38.1,36.5,-0.9132430988497598,1.2569690394553508,-0.6118563425028453
ES22,ES,2008,57300,57841.97934647648,10.965470077313448,17643.968048410214,9.997763643278525,35.5,38.1,-0.6503486946608505,1.3579928762019304,-0.32755945608738185
ES22,ES,2009,59500,59924.26378761633,11.000836773663769,14434.943387870708,9.778149250319213,35.9,35.5,-0.14944683925819666,0.37662818116938096,-0.7895418965125098
ES22,ES,2010,60500,60753.341433778856,11.01457736271535,13377.813328778435,9.57740717022379,38.7,35.9,0.04516241918332257,-0.5204040559187597,-0.7184676749086443
ES22,ES,2011,61500,61847.58341881374,11.032428305413239,12103.518366983653,9.501352891983935,39.9,38.7,0.29798700391380284,-0.8602587556269178,-0.22094812368158287
ES22,ES,2012,62300,62779.63642226611,11.04738603908045,10336.552692748563,9.401251463449109,40.2,39.9,0.5098347963202554,-1.307570093297771,-0.007725458869986237
ES22,ES,2013,63500,63709.60459913114,11.06209060883058,11907.576547960804,9.243441697188418,40.3,40.2,0.7180970042963436,-2.012755810193265,0.045580207332913875
ES22,ES,2014,64300,64654.9557068305,11.076820035660202,11958.605123078081,9.384930161204494,42.7,40.3,0.9267112654332336,-1.3805031537588306,0.06334876273387931
ES22,ES,2015,65000,65000,11.082142548877775,13694.549583648752,9.3892063921978135,42.3,42.7,1.002094522033711,-1.3613944693593283,0.4897940923570751
ES22,ES,2016,65600,65356.87243454349,11.087617877020298,15406.41290092703,9.524753192047065,44.5,42.3,1.0796421108263372,-0.7556926202945273,0.4187198707532083
ES22,ES,2017,66600,65528.60727111723,11.090242078505646,14814.495136605517,9.642539123860203,45.5,44.5,1.1168089239191146,-0.2293566479780817,0.8096280895744707
ES22,ES,2018,67000,65148.48019291729,11.084424254466883,15281.061401919518,9.603361381573848,45.4,45.5,1.0344105334515226,-0.4044255612347662,0.9873136435841352
ES22,ES,2019,67800,64997.93885592123,11.0821108384661,15355.34988283103,9.634369523784445,47.1,45.4,1.001645404482954,-0.2658631673316199,0.9695450881831685
ES22,ES,2020,64400,61046.12584601968,11.019385018819605,15616.005626789447,9.639219218862863,48.4,47.1,0.11325370593810931,-0.24419191223990855,1.2716105299995988
ES22,ES,2021,69000,63776.68915796284,11.063143028868005,17363.124550018303,9.656051668974879,48.7,48.4,0.7330025285270306,-0.16897474615057242,1.502601750212162
ES22,ES,2022,74400,65684.92425045026,11.092624714678466,15631.883820514744,9.76210395761901,48.3,48.7,1.1505544247115351,0.304928491703396,1.5559074164150621
ES22,ES,2023,77900,64732.179953798346,11.078013728614966,16275.291011870073,9.657067942097495,48.3,48.3,0.9436176513138917,-0.16443344742416977,1.4848331948111952
ES23,ES,2000,38900,52948.94306287176,10.87708338978919,13751.450008545029,NA,22.9,NA,-1.496422947468398,NA,NA
ES23,ES,2001,40700,53185.23358379614,10.881536072587302,13739.910547026613,9.528899552701624,23.7,22.9,-1.4155706931671332,0.3620807446977326,-1.9078257945770587
ES23,ES,2002,41800,52474.98650463864,10.868091887511833,13599.083182724067,9.528060055349515,26.1,23.7,-1.6596915344397332,0.3572296581346274,-1.7632459155811036
ES23,ES,2003,44600,53834.826062815344,10.893675861313334,14345.054929773003,9.517757656416787,25.9,26.1,-1.1951352097195092,0.2976966186262132,-1.3295062785932381
ES23,ES,2004,45500,52853.50865984411,10.875279378117325,14415.622123320818,9.571160557601093,28.8,25.9,-1.529180369694374,0.6062885346283818,-1.3656512483422274
ES23,ES,2005,48700,54284.21744897619,10.901988808958771,15103.758640891678,9.576067767193306,29.9,28.8,-1.044187884815289,0.6346451440391512,-0.8415491869818903
ES23,ES,2006,50900,54516.04956783445,10.906250424781609,16834.586864683148,9.622698908443757,28.4,29.9,-0.9668050435339676,0.9041060329556759,-0.6427518533624527
ES23,ES,2007,53700,55537.16956935424,10.924807797541193,17767.659119546985,9.731190791031697,31,28.4,-0.6298384349631753,1.5310329821666966,-0.9138391264798682
ES23,ES,2008,55800,56327.791405469245,10.93894332298002,15160.88737346543,9.785135180312952,30.6,31,-0.3731641670484268,1.842753920106332,-0.4439545197430143
ES23,ES,2009,56800,57205.01148128751,10.95439678683929,15845.567095944518,9.626474191353074,35.2,30.6,-0.0925586430450314,0.9259217351104232,-0.5162444592409916
ES23,ES,2010,58000,58242.87277949047,10.972377008224974,15566.734111543754,9.6706450616988,35.6,35.2,0.2339279938393281,1.1811657988070339,0.31508984498574977
ES23,ES,2011,58600,58931.193306381865,10.984125827183734,10657.958877287074,9.652891487626844,33.1,35.6,0.44726420961376473,1.078575690081609,0.38737978448372695
ES23,ES,2012,58900,59353.46043774437,10.991265703944585,11980.685246047817,9.274062204460005,34.3,33.1,0.5769107974625104,-1.1105123882368486,-0.0644323373786323
ES23,ES,2013,59800,59997.39141776443,11.00205636388852,9807.991765577559,9.391051069202897,35.2,34.3,0.7728486671521118,-0.43448511029306075,0.1524374811152994
ES23,ES,2014,60100,60431.77041960363,11.00927024595779,11526.619675560169,9.190952818613809,36.9,35.2,0.9038390507049698,-1.590765034577686,0.31508984498574977
ES23,ES,2015,61300,61300,11.023535121924303,9803.53031465848,9.352414393830975,39.3,36.9,1.1628620782849985,-0.6577494913765216,0.6223220878521533
ES23,ES,2016,60800,60574.66225640617,11.011631970042375,10883.345027388012,9.190497835978826,37.4,39.3,0.9467234700391385,-1.5933941794361732,1.056061724840018
ES23,ES,2017,61900,60904.21606729965,11.017057680649854,11984.251091086646,9.294988920527897,37.9,37.4,1.0452440594660342,-0.9895860852868119,0.7126845122246251
ES23,ES,2018,63000,61259.018688862525,11.02286636146745,12918.568567039036,9.391348657730985,38.7,37.9,1.150718659816704,-0.43276547686441835,0.803046936597097
ES23,ES,2019,63400,60779.78353193814,11.01501250496293,12139.307888868187,9.466420979173861,38.3,38.7,1.0081075572206863,0.001044503474179997,0.9476268155930527
ES23,ES,2020,60500,57349.23313174208,10.956914750746094,11655.02833128748,9.40420405218668,38.5,38.3,-0.04683720557801298,-0.35847979728391716,0.8753368760950742
ES23,ES,2021,63500,58693.040022183195,10.980076430169392,10074.4136070967,9.3634929822938,40,38.5,0.3737348584304384,-0.5937311934090832,0.9114818458440634
ES23,ES,2022,69600,61447.18720203412,11.025933340179796,11794.113748337319,9.217754182351479,41.8,40,1.2064091623811946,-1.435891722381883,1.182569118961479
ES23,ES,2023,71600,59497.09993186086,10.993682849704863,9556.38205857334,9.375355851107575,40.2,41.8,0.6208015690611713,-0.5251808836816942,1.5078738467023771
ES24,ES,2000,37600,51179.441109613836,10.843093189560639,17600.94217037424,NA,23.8,NA,-1.5278716428911754,NA,NA
ES24,ES,2001,39400,51486.44233910486,10.84907379644264,17605.718180034524,9.775707712001063,25.8,23.8,-1.4319649178440308,1.044058571253629,-2.0353047697781004
ES24,ES,2002,41400,51972.833523733,10.858476428812391,17778.364149710927,9.775979024851646,25.8,25.8,-1.281181611869024,1.0458053592615468,-1.6261088807492865
ES24,ES,2003,43300,52265.64951838351,10.864094637295759,18039.774656576952,9.785737499757044,28.8,25.8,-1.1910864113479138,1.108633149776157,-1.6261088807492865
ES24,ES,2004,44800,52040.377757384966,10.85977519158136,17811.29632996055,9.80033430221803,29.4,28.8,-1.2603542800877359,1.2026114461895274,-1.0123150472060656
ES24,ES,2005,46600,51943.41957129959,10.857910320001826,17307.117953018962,9.787588160269395,30.5,29.4,-1.290259894911674,1.120548219713916,-0.8895562804974219
ES24,ES,2006,49200,52695.277774802664,10.872281124723393,18175.82540173893,9.758873138237705,32.6,30.5,-1.0598055540177171,0.9356728773762065,-0.664498541531574
ES24,ES,2007,52100,53882.43081123568,10.894559744785695,17762.818689222804,9.807847715496468,33.2,32.6,-0.7025392212020286,1.2509849020915649,-0.23484285805131902
ES24,ES,2008,53600,54106.982425325295,10.89871852166951,17129.321699553468,9.784862713931826,31.9,33.2,-0.6358478838515078,1.1030010339891365,-0.11208409134267457
ES24,ES,2009,54800,55190.75051363654,10.918550655066154,15663.73362350466,9.748546993310208,31.6,31.9,-0.3178141119789041,0.8691902685036482,-0.37806141921140446
ES24,ES,2010,56500,56736.59158691745,10.94617463583095,14681.624007083772,9.659103358976093,33.3,31.6,0.1251719561891783,0.2933271366836839,-0.439440802565726
ES24,ES,2011,57400,57724.41119089282,10.963435433926287,13626.535634359732,9.594351923235314,35,33.3,0.40197105863574706,-0.12356071512515487,-0.09162429689123502
ES24,ES,2012,56900,57338.062799790394,10.956719954419329,12806.734376391818,9.519774320289446,35.1,35,0.2942797056775948,-0.6037121794049599,0.2561922087832574
ES24,ES,2013,58600,58793.43038596984,10.981785399514902,11466.017016427106,9.457726434709057,34.8,35.1,0.6962363629860586,-1.0031938192012237,0.27665200323469835
ES24,ES,2014,59000,59325.69808247277,10.990797848322348,13153.538809738235,9.347142897544247,35.7,34.8,0.8407625735916209,-1.7151615574706458,0.2152726198803754
ES24,ES,2015,59100,59100,10.98698620339419,12924.912150915481,9.48444611240875,35.6,35.7,0.7796379437146239,-0.8311650616947119,0.39941076994334285
ES24,ES,2016,59800,59578.36846929423,10.99504784202684,13590.570652164912,9.46691190251914,36.3,35.6,0.9089166900067182,-0.9440552086145099,0.3789509754919019
ES24,ES,2017,60500,59526.737836375265,10.9941808659961,13187.148258922765,9.517131496857054,36.6,36.3,0.8950136140408044,-0.6207274157597302,0.5221695366519858
ES24,ES,2018,61300,59605.99754963926,10.995511478018084,15426.761531451253,9.486998017553535,38.4,36.6,0.9163516895663737,-0.814735182701931,0.5835489200063089
ES24,ES,2019,62000,59437.643201579885,10.992683028564842,15127.57755902825,9.643859042023227,39.3,38.4,0.8709938639520246,0.1951799608864493,0.9518252201322408
ES24,ES,2020,60400,57254.44101086317,10.955260490650067,12250.058698197929,9.624274685505528,39.7,39.3,0.2708753266243423,0.06909039662710331,1.1359633701952068
ES24,ES,2021,64300,59432.47989647842,10.99259615551432,12109.161494275622,9.41328600765102,40.5,39.7,0.8696007428299013,-1.2893137168952367,1.2178025480009707
ES24,ES,2022,70400,62153.476710103474,11.037362036003417,12955.806749295942,9.401717593379912,42.5,40.5,1.5874792251093115,-1.3637944032173757,1.3814809036124958
ES24,ES,2023,73200,60826.64406441642,11.015783196705529,12767.362811304632,9.469299364256539,42.9,42.5,1.241434777077241,-0.928684062267043,1.7906767926413096
ES30,ES,2000,43600,59346.3732015735,10.99114628951978,17315.840095808126,NA,31.4,NA,-0.9356314541386632,NA,NA
ES30,ES,2001,45500,59457.6935641947,10.993020306095657,16363.56108784151,9.759376974042917,33.8,31.4,-0.8901726923770804,0.9770260288200115,-1.787498613557313
ES30,ES,2002,47300,59379.589992091096,10.99170584347901,15292.382788692454,9.702812256875932,34.8,33.8,-0.9220581322946246,0.5126360169644759,-1.388993268370061
ES30,ES,2003,49200,59387.29691234338,10.991835625785576,15709.003902955748,9.635110126460402,33.8,34.8,-0.918909951520252,-0.04319091404444194,-1.222949374542039
ES30,ES,2004,50700,58893.90964954058,10.983492962757557,15713.64169896086,9.66198932395339,35.5,33.8,-1.121281230371028,0.17748429600896679,-1.388993268370061
ES30,ES,2005,52300,58297.01381070748,10.973306149941104,16106.081641123112,9.662284512086023,37.1,35.5,-1.368386780499983,0.1799077576168123,-1.1067186488624234
ES30,ES,2006,54500,58371.801600137085,10.97458820289433,15781.404196251331,9.686952221330792,37.3,37.1,-1.3372875146148206,0.3824268960898173,-0.8410484187375882
ES30,ES,2007,57000,58950.06825797377,10.984446063860924,15057.575833195619,9.666587576261605,39,37.3,-1.0981614796973425,0.21523543401294135,-0.8078396399719845
ES30,ES,2008,58300,58851.437973814645,10.9827715469492,15047.562202009214,9.61963652114598,39.3,39,-1.1387808991494577,-0.1702274858741815,-0.5255650204643469
ES30,ES,2009,60100,60528.54207791162,11.010870302653347,12349.125954635107,9.618971277123913,38.9,39.3,-0.4571782613747081,-0.17568906501338527,-0.47575185231594086
ES30,ES,2010,60700,60954.178926121924,11.017877695744007,12971.83735271821,9.421340566647563,41.6,38.9,-0.2871971538549267,-1.7982151303376803,-0.5421694098471493
ES30,ES,2011,61900,62249.84412397674,11.038911310291317,12096.738215802081,9.47053592901359,43.1,41.6,0.22302355870382568,-1.3943266985268594,-0.09385089651148998
ES30,ES,2012,63200,63686.5653593454,11.061728914439856,14329.656193209552,9.400691126302618,44.5,43.1,0.7765192130700906,-1.9677447298279471,0.15521494423054275
ES30,ES,2013,63000,63207.95416921671,11.054185429323466,13141.553523142524,9.570086528434581,46,44.5,0.593533909112765,-0.5770273932220497,0.38767639558977307
ES30,ES,2014,62900,63247.22727775488,11.054806568123023,13727.21261100413,9.483534513599817,47.2,46,0.6086011188020568,-1.2876097705117606,0.6367422363318058
ES30,ES,2015,63900,63900,11.065074640365626,14572.948544587574,9.527135463658276,46.9,47.2,0.8576778109912099,-0.929650839067161,0.8359949089254325
ES30,ES,2016,65400,65157.6136771211,11.084564439533407,15316.048016792553,9.58692224965445,46.6,46.9,1.3304495828921035,-0.43880800190412794,0.7861817407770252
ES30,ES,2017,66500,65430.21596890834,11.088739448621112,15846.625596384649,9.636656447666217,47,46.6,1.4317244306780947,-0.03049578960881461,0.7363685726286191
ES30,ES,2018,67500,65634.66288092414,11.091859232954402,17040.64385068144,9.670711860512677,47.2,47,1.5074022739693849,0.24909534719162177,0.8027861301598276
ES30,ES,2019,68600,65764.87618755452,11.09384117825159,18029.257219382926,9.743356584333888,49.1,47.2,1.5554791054388217,0.8455004181651693,0.8359949089254325
ES30,ES,2020,64400,61046.12584601968,11.019385018819605,17113.451141508653,9.799751118420456,50.2,49.1,-0.25063342145609213,1.3084932459333298,1.1514783071986736
ES30,ES,2021,67700,62575.09936223311,11.044122704188975,17636.221683112784,9.747620049732664,49.7,50.2,0.34943840299542384,0.8805029930253613,1.3341265904094979
ES30,ES,2022,71900,63477.76953773351,11.058445037566422,19511.49190121602,9.777710116319035,49.8,49.7,0.6968609120895306,1.127539079805881,1.2511046434954871
ES30,ES,2023,76700,63735.02185438168,11.062489484111474,18411.63218737133,9.878758899233619,50.5,49.8,0.7949686526055855,1.9571383043040793,1.2677090328782883
ES41,ES,2000,37300,50771.094505015855,10.83508246581456,15735.425194422269,NA,23.4,NA,-1.3516000771945755,NA,NA
ES41,ES,2001,39000,50963.73734073831,10.838869626268398,15636.865221968128,9.663669831340105,23.7,23.4,-1.268969351935311,0.6608216785048517,-1.7725333646062822
ES41,ES,2002,40900,51345.14229760096,10.84632561102988,15853.772702788283,9.657386560631851,24.8,23.7,-1.106289836273672,0.6332633839709497,-1.7115030242081615
ES41,ES,2003,42600,51420.708302150975,10.847796255562638,16769.731251954126,9.671162776394382,26.8,24.8,-1.0742023591726406,0.6936855795398449,-1.4877251094150528
ES41,ES,2004,44400,51575.73152740832,10.8508065215986,17481.26194881078,9.727330829164345,27.7,26.8,-1.0085224206522843,0.9400374897952827,-1.080856173427583
ES41,ES,2005,45700,50940.22048086677,10.838408076770387,17949.290023500933,9.768884840471568,28.6,27.7,-1.2790397385029204,1.1222925184008863,-0.8977651522332218
ES41,ES,2006,47600,50981.61020489038,10.839220262462506,20009.56375788433,9.795305840125879,28.9,28.6,-1.261318943832865,1.2381744729054347,-0.7146741310388599
ES41,ES,2007,49800,51503.74384644025,10.849409780056982,20226.614437782344,9.903965626134948,29.6,28.9,-1.038997434317632,1.7147540324802077,-0.6536437906407401
ES41,ES,2008,51300,51785.22758244754,10.854860205769478,16789.969373115484,9.91475456261151,30.2,29.6,-0.9200765079177728,1.7620740832840158,-0.511239663045125
ES41,ES,2009,52500,52874.35040083793,10.875673630709763,14849.89110231287,9.7285369259553,30.9,30.2,-0.46595569130379716,0.945327405214315,-0.3891789822488845
ES41,ES,2010,53600,53824.447947942914,10.89348306575531,13976.645906707361,9.605747811026374,31.5,30.9,-0.07737787628671453,0.40677690311301573,-0.24677485465327018
ES41,ES,2011,54600,54908.58625475171,10.913425013351626,11712.879288460936,9.54514306616581,33.3,31.5,0.35772848190731443,0.14096575370233594,-0.12471417385702895
ES41,ES,2012,55000,55423.43504373413,10.922757798519514,10596.086576045658,9.36844430924207,34,33.3,0.5613572471818531,-0.6340313160056558,0.24146786853169336
ES41,ES,2013,55800,55984.187978449096,10.9328245723192,10390.446168505803,9.268240020993316,33.7,34,0.7810006529018465,-1.0735252384132454,0.3838719961273084
ES41,ES,2014,55800,56108.03310172849,10.935034273803893,10397.300818330734,9.248642025279642,34.5,33.7,0.8292133543472364,-1.159481639661741,0.3228416557291885
ES41,ES,2015,56300,56300,10.938449814127782,11917.75860232236,9.249301514745019,34.7,34.5,0.9037358303699313,-1.1565891325945221,0.4855892301241758
ES41,ES,2016,57200,56988.00462280317,10.950596079456007,11884.546099522946,9.385784886220298,34.3,34.7,1.1687509321846976,-0.5579759063404232,0.5262761237229234
ES41,ES,2017,57300,56378.216165690945,10.939838124679996,11983.233927590321,9.382994188027803,35.3,34.3,0.9340268912354027,-0.570215850521561,0.44490233652542827
ES41,ES,2018,58900,57272.32064720639,10.95557272573346,12273.229241017527,9.391263779113462,36.2,35.3,1.277334631311564,-0.5339455961595849,0.6483368045191632
ES41,ES,2019,59100,56657.49537440921,10.944779567931803,11748.738622746645,9.415175684905714,38.4,36.2,1.0418425078963156,-0.42906847510475643,0.8314278257135258
ES41,ES,2020,56800,53841.92465922232,10.893807711436404,10339.528504954302,9.371501162554141,39,38.4,-0.07029454606925373,-0.6206240210103411,1.2789836552997418
ES41,ES,2021,60700,56105.00046214992,10.934980222336199,10150.804766005074,9.243729547888735,39.3,39,0.8280340243369638,-1.1810276632401768,1.401044336095983
ES41,ES,2022,65000,57386.02253063531,10.957556042735058,10580.780322508308,9.225308268618003,39.8,39.3,1.3206079291448007,-1.2618230106644484,1.4620746764941028
ES41,ES,2023,67800,56339.43261704143,10.939149970684614,11128.15342261421,9.26679445718295,40.8,39.8,0.9190123006413192,-1.0798654511946686,1.5637919104909703
ES42,ES,2000,34600,47095.97506363401,10.759942821228469,13111.804556598849,NA,15.5,NA,-1.5041232317633262,NA,NA
ES42,ES,2001,36500,47696.8311009474,10.772620240727198,13169.91148040952,9.481268214623043,17.1,15.5,-1.3251152578598746,0.16124540989743572,-1.9064477318524304
ES42,ES,2002,38000,47704.53318603513,10.772781707707509,13912.665246989689,9.485690073409463,18.6,17.1,-1.3228353083006896,0.1775470840211584,-1.5653817302376054
ES42,ES,2003,40200,48523.76698935374,10.78980899791229,14121.18941132963,9.540554873104615,18.8,18.6,-1.082406195662301,0.37981226902443116,-1.2456323537237073
ES42,ES,2004,41300,47974.72324508927,10.778429552127406,15137.221386830646,9.555431743429446,18.8,18.8,-1.2430864929657486,0.4346575057744297,-1.2029991035218544
ES42,ES,2005,43200,48153.55634077559,10.782150274120292,17686.03801871292,9.624911982197705,20.8,18.8,-1.1905490735428639,0.6908041321472487,-1.2029991035218544
ES42,ES,2006,45300,48518.21307314147,10.78969453371412,20380.76654913282,9.780530794783541,22,20.8,-1.0840224555171463,1.2645101894473254,-0.7766666015033235
ES42,ES,2007,47300,48918.21453687999,10.797905091524262,21770.240518651703,9.922346918882562,22.6,22,-0.9680875589589089,1.7873311007915191,-0.5208671002922051
ES42,ES,2008,49000,49463.47273956977,10.80898975170338,18137.642915747514,9.98829920233714,21.9,22.6,-0.8115696997627815,2.0304715275943073,-0.3929673496866455
ES42,ES,2009,51000,51363.6546750997,10.84668609383651,15945.774154017645,9.80574477673397,23.7,21.9,-0.27928899157139814,1.3574643376846238,-0.5421837253931319
ES42,ES,2010,52200,52418.58550154143,10.867016492567148,14701.90023024817,9.67694912978753,24,23.7,0.007780745750579945,0.8826448632313135,-0.15848447357645395
ES42,ES,2011,53600,53902.934491844164,10.894940198677523,12668.216000354385,9.595732031776343,25.3,24,0.4020696667091979,0.583229000128955,-0.09453459827367416
ES42,ES,2012,54500,54919.58563424563,10.913625314956242,10654.122267286768,9.446851458377894,25.3,25.3,0.6659076510513031,0.03436421088063289,0.18258152803837105
ES42,ES,2013,55400,55582.86763451756,10.925630296685172,9203.808702614177,9.2737021635972,26.2,25.3,0.8354206545658741,-0.6039699184080688,0.18258152803837105
ES42,ES,2014,54400,54700.30467265286,10.909624558278525,9290.787290323327,9.127372666781742,27.2,26.2,0.6094160797949694,-1.1434298801552745,0.37443115394670967
ES42,ES,2015,55800,55800,10.929529148369403,10109.235625085767,9.13677857421535,27.5,27.2,0.8904733047218522,-1.1087539564709932,0.5875974049559751
ES42,ES,2016,56100,55892.08145698003,10.931177993598904,10951.146794454098,9.22120470332893,27.4,27.5,0.9137553649110791,-0.7975076433676679,0.6515472802587549
ES42,ES,2017,57300,56378.216165690945,10.939838124679996,10196.585066892874,9.301199459847966,27.6,27.4,1.0360383357254415,-0.502598078099635,0.6302306551578281
ES42,ES,2018,58500,56883.37449680092,10.94875838931373,10377.937630989209,9.22980814585177,28.4,27.6,1.1619944499746628,-0.7657900958104652,0.6728639053596818
ES42,ES,2019,58800,56369.89387504673,10.939690498424332,9997.376725717935,9.247437450176461,30,28.4,1.0339538202667495,-0.7007977050512626,0.8433969061670935
ES42,ES,2020,56000,53083.58769219102,10.879623076444446,9372.700084348246,9.210078010134119,30.8,30,0.1857885049751863,-0.8385274351107874,1.1844629077819184
ES42,ES,2021,59600,55088.27063499399,10.91669209834205,9278.758082908365,9.145556496405487,31.3,30.8,0.7092113123641857,-1.0763931702182892,1.354995908589331
ES42,ES,2022,65700,58004.02585019599,10.968267698329985,9230.426400725642,9.135482989551772,31.4,31.3,1.4374702184941412,-1.1135302734013783,1.4615790340939636
ES42,ES,2023,67300,55923.950075617824,10.931748012388946,9255.158107758825,9.130260523691554,32.7,31.4,0.9218041565995148,-1.132783474529598,1.4828956591948899
ES43,ES,2000,32500,44237.54883144813,10.697329228500482,14374.799044401829,NA,16.2,NA,-1.6195563379219033,NA,NA
ES43,ES,2001,34400,44952.629859523026,10.713364544518106,13696.80690164192,9.573231886047964,16.3,16.2,-1.352701499414118,0.7012314181169945,-1.8231789954484383
ES43,ES,2002,36000,45193.768281506964,10.718714486437232,14753.444722993381,9.524918011777661,18.5,16.3,-1.2636693976903035,0.4675586030900053,-1.7980993800804272
ES43,ES,2003,37500,45264.708012456846,10.720282935263679,15361.785267819558,9.599231875043543,19.5,18.5,-1.2375677506863267,0.8269818513212763,-1.2463478419841896
ES43,ES,2004,38900,45186.84586522936,10.71856130278482,16341.97121191544,9.639638228321338,18.9,19.5,-1.266218633313811,1.0224094889926594,-0.9955516883040816
ES43,ES,2005,40800,45478.35876628806,10.724991860280342,16425.462894018347,9.70149199834204,20.5,18.9,-1.1592032567477044,1.3215687838963464,-1.1460293805121466
ES43,ES,2006,42600,45626.3990489145,10.728241754500456,17350.83047248632,9.70658802523992,21.6,20.5,-1.105119508331234,1.346216009329334,-0.7447555346239735
ES43,ES,2007,44700,46229.26405493733,10.741368297645897,16833.074535052594,9.761395650078828,22,21.6,-0.8866715808072331,1.611296220231049,-0.46887976557585426
ES43,ES,2008,46200,46636.988583022925,10.750149251680448,13067.113481643742,9.731100952321867,22.1,22,-0.7405416218928571,1.464774182572557,-0.3685613041038114
ES43,ES,2009,48100,48442.9762720058,10.7881426382239,14249.846981978433,9.477853931549564,22.5,22.1,-0.10826727074979571,0.23993048839924438,-0.34348168873580026
ES43,ES,2010,49400,49606.86060873844,10.811884421872431,12964.287464362611,9.564501447532367,23.3,22.5,0.2868362516536802,0.659006153114523,-0.2431632272637574
ES43,ES,2011,49800,50081.45779279551,10.821406114631374,11424.678034959257,9.469953738063932,24.3,23.3,0.44529335849934254,0.2017207509495552,-0.04252630431967075
ES43,ES,2012,50000,50384.94094884921,10.82744761871519,9174.69098562398,9.343531034617772,23.7,24.3,0.545834226846374,-0.40972988189163845,0.2082698493604373
ES43,ES,2013,50700,50867.35359332203,10.836976613529071,9582.498724870824,9.124203992314603,24.5,23.7,0.7044128522632329,-1.4705176609836497,0.05779215715237211
ES43,ES,2014,50300,50577.671416074256,10.831265481522323,9900.835655603376,9.167693664186173,26.8,24.5,0.609369935261626,-1.2601773766592317,0.25842908009645876
ES43,ES,2015,51700,51700,10.85321306049652,11236.613400616763,9.200374442217294,26.5,26.8,0.9746148506945074,-1.1021149253418396,0.8352602335607074
ES43,ES,2016,52100,51906.906308532256,10.857207129829575,12081.912741947233,9.326932779170544,25.1,26.5,1.0410829343724344,-0.4900082932893943,0.7600213874566748
ES43,ES,2017,53300,52442.564077335555,10.867473832131102,11249.998921148,9.399464798519588,26.5,25.1,1.2119382628031576,-0.13920303503046094,0.40890677230452394
ES43,ES,2018,54000,52507.730304739314,10.868715681640193,11436.40408031743,9.328123311734606,26.5,26.5,1.2326047435781677,-0.4842502144802072,0.7600213874566748
ES43,ES,2019,53900,51672.402718792844,10.852679121434702,11306.28173514618,9.344556886878605,26.8,26.5,0.9657291996753617,-0.4047682887838392,0.7600213874566748
ES43,ES,2020,51500,48817.94225263996,10.795853193378989,8857.99674068848,9.333113756007211,26.7,26.8,0.02004943647664032,-0.46011364545055544,0.8352602335607074
ES43,ES,2021,55600,51391.07126351788,10.847219725527284,10373.972559037986,9.0890759165319,29.2,26.7,0.8748755980610738,-1.6404166077893123,0.8101806181926963
ES43,ES,2022,59000,52088.851220115124,10.86070621674514,9853.989089077553,9.24705530974089,31.8,29.2,1.099313671624596,-0.8763402408047805,1.4371710023929665
ES43,ES,2023,61300,50938.15957853451,10.83836761868043,9681.444029095392,9.19563163584508,34.5,31.8,0.7275615357454469,-1.1250537795087128,2.089241001961248
ES51,ES,2000,40200,54718.44501612969,10.909956134789766,14901.261520239683,NA,23.5,NA,-1.3127299514378508,NA,NA
ES51,ES,2001,42600,55668.082326037234,10.927162233414077,14585.731521552234,9.609201154137503,24.6,23.5,-0.9964348440360018,1.3908738227513673,-1.6333765506585092
ES51,ES,2002,44700,56115.59561620448,10.935169049600646,14544.285504635915,9.587799036789846,26.3,24.6,-0.8492476843564959,1.1797664750143726,-1.4567764364206444
ES51,ES,2003,46300,55886.826159380056,10.931083963379503,14728.247177631387,9.584953446631346,27,26.3,-0.9243427313671166,1.151697990885007,-1.1838489871439448
ES51,ES,2004,47800,55525.22448220985,10.92459269165783,14508.540724466066,9.59752250560963,28.4,27,-1.0436700426426848,1.2756773458877484,-1.071467096265304
ES51,ES,2005,49400,55064.48340820172,10.916260203064104,14098.291482323346,9.582492770487553,30,28.4,-1.1968439510470994,1.1274262421641903,-0.846703314508022
ES51,ES,2006,51400,55051.570683432044,10.916025673686251,14266.967819221392,9.553808897557975,29.8,30,-1.2011552418502303,0.8444927249507089,-0.589830421071128
ES51,ES,2007,53400,55226.906052207014,10.919205541992524,14430.32360117358,9.56570220150292,29.2,29.8,-1.142700573571441,0.9618065313775307,-0.6219395327507397
ES51,ES,2008,54800,55318.33277813108,10.920859647546724,14237.123767664343,9.577087077100222,29.9,29.2,-1.112293593735781,1.0741052751242712,-0.718266867789575
ES51,ES,2009,56400,56802.15928775732,10.947329619616196,12813.091030363294,9.56360818195689,30.6,29.9,-0.6257031794039354,0.9411514295812651,-0.6058849769109341
ES51,ES,2010,57800,58042.0352871474,10.968922773356887,12339.961830087255,9.458222664015931,31.4,30.6,-0.22876201158413695,-0.09835586873942825,-0.4935030860322926
ES51,ES,2011,58600,58931.193306381865,10.984125827183734,12517.142896092148,9.420598204268797,32.2,31.4,0.05071165923421136,-0.469478023535213,-0.36506663931384614
ES51,ES,2012,59700,60159.619492925944,11.0047566336856,10881.156876693572,9.434854415424251,32.8,32.2,0.42996225524526804,-0.3288568468115074,-0.23663019259539855
ES51,ES,2013,61000,61201.352449559046,11.021924567105245,11183.120779297293,9.294787845335692,34.8,32.8,0.7455557819011036,-1.710452958901346,-0.1403028575565643
ES51,ES,2014,61700,62040.60290997577,11.035544335327971,11697.499770404205,9.322160847228947,37,34.8,0.995924337077758,-1.4404496814023908,0.18078825923955297
ES51,ES,2015,62700,62700,11.046116726621012,12129.37199323885,9.367130403112604,37.5,37,1.1902737775024397,-0.9968765751859286,0.5339884877152824
ES51,ES,2016,63600,63364.2848603196,11.05665565141633,11461.307624165269,9.403385227575473,38.6,37.5,1.38400801225368,-0.6392643020308862,0.6142612669143117
ES51,ES,2017,64100,63068.824715895105,11.051981864885928,11776.270969826608,9.346732087089743,39.3,38.6,1.29809104496871,-1.198082573823195,0.7908613811521764
ES51,ES,2018,64900,63106.51290328854,11.052579258785963,11837.448754029527,9.373841851049253,40.8,39.3,1.3090727771962516,-0.9306758367091836,0.9032432720308168
ES51,ES,2019,65500,62792.99402747553,11.047598786160957,13385.212284166711,9.37902340836391,42.4,40.8,1.2175180814901385,-0.8795657150293674,1.1440616096279048
ES51,ES,2020,61200,58012.777977894475,10.968418575227577,12221.384278586782,9.50190581568425,42.3,42.4,-0.23803055089359418,0.332528334897607,1.4009345030647988
ES51,ES,2021,65500,60541.639707921255,11.011086666911952,12328.85738618538,9.41094250606334,42.5,42.3,0.5463255624017972,-0.5647204150047799,1.3848799472249926
ES51,ES,2022,69800,61623.75957905145,11.028802782607748,12246.600896163762,9.419697922455182,43.6,42.5,0.8719961771702291,-0.47835827135373377,1.4169890589046048
ES51,ES,2023,74000,61491.41613069419,11.026652868942433,12852.810998694742,9.413003699604586,44.8,43.6,0.8324748894847814,-0.5443891041070384,1.5935891731424696
ES52,ES,2000,36800,50090.51683068588,10.821586984339675,13681.183823229256,NA,20.1,NA,-0.98620021049109,NA,NA
ES52,ES,2001,39000,50963.73734073831,10.838869626268398,14010.457485362398,9.523776724218214,20.3,20.1,-0.5879204852870986,0.6955122880064913,-1.5986843360058582
ES52,ES,2002,40200,50466.374581016105,10.829062543606097,14270.540945203256,9.547559292999372,20.7,20.3,-0.8139254099914777,0.7985601943135151,-1.5640612289172193
ES52,ES,2003,41400,49972.23764575236,10.819222883118583,15012.745973809899,9.565952617615274,21.7,20.7,-1.0406810930190133,0.8782569507545509,-1.4948150147399413
ES52,ES,2004,42500,49368.66193501923,10.80707112809079,14927.23011459739,9.616654850854173,23.9,21.7,-1.3207191608778288,1.0979455398399476,-1.3216994792967458
ES52,ES,2005,44100,49156.75543120841,10.802769561323027,15184.359607380571,9.610942348512095,26.1,23.9,-1.4198490761579714,1.0731937389919461,-0.9408453013217154
ES52,ES,2006,45800,49053.73418873906,10.800671592345271,15922.9037483873,9.628021203879365,26.5,26.1,-1.468196922013551,1.1471950087417468,-0.5599911233466845
ES52,ES,2007,47400,49021.6357092624,10.800017024727405,15976.837622877958,9.675513839021683,26.3,26.5,-1.483281479805493,1.3529766743579754,-0.49074490916940655
ES52,ES,2008,49300,49766.310327771214,10.815093534641399,17024.838806940435,9.678895303796228,26.6,26.3,-1.1358422254168876,1.3676282819481487,-0.5253680162580455
ES52,ES,2009,51300,51665.793820247345,10.852551213288908,12610.454493596146,9.742428662951772,26.7,26.6,-0.27262732922007715,1.6429130798972218,-0.4734333556250867
ES52,ES,2010,52600,52820.26048622758,10.874650117422219,11450.801534322562,9.442281470624774,28.4,26.7,0.23664350459244196,0.3424000849455123,-0.4561218020807675
ES52,ES,2011,53600,53902.934491844164,10.894940198677523,10371.84821201503,9.345815009529893,29.8,28.4,0.7042298851965838,-0.0755811237349846,-0.16182539182733507
ES52,ES,2012,53500,53911.88681526865,10.895106267189004,9215.650286636504,9.246850512152612,30.1,29.8,0.7080569459775967,-0.5043861173122701,0.08053635779313918
ES52,ES,2013,54100,54278.576516740075,10.90188488878437,8130.5877434492795,9.128658435887187,30.8,30.1,0.8642707677647183,-1.0165026221904745,0.132471018426098
ES52,ES,2014,54400,54700.30467265286,10.909624558278525,8942.255852892526,9.003388493096024,32,30.8,1.042632007441779,-1.5592869381579426,0.2536518932363348
ES52,ES,2015,54800,54800,10.911445472936107,9164.654343412758,9.098543168875374,32.5,32,1.0845951165794148,-1.1469895869082238,0.46139053576816946
ES52,ES,2016,54900,54696.528912445705,10.90955552958574,9227.033772448654,9.123109444714002,32.9,32.5,1.0410412362560453,-1.0405459426481847,0.5479483034897673
ES52,ES,2017,56000,55099.129236975445,10.916889191694452,9981.702659704424,9.129892907748367,33.3,32.9,1.210046006559266,-1.01115375757202,0.6171945176670453
ES52,ES,2018,56800,55230.353357577646,10.919267960803024,10092.261923005875,9.208508961938572,35.7,33.3,1.2648649116082364,-0.670516887729835,0.6864407318443233
ES52,ES,2019,57000,54644.284878871826,10.908599911354301,9952.997238244328,9.21952426295229,36.9,35.7,1.0190189454403804,-0.6227884982000753,1.1019180169079938
ES52,ES,2020,54200,51377.32951637059,10.846952294154898,9892.410919333228,9.205629014766304,38,36.9,-0.4016548230100771,-0.6829954609700879,1.3096566594398278
ES52,ES,2021,57800,53424.53091782975,10.886025299949079,10310.687990154542,9.199523168350016,38.2,38,0.4987854033616129,-0.7094515892050332,1.5000837484273433
ES52,ES,2022,61000,53854.574990288515,10.894042637012731,9629.0425556873,9.240936305158497,37.2,38.2,0.683545512131342,-0.5300118877585955,1.5347068555159828
ES52,ES,2023,64500,53597.24784364561,10.889252999539991,9142.673202277243,9.172539076763938,38.6,37.2,0.5731679723815164,-0.8263714294093983,1.3615913200727872
ES53,ES,2000,40800,55535.13822532566,10.924771220574906,19179.564738516994,NA,17.6,NA,-0.3713325872954489,NA,NA
ES53,ES,2001,42500,55537.4060764456,10.924812056069124,19255.758835131262,9.86160065467195,17.9,17.6,-0.3707663515391052,1.09128586811151,-1.3198848298284833
ES53,ES,2002,43900,55111.289654393215,10.917109868062248,18844.295160961632,9.86556545524298,19.3,17.9,-0.4775669262617817,1.1058672005061434,-1.267873377368081
ES53,ES,2003,44800,54076.237838881774,10.898150141708253,18954.231328715156,9.843965503089409,19.2,19.3,-0.7404675032645237,1.0264291363672495,-1.0251532658862006
ES53,ES,2004,46200,53666.63956230325,10.890546850248112,18627.223947367078,9.849782474699525,18,19.2,-0.8458967523301327,1.047822191341316,-1.0424904167063351
ES53,ES,2005,46700,52054.88613690324,10.86005394354508,19784.89508331403,9.832379442689408,20.8,18,-1.268719456468438,0.9838191248899679,-1.2505362265479465
ES53,ES,2006,48700,52159.75665920507,10.862066531313676,19949.082626322288,9.892674050965638,23.1,20.8,-1.2408123825078823,1.205564382723094,-0.7650960035841864
ES53,ES,2007,50000,51710.586191205075,10.85341780145452,20026.81913702939,9.900938437617736,21.2,23.1,-1.3607379567413809,1.2359582869442856,-0.3663415347210978
ES53,ES,2008,52000,52491.84862158424,10.868413172174181,16649.185572357987,9.904827611107905,20.8,21.2,-1.1528081828109613,1.2502614859033747,-0.6957474003036496
ES53,ES,2009,53200,53579.34173951577,10.888918857459783,13684.575287145779,9.72011657963914,22.1,20.8,-0.8684709306392941,0.5709504087002879,-0.7650960035841864
ES53,ES,2010,54600,54828.63540965827,10.911967880429414,12864.2229441114,9.524024586075084,22.6,22.1,-0.5488670858934781,-0.15021639070348428,-0.5397130429224406
ES53,ES,2011,55900,56215.93354653151,10.93695551076182,11159.76976750937,9.462205322123001,23.7,22.6,-0.2023819990484999,-0.3775688690761299,-0.45302728882176924
ES53,ES,2012,56900,57338.062799790394,10.956719954419329,9082.320879793831,9.320070605571008,24.8,23.7,0.07167700078525348,-0.9002971903957863,-0.26231862980029247
ES53,ES,2013,58600,58793.43038596984,10.981785399514902,9926.732088546094,9.114085042435853,26.8,24.8,0.4192410877040625,-1.6578495340157617,-0.07160997077881513
ES53,ES,2014,59200,59526.802143769295,10.994181946306588,10292.359978562099,9.202986608066585,27.9,26.8,0.5911348821358178,-1.3308965749345638,0.2751330456238705
ES53,ES,2015,61100,61100,11.020267145159687,10015.526729559748,9.239157149331177,27.2,27.9,0.9528391441947636,-1.1978723091173704,0.46584170464534724
ES53,ES,2016,63100,62866.13796676364,11.048762950617421,9669.987660989764,9.211891840781776,29.2,27.2,1.3479695145979083,-1.2981458335175637,0.34448164890440736
ES53,ES,2017,64500,63462.389924730654,11.05820272476103,11616.58053614107,9.176782312437194,31.2,29.2,1.4788639179660947,-1.4272680160434288,0.691224665307093
ES53,ES,2018,65600,63787.168666498124,11.063307331025962,13834.66027034204,9.3601887131006265,29.7,31.2,1.5496457376699369,-0.7527549747274008,1.0379676817097787
ES53,ES,2019,65100,62409.52536165888,11.041473192734275,13704.414075626673,9.534932336107603,31.9,29.7,1.246887804983162,-0.11010099875568058,0.7779104194077644
ES53,ES,2020,55900,52988.795571312105,10.877835765870351,13016.143098185681,9.525473255223673,34.8,31.9,-1.0221520080680353,-0.1448886255342166,1.1593277374507185
ES53,ES,2021,62800,58046.030132174885,10.9689915977449,13322.773376630945,9.47394564286008,36.3,34.8,0.24183885074173717,-0.3343915349277705,1.6621051112346124
ES53,ES,2022,70900,62594.90765264681,11.044439206377502,15949.492005320582,9.497230133880162,33.8,36.3,1.2880153341280265,-0.24875824843046632,1.9221623735366267
ES53,ES,2023,75300,62571.67073839557,11.044067910544111,14007.596321841784,9.677182258509593,33.5,33.8,1.2828668479624208,0.41305101469236916,1.4887336030332696
ES61,ES,2000,35800,48729.361482025946,10.794037032571445,13100.397543607454,NA,18.8,NA,-0.7124866430849648,NA,NA
ES61,ES,2001,37200,48611.564848088856,10.791616741417853,13381.588439956302,9.48039785556905,19.2,18.8,-0.789913152818345,0.6641679715419649,-1.630859111440654
ES61,ES,2002,39200,49210.99212875203,10.80387229477754,13236.167295046258,9.50163504412138,20.1,19.2,-0.3978509333274407,0.759799307662617,-1.5434746977816327
ES61,ES,2003,40700,49127.296429519825,10.802170094735864,13922.205591461654,9.490708308357688,21.1,20.1,-0.45230529428286353,0.7105960744783159,-1.3468597670488334
ES61,ES,2004,42100,48904.01570504257,10.797614792848755,14817.868966130698,9.54124036899938,21.8,21.1,-0.5980320285962871,0.9381426004314722,-1.1283987329012792
ES61,ES,2005,43400,48376.48947198288,10.786769219976586,15004.779955387748,9.603589094052547,23,21.8,-0.9449881591860242,1.2188997198383709,-0.9754760089979915
ES61,ES,2006,44500,47661.37928818533,10.771876690397326,15627.3944477849,9.616124093014372,23.2,23,-1.4214087686286612,1.2753449831102293,-0.7133227680209266
ES61,ES,2007,45800,47366.89695114384,10.765678887146514,15876.519047553606,9.656780707522072,24.1,23.2,-1.6196800687622175,1.458422246747699,-0.669630561191416
ES61,ES,2008,47100,47545.501347627265,10.769442454615126,14665.159545479302,9.672596507217957,24.7,24.1,-1.4992813750727594,1.5296409983732797,-0.4730156304586168
ES61,ES,2009,48300,48644.4023687709,10.792292021770711,12873.742926399027,9.593229860689522,25.2,24.7,-0.7683105449107196,1.17225195734144,-0.34193900997008475
ES61,ES,2010,49200,49406.02311639537,10.807827621176816,11929.703693423615,9.462945083980614,25.7,25.2,-0.27131776086274945,0.585577914204664,-0.23270849289630766
ES61,ES,2011,49900,50182.02296908626,10.82341213335824,10755.474378309389,9.386786677685746,25.8,25.7,0.2272397710745925,0.24263562064959396,-0.12347797582253058
ES61,ES,2012,50600,50989.5602402354,10.839376189580463,9685.527194153688,9.283170148428733,26.5,25.8,0.7379391357520442,-0.22395095754159303,-0.10163187240777485
ES61,ES,2013,51000,51168.34385127068,10.84287633565626,9660.205668307619,9.178388008448794,27.3,26.5,0.8499108271759099,-0.6957862959702854,0.05129085149551291
ES61,ES,2014,50700,50979.87953866729,10.839186315013766,9819.328960722412,9.175770217694994,27.6,27.3,0.7318649388668189,-0.7075742417642042,0.2260596788135564
ES61,ES,2015,52000,52000,10.858998997563564,9252.296232009836,9.192108065074986,28.3,27.6,1.3656840791835565,-0.6340047026308107,0.2915979890578228
ES61,ES,2016,52100,51906.906308532256,10.857207129829575,8680.998829104188,9.13262704099806,29.1,28.3,1.3083611970416076,-0.9018485272634751,0.44452071296111056
ES61,ES,2017,53000,52147.39017070891,10.861829414511424,9319.150131148763,9.068891873511507,29.6,29.1,1.4562307495863085,-1.1888488149707523,0.6192895402791541
ES61,ES,2018,53400,51924.3110791311,10.857542381042068,9320.393291974708,9.139826715876808,30.3,29.6,1.3190860766614148,-0.8694282976934244,0.7285200573529311
ES61,ES,2019,53500,51288.9340529762,10.845230297421711,9197.577258647985,9.139960105499028,31.2,30.3,0.9252154215318935,-0.8688276424905873,0.8814427812562189
ES61,ES,2020,50700,48059.60528560866,10.780197296306435,8816.474156881322,9.126695386905377,32.5,31.2,-1.155227787281458,-0.9285588427504337,1.0780577119890173
ES61,ES,2021,54300,50189.48146778815,10.823560751210636,8409.546940166538,9.084377313621692,34,32.5,0.23199414187747108,-1.1191176768540358,1.3620570563808378
ES61,ES,2022,58100,51294.2755235371,10.845334436697286,8882.287446642951,9.037122879954222,35,34,0.9285468970124067,-1.3319050059352695,1.689748607602169
ES61,ES,2023,61000,50688.870053680344,10.833461639911574,9512.716609060297,9.091814398156906,35.8,35,0.5487292810504663,-1.0856283885147515,1.9082096417497234
ES62,ES,2000,36800,50090.51683068588,10.821586984339675,11621.030448899704,NA,20.8,NA,1.0953946727806143,NA,NA
ES62,ES,2001,37600,49134.269846455405,10.802312030534601,12086.354351934435,9.360571705381192,22,20.8,0.49834534296858113,0.10895034042357432,-1.4709112795517842
ES62,ES,2002,38300,48081.14792171435,10.780645444167723,11750.461938622399,9.39983235569859,22.2,22,-0.17278575288153444,0.26594133358225497,-1.1564484498412557
ES62,ES,2003,39400,47558.11988508799,10.769707818591202,12575.783974657208,9.371647832724843,22.4,22.2,-0.5115830380131702,0.15324029023271554,-1.1040379782228344
ES62,ES,2004,39800,46232.29988267682,10.741433964450811,14173.114936918366,9.439528336933762,23.3,22.4,-1.3873768705919183,0.4246730781696895,-1.0516275066044132
ES62,ES,2005,41800,46593.024422324524,10.749206118400938,15964.950788511329,9.559102134702806,22.9,23.3,-1.146631323077423,0.9028110895311205,-0.815780384321516
ES62,ES,2006,43100,46161.920164512085,10.739910498334833,17707.003037014274,9.678151022683206,23.3,22.9,-1.4345668370496767,1.3788501517317031,-0.9206013275583594
ES62,ES,2007,44100,45608.737020642875,10.727854578479175,17364.73276254535,9.7817154921211,23.7,23.3,-1.8080037304856487,1.7929718940249415,-0.815780384321516
ES62,ES,2008,45700,46132.259269353846,10.739267751492914,16779.083525499518,9.7621965756296,24.9,23.7,-1.454476175099843,1.714921885667748,-0.7109594410846735
ES62,ES,2009,46600,46932.280546267575,10.756461002243784,13673.584071413085,9.727888361455705,24.4,24.9,-0.9219084220505447,1.5777341271075254,-0.3964966113741448
ES62,ES,2010,47100,47297.22944679313,10.764206998700926,12760.275663630173,9.523221080533649,24.4,24.4,-0.6819731132434226,0.7593340384874652,-0.5275227904201985
ES62,ES,2011,47600,47869.023914398924,10.776223891838141,10809.370492376638,9.454092160398195,25.3,24.4,-0.30974508787152727,0.48290922788664586,-0.5275227904201985
ES62,ES,2012,48400,48772.62283848603,10.79492442700963,8806.378188594841,9.288168675114902,26.3,25.3,0.2695113972114468,-0.18056660688398796,-0.29167566813730134
ES62,ES,2013,49100,49262.07221759589,10.804909737732409,8191.867619419268,9.083231532088366,28.2,26.3,0.5788103524925312,-1.000045789188326,-0.02962331004519399
ES62,ES,2014,48800,49069.39095635037,10.800990717275731,8030.479317846968,9.01089718740986,27.1,28.2,0.4574171413418346,-1.2892880844319312,0.46827617032980956
ES62,ES,2015,50700,50700,10.833681189579275,9370.020766471587,8.99099949604941,27.9,27.1,1.4700174711508067,-1.368852694365497,0.18001857642849206
ES62,ES,2016,50300,50113.577491730764,10.822047258175948,10625.24278013193,9.145270591502326,28.4,27.9,1.1096518371949096,-0.7519711018540752,0.3896604629021772
ES62,ES,2017,50700,49884.39021990456,10.81746341155644,8744.143899455228,9.270987843426333,29.9,28.4,0.9676653722822125,-0.24926734944110218,0.5206866419482309
ES62,ES,2018,50900,49493.39763909687,10.809594558632394,9991.937833451255,9.076139486657743,31.2,29.9,0.7239245357436217,-1.0284046484196152,0.9137651790863919
ES62,ES,2019,51700,49563.325056801295,10.811006425034133,10404.260088066449,9.209533830153878,31.5,31.2,0.7676576568430057,-0.49500262125227545,1.2544332446061315
ES62,ES,2020,49900,47301.26831857736,10.764292388466771,8738.067426377975,9.24997062510906,32.8,31.5,-0.6793281314195472,-0.33330859558416953,1.333048952033764
ES62,ES,2021,53300,49265.181624919125,10.804972855442545,8329.56077451055,9.075444325935944,33.7,32.8,0.5807654485678287,-1.0311843775182885,1.6737170175535028
ES62,ES,2022,57300,50587.98601546774,10.831469396560115,9704.278691947264,9.027566005620717,30.9,33.7,1.401506306188889,-1.2226347227441299,1.909564139836401
ES62,ES,2023,59300,49276.229412840075,10.805197081741943,9277.991198055817,9.180322169497074,32.7,30.9,0.5877109470180838,-0.6118108651619214,1.1758175371784991
ES63,ES,2000,38100,51860.018783943815,10.856303421297445,8258.055462581242,NA,17.7,NA,1.5299177193466287,NA,NA
ES63,ES,2001,38700,50571.70859196341,10.831147580174488,9437.121623228659,9.0189444226479,22.1,17.7,0.40165400632878767,-1.0481257535918702,-1.3795730405405413
ES63,ES,2002,40600,50968.52756192174,10.83896361458881,10213.747583113476,9.152406299850615,19,22.1,0.7522106808710786,-0.2728804514463556,-0.020149557554146116
ES63,ES,2003,41900,50575.76708591845,10.831227829215406,10099.383776972898,9.231489894068217,22,19,0.40525325313711036,0.18649556048292354,-0.9779251932945608
ES63,ES,2004,42700,49600.98505000755,10.811765972394998,10639.797830823109,9.22022968878713,18.4,22,-0.4676297775310959,0.12108795923888231,-0.05104554580383734
ES63,ES,2005,43400,48376.48947198288,10.786769219976586,10798.582526509465,9.272356761852627,22.9,18.4,-1.5887582088617584,0.42388055706247113,-1.163301122792706
ES63,ES,2006,46100,49375.046858097616,10.807200451227734,12776.641282965787,9.287170156953179,17.7,22.9,-0.6723978009440458,0.5099277130086218,0.2270183484433793
ES63,ES,2007,49000,50676.37446738096,10.833215094137001,13009.961358472981,9.455373882981256,16.6,17.7,0.49438399967943986,1.486979371053078,-1.3795730405405413
ES63,ES,2008,49600,50069.14791597266,10.821160287323636,12084.030283464088,9.473470601361708,21.5,16.6,-0.04628570118569683,1.5920984972241161,-1.7194289112871393
ES63,ES,2009,50800,51162.22857833461,10.842756815696621,11156.728151211637,9.399640048582874,23.2,21.5,0.9223394054565073,1.1632360355515559,-0.20552548705229126
ES63,ES,2010,50800,51012.72305513993,10.839830352262991,12604.800825412116,9.319798016535968,20.7,23.2,0.7910847006943339,0.6994544557068428,0.31970631319245185
ES63,ES,2011,50900,51187.6747319938,10.843254054157244,10290.917664038814,9.441833038260537,18.9,20.7,0.9446410295244769,1.4083241289956419,-0.45269339304981776
ES63,ES,2012,50000,50384.94094884921,10.82744761871519,10168.22018161138,9.239017005030478,22,18.9,0.23570716981932258,0.2302185886204472,-1.008821181544252
ES63,ES,2013,50200,50365.703163407605,10.827065729629618,10667.909923648804,9.227022467002596,23,22,0.21857907636608873,0.16054543961028425,-0.05104554580383734
ES63,ES,2014,49500,49773.25517088818,10.815233073991273,10738.490995099779,9.274995441663783,22.5,23,-0.31212693024791044,0.439207961189702,0.2579143366930705
ES63,ES,2015,50600,50600,10.831706855275558,8040.89219330855,9.281589854941794,28.1,22.5,0.4267380334955709,0.4775131912773829,0.10343439544461658
ES63,ES,2016,51400,51209.500657553894,10.843680353531374,6770.512617792992,8.992295325333357,28.2,28.1,0.9637609672106038,-1.2029234226531138,1.833609737427301
ES63,ES,2017,51100,50277.9554287401,10.825321998168961,7410.749145094724,8.820332082063855,25.2,28.2,0.14037104020103525,-2.2018131376831103,1.864505725676991
ES63,ES,2018,51800,50368.526477509185,10.827121784341355,8265.105696116372,8.91068681238302,26.5,25.2,0.22109318419840582,-1.676966030219132,0.9376260781862675
ES63,ES,2019,53200,51001.332553613705,10.83960703986735,8699.183160928824,9.019797798572188,22.1,26.5,0.7810689245794228,-1.043168714996768,1.3392739254322479
ES63,ES,2020,50000,47396.06043945627,10.766294391137443,8802.125510184736,9.070984410686364,25.7,22.1,-2.507074010609051,-0.7458390100205194,-0.020149557554146116
ES63,ES,2021,51900,47971.16184490248,10.778355314442589,10152.390209577534,9.082748506549622,24.7,25.7,-1.9661299791940707,-0.6775044395564167,1.0921060194347214
ES63,ES,2022,56300,49705.124130381046,10.813863307985066,9587.178882096696,9.225464445375167,21.1,24.7,-0.3735622554502808,0.1514952975575731,0.7831461369378137
ES63,ES,2023,58600,48694.55385484702,10.79332247232123,10413.965282876656,9.168181951721813,21.2,21.1,-1.2948385268852218,-0.18124379641224708,-0.32910944005105397
ES64,ES,2000,34700,47232.090598500006,10.762828826117603,10526.724028078652,NA,25.8,NA,-0.2771944943560124,NA,NA
ES64,ES,2001,36000,47043.449852989215,10.758826918594862,10060.86125328203,9.261672448279176,23.5,25.8,-0.387089246985839,0.2142314566890071,-0.4221965300364191
ES64,ES,2002,38800,48708.8391478464,10.79361579461035,9670.888714122862,9.216408051647514,22.6,23.5,0.5682339088506866,-0.02915870739403682,-1.0695645427589286
ES64,ES,2003,39500,47678.825773121214,10.772242674194391,11980.341410399795,9.176875488477025,24.2,22.6,-0.018684646286226465,-0.24172835932127062,-1.3228824607807796
ES64,ES,2004,40800,47393.91545761845,10.766249133570536,11398.352829114734,9.391022369627292,25.9,24.2,-0.1832708243756406,0.9097559952625502,-0.8725394954085999
ES64,ES,2005,42900,47819.15664396465,10.775181604804198,14334.297712469015,9.341224135268947,28.1,25.9,0.062020130254839656,0.6419870348110732,-0.39405009470065844
ES64,ES,2006,44900,48089.7961806634,10.78082529597334,13480.670783355317,9.57041038600952,27.8,28.1,0.21699923495116544,1.8743392437060198,0.22517148268609039
ES64,ES,2007,46800,48401.10867496794,10.787277998949975,13855.84075181913,9.50901214460475,22.8,27.8,0.3941942834077417,1.5441961475432318,0.14073217667880636
ES64,ES,2008,47800,48252.12238676398,10.784195093090165,11935.363770292342,9.536462137651524,24,22.8,0.3095358611629752,1.6917968847429292,-1.2665895901092572
ES64,ES,2009,49200,49550.81980421383,10.810754084610446,11889.371555809937,9.387261017595614,26.6,24,1.038861510652022,0.8895309142653652,-0.9288323660801222
ES64,ES,2010,49000,49205.1856240523,10.803754295789181,11514.959530000433,9.383400133435979,22.9,26.6,0.8466431606270688,0.8687706413125155,-0.19702504735032872
ES64,ES,2011,49100,49377.50155876023,10.807250165401241,10106.226651576539,9.351402297702403,27.1,22.9,0.9426418122851171,0.6967158019898689,-1.2384431547734966
ES64,ES,2012,48000,48369.54331089524,10.786625624194935,8612.675843443913,9.220907013027292,24.8,27.1,0.3762796859514913,-0.004967443842290612,-0.056292870671522346
ES64,ES,2013,49100,49262.07221759589,10.804909737732409,8201.78060616175,9.060990332349354,26.2,24.8,0.8783722812545542,-0.8648518131523913,-0.7036608833940319
ES64,ES,2014,48200,48466.078772460816,10.788619425473183,8987.613603622158,9.012106556772224,28.8,26.2,0.43103065084034436,-1.1277036579595707,-0.3096107886933744
ES64,ES,2015,48700,48700,10.793434309070681,9182.978723404254,9.103602642129907,28,28.8,0.5632502083592543,-0.635722125335198,0.4221965300364191
ES64,ES,2016,49900,49715.05997688598,10.814063183827727,8614.778421098908,9.125106910656058,26.9,28,1.1297313365648198,-0.5200920090728155,0.19702504735032872
ES64,ES,2017,50200,49392.43370886014,10.807552527656986,8712.568098942877,9.06123442850345,28.6,26.9,0.9509448590474081,-0.8635392892391475,-0.11258574134304569
ES64,ES,2018,49200,47840.37649987359,10.77562525857418,7675.692437368348,9.07252187127271,29.9,28.6,0.07420312574598556,-0.8028458358381538,0.36590365936489677
ES64,ES,2019,49700,47645.98172771807,10.771553576622333,8324.580569077156,8.945813788238386,30.6,29.9,-0.0376076740645601,-1.4841650053242186,0.7318073187297925
ES64,ES,2020,47000,44552.2968130889,10.704418987419356,7631.083825117825,9.02696793148659,34.3,30.6,-1.8811632863419814,-1.047792895872907,0.9288323660801222
ES64,ES,2021,47900,44273.962473426385,10.698152028687616,9421.5919576514,8.939985162043588,34.5,34.3,-2.053257687737333,-1.5155059795003416,1.9702504735032882
ES64,ES,2022,51000,45025.95613942155,10.714994405563747,10477.260578932095,9.150759350919456,34,34.5,-1.5907560357170163,-0.38215685231714935,2.0265433441748115
ES64,ES,2023,52700,43791.85986604843,10.687203231285581,11957.865560228935,9.256962528565301,32.8,34,-2.3539181540907186,0.18890585384696865,1.8858111674960052
ES70,ES,2000,37800,51451.67217934583,10.848398241790331,14481.622934640232,NA,18.4,NA,0.6658257076779037,NA,NA
ES70,ES,2001,39100,51094.413590329954,10.841430447130072,15117.647365435228,9.58063574078065,20.1,18.4,0.5078404984981932,1.0090278158721886,-1.663458184972611
ES70,ES,2002,40500,50842.98931669533,10.836497522093616,15529.896801509221,9.623618040102848,23.1,20.1,0.395993173519266,1.145922755911215,-1.3147117236727226
ES70,ES,2003,41800,50455.06119788523,10.828838341818026,15181.448570614717,9.650522271015001,21.7,23.1,0.22233174160512686,1.2316104258496474,-0.6992767919670382
ES70,ES,2004,42100,48904.01570504257,10.797614792848755,15588.790851506445,9.627829472656028,23.1,21.7,-0.4856195049173843,1.159335807700846,-0.9864797600963581
ES70,ES,2005,43200,48153.55634077559,10.782150274120292,15710.976640318846,9.654307399807672,24.5,23.1,-0.8362563054124402,1.2436657366935029,-0.6992767919670382
ES70,ES,2006,44000,47125.858172587745,10.760577135143393,15803.014361547072,9.662114896110443,23.7,24.5,-1.3253977109948185,1.2685319433664155,-0.41207382383771907
ES70,ES,2007,45100,46642.94874446697,10.750277042535007,15068.963930641561,9.667955983194812,24.6,23.7,-1.5589382162263212,1.287135305187136,-0.5761898056259017
ES70,ES,2008,47300,47747.3930730949,10.773679749090642,13306.642246428633,9.620392538802015,23.1,24.6,-1.0283138693794076,1.1356498106724473,-0.39155932611419597
ES70,ES,2009,49200,49550.81980421383,10.810754084610446,10490.649882792279,9.496018606567377,23.6,23.1,-0.18770404404947127,0.7395294945383628,-0.6992767919670382
ES70,ES,2010,50400,50611.04807045379,10.831925172755877,10362.83747023023,9.258239652073103,23.9,23.6,0.2923214090963847,-0.01777609942333005,-0.5967043033494241
ES70,ES,2011,51300,51589.93543715682,10.85108188277749,9767.692243191528,9.245981365401112,24.1,23.9,0.7266735947630115,-0.05681769201855621,-0.5351608101788562
ES70,ES,2012,51700,52098.02894111008,10.860882394801427,8385.37752432893,9.186835508659422,26,24.1,0.9488867938690158,-0.24519217732742044,-0.49413181473181006
ES70,ES,2013,52100,52271.974797082396,10.864215651691255,7582.604798031789,9.034244697015854,27.3,26,1.0244638326116644,-0.7311808363767727,-0.10435635798487683
ES70,ES,2014,51900,52186.5039064464,10.862579194588472,6868.491829539052,8.933612060506697,27,27.3,0.9873594071366341,-1.051687160099101,0.1623321124209199
ES70,ES,2015,51800,51800,10.855145428247575,7011.803528366544,8.834699831209198,26.6,27,0.8188089277348626,-1.3667141342799514,0.10078861925035132
ES70,ES,2016,52400,52205.794444665844,10.862948772397251,8156.565414727841,8.855350226305527,29.4,26.6,0.9957390782198298,-1.3009443955020583,0.018730628356260354
ES70,ES,2017,53000,52147.39017070891,10.861829414511424,9353.141783598396,9.006578454294893,29.6,29.4,0.9703591698898759,-0.8192954486268264,0.5931365646148986
ES70,ES,2018,53600,52118.78415433383,10.861280703152675,8915.84252467938,9.14346758547697,30.5,29.6,0.9579178906877467,-0.3833152963159159,0.6341655600619448
ES70,ES,2019,53100,50905.465387159544,10.837725571767644,9121.944657347545,9.09558503224563,32.8,30.5,0.42383751941265474,-0.5358171251358211,0.8187960395736499
ES70,ES,2020,47200,44741.88105484672,10.708665278300808,7065.397640480906,9.118438290310417,34.4,32.8,-2.50242802863025,-0.46303145657435035,1.290629487214674
ES70,ES,2021,50600,46769.57204917275,10.752988100564167,7738.9226540143845,8.862964576688492,35.6,34.4,-1.4974686852313828,-1.276693342032383,1.6188614507910393
ES70,ES,2022,55900,49351.97937634637,10.806733153000474,7742.445667419043,8.954017764907864,36.6,35.6,-0.27887316605616513,-0.9866967402169048,1.8650354234733137
ES70,ES,2023,59500,49442.42242940952,10.808564088289847,7269.5698428488995,8.954472894376051,34.3,36.6,-0.2373592138244888,-0.9852471918623478,2.070180400708542
FI19,FI,2000,55100,71381.37865813372,11.17579231120526,15656.76899573596,NA,30.4,NA,-2.669017166349906,NA,NA
FI19,FI,2001,59300,74364.8265656743,11.216738347820312,15133.229856481572,9.65865862614609,30.9,30.4,-1.4578992381226001,-1.4110241008062883,-1.3346804567863118
FI19,FI,2002,59700,74167.01865977589,11.214074837883567,15126.475069968857,9.624648257660523,30.6,30.9,-1.5366815795426247,-1.7998917794897373,-1.2288264895239491
FI19,FI,2003,60500,75018.2895829975,11.225487223895794,15304.52189805411,9.624201803430958,30.6,30.6,-1.199121550639189,-1.804996446907933,-1.292338869881366
FI19,FI,2004,62000,76418.675738303,11.24398239211878,16192.16380484622,9.635903612606981,31.9,30.6,-0.6520642119515363,-1.6712003260982575,-1.292338869881366
FI19,FI,2005,63600,77668.95440001955,11.260210899240157,18301.334052440376,9.692282688442038,32.6,31.9,-0.17205106421162167,-1.0265733690101497,-1.0171185549992239
FI19,FI,2006,65000,78654.40464666022,11.272818910054482,18054.47365486524,9.814729235212964,32.7,32.6,0.20087362395954428,0.3734556964149955,-0.8689230008319158
FI19,FI,2007,69500,81845.58858165717,11.31258968497122,18493.961586367306,9.801148780966779,33.2,32.7,1.3772292007883682,0.21817952760719,-0.8477522073794429
FI19,FI,2008,71000,81147.49414252242,11.304023693137832,18804.237416624124,9.8251995570492,33.7,33.2,1.1238609351367206,0.4931712399044273,-0.7418982401170803
FI19,FI,2009,67000,75239.47489584386,11.228431304334842,16965.437535139085,9.8418375179218,35,33.7,-1.112040384874679,0.683406321459033,-0.6360442728547178
FI19,FI,2010,70600,79007.15093051625,11.277293645460443,17551.73468131339,9.73893346734489,36,35,0.33322910259064736,-0.49317779264570427,-0.3608239579725756
FI19,FI,2011,73100,79730.378255748,11.286405949693842,19151.08280827203,9.772908066249519,36.2,36,0.6027564106494343,-0.10471909612052784,-0.14911602344785044
FI19,FI,2012,73900,78297.1690116969,11.268266725663665,19485.486706941596,9.860114536523168,36.5,36.2,0.06622732888225755,0.8923820577785172,-0.10677443654290482
FI19,FI,2013,75100,77581.84316277724,11.259088698932633,16964.299667990745,9.877425196005454,38.5,36.5,-0.2052439449849673,1.0903086392624157,-0.04326205618548787
FI19,FI,2014,76500,77748.64320995181,11.261236379213354,16968.42793098409,9.738866395375428,39.2,38.5,-0.14171901541642914,-0.4939446799871376,0.3801538128639625
FI19,FI,2015,77700,77700,11.260610536355738,16841.034251175286,9.739109715810054,40.9,39.2,-0.16023044088692595,-0.49116260332044986,0.5283493670312707
FI19,FI,2016,79100,79056.51891459696,11.27791830495031,18881.398124662755,9.731573702250987,41.2,40.9,0.3517055259458091,-0.577327859086051,0.8882528557233026
FI19,FI,2017,81400,80680.33144352377,11.298250100184694,19658.464375796302,9.845932490170757,41.4,41.2,0.9530873386206052,0.7302274064290725,0.95176523608072106
FI19,FI,2018,82300,79983.67283470689,11.289577803260745,19618.48513702298,9.886263281586208,42.2,41.4,0.69657473931217,1.1913615233336914,0.9941068229856651
FI19,FI,2019,83500,79964.75804675305,11.289341292181046,18843.655076784442,9.884227519996957,43.8,42.2,0.6895791218476416,1.168085036814556,1.1634731706054462
FI19,FI,2020,85500,80560.05728715185,11.296758238503807,19336.633955441874,9.843931535512334,45.9,43.8,0.908960468781082,0.7073488953214463,1.5022058658450053
FI19,FI,2021,88300,81174.50219713544,11.30435646448702,18891.15711996226,9.869756708122333,40.1,45.9,1.133703776601213,1.0026286988528625,1.9467925283469285
FI19,FI,2022,91800,79486.02500606103,11.283336499102955,18646.886408343005,9.846449214308345,40.7,40.1,0.5119669973692031,0.7361355257718233,0.7188865081035231
FI19,FI,2023,94900,79068.83737981369,11.278074111274233,17864.7620658323,9.833434462520174,41.6,40.7,0.35631402649515265,0.5873274845224289,0.8459112688183584
FI1B,FI,2000,67100,86927.23244937882,11.372826639024028,NA,NA,NA,NA,-1.9707194315277363,NA,NA
FI1B,FI,2001,70400,88284.71821624739,11.388322304980628,NA,NA,NA,NA,-1.6015051847015236,NA,NA
FI1B,FI,2002,70100,87087.23631575024,11.374665611525554,NA,NA,NA,NA,-1.9269023507396872,NA,NA
FI1B,FI,2003,71700,88905.97294381689,11.395334606464573,NA,NA,NA,NA,-1.4344235234057483,NA,NA
FI1B,FI,2004,75200,92688.45831484493,11.43699923802948,NA,NA,NA,NA,-0.44168299804760264,NA,NA
FI1B,FI,2005,76700,93666.80507046382,11.447499137267291,21888.087197050976,NA,42.4,NA,-0.19150256697111256,NA,NA
FI1B,FI,2006,79600,96321.39399806388,11.475445733009183,23338.996522025947,9.993697804197739,43.5,42.4,0.4743791916508503,-1.34619382168767,-1.8913573558168058
FI1B,FI,2007,84400,99392.34066607,11.506830334002384,26458.07571076376,10.05788091100137,45.7,43.5,1.2221780826504787,-0.6576837229973115,-1.5753330887689343
FI1B,FI,2008,85700,97948.4541973827,11.492196641700252,25416.88974974476,10.183316710563464,45,45.7,0.8735020272456415,0.6879011051107,-0.943284554673191
FI1B,FI,2009,85600,96126.85150871992,11.473423968091573,23215.16354388229,10.143169182802168,45.5,45,0.4262067275950634,0.25722737057686995,-1.144390906430928
FI1B,FI,2010,89200,99822.06604818765,11.51114454054721,24331.009309372643,10.052560945179684,46.8,45.5,1.3249724074999005,-0.7147524810448891,-1.0007435123182593
FI1B,FI,2011,90700,98926.74839666681,11.5021349400592,22037.601559945986,10.099506919067254,49.2,46.8,1.1103012299136916,-0.21114991762678734,-0.6272602876253213
FI1B,FI,2012,89500,94825.39413459908,11.459792522990318,22366.27679839466,10.00050543520128,48.9,49.2,0.10141115247688669,-1.2731664640616824,0.06224720411549033
FI1B,FI,2013,92100,95143.64521027675,11.463143083423805,24104.347673846165,10.015309603367525,49.3,48.9,0.18124474274403282,-1.1143580206443946,-0.023941232352112138
FI1B,FI,2014,92800,94314.69398540561,11.45439227817302,21932.97709621444,10.090147504612775,50.2,49.3,-0.027260137190849004,-0.3115509684742221,0.09097668293802245
FI1B,FI,2015,95300,95300,11.464785089642293,22626.153846153848,9.995746586699468,51.3,50.2,0.22036872043823358,-1.324215960024217,0.34954199234082783
FI1B,FI,2016,96600,96546.899205437,11.477784171395173,25698.212732223285,10.026861765992768,51.6,51.3,0.5300970142892051,-0.9904347482243183,0.6655662593886974
FI1B,FI,2017,99400,98521.19097648971,11.498026940838729,26908.45695610838,10.154176724971792,51.4,51.6,1.0124201938616122,0.37530834737865726,0.7517546958563
FI1B,FI,2018,99900,97088.32218939511,11.48337638123223,27176.64091466063,10.200195901166769,52,51.4,0.6633422422688049,0.8689688933006837,0.6942957382112316
FI1B,FI,2019,101300,97011.13760642016,11.482581071578874,29030.80378274248,10.210113093410596,53.7,52,0.6443924497603903,0.9753533821572252,0.8666726111464345
FI1B,FI,2020,102300,96389.401876908,11.476151535518675,27075.274363174976,10.2761127446389,54.9,53.7,0.49119630313737167,1.683350059846215,1.355073751129509
FI1B,FI,2021,104500,96067.2194745261,11.47280342828197,27950.85083346344,10.206376205268448,49.8,54.9,0.4114211650338995,0.9352667401780967,1.6998274969999128
FI1B,FI,2022,105000,90915.38807882796,11.417684551634034,26944.804642900406,10.238202919388737,50.5,49.8,-0.901892801882599,1.2766807846398758,0.2346240770506912
FI1B,FI,2023,107800,89816.86690773358,11.405528064133248,25302.18927688298,10.20154578012422,49.3,50.5,-1.1915446560995004,0.8834494215969975,0.43573042880842827
FI1C,FI,2000,58200,75397.3908875387,11.230527949783783,NA,NA,NA,NA,-1.4757037278346052,NA,NA
FI1C,FI,2001,59400,74490.23099495874,11.218423268185232,NA,NA,NA,NA,-1.8069185309671878,NA,NA
FI1C,FI,2002,61200,76030.51159092603,11.23889000700329,NA,NA,NA,NA,-1.2468966243025228,NA,NA
FI1C,FI,2003,61800,76630.25283023546,11.246747223322643,NA,NA,NA,NA,-1.0319032487893482,NA,NA
FI1C,FI,2004,65100,80239.60952521815,11.292772556288211,NA,NA,NA,NA,0.22746664650201412,NA,NA
FI1C,FI,2005,65900,80477.73734215862,11.295735870402543,17566.70868371261,NA,31.2,NA,0.3085504398267415,NA,NA
FI1C,FI,2006,67400,81558.56727976767,11.309076658077107,17037.137135075387,9.773760837720681,31,31.2,0.6735882417126711,0.8781467047507315,-1.5615145037177192
FI1C,FI,2007,71100,83729.8035705874,11.335350269209668,18396.24539566309,9.743150777763331,33.1,31,1.3925009093449299,0.3906559443364257,-1.617007615399691
FI1C,FI,2008,71300,81490.3708783359,11.308240143516768,18172.381990865924,9.81990186819158,34.1,33.1,0.6506990807575131,1.6129811370222995,-1.034329942738982
FI1C,FI,2009,66700,74902.58172466843,11.223943637865455,15579.158761869994,9.807658247507243,33.8,34.1,-1.655867209049471,1.4179912557235292,-0.7568643843291207
FI1C,FI,2010,68100,76209.44728566793,11.241240714116712,15915.900878990575,9.653689323221784,34.2,33.8,-1.1825753129606693,-1.0340924084271346,-0.8401040518520803
FI1C,FI,2011,72900,79512.23768596484,11.283666221952721,16761.239453715472,9.675073943768604,35.4,34.2,-0.021705767463000635,-0.693524472720182,-0.7291178284881342
FI1C,FI,2012,74800,79250.7204610951,11.28037178268994,16915.25086070861,9.726824324387328,36,35.4,-0.11184998505109064,0.13064354376531506,-0.3961591583963018
FI1C,FI,2013,75700,78201.67147033605,11.267046300605948,15299.815449062997,9.735970911770435,36.2,36,-0.47646898714236957,0.27631058410431875,-0.22967982335038462
FI1C,FI,2014,78100,79374.7586234933,11.281935695226505,15524.660185964472,9.635596045155033,38.1,36.2,-0.06905736975612842,-1.3222429672773015,-0.17418671166841157
FI1C,FI,2015,79200,79200,11.279731577802517,15020.488798370672,9.650185018379487,38.9,38.1,-0.12936761523624035,-1.089901388699469,0.3529978493103245
FI1C,FI,2016,81000,80955.47448903102,11.30165458484914,15940.34284379837,9.617170467955763,38.8,38.9,0.47050148531829694,-1.6156856672412994,0.5749702960382128
FI1C,FI,2017,84800,84050.27157752845,11.339170369974058,16924.037584744085,9.67660846050678,39.8,38.8,1.497028559438221,-0.6690860125340915,0.5472237401972263
FI1C,FI,2018,85200,82802.05255792257,11.324208129412991,18229.211030680475,9.736490232633054,40.9,39.8,1.0876236922792726,0.2845812024098633,0.8246892986070876
FI1C,FI,2019,86200,82550.44483389356,11.321164837993884,15987.754995078432,9.810780588111943,42.6,40.9,1.0043515169603103,1.4677171366194883,1.1299014128579354
FI1C,FI,2020,87400,82350.28078242189,11.318737145222583,16699.154870506605,9.679578395412973,43.5,42.6,0.9379236826743569,-0.6217873196266434,1.6015928621547004
FI1C,FI,2021,90200,82921.1789148541,11.325645783945683,16138.687357607194,9.7231133905678,38,43.5,1.126961568219381,0.07154382452106765,1.8513118647235751
FI1C,FI,2022,93700,81131.16059986838,11.303822390720887,17688.18117089205,9.68897460999164,37.3,38,0.5298181545916177,-0.47214475779068676,0.325251293469338
FI1C,FI,2023,93100,77569.11232940627,11.258924589941373,13971.921129964121,9.780651965072574,37.8,37.3,-0.6986995990726439,0.987893661063995,0.13102540258243428
FI1D,FI,2000,53700,69567.69571582178,11.150055596561211,NA,NA,NA,NA,-2.010964799219853,NA,NA
FI1D,FI,2001,54600,68470.81838930551,11.134162924567491,NA,NA,NA,NA,-2.3669463856997917,NA,NA
FI1D,FI,2002,56700,70440.0327974756,11.162517028218717,NA,NA,NA,NA,-1.7318399161917981,NA,NA
FI1D,FI,2003,58900,73034.33481716616,11.19868494951654,NA,NA,NA,NA,-0.9217109455336279,NA,NA
FI1D,FI,2004,60900,75062.86052359118,11.226081181789539,NA,NA,NA,NA,-0.3080599350573205,NA,NA
FI1D,FI,2005,62800,76691.98642014508,11.247552502368235,17617.066048259745,NA,30.6,NA,0.17287837200921644,NA,NA
FI1D,FI,2006,64700,78291.38431752178,11.2681928416657,18160.480923474788,9.776623373040833,31.2,30.6,0.6352034443129239,-1.2352037838049021,-1.4375775962626074
FI1D,FI,2007,67800,79843.6101559188,11.287825127346823,20371.689879225476,9.807003134374824,31.3,31.2,1.0749490204976582,-0.7891538585411243,-1.2662107304829595
FI1D,FI,2008,69200,79090.23372764158,11.278344678720142,21681.985208472437,9.921901464995708,31.4,31.3,0.8625954814577249,0.8978373993208965,-1.237649586186351
FI1D,FI,2009,64300,72207.43635526508,11.18729831618745,18683.940394450085,9.984237020017908,32.4,31.4,-1.1767613108061636,1.8130772971346458,-1.2090884418897434
FI1D,FI,2010,67600,75649.90655669828,11.233871484010164,18680.597323190734,9.835419631424772,33.2,32.4,-0.13356415834008858,-0.3719295016398871,-0.9234769989236623
FI1D,FI,2011,70300,76676.41027878365,11.247349381754727,20231.427335407294,9.835240687887799,33.8,33.2,0.1683286525994295,-0.37455683469941115,-0.6949878445507963
FI1D,FI,2012,71500,75754.36514663501,11.23525134740947,19277.68560863799,9.914992483056333,34.6,33.8,-0.10265645684064345,0.7963964813417607,-0.5236209787711493
FI1D,FI,2013,73600,76032.27239388022,11.238913165897376,17672.31849651718,9.866703519913287,35.2,34.6,-0.02063500977111137,0.08739524317466106,-0.2951318243982832
FI1D,FI,2014,74900,76122.52779641034,11.240099528904038,18232.785146666134,9.779754767601489,36.8,35.2,0.005938456630223473,-1.1892271780509536,-0.12376495861863418
FI1D,FI,2015,75100,75100,11.226575837752225,17200.635395253223,9.810976634207703,36.7,36.8,-0.2969800855248744,-0.7308130676439829,0.3332133501270939
FI1D,FI,2016,77800,77757.23352156313,11.261346861361048,17867.120589747003,9.752701603703711,37.5,36.7,0.48185963083565864,-1.586434437255153,0.3046522058304874
FI1D,FI,2017,81000,80283.86789834675,11.293323981848639,19013.33594590027,9.790717464210609,39.1,37.5,1.1981184252492543,-1.0282677172629533,0.5331413602033515
FI1D,FI,2018,81200,78914.63225003886,11.276121942745354,19530.961307308415,9.852895903827156,39.5,39.1,0.8128081908785286,-0.11533466163202233,0.9901196689490815
FI1D,FI,2019,81900,78432.49920992902,11.26999365118326,19157.705819218856,9.879756244743762,40.3,39.5,0.6755399609957353,0.2790414799937646,1.1043642461355136
FI1D,FI,2020,83600,78769.83379188181,11.27428538265175,20837.560941755917,9.860460306319087,42,40.3,0.7716708933841018,-0.004270551249560339,1.3328534005083776
FI1D,FI,2021,86100,79152.03441872438,11.27912576831079,20868.816556810034,9.944512451674132,37.6,42,0.8800911871371478,1.2298225261022226,1.8183928535507161
FI1D,FI,2022,92600,80178.71367713781,11.292013343128644,20611.6766054154,9.946011292991942,38.2,37.6,1.1687612944263197,1.2518292183352953,0.56170250449996
FI1D,FI,2023,92000,76652.61368749062,11.247038982707391,20688.32764632109,9.933613019698377,38,38.2,0.16137599257119098,1.0697919463766516,0.733069370279609
FI20,FI,2000,50800,65810.78104960422,11.094538949630827,15130.535638488795,NA,22.3,NA,-1.9781801123487914,NA,NA
FI20,FI,2001,57100,71605.92912141657,11.178933158478596,15600.494075144165,9.624470208567436,26.5,22.3,-0.3070036225278046,-0.8774365653865822,-1.8395910416548116
FI20,FI,2002,58900,73173.15576316247,11.200583908142551,16195.107990115921,9.655057864219698,26,26.5,0.12172512935453365,-0.7888775239556807,-0.9178872313651083
FI20,FI,2003,58000,71918.36026138603,11.183286869405418,10722.720556936336,9.692464499697797,32.9,26,-0.2207913166869505,-0.6805758018898821,-1.027613875447216
FI20,FI,2004,60900,75062.86052359118,11.226081181789539,30576.66849894883,9.28012018572356,29,32.9,0.6266228569964701,-1.874417448343123,0.48661381288586786
FI20,FI,2005,59400,72539.87250567862,11.19189165526268,33411.76614259997,10.327992529759786,25.2,29,-0.05039910588325253,1.1594394573572553,-0.36925401095457067
FI20,FI,2006,57500,69578.89641819942,11.15021658796215,13098.119208961416,10.416663396647422,28,25.2,-0.8756499570403589,1.4161641656411803,-1.2031765059785882
FI20,FI,2007,60600,71364.64270573272,11.175557825475742,19823.511862703537,9.480223927046813,27.5,28,-0.37384206128680925,-1.2950662316370474,-0.5887072991187857
FI20,FI,2008,60100,68689.63940796615,11.137353657637679,34845.600199710665,9.894623980013678,30,27.5,-1.1303620639722203,-0.09527269803400595,-0.6984339432008932
FI20,FI,2009,65300,73330.41359251647,11.202730721226262,20777.43478545284,10.45868215856889,29.9,30,0.16423638222981507,1.5378191666057017,-0.14980072279035558
FI20,FI,2010,66400,74307.00880717108,11.215960557443633,17833.74301611333,9.94162281071225,27.6,29.9,0.4262139699400686,0.04080086845166015,-0.1717460516067774
FI20,FI,2011,67800,73949.65315649405,11.211139777884458,43261.84414858556,9.788847616818284,26.4,27.6,0.3307527579458302,-0.40152216798768936,-0.6764886143844714
FI20,FI,2012,74800,79250.7204610951,11.28037178268994,35277.24871945727,10.675026328015583,32.7,26.4,1.701686858208485,2.1641905526045813,-0.9398325601815302
FI20,FI,2013,74900,77375.23372692431,11.25642203068572,19224.319307996127,10.47099352293744,33.8,32.7,1.2274331975255253,1.5734636971830138,0.44272315525302575
FI20,FI,2014,76000,77240.48214322011,11.254678978667195,15767.787631385363,9.863931387140832,32,33.8,1.192917232583586,-0.184135559403611,0.6841217722336611
FI20,FI,2015,76400,76400,11.243737975154612,20741.666666666668,9.66572438041267,29.9,32,0.9762631742671084,-0.7579952471249326,0.2891058535380746
FI20,FI,2016,74400,74359.1024936285,11.216661372015748,17012.16229807783,9.939899838567683,29.2,29.9,0.4400915197462975,0.03581242594826478,-0.1717460516067774
FI20,FI,2017,76500,75823.65301510526,11.23616556800869,15802.630281478952,9.741683796539505,30.4,29.2,0.8263141556508645,-0.5380734212642427,-0.3253633533217278
FI20,FI,2018,72300,70265.12206499767,11.16003082474244,19982.10262179821,9.667931678671208,36.4,30.4,-0.6813081651486667,-0.7516045573594101,-0.06201940752466985
FI20,FI,2019,75000,71824.63297612549,11.181982773860547,21266.475772753245,9.902592282991828,34.8,36.4,-0.24661505323029168,-0.07220243460491874,1.2547003214606207
FI20,FI,2020,67400,63505.82293747409,11.058886880479355,18110.386153732838,9.96488720442166,41.6,34.8,-2.6841633852874116,0.10815720428199443,0.9035750603978762
FI20,FI,2021,78600,72257.25790141388,11.187988056312266,24667.978206377516,9.804240873330025,37.5,41.6,-0.1276982817471908,-0.35695477594308295,2.3958574199145395
FI20,FI,2022,83400,72212.79395975478,11.187372510841211,21210.665346189882,10.113261252633514,36.1,37.5,-0.13988733042348234,0.5377378047780156,1.4960989384412575
FI20,FI,2023,90800,75652.796987219,11.233909691265598,16643.972414581134,9.962259416524043,32.3,36.1,0.7816432211346112,0.10054909008252046,1.1888643350113568
FR10,FR,2000,72100,89342.1395026084,11.400228542488273,21046.05349277342,NA,33,NA,-1.9136479734103446,NA,NA
FR10,FR,2001,73500,89376.91521961184,11.400617708797332,20974.873632532468,9.954468339004903,33.3,33,-1.9065480806751158,-1.5082049310765189,-1.4050771380381595
FR10,FR,2002,76500,91143.04096075488,11.42018543008037,21044.37116826019,9.951080506646578,35,33.3,-1.5495574600885487,-1.5426758279609234,-1.3613072407358426
FR10,FR,2003,78900,92339.02113615617,11.433222095356712,21343.182012644087,9.954388400418981,35.7,35,-1.3117184618698279,-1.5090182991717878,-1.113277822689377
FR10,FR,2004,81600,93963.75025909123,11.450664351334051,21784.344235198718,9.968487623985656,36.2,35.7,-0.993504516785784,-1.3655599369175933,-1.0111480623173026
FR10,FR,2005,84500,95430.62363065525,11.466154808343894,22557.70930486647,9.988946836432135,38.7,36.2,-0.7108989041482404,-1.1573892460492032,-0.938198233480107
FR10,FR,2006,86700,95998.40556281418,11.472086861591361,23505.31911291511,10.023832162551818,38.6,38.7,-0.6026753997588256,-0.8024341147849294,-0.5734490892941287
FR10,FR,2007,90700,98087.98719557036,11.49362018337199,24463.386478817163,10.064982019750463,38.8,38.6,-0.20982465364661948,-0.38373792965137765,-0.5880390550615682
FR10,FR,2008,93200,98524.25049684975,11.498057994796003,24757.096801104704,10.104932849323353,38.1,38.8,-0.12886187666358287,0.022758254632835845,-0.5588591235266905
FR10,FR,2009,91900,97047.39376531215,11.482954733680277,22588.880889314685,10.116867466333515,39.6,38.1,-0.40440354452544286,0.14419193516938486,-0.6609888838987638
FR10,FR,2010,97800,102164.46598696307,11.534339205363324,24285.457564839893,10.025213068142588,39.7,39.6,0.5330471769617658,-0.78838352160562,-0.44213939738717684
FR10,FR,2011,98200,101716.33365443377,11.529943175379136,24936.043285869597,10.09763299606168,40.8,39.7,0.4528466544035949,-0.05151711157178013,-0.4275494316197375
FR10,FR,2012,99500,101960.30208941764,11.532338821308512,25161.583379756285,10.1240695573243,41.2,40.8,0.49655246534924063,0.21747257884863752,-0.2670598081779079
FR10,FR,2013,101500,103237.48690460449,11.54478731127169,24837.990756771236,10.13307364125696,41.9,41.2,0.7236608799183474,0.3090883425444472,-0.20869994510815057
FR10,FR,2014,102100,103258.56105503751,11.544991423173244,24904.3384562102,10.120129645367287,43.9,41.9,0.7273846673410391,0.17738432050548786,-0.10657018473607728
FR10,FR,2015,104200,104200,11.554067408301403,24930.184336180497,10.122797302464775,46.3,43.9,0.8929656011897285,0.2045274973231103,0.1852291306127053
FR10,FR,2016,105500,104957.37039505754,11.561309550463326,25534.239841924973,10.12383457064111,47.3,46.3,1.0250901744788112,0.21508160997276615,0.5353883090312442
FR10,FR,2017,107000,105828.47874034439,11.569574937424731,26583.209226784256,10.147775569377812,47.9,47.3,1.1758826749473208,0.4586791707359723,0.6812879667056355
FR10,FR,2018,108500,106129.076432498,11.572411334489585,27269.477295388115,10.188035063383165,49.3,47.9,1.2276294845919358,0.8683159885279742,0.7688277613102704
FR10,FR,2019,111000,107276.43494312416,11.583164286075313,28935.838207342702,10.213523307903387,51.5,49.3,1.423804747117466,1.127656639331483,0.9730872820544181
FR10,FR,2020,103200,96854.1181770403,11.480961189118961,25933.180748305822,10.27283618221952,54.3,51.5,-0.44077347742754397,1.7311599294057956,1.2940665289380793
FR10,FR,2021,109700,101711.57305245982,11.5298963715551,28193.31861990297,10.163278537739643,54.4,54.3,0.4519927723420737,0.6164205130694423,1.7025855704263746
FR10,FR,2022,113800,102421.0242102421,11.536847285066541,28423.89442214335,10.24684030048201,55,54.4,0.5788042130918855,1.4666541144734269,1.717175536193814
FR10,FR,2023,118800,101771.5793441387,11.530486162824909,28289.818815661823,10.254985423302722,56.5,55,0.46275283726634275,1.5495300242490957,1.804715330798449
FRB0,FR,2000,53400,66170.18376476128,11.09998524416352,14264.67048434933,NA,16.5,NA,-1.9988775323176722,NA,NA
FRB0,FR,2001,55000,66880.68485821295,11.110665487811012,13634.984623711265,9.565541163790849,15.3,16.5,-1.6413114339028758,-0.8029997945309088,-1.474738015969499
FRB0,FR,2002,56100,66838.23003788691,11.11003050177653,13807.70165866935,9.520394167571775,16.6,15.3,-1.66257026341947,-1.514603726248827,-1.6799965597958133
FRB0,FR,2003,57700,67528.02939868455,11.120298041018936,13174.199409385925,9.53298180667824,20.2,16.6,-1.318821181619261,-1.3161982014218487,-1.4576331373173057
FRB0,FR,2004,60300,69436.44780175491,11.148167193097128,14339.810116188008,9.48601560567223,21,20.2,-0.385784042801944,-2.0564763171918217,-0.8418575058383626
FRB0,FR,2005,61700,69681.29559776839,11.15168720489211,14020.864498662362,9.570794872516988,18.6,21,-0.2679368358048506,-0.720191189336448,-0.7050184766208194
FRB0,FR,2006,64000,70863.87492526077,11.168516061164537,14605.738818389877,9.548301820503715,20.2,18.6,0.295479943505067,-1.0747251692121236,-1.1155355642734484
FRB0,FR,2007,66200,71592.33464549898,11.17874328919386,15703.519902878852,9.589169800217482,20.6,20.2,0.6378794378183306,-0.43056680916163675,-0.8418575058383626
FRB0,FR,2008,65600,69347.54112224618,11.1468859690545,15772.293037224457,9.661640163843462,21.1,20.6,-0.42867840900167853,0.7117062102665437,-0.7734379912295907
FRB0,FR,2009,64700,68323.89963673228,11.132014905825491,14271.643413500613,9.666010074410543,23.7,21.1,-0.9265498278175825,0.7805844480501083,-0.6879135979686264
FRB0,FR,2010,66200,69154.2704328932,11.144095091265514,14340.287339373233,9.566029869467064,24.9,23.7,-0.5221147869624381,-0.7952968483822882,-0.2431867530116119
FRB0,FR,2011,68200,70642.09730379209,11.165381524868133,15271.534141318947,9.570828151566058,25.4,24.9,0.19053815089831416,-0.7196666471931057,-0.037928209185297525
FRB0,FR,2012,68800,70501.1938065521,11.163384922083262,15385.495624346722,9.633745860836012,27.5,25.4,0.12369347099833092,0.27203807384585077,0.04759618407566686
FRB0,FR,2013,69900,71096.5550210035,11.171794162029613,15381.507563328125,9.641180502014425,27.1,27.5,0.40522816416580876,0.3892223903350111,0.4067986357717175
FRB0,FR,2014,70300,71097.71637775845,11.171810496819242,15058.106420727143,9.640921259278523,27.4,27.1,0.40577503998521675,0.3851362236885703,0.3383791211629462
FRB0,FR,2015,71800,71800,11.181639755036315,15096.146044624746,9.619671757773004,29,27.4,0.7348508201819952,0.050203003657765366,0.38969375711952436
FRB0,FR,2016,71800,71430.70326412447,11.176483073601384,15154.280767224987,9.622194761393796,29.4,29,0.5622092099047548,0.08997041780825606,0.6633718155546107
FRB0,FR,2017,73100,72299.64295251564,11.188574469718558,15469.470346005239,9.626038329918009,30.3,29.4,0.967019575351902,0.15055248755182923,0.7317913301633819
FRB0,FR,2018,74400,72774.2238394272,11.195117103348117,15871.747661895153,9.646623705489414,31.8,30.3,1.1860617674116491,0.475017799073779,0.8857352380331182
FRB0,FR,2019,76000,73450.53203313005,11.204367425049309,16282.811121101833,9.672295931080177,31.7,31.8,1.4957552115826043,0.8796617000254322,1.1423084178160112
FRB0,FR,2020,73500,68980.40393422928,11.14157774229029,15646.98631391223,9.697865297936568,31.9,31.7,-0.606393636877157,1.2826843484925436,1.1252035391638182
FRB0,FR,2021,77500,71856.39846459102,11.182424940633217,16569.74252643707,9.658033609623605,32.7,31.9,0.7611382120882297,0.6548599441196085,1.1594132964682038
FRB0,FR,2022,78700,70830.70830708307,11.168047918797669,16773.935896579136,9.715333571762592,34.9,32.7,0.2798069078376609,1.5580181110003621,1.2962523256857477
FRB0,FR,2023,86300,73930.02775588527,11.210874353985746,16143.229496589724,9.727581525942869,37.8,34.9,1.7136020387952435,1.7510695447633757,1.6725596560339901
FRC1,FR,2000,52600,65178.870150307936,11.084890617941035,14748.870865345287,NA,15.4,NA,-1.6248640455527277,NA,NA
FRC1,FR,2001,53400,64935.06493506493,11.081143048544691,15063.606743027398,9.598921807335735,17.6,15.4,-1.7186362567052538,-0.7457363103597335,-1.5020089737139717
FRC1,FR,2002,54400,64812.829127647914,11.079258843109777,14811.425625221063,9.620036964249241,18.3,17.6,-1.7657831114292404,-0.42544249982610505,-1.1440171975956157
FRC1,FR,2003,55300,64719.237881234934,11.077813776033173,12947.123481267943,9.603154163616296,19.3,18.3,-1.8019417840795953,-0.6815360997626909,-1.0301107233761388
FRC1,FR,2004,58400,67248.56636189863,11.11615097919817,14127.851522458066,9.468628917455659,19.9,19.3,-0.8426628675390265,-2.7221367868550987,-0.8673871887768861
FRC1,FR,2005,59600,67309.64696316038,11.117058848052071,14729.179003858513,9.555903413336228,18.3,19.9,-0.819946044749882,-1.3982782447426914,-0.7697530680173348
FRC1,FR,2006,61900,68538.65402927564,11.135153157495415,15871.64069108908,9.597585771573309,19,18.3,-0.3671876762362463,-0.7660025099958323,-1.0301107233761388
FRC1,FR,2007,65000,70294.58839814855,11.160450096146535,16426.436496220133,9.672289191358198,18.7,19,0.2657958984027007,0.36716657232770805,-0.916204249156662
FRC1,FR,2008,66900,70721.80641887606,11.16650924023864,16856.926521424935,9.706647297441537,20.7,18.7,0.41740865833255186,0.8883414215239317,-0.9650213095364379
FRC1,FR,2009,65100,68746.30396215257,11.138178253533159,15107.279085519556,9.732516920835346,23.7,20.7,-0.29149329558388515,1.280755282705004,-0.6395742403379325
FRC1,FR,2010,65400,68318.56927962562,11.131936886785706,15047.123734306202,9.622931965293754,22.4,23.7,-0.4476656565529661,-0.38152850383526044,-0.15140363654017433
FRC1,FR,2011,67600,70020.61257677925,11.156544943067635,15517.117019695015,9.618942137912827,22.5,22.4,0.1680806060708712,-0.44204981657962106,-0.362944231519203
FRC1,FR,2012,68200,69886.3578140531,11.15462574199338,15395.667567004326,9.649699017441593,24.9,22.5,0.12005808551267505,0.024498368913193597,-0.3466718780592775
FRC1,FR,2013,69200,70384.57235269588,11.161729375413472,15698.726863044012,9.641841422004006,26.8,24.9,0.29780620504553124,-0.09469275027410978,0.043864604978928814
FRC1,FR,2014,70600,71401.12057282712,11.17606884250182,15683.077630860173,9.661334896522444,27.6,26.8,0.6566103774072379,0.20100191397235256,0.3530393207175093
FRC1,FR,2015,71300,71300,11.174651606402387,14861.667442943643,9.660337552122822,25.9,27.6,0.6211480954015478,0.1858732914630472,0.48321814839691163
FRC1,FR,2016,70600,70236.87535441767,11.159628742046403,15071.81889470831,9.606540522134376,27.7,25.9,0.2452438600111617,-0.6301687489051144,0.20658813957818153
FRC1,FR,2017,72900,72101.83271187948,11.185834741977438,16079.625127067447,9.620581980734684,30.3,27.7,0.9009740944915227,-0.4171751965026552,0.4994905018568366
FRC1,FR,2018,74500,72872.03865641568,11.196460286894585,16038.174163083055,9.685308229467887,30.2,30.3,1.1668479813242507,0.5646511253772627,0.9225716918148938
FRC1,FR,2019,76100,73547.17747001575,11.205682349630619,16356.641089433686,9.682727044709623,31.9,30.2,1.3976037386396194,0.5254973788385783,0.9062993383549683
FRC1,FR,2020,74200,69637.36016217433,11.151056486244833,15950.812163982511,9.702389276695461,35,31.9,0.030747663659890477,0.8237519090861006,1.182929347173698
FRC1,FR,2021,78100,72412.70606560721,11.190137061119556,17181.160046335608,9.677265026288588,35.9,35,1.0086273321964283,0.44264453997763914,1.6873723044313815
FRC1,FR,2022,81000,72900.72900729008,11.19685391804675,17479.416644052715,9.75156871632826,34.5,35.9,1.176697475653329,1.569750159746597,1.8338234855707087
FRC1,FR,2023,85200,72987.69831751361,11.198046189731635,17349.82866097387,9.76877927588678,36.4,34.5,1.2065306662795496,1.8308155037075786,1.6060105371317552
FRC2,FR,2000,54400,67409.32578282797,11.118538652059268,14348.603471251507,NA,16,NA,-2.1422378822918313,NA,NA
FRC2,FR,2001,56500,68704.7035361642,11.137572940730937,13139.057403967958,9.571407897375408,19.1,16,-0.9103288185162803,-0.13316835018205053,-1.5285198662582296
FRC2,FR,2002,57700,68744.48971811186,11.138151862761934,12724.359221437806,9.483344554607692,19.3,19.1,-0.8728606835359947,-1.3829577547924585,-0.9976700539629941
FRC2,FR,2003,58900,68932.42515740937,11.140881958162424,12836.827912798397,9.451273484271672,19.6,19.3,-0.6961674891198387,-1.8381083616255058,-0.9634216789762049
FRC2,FR,2004,60700,69897.05442067202,11.154778787429441,13736.965345736571,9.4600734994329,18.7,19.6,0.20324252966695439,-1.7132191016535887,-0.9120491164960208
FRC2,FR,2005,61700,69681.29559776839,11.15168720489211,14919.40671568677,9.527845678626862,18.5,18.7,0.0031536997219846776,-0.7514006103048454,-1.0661668039365733
FRC2,FR,2006,63300,70088.80129326573,11.157518306954996,15108.555334678607,9.610418108602971,19.7,18.5,0.38054565835936083,0.4204621063907959,-1.1004151789233625
FRC2,FR,2007,65600,70943.46152182376,11.169638522200941,16091.515522017131,9.62301644081358,20.2,19.7,1.164972293572351,0.5992568422902836,-0.8949249290026264
FRC2,FR,2008,67100,70933.23184912681,11.169494317082092,16371.507937876346,9.686047425856403,22.8,20.2,1.1556392632702008,1.4937886053697658,-0.8093039915356531
FRC2,FR,2009,65900,69591.11261299317,11.150392145827098,14594.38387718916,9.703297782059014,23.2,22.8,-0.0806631966082048,1.7386045722658396,-0.3640751167073912
FRC2,FR,2010,66500,69467.65836536855,11.148616575984361,14639.184847694996,9.588392067747556,22.3,23.2,-0.19557900041702886,0.10786992420184435,-0.2955783667338127
FRC2,FR,2011,68300,70745.67809162756,11.16684672659546,14999.098294772954,9.59145710616287,23.1,22.3,0.9842858297950621,0.1513687560175793,-0.4496960541743646
FRC2,FR,2012,66500,68144.32250197261,11.129383124805774,13996.873180552113,9.615745364595645,24.2,23.1,-1.440377965237437,0.496066187340259,-0.31270255422720705
FRC2,FR,2013,67100,68248.62434777302,11.130912556767484,14109.933326789678,9.546589239406078,28.2,24.2,-1.3413923331206172,-0.48539317826443196,-0.12433649179986594
FRC2,FR,2014,68600,69378.42593903598,11.147331232734464,14271.331232985827,9.554634319590457,27.3,28.2,-0.27876708413921214,-0.3712179078548209,0.5606310079359212
FRC2,FR,2015,70200,70200,11.159103590013903,13729.91165334455,9.566007995046569,25.7,27.3,0.4831460025384146,-0.2098034233511002,0.4065133204953693
FRC2,FR,2016,71100,70734.30365012883,11.166685934356401,13481.828736094616,9.527332064170634,30.4,25.7,0.9738792724448591,-0.7586897942635047,0.13252632060105424
FRC2,FR,2017,71300,70519.35078679024,11.163642430383074,14209.40945405127,9.509098038179948,32.5,30.4,0.7769021121709939,-1.0174659407318523,0.937363132790604
FRC2,FR,2018,72000,70426.66823170373,11.162327280525126,14623.586456816483,9.561659661751234,30.1,32.5,0.691784929271431,-0.2715146951405264,1.2969710701518924
FRC2,FR,2019,74300,71807.55960607319,11.181745036486692,15866.981320150018,9.590391014903533,29.1,30.1,1.9485121955148488,0.13623885612515307,0.8859905703104205
FRC2,FR,2020,72600,68135.74592687139,11.12925725790225,14439.07830331815,9.67199558245666,33.8,29.1,-1.448524136704885,1.2943657303766327,0.7147486953764737
FRC2,FR,2021,75400,69909.32186103436,11.154954279287827,16090.4533023883,9.577693580999533,32.7,33.8,0.21460045402615724,-0.04396232475459128,1.5195855075660227
FRC2,FR,2022,77300,69570.69570695706,11.150098718967687,15591.748046281895,9.685981412516137,36.8,32.7,-0.09965393557927346,1.492851748209515,1.3312194451386823
FRC2,FR,2023,82000,70246.3763149779,11.159764003160618,14584.639638880502,9.65449708189072,36.9,36.8,0.52588828491672035,1.0460281143317092,2.033311132367863
FRD1,FR,2000,51600,63939.72813224124,11.065696170684888,17163.44070897778,NA,16.6,NA,-2.0144822608017368,NA,NA
FRD1,FR,2001,52700,64083.85621868767,11.067947758125857,16407.23223393567,9.750536860459196,17.4,16.6,-1.9391219666168842,1.5688190234158,-1.4845199721337756
FRD1,FR,2002,54200,64574.546667619805,11.075575597693481,16116.857216121974,9.705477506478958,19.7,17.4,-1.6838193195372004,0.6692920611603145,-1.3301969919797567
FRD1,FR,2003,56100,65655.5017203848,11.092176680033534,14546.460545912847,9.687621035274068,16.1,19.7,-1.128183581759932,0.31282052127577975,-0.88651842403695
FRD1,FR,2004,59200,68169.77959973285,11.129756631253949,15699.552453258844,9.585102981557483,16.6,16.1,0.12961175316297346,-1.7337634904805863,-1.580971834730038
FRD1,FR,2005,60400,68213.13215729676,11.130392378921536,15681.103128424218,9.661387484768234,20.6,16.6,0.1508901323122542,-0.21088396871843335,-1.4845199721337756
FRD1,FR,2006,62800,69535.17727041212,11.149588051279018,16802.89933017979,9.660211644007848,21.5,20.6,0.7933664090997683,-0.23435746254059983,-0.7129050713636775
FRD1,FR,2007,64100,69321.27871263571,11.146507190177521,16979.17745641471,9.729306729678646,22.1,21.5,0.6902504497873299,1.1449985874261788,-0.5392917186904057
FRD1,FR,2008,66000,69770.39198274768,11.152965015130883,16225.959546093647,9.73974301678473,24.6,22.1,0.9063928830876304,1.3533398264479395,-0.42354948357489075
FRD1,FR,2009,64700,68323.89963673228,11.132014905825491,15341.423480265123,9.694367679798546,25,24.6,0.20519586460581235,0.4475048458043329,0.058709829406420604
FRD1,FR,2010,65400,68318.56927962562,11.131936886785706,16297.375933388039,9.638311865939698,24.7,25,0.20258457903757673,-0.6715461725330272,0.13587131948343015
FRD1,FR,2011,67800,70227.77415245019,11.159499154965067,17094.954161542177,9.698759388153553,24.7,24.7,1.1250895640110825,0.5351772096252577,0.07800020192567264
FRD1,FR,2012,67200,68861.6311598881,11.139854424673068,15785.766066033359,9.746538620674205,25.3,24.7,0.4675833854593752,1.4890015344713396,0.07800020192567264
FRD1,FR,2013,68800,69977.72511366295,11.155932257729146,15925.06288791968,9.66686393108046,25.8,25.3,1.0057060481258133,-0.10155681064704598,0.19374243704118765
FRD1,FR,2014,68700,69479.56067072554,11.148787897230928,14909.266186861678,9.675649429438511,24.4,25.8,0.7665853730360433,0.07382947326160835,0.2901942996374499
FRD1,FR,2015,70000,70000,11.156250521031495,14694.303153611394,9.609738190374703,26.9,24.4,1.0163582731546228,-1.2419669467129546,0.020129084367915145
FRD1,FR,2016,69900,69540.47574042201,11.14966424678697,15178.111507337728,9.59521515708292,25.3,26.9,0.7959166613308882,-1.531892541860677,0.5023883973492265
FRD1,FR,2017,68900,68145.62789915634,11.129402280982438,14931.5105545373,9.627609636579232,23.8,25.3,0.1177517026849624,-0.8851964585580887,0.19374243704118765
FRD1,FR,2018,70500,68959.44597687658,11.141273871327295,14945.400544969394,9.611229061204815,28.5,23.8,0.5150920522318978,-1.2122044581181435,-0.09561315074759917
FRD1,FR,2019,71200,68811.55106261658,11.139126903180909,16055.289124317167,9.612158875628172,28.2,28.5,0.4432333501565933,-1.1936424267124106,0.8110343576572661
FRD1,FR,2020,68900,64663.263007733316,11.076948514091113,15398.300647047727,9.68379361472753,32.6,28.2,-1.63786801347904,0.23641312362398406,0.7531632400995085
FRD1,FR,2021,71700,66478.75832143454,11.10463775187949,16628.721433756353,9.642012434718673,34.6,32.6,-0.7111133747217446,-0.5976711366452889,1.601939630946617
FRD1,FR,2022,74000,66600.66600666007,11.106469856578482,16553.526809367006,9.718886686113837,33.8,34.6,-0.6497931050395037,0.9369816207707534,1.987747081331666
FRD1,FR,2023,80300,68790.0490011308,11.13881437684908,16757.98757060109,9.71435445836644,38.6,33.8,0.4327731406712393,0.84650404624418,1.8334241011776455
FRD2,FR,2000,56000,69391.95301173467,11.14752618893252,13242.779726815475,NA,16.1,NA,-1.624579966195654,NA,NA
FRD2,FR,2001,57000,69312.70976214796,11.146383570413091,13909.07121102152,9.491207756610008,19.6,16.1,-1.6552459810701141,-2.0918262680385897,-1.406281849991713
FRD2,FR,2002,57900,68982.77217813996,11.14161207382683,14275.857547694288,9.540296511374132,20.6,19.6,-1.783305156376352,-1.323262391930797,-0.767783886515498
FRD2,FR,2003,59700,69868.68899655923,11.154372887903438,13842.27894217265,9.566325106113522,18.2,20.6,-1.4408257482192057,-0.9157426298453922,-0.5853558969508651
FRD2,FR,2004,62400,71854.63255106975,11.18240036473937,14035.904465010042,9.535482879067903,17.4,18.2,-0.6886140459498895,-1.398627593619248,-1.0231830719059842
FRD2,FR,2005,63800,72052.9442323764,11.185156464331511,13896.54326790179,9.549373930254324,18.4,17.4,-0.6146448343093361,-1.1811407130832137,-1.1691254635576906
FRD2,FR,2006,65900,72967.64621210445,11.197771419313327,15071.879665125323,9.539395402428891,18.5,18.4,-0.27608004603139763,-1.3373707103649826,-0.9866974739930578
FRD2,FR,2007,68400,73971.53609897477,11.211435650879402,15948.842227618725,9.620586012782502,20,18.5,0.09064561203219854,-0.066200347686878,-0.9684546750365943
FRD2,FR,2008,69300,73258.91158188507,11.201755179300314,15792.34665032133,9.677141517968272,19,20,-0.16916243447522436,0.8192675866632618,-0.6948126906896451
FRD2,FR,2009,68200,72019.93748415983,11.184698269168052,14350.145055891637,9.667280712440533,19.2,19,-0.626942044147185,0.664880722413803,-0.8772406802542779
FRD2,FR,2010,71300,74481.86528497409,11.218310955742803,15564.760549651797,9.571515329561182,21.8,19.2,0.27516756544218907,-0.8344812845542731,-0.8407550823413515
FRD2,FR,2011,72700,75303.23275638834,11.22927834455819,15224.654555088131,9.652764698860928,23.7,21.8,0.5695143687083246,0.437609044491176,-0.36644230947330586
FRD2,FR,2012,73900,75727.2997427936,11.23489400509812,15665.371220938621,9.630671402999715,26,23.7,0.7202295257962852,0.09170275322995289,-0.019829129300503737
FRD2,FR,2013,76000,77300.97541625559,11.255461853076179,15774.907227770173,9.659207900580048,25.2,26,1.272236972993867,0.5384877918048221,0.39975524669815193
FRD2,FR,2014,75600,76457.85715730497,11.244494981188112,15514.269062025709,9.666175806426681,24.8,25.2,0.9779040432127396,0.6475816311489816,0.2538128550464455
FRD2,FR,2015,77500,77500,11.258033215341438,14948.190789473683,9.649515464075991,27.7,24.8,1.341248136504026,0.38673701702389424,0.18084165922059264
FRD2,FR,2016,76800,76404.9862212362,11.243803237700833,15300.179375268832,9.612345554069124,27.1,27.7,0.9593387778074544,-0.1952180610122951,0.7098828289580276
FRD2,FR,2017,78100,77244.89896841958,11.254736159808465,15868.993166989736,9.635619831185583,27.4,27.1,1.2527605509303217,0.1691784024992458,0.6004260352192483
FRD2,FR,2018,78200,76491.18688498934,11.244930809060337,16056.882744526472,9.672122368974165,27,27.4,0.9896009514853669,0.7406846887223999,0.6551544320886377
FRD2,FR,2019,78600,75963.31339215818,11.238005784198139,16282.506204096397,9.683892868070911,28.9,27,0.8037445945130788,0.9249708954715289,0.5821832362627848
FRD2,FR,2020,75300,70669.71994894512,11.165772470877346,15018.18787030958,9.697846571448974,31.8,28.9,-1.1348795596215064,1.1434386974321455,0.9287964164355869
FRD2,FR,2021,79500,73710.75713464498,11.207904025934202,16500.337303260636,9.617017270257278,33.8,31.8,-0.004137433454081329,-0.12207478575717737,1.4578375861730224
FRD2,FR,2022,82800,74520.74520745208,11.218832824765526,16710.74856374546,9.71113610230158,35.4,33.8,0.2891736776670648,1.3515078039477193,1.8226935653022875
FRD2,FR,2023,87600,75043.6898194154,11.225825753838711,15831.793536279023,9.723807417937682,35,35.4,0.47685247275736353,1.5498977510438046,2.1145783486057
FRE1,FR,2000,50400,62452.757710561214,11.042165673274694,12845.588966418378,NA,14.4,NA,-1.98360378733947,NA,NA
FRE1,FR,2001,51100,62138.23629553966,11.0371167997882,12710.901082562994,9.4607557602965109,16.4,14.4,-2.109440758126834,-1.131360383815802,-1.8194645301410317
FRE1,FR,2002,52600,62668.28698739486,11.045610808991544,12244.677801983473,9.450215257230166,17.5,16.4,-1.8977380108014983,-1.2713375342761695,-1.4886527973881172
FRE1,FR,2003,54400,63665.94106219133,11.06140502136678,12106.272999571216,9.41284665642134,19.2,17.5,-1.5040866652907658,-1.7675899640688113,-1.3067063443740137
FRE1,FR,2004,56700,65290.98823150089,11.086609300097695,12674.258295590531,9.401479026963205,19.1,19.2,-0.8759009730045506,-1.9185512957076913,-1.025516371534036
FRE1,FR,2005,58700,66293.22611975696,11.101843000814817,12916.082005103362,9.447328309634019,19.7,19.1,-0.49621969216996037,-1.3096759983412691,-1.0420569581716816
FRE1,FR,2006,61000,67542.13078813915,11.120506841978177,13710.021562152982,9.466228480967903,20.9,19.7,-0.031046373500714198,-1.0586830324574044,-0.9428134383458074
FRE1,FR,2007,63100,68239.82350651035,11.130783595798066,14490.091261711717,9.525882345286924,22.2,20.9,0.2250890938825869,-0.26648384720337803,-0.7443263986940586
FRE1,FR,2008,65600,69347.54112224618,11.1468859690545,14946.165638031582,9.581220333549672,22.8,22.2,0.6264209708839427,0.46840080303323106,-0.5292987724046637
FRE1,FR,2009,64300,67901.49531131198,11.12581333556221,13930.580417383815,9.61221006686102,24.4,22.8,0.10121146181711921,0.8799423143961872,-0.43005525257878907
FRE1,FR,2010,65000,67900.71870299181,11.125801898218189,14105.562022952996,9.541841732623967,26,24.4,0.10092640006436758,-0.05454428905596741,-0.16540586637645746
FRE1,FR,2011,66900,69295.54706193095,11.1461359271529,14319.00591062442,9.554324468296516,25.4,26,0.6077270976638136,0.11122557585421927,0.09924351982587472
FRE1,FR,2012,66900,68554.2131636386,11.135380144278146,14036.584993103983,9.569343018455848,26.1,25.4,0.33965241941606195,0.3106708814641447,0
FRE1,FR,2013,68200,69367.45425511357,11.147173077639264,14118.22372868123,9.549422413884185,27.6,26.1,0.6335767997416967,0.04612663287961258,0.11578410646352069
FRE1,FR,2014,68800,69580.69540241509,11.150242442941922,13925.829969995448,9.555221704881932,29,27.6,0.7100769602150081,0.12314081554675091,0.3638929060282069
FRE1,FR,2015,69900,69900,11.154820928221902,13965.620532371162,9.541500665891508,27.8,29,0.8241900826706273,-0.05907363163343769,0.5954611189552471
FRE1,FR,2016,69900,69540.47574042201,11.14966424678697,14219.654359209553,9.544353912219947,28.6,27.8,0.6956661311747173,-0.021182718068642324,0.39697407930349826
FRE1,FR,2017,71300,70519.35078679024,11.163642430383074,14785.054335203475,9.562380396395826,29.7,28.6,1.0440551897535386,0.21820774288716893,0.5292987724046644
FRE1,FR,2018,72600,71013.5571336346,11.170626083339823,15449.979713895156,9.60137210730204,31.9,29.7,1.2181141626032679,0.7360149623218196,0.7112452254187672
FRE1,FR,2019,73400,70937.75067410192,11.169558020383448,15728.061779767524,9.645362969308534,33,31.9,1.1914940051760956,1.3202105620200404,1.0751381314469735
FRE1,FR,2020,70600,66258.72813274269,11.101322480570696,14625.393758246177,9.663201770390902,32.1,33,-0.5091930199685184,1.5571086044969706,1.257084584461077
FRE1,FR,2021,73600,68240.3990579858,11.130792030008747,15196.295268189164,9.590514595378387,35.8,32.1,0.2252993062251848,0.5918279561992084,1.1082193047222655
FRE1,FR,2022,76000,68400.68400684008,11.133138103660642,15537.537849993016,9.628806944770833,34.6,35.8,0.2837723106266979,1.1003477031837419,1.7202210103151574
FRE1,FR,2023,80800,69218.380564027,11.145021721423415,15357.87869337218,9.651014171857383,34.9,34.6,0.5799568882879398,1.3952581403455953,1.5217339706634092
FRE2,FR,2000,53800,66665.84057198797,11.10744796536511,13582.820671873063,NA,15.3,NA,-1.6092965610231342,NA,NA
FRE2,FR,2001,54700,66515.8811226227,11.105196012006477,12705.407702517425,9.516561087340659,15.3,15.3,-1.677139135094667,-0.13852177184277045,-1.1993685420311493
FRE2,FR,2002,55800,66480.80634784474,11.104668558635145,12190.94746102757,9.449782985165992,16.3,15.3,-1.6930292485717828,-1.30639770546335,-1.1993685420311493
FRE2,FR,2003,57500,67293.96343889709,11.116825815308188,12273.618716161396,9.408448943903458,15.2,16.3,-1.32677850754914,-2.0292848564567882,-1.0146031269828142
FRE2,FR,2004,59300,68284.93125446214,11.13144439536767,12993.819150725736,9.415207418115989,16.9,15.2,-0.8863776898748448,-1.9110865380894284,-1.217845083535983
FRE2,FR,2005,60900,68777.81040363201,11.138636448696618,13425.0926640792,9.472229073437337,19.6,16.9,-0.6697091657132568,-0.9138401837257638,-0.9037438779538135
FRE2,FR,2006,62500,69203.00285669995,11.144799534547221,13687.982258562815,9.504880821705513,17.6,19.6,-0.4840394196121405,-0.3427968364126283,-0.4048772573233082
FRE2,FR,2007,65100,70402.73391876108,11.161987375465422,14266.354375964262,9.524273519440477,17.1,17.6,0.03376320989301422,-0.0036397739162373263,-0.7744080874199785
FRE2,FR,2008,66000,69770.39198274768,11.152965015130883,14046.041360366637,9.565659203126984,20.1,17.1,-0.23804532777038576,0.7201505465616197,-0.866790794944146
FRE2,FR,2009,65100,68746.30396215257,11.138178253533159,13420.409494457765,9.550095881351298,21.6,20.1,-0.6835127994328518,0.44796507921373846,-0.31249454979914065
FRE2,FR,2010,66800,69781.0462978439,11.153117708865153,13753.946406789197,9.504531923805128,19.7,21.6,-0.23344526092718954,-0.34889867890110615,-0.03534642722663798
FRE2,FR,2011,68900,71367.1628186404,11.17559313803833,13536.31893979701,9.529081073317675,19.8,19.7,0.4436517857882179,0.08043908262385992,-0.38640071581847507
FRE2,FR,2012,70000,71730.86579155011,11.180676419193324,14000.071629031288,9.513131643905666,20.2,19.8,0.5967912266927685,-0.19849898477650624,-0.36792417431364133
FRE2,FR,2013,70700,71910.24949906935,11.183174085692375,14279.068963722526,9.546817724943685,21.4,20.2,0.6720361796214566,0.3906337108396797,-0.2940180082943075
FRE2,FR,2014,70800,71603.39003620624,11.178897698702299,13617.147243038818,9.566550035149183,22,21.4,0.5432053137330964,0.7357302238172451,-0.07229951023630553
FRE2,FR,2015,72900,72900,11.19684391799675,13276.436858247767,9.519085104243672,24.1,22,1.0838549267105368,-0.09437947817035172,0.0385597387926958
FRE2,FR,2016,72100,71729.16024155119,11.18065264183811,13483.964075420434,9.493746078162276,22.7,24.1,0.5960749076908127,-0.5375313165445883,0.4265671103941998
FRE2,FR,2017,74500,73684.31463696876,11.207545228348339,13583.012840553893,9.50925641211282,24.1,22.7,1.4062436819692492,-0.2662725482753546,0.16789552932653024
FRE2,FR,2018,74600,72969.85347340416,11.197801668718787,13967.433704405115,9.516575235162094,28.1,24.1,1.112708221585759,-0.13827434192743385,0.4265671103941998
FRE2,FR,2019,75900,73353.88659624435,11.203050769164562,14553.075098485428,9.544483734903935,28.1,28.1,1.2708431511731613,0.34981477906464464,1.1656287705875403
FRE2,FR,2020,73000,68511.14948569711,11.13475177721989,14034.921330697804,9.585557597243957,32.6,28.1,-0.7867391705280725,1.0681516854098954,1.1656287705875403
FRE2,FR,2021,76600,71021.93706306674,11.17074408102046,15136.088124234693,9.54930388355746,31.6,32.6,0.297568604868472,0.43411390446060005,1.9970731383050482
FRE2,FR,2022,80600,72540.72540725407,11.191903412886894,15568.130563566234,9.624837113436094,31.8,31.6,0.9350167713458359,1.7551074411315577,1.812307723256713
FRE2,FR,2023,85700,73416.02988040983,11.2038975815001,15145.140609574404,9.652981191053403,32.6,31.8,1.2963543050246031,2.2473165613792805,1.84926080626638
FRF1,FR,2000,57200,70878.9234334147,11.168728396583123,14432.649492037988,NA,19.5,NA,-1.605025142257482,NA,NA
FRF1,FR,2001,58300,70893.52594970573,11.168934395934988,14184.395150993123,9.57724824489551,21.2,19.5,-1.5976366213591642,-0.8448382012612742,-1.8155639610569607
FRF1,FR,2002,59500,70889.0318583649,11.168871001799465,13987.970737221227,9.559897706291057,22.4,21.2,-1.5999103610137053,-1.1741109811018955,-1.509446880947745
FRF1,FR,2003,60700,71039.01879549658,11.170984565570336,14119.641375507445,9.545953006189459,23.8,22.4,-1.5241037628391911,-1.438748884925752,-1.293364236164769
FRF1,FR,2004,63000,72545.54247944543,11.191969815755522,14891.373495435668,9.555322112389524,25.4,23.8,-0.7714316881640106,-1.260945087968933,-1.0412678172512968
FRF1,FR,2005,63800,72052.9442323764,11.185156464331511,14224.646772553584,9.608537364233596,25.7,25.4,-1.0158042501562226,-0.2510436489369315,-0.7531576242073292
FRF1,FR,2006,66100,73189.09582124588,11.200801724662506,15089.611067371226,9.562731427231293,26.1,25.7,-0.45466009184276945,-1.120333562858248,-0.6991369630115851
FRF1,FR,2007,69200,74836.70026387507,11.223063688874522,15954.518498323172,9.621761777232997,24.8,26.1,0.3438035262670002,-7.511537475833099e-5,-0.6271094147505928
FRF1,FR,2008,71400,75478.87859951795,11.231608142449996,15440.752006677101,9.67749735952447,28.8,24.8,0.6502650429449471,1.0576563208378107,-0.8611989465988168
FRF1,FR,2009,70300,74237.56019261638,11.215025503135255,14813.584012060164,9.64476552748838,29.5,28.8,0.0555001758847777,0.43648244436609873,-0.14092346398889702
FRF1,FR,2010,70300,73437.23884338961,11.204186427139172,14512.877889810905,9.603299877448585,30.9,29.5,-0.33326191870739963,-0.35043893990713554,-0.014875254532161182
FRF1,FR,2011,72500,75096.0711807174,11.226523521879345,14759.643947620727,9.582791664586066,29.4,30.9,0.46789638495536656,-0.7396370168516639,0.2372211643813105
FRF1,FR,2012,72100,73882.7917652966,11.210235221434868,14817.054665486428,9.59965197507358,28.8,29.4,-0.11631151251025984,-0.41966762398363794,-0.03288214159740943
FRF1,FR,2013,73600,74859.89198205805,11.223373538524678,14801.61928317583,9.60353413857808,29.9,28.8,0.35491681664773733,-0.34599320971534525,-0.14092346398889702
FRF1,FR,2014,74600,75446.5098404094,11.231179205212339,15116.531334319423,9.60249186479265,30.5,29.9,0.6348804715090974,-0.365773136696715,0.057152293728830544
FRF1,FR,2015,75600,75600,11.233211562167625,14406.023355869698,9.623544214309371,32.4,30.5,0.7077744476359992,0.03375138560071927,0.16519361612031877
FRF1,FR,2016,76400,76007.04358466726,11.23858129371968,15264.046534311656,9.575401686707865,33.7,32.4,0.9003691011220323,-0.8798815714669128,0.5073244703600305
FRF1,FR,2017,77200,76354.75288555688,11.243145559993556,15979.80768662422,9.63325544231495,32,33.7,1.0640743576909246,0.21804785696457205,0.7414140022082552
FRF1,FR,2018,79300,77567.1498718626,11.258899290149873,15769.483168576153,9.679081184618576,33,32,1.6291089727654262,1.0877136293402743,0.4352969220990387
FRF1,FR,2019,80600,77896.22212987214,11.263132734275562,15752.193629211555,9.665831906343064,35.4,33,1.7809487242568185,0.836273210796688,0.6153657927515187
FRF1,FR,2020,77200,72452.88685336737,11.19069179310223,15480.01360432443,9.664734912600672,39,35.4,-0.8172701677363948,0.8154548265805078,1.0475310823174704
FRF1,FR,2021,80400,74545.21853616927,11.219161180458837,16818.5346060139,9.64730502597566,37.7,39,0.20383335294286659,0.484676206264263,1.6957790166663984
FRF1,FR,2022,82800,74520.74520745208,11.218832824765526,16911.2893378758,9.730236807615885,40.5,37.7,0.1920563115097272,2.058528113709099,1.461689484818175
FRF1,FR,2023,88600,75900.35294520782,11.2371766135074,16231.278511635554,9.735736686051359,44.5,40.5,0.8499878304532417,2.1629029865887994,1.9658823226451183
FRF2,FR,2000,55600,68896.296204508,11.140357699453908,16671.83123948956,NA,15.5,NA,-1.1153656193885428,NA,NA
FRF2,FR,2001,55300,67245.4885938032,11.11610521110683,15541.226345377092,9.721475822110401,15.5,15.5,-1.7409596705691415,0.3560894910755564,-1.524108024317903
FRF2,FR,2002,56400,67195.65372792908,11.115363847751892,14061.170552429026,9.651251536211912,15.5,15.5,-1.7600831723713317,-0.4737045295493462,-1.524108024317903
FRF2,FR,2003,57500,67293.96343889709,11.116825815308188,13144.96985278576,9.551172415983794,16.3,15.5,-1.7223716520873646,-1.656273415685654,-1.524108024317903
FRF2,FR,2004,62200,71624.3292416112,11.179190089109124,14681.008144376035,9.483794443725502,18.3,16.3,-0.11368234409865652,-2.4524344273131824,-1.34033615244733
FRF2,FR,2005,63100,71262.39468750705,11.174124043527934,15313.782055553538,9.594309974495525,20.2,18.3,-0.2443612226222289,-1.1465453684808113,-0.8809064727708978
FRF2,FR,2006,65100,72081.84777553867,11.18555752701939,15470.633379923946,9.636508489859215,20.4,20.2,0.05056600934520462,-0.6479133741497445,-0.44444827707828766
FRF2,FR,2007,68000,73538.95401652463,11.205570531427005,16501.074383783518,9.646698885193372,21.7,20.4,0.5668023775265592,-0.52750020073122,-0.3985053091106446
FRF2,FR,2008,69200,73153.19886675969,11.20031113572808,17208.526724000927,9.711180771937535,20.9,21.7,0.43113602383264016,0.23443968052673209,-0.09987601732096354
FRF2,FR,2009,66500,70224.7191011236,11.159455651980444,15193.305461928494,9.753160279730677,19.6,20.9,-0.622733056521218,0.7304838069971682,-0.28364788919153655
FRF2,FR,2010,67200,70198.8968744777,11.159087875851656,14982.642747591415,9.628610179680244,20.9,19.6,-0.632219858660599,-0.7412424906469234,-0.5822771809812168
FRF2,FR,2011,71400,73956.6825145272,11.211234829364255,16877.972366959948,9.614647659908606,21.3,20.9,0.7129132030610795,-0.9062283679844375,-0.28364788919153655
FRF2,FR,2012,70600,72345.7017840491,11.18921132164316,16548.82876455765,9.73376464049415,23.2,21.3,0.14481580953704148,0.5012983441797373,-0.19176195325624965
FRF2,FR,2013,72100,73334.21483568457,11.20278255708075,16971.439470355555,9.714070608787797,24.7,23.2,0.49488645117290847,0.268586974561092,0.24469624243636057
FRF2,FR,2014,72000,72817.00681648092,11.19570481701868,16190.884645661527,9.73928717904783,23.3,24.7,0.3123158210887663,0.5665545359926247,0.5892685021936847
FRF2,FR,2015,73000,73000,11.198214720130528,15813.525410164066,9.692203686665087,23.6,23.3,0.3770588871750632,0.010199993551070255,0.2676677264201825
FRF2,FR,2016,71800,71430.70326412447,11.176483073601384,15997.958713970265,9.668620891440947,22.9,23.6,-0.1835099334932047,-0.2684623269871604,0.33658217837164744
FRF2,FR,2017,73400,72596.35831346989,11.192670038583294,16266.468578081662,9.680216412705992,24.9,22.9,0.2340335719167204,-0.13144570818277504,0.17578179048489556
FRF2,FR,2018,75300,73654.5571923235,11.20714129631492,17385.550042597686,9.696861125522034,28.3,24.9,0.6073203299782616,0.06523387343284488,0.6352114701613277
FRF2,FR,2019,77100,74513.63183887272,11.218737365332263,17758.871841287695,9.763394682859937,27.1,28.3,0.906441463055899,0.8514169914741321,1.4162419256112628
FRF2,FR,2020,74000,69449.65838276145,11.148357429275668,17895.54987080725,9.784640492078507,24.8,27.1,-0.9090122210928844,1.1024646913879619,1.1405841178054037
FRF2,FR,2021,78300,72598.1419326126,11.192694607270672,18078.784668174452,9.792307350350688,31.3,24.8,0.23466732233642815,1.1930588935195516,0.6122399861775066
FRF2,FR,2022,85200,76680.76680766809,11.247406197209582,18772.700665477038,9.802494412006206,28.9,31.3,1.6459552985056451,1.313432675058684,2.105386445125911
FRF2,FR,2023,91900,78727.34126032279,11.273745785258006,18825.426465015014,9.840159001248486,30.1,28.9,2.325386182373184,1.7584902579540782,1.554070829514192
FRF3,FR,2000,52300,64807.12754488793,11.079170869268248,12758.045228171906,NA,18.2,NA,-2.1474404509407354,NA,NA
FRF3,FR,2001,53800,65421.469915851936,11.08860576974628,11987.710284129329,9.453917349878852,18,18.2,-1.8269594608839697,-1.090029619042135,-1.1908357428565886
FRF3,FR,2002,55200,65765.9589677604,11.09385764253093,11419.002635875067,9.391637260988144,18.2,18,-1.64856591093657,-1.9944991440473512,-1.2272575807365105
FRF3,FR,2003,56700,66357.69959974721,11.102815078238589,13156.298734028564,9.343034144534013,17.2,18.2,-1.3443032564820465,-2.7003433140867523,-1.1908357428565886
FRF3,FR,2004,59800,68860.68952810852,11.139840750320575,14686.28354891707,9.484655914107133,17.2,17.2,-0.0866297840399872,-0.6436253976916393,-1.3729449322561997
FRF3,FR,2005,61400,69342.48864996724,11.146813109133863,13562.304964723477,9.594669245255176,20.2,17.2,0.1502045589100174,0.9540554524806546,-1.3729449322561997
FRF3,FR,2006,63600,70420.97570697789,11.162246448150942,14478.090823167871,9.515049529698198,20.1,20.2,0.6744381509432799,-0.20223073133073705,-0.826617364057366
FRF3,FR,2007,65200,70510.87943937362,11.163522295183505,14709.99441303983,9.580391808018096,21.5,20.1,0.7177756213393658,0.7467097805954551,-0.8448282829973267
FRF3,FR,2008,65400,69136.11569199542,11.14383253156761,14674.273912879631,9.596282433788465,20.1,21.5,0.04896147196935759,0.977483162563222,-0.5898754178378712
FRF3,FR,2009,64600,68218.29855537722,11.130468115107192,13744.500506998802,9.593851165644606,21.5,20.1,-0.4049957720670688,0.9421748002534769,-0.8448282829973267
FRF3,FR,2010,64700,67587.33077051646,11.121175829829408,13309.839025417721,9.528394059960773,23.9,21.5,-0.7206324650717175,-0.008433304850024763,-0.5898754178378712
FRF3,FR,2011,66400,68777.6431227536,11.138634016501104,13695.63319577842,9.496258817057397,24.7,23.9,-0.12761964398598577,-0.4751209477618557,-0.15281336327880457
FRF3,FR,2012,66600,68246.7951673891,11.130885754690308,13677.263642040747,9.524832316172592,25.5,24.7,-0.39080955490499897,-0.06015912556841458,-0.007126011759115464
FRF3,FR,2013,68200,69367.45425511357,11.147173077639264,13722.60052061664,9.523490145002027,27.6,25.5,0.16243182757797855,-0.0796509558265078,0.13856133976057364
FRF3,FR,2014,69400,70187.50379255244,11.158925565515382,13570.068149241413,9.526799425637998,28.1,27.6,0.561635715201163,-0.031591559344619345,0.5209906374997575
FRF3,FR,2015,70700,70700,11.166200851884664,13327.897752313795,9.515621774867993,30.5,28.1,0.8087597822756094,-0.19392023714021298,0.6120452321995631
FRF3,FR,2016,70400,70037.90403613319,11.156791860711202,13549.488988544763,9.497614692732073,30.2,30.5,0.48915886929010594,-0.4554300923169883,1.0491072867586297
FRF3,FR,2017,71800,71013.87638838062,11.170630579017002,13833.47494859208,9.514104112574167,30.5,30.2,0.9592270119362223,-0.21596065677456155,0.9944745299387463
FRF3,FR,2018,73200,71600.44603556547,11.178856582476337,14234.47533846624,9.5348466547459,28.9,30.5,1.2386446633461246,0.08527522133073957,1.0491072867586297
FRF3,FR,2019,74600,72097.49591673029,11.185774591972693,14451.476990956993,9.56342214188265,33,28.9,1.4736328900663256,0.5002659147885594,0.7577325837192516
FRF3,FR,2020,71900,67478.78969892634,11.1195686007985,14004.14653773418,9.57855190222415,32.5,33,-0.775226188903002,0.7199895438529516,1.504380260257658
FRF3,FR,2021,75400,69909.32186103436,11.154954279287827,15323.838771332235,9.54710874601111,31.1,32.5,0.42674062595575124,0.26335280695650637,1.4133256655578523
FRF3,FR,2022,77600,69840.69840698407,11.153972190563485,15134.329097415508,9.637164984447795,30.3,31.1,0.3933814222806751,1.571204556261531,1.1583728003983969
FRF3,FR,2023,83900,71874.03625398348,11.182670369369525,14844.543742385846,9.624720892585335,32.2,30.3,1.368189877123442,1.3904838466987806,1.0126854488787076
FRG0,FR,2000,50500,62576.671912367885,11.044147834478684,13555.067273225211,NA,17.4,NA,-2.1183930237254383,NA,NA
FRG0,FR,2001,52300,63597.45123790067,11.060328673649419,14852.982088904597,9.51451572490276,19.2,17.4,-1.727204111562557,-1.4834955905223266,-1.5823186431093597
FRG0,FR,2002,53600,63859.69928753544,11.064443757324636,14529.888854689958,9.605955938138049,20.4,19.2,-1.6277176084596339,-0.2830699370189966,-1.3070749799802523
FRG0,FR,2003,55100,64485.171921447465,11.074190583663752,13386.732569594276,9.583963107167554,21.1,20.4,-1.3920777660257921,-0.5717914694394398,-1.123579204560848
FRG0,FR,2004,57200,65866.74650514728,11.095388987749741,13522.488028582247,9.502019388712844,22.8,21.1,-0.8795839116288214,-1.6475472916986682,-1.0165400022328612
FRG0,FR,2005,58900,66519.09741829106,11.105244364638308,14154.991071385139,9.512109358448999,21.8,22.8,-0.6413197447760698,-1.515086330751582,-0.7565876537220381
FRG0,FR,2006,60600,67099.23156985629,11.113927870880135,14820.679762598465,9.557822566771172,22.4,21.8,-0.43138679107343,-0.9149640647122856,-0.9095007999048753
FRG0,FR,2007,62600,67699.09590344767,11.12282810435695,15449.391672676404,9.6037787657198,22.4,22.4,-0.2162142270887337,-0.311651821624187,-0.8177529121951733
FRG0,FR,2008,64900,68607.55211636855,11.1361578968145,16386.233562435515,9.645324907613915,22.6,22.4,0.10604761333900443,0.23376526314850127,-0.8177529121951733
FRG0,FR,2009,63700,67267.88882318155,11.116438266896754,14723.161377417402,9.704196844379958,26.4,22.6,-0.37069531046001697,1.0066351052554428,-0.7871702829586055
FRG0,FR,2010,63900,66751.62961724888,11.108733989706042,14396.511885077047,9.597177136711228,26.4,26.4,-0.5569543654716176,-0.39831790142007806,-0.20610032746382434
FRG0,FR,2011,67000,69399.12784976642,11.147629579409683,15429.885568391108,9.574741226018634,27.1,26.4,0.38338768128823775,-0.692856177329351,-0.20610032746382434
FRG0,FR,2012,67300,68964.1038253046,11.141341413794645,14939.706298850651,9.64406152915285,27.5,27.1,0.2313646223794259,0.21717965096446687,-0.09906112513583784
FRG0,FR,2013,68700,69876.01330390472,11.154477712018151,15020.174353730255,9.611777799782104,28.2,27.5,0.5489485349118788,-0.20664063068429342,-0.03789586666270316
FRG0,FR,2014,69700,70490.9079876211,11.163239015769102,14921.168473133983,9.617149533355297,30.4,28.2,0.7607623257356542,-0.13612059844799476,0.0691433356652828
FRG0,FR,2015,71300,71300,11.174651606402387,14705.91299817661,9.610536186584921,32.4,30.4,1.036673782965227,-0.22294050883298716,0.40555225726752464
FRG0,FR,2016,71500,71132.24628669777,11.172296047247167,14915.953446365771,9.596004936662005,32.2,32.4,0.9797256473498478,-0.4137065248750913,0.7113785496331991
FRG0,FR,2017,72100,71310.59174933487,11.174800147253729,15476.851169880283,9.610186620240325,33.3,32.2,1.0402649152566363,-0.22752961020105492,0.6807959203966323
FRG0,FR,2018,73200,71600.44603556547,11.178856582476337,16525.901233594406,9.647100713654098,34.6,33.3,1.1383335299463724,0.25707801637662364,0.8490003811977525
FRG0,FR,2019,75100,72580.72310115877,11.192454643533068,17111.575136031257,9.712684200817906,35.1,34.6,1.4670810476850031,1.1180569845146615,1.0477874712354416
FRG0,FR,2020,73700,69168.10571364216,11.14429513526679,16363.842335911297,9.74751042203134,35.9,35.1,0.302773965079646,1.5752550583163296,1.1242440443268602
FRG0,FR,2021,76100,70558.34739555324,11.164195269141556,17438.70086847546,9.702829444189337,38.6,35.9,0.7838807630784442,0.9886838974733454,1.2465745612731294
FRG0,FR,2022,77500,69750.69750697508,11.152682699733612,17413.94564793827,9.766447203201842,40,38.6,0.5055522131575736,1.8238568179530523,1.6594400559667906
FRG0,FR,2023,82000,70246.3763149779,11.159764003160618,16596.442575545923,9.765026638213268,38.7,40,0.6767502180988582,1.80520766355568,1.8735184606227624
FRH0,FR,2000,50200,62204.92930694787,11.038189524895055,13763.100544744553,NA,20.1,NA,-1.913350661585224,NA,NA
FRH0,FR,2001,51400,62503.04003112991,11.042970475039661,12927.251641111852,9.529746416390946,22.5,20.1,-1.7986091706489893,-0.9659108065464065,-1.7201528001181272
FRH0,FR,2002,52500,62549.1457573808,11.043707858845458,12562.798660021317,9.467092892413957,23.2,22.5,-1.7809121617469374,-1.679971943781537,-1.3292411716021924
FRH0,FR,2003,54100,63314.84212251013,11.055875053357319,13047.543560990549,9.438495238450882,22.3,23.2,-1.488902833773305,-2.005898915082148,-1.2152252799517116
FRH0,FR,2004,57400,66097.04981460584,11.09887939268951,14144.241714291893,9.476355162158521,23.1,22.3,-0.45681049596266715,-1.5744100145018514,-1.3618171406451869
FRH0,FR,2005,59600,67309.64696316038,11.117058848052071,15003.398523536202,9.557062874259955,27.1,23.1,-0.02050855814343541,-0.6545856051364395,-1.2315132644732085
FRH0,FR,2006,61800,68427.92922470493,11.13353634226851,15398.25384895721,9.616032022657388,27.7,27.1,0.37494677941538024,0.01748476686566482,-0.5799938836133167
FRH0,FR,2007,63300,68456.11454773543,11.133948155401029,15997.003564962115,9.642009395541644,30.2,27.7,0.38483018153905313,0.31354843969156443,-0.4822659764843333
FRH0,FR,2008,63200,66810.43595923718,11.109614574257268,16041.930987136817,9.680156706493488,27.8,30.2,-0.19916908551095605,0.7483126877606816,-0.07506636344690093
FRH0,FR,2009,61900,65367.06935879024,11.087773884009186,14405.973432404164,9.682961259906447,27.9,27.8,-0.7233396554484753,0.7802761348643094,-0.46597799196283574
FRH0,FR,2010,62200,64975.764666555246,11.081769628067686,14508.16109531917,9.575398221244093,27.9,27.9,-0.8674401496708655,-0.4456179703087041,-0.4496900074413388
FRH0,FR,2011,64500,66809.60815387961,11.109602183820444,15102.958703219727,9.58246660423687,30,27.9,-0.19946645259313592,-0.36505973067816433,-0.4496900074413388
FRH0,FR,2012,65400,67017.1231823911,11.112703435607116,15052.691074363831,9.62264594421974,31.9,30,-0.1250372611126791,0.09286351737507305,-0.10764233248989541
FRH0,FR,2013,66700,67841.77710874009,11.124933465711425,14587.55070017342,9.61931206312044,33.3,31.9,0.1684801038291946,0.054867331716832425,0.20182937341855295
FRH0,FR,2014,67900,68670.4828172091,11.137074732567275,14536.300539238762,9.587923752179066,33.6,33.3,0.4598671751765792,-0.3028647092601284,0.4298611567195148
FRH0,FR,2015,69300,69300,11.146200185177994,14256.853617084165,9.584404285374019,32.8,33.6,0.6788755325850091,-0.34297601202094474,0.4787251102840074
FRH0,FR,2016,70200,69838.93271784873,11.153946908578972,14927.391595496942,9.564993025659584,33.8,32.8,0.864794767467947,-0.564205805766408,0.34842123411202836
FRH0,FR,2017,71700,70914.97126806255,11.1692368505684,15733.543785484188,9.610953166327919,34,33.8,1.2317491776022098,-0.0403988715360043,0.5113010793270013
FRH0,FR,2018,72200,70622.2978656807,11.165101207407853,15998.102248323326,9.663550259012105,37.7,34,1.1324948771245766,0.559049290886997,0.5438770483699963
FRH0,FR,2019,74200,71710.9141691875,11.180398234936312,16705.6711151001,9.680225384707466,37.7,37.7,1.4996193382503833,0.749095412186437,1.1465324756653967
FRH0,FR,2020,72200,67760.34236804565,11.12373238197028,16419.635867429188,9.723503528488529,38.1,37.7,0.13965442378026582,1.2423356739326235,1.1465324756653967
FRH0,FR,2021,75400,69909.32186103436,11.154954279287827,17022.727425893572,9.706233206599087,40.4,38.1,0.888971387922758,1.0455061118265812,1.2116844137513856
FRH0,FR,2022,77400,69660.69660696607,11.151391543969993,17670.022722468457,9.74230463757885,42.1,40.4,0.8034667183874405,1.4566115914891011,1.5863080577458228
FRH0,FR,2023,81800,70075.04368981942,11.157321999505067,16882.432121473274,9.779624851247746,40.2,42.1,0.9457960231163418,1.8819494260226883,1.8632037946112774
FRI1,FR,2000,51200,63444.07132501457,11.057914030242832,14678.742402263688,NA,20,NA,-2.622415534043936,NA,NA
FRI1,FR,2001,53900,65543.07116104868,11.090462780493493,14079.093462274512,9.594155631078113,20.3,20,-1.7293352512163456,-1.1767708398113663,-1.2882528251997896
FRI1,FR,2002,55500,66123.38265780256,11.099277710000269,13953.730948586799,9.552446242857604,20.4,20.3,-1.4874691372675433,-1.856154703558967,-1.243062461733198
FRI1,FR,2003,56900,66591.76555953467,11.106336208637169,14291.281561872742,9.54350220300233,21.5,20.4,-1.2937963876094336,-2.0018398026130186,-1.2279990072443345
FRI1,FR,2004,58900,67824.32463554501,11.124676180021531,15843.313741082822,9.567404949329049,21.5,21.5,-0.7905799290707801,-1.6124996361312613,-1.062301007866832
FRI1,FR,2005,61100,69003.6817021661,11.141915140158316,15638.194190392507,9.67050284431491,21.8,21.5,-0.31757327670933244,0.0668116467251439,-1.062301007866832
FRI1,FR,2006,63800,70642.42531611932,11.16538616815561,16286.668173744507,9.657471546460824,22.7,21.8,0.3264303228344805,-0.14544880262380033,-1.0171106444002405
FRI1,FR,2007,65500,70835.31600121123,11.168112968892105,16390.486351257885,9.698102148678073,23.7,22.7,0.4012489242925797,0.5163632425400051,-0.8815395540004662
FRI1,FR,2008,65600,69347.54112224618,11.1468859690545,16634.694128849205,9.70445634495582,24.3,23.7,-0.18118250157038873,0.619863643825302,-0.7309050091118279
FRI1,FR,2009,65300,68957.50612486272,11.141245740601022,15496.86139056334,9.719245801078793,27,24.3,-0.33594041957500415,0.8607618749484854,-0.6405242821786447
FRI1,FR,2010,67000,69989.97158616078,11.156107247713518,15251.29398827266,9.648392791471885,29,27,0.07183311621544676,-0.29332821072719373,-0.2338110109793213
FRI1,FR,2011,69100,71574.32439431133,11.178491690792342,16189.821210939741,9.632419630125867,26.8,29,0.6860227426011436,-0.5535072383875799,0.06745807879795533
FRI1,FR,2012,69400,71116.0297990511,11.172068044656722,16109.58361574405,9.692138003432182,27.4,26.8,0.5097692255412344,0.4192161921041854,-0.26393791995704885
FRI1,FR,2013,69400,70587.99597221235,11.164615380302607,15444.925888626076,9.687169629514468,29,27.4,0.30528126400859135,0.33828877473439795,-0.17355719302386619
FRI1,FR,2014,70500,71299.98584113756,11.174651407820846,15581.782699061216,9.645035806935606,32.8,29,0.5806521530728544,-0.34800849308329734,0.06745807879795533
FRI1,FR,2015,71800,71800,11.181639755036315,15102.513661202185,9.653857735155082,33.5,32.8,0.7724000714913666,-0.20431241085439725,0.6398693493747806
FRI1,FR,2016,72600,72226.58853726236,11.187563519377957,15704.594567151225,9.6226164765781,32.4,33.5,0.9349377140397173,-0.7131860209911951,0.7453135307968278
FRI1,FR,2017,73300,72497.45319315181,11.19130671185543,16245.369795312718,9.661708596112696,34.4,32.4,1.0376443117037184,-0.07643356921494318,0.5796155314193254
FRI1,FR,2018,74500,72872.03865641568,11.196460286894585,16734.31200647265,9.695563211482938,35.4,34.4,1.1790493185963427,0.4750077339834137,0.880884621196602
FRI1,FR,2019,75900,73353.88659624435,11.203050769164562,17257.672502336314,9.725216501744034,35.7,35.4,1.3598805248428147,0.9580157034099922,1.0315191660852403
FRI1,FR,2020,72500,68041.89503716494,11.127878897932128,16066.273385291981,9.756012106317117,36,35.7,-0.7027029999910019,1.4596302730290331,1.0767095295518325
FRI1,FR,2021,76400,70836.50119606133,11.168129700446391,17338.2162989541,9.684477532977128,39.9,36,0.4017080086235865,0.2944385284193493,1.1218998930184236
FRI1,FR,2022,78200,70380.70380703807,11.161674410925576,17234.366355952752,9.760668378777813,41.2,39.9,0.2245862529006704,1.5354740221218095,1.709374618084113
FRI1,FR,2023,83500,71531.37100366651,11.177891387753174,16744.295915546354,9.754660713317344,40.5,41.2,0.6695514862895108,1.437618092155671,1.9051995264393433
FRI2,FR,2000,48400,59974.47367442783,11.001674311919956,13785.511750681066,NA,16.3,NA,-2.1554390033433064,NA,NA
FRI2,FR,2001,49800,60557.420107981896,11.011347286609148,14413.500112226759,9.5313734465034,17,16.3,-1.895428167368065,-0.4521104628550616,-1.5114825559073555
FRI2,FR,2002,52000,61953.43960731051,11.034138407829307,13873.54599211673,9.575920554171658,16.7,17,-1.2827998217270822,0.10770580322019674,-1.403183182742654
FRI2,FR,2003,53700,62846.71020293519,11.048453869019701,12893.404733223206,9.53773913976247,18.6,16.7,-0.8979983360326594,-0.3721138296771809,-1.4495971998132404
FRI2,FR,2004,54700,62987.95513691532,11.050698798791926,13344.181489984274,9.464471198620851,20.1,18.6,-0.8376543275412422,-1.2928601447549934,-1.1556417583661933
FRI2,FR,2005,56700,64034.513134415996,11.067177484714472,13451.743903276476,9.498835725374162,21.1,20.1,-0.3947050756133639,-0.8610067190343843,-0.9235716730132615
FRI2,FR,2006,58900,65216.90989215405,11.085474068462407,14605.568075269619,9.506864034861252,20.5,21.1,0.09710950972895159,-0.7601162577853913,-0.7688582827779736
FRI2,FR,2007,60600,65536.18549119696,11.090357719326168,15486.218966901763,9.589158110009928,20.6,20.5,0.22838268933485426,0.27406001720260875,-0.8616863169191465
FRI2,FR,2008,61300,64801.89437185504,11.079090116046622,15062.61681357028,9.647705808514905,22.9,20.6,-0.07449197355716952,1.0098194341425075,-0.8462149778956175
FRI2,FR,2009,61000,64416.659626594585,11.073127568491948,13520.763810104734,9.619971245460716,25.9,22.9,-0.2347660385730915,0.6612836852932509,-0.49037418035445596
FRI2,FR,2010,59700,62364.198562594014,11.04074664872111,13583.707802152729,9.511981842831414,23.5,25.9,-1.1051694346111918,-0.6958015963334683,-0.026234009648592443
FRI2,FR,2011,62000,64220.08845799281,11.070071345063809,13796.332118713222,9.516626397877545,25.3,23.5,-0.31691772758407094,-0.6374342275051978,-0.39754614621328305
FRI2,FR,2012,62600,64147.88855072909,11.068946455250018,13951.288806533134,9.532158047318232,29.2,25.3,-0.3471549142057581,-0.44225051186138953,-0.11906204378976482
FRI2,FR,2013,64600,65705.82910381725,11.092942923578404,13834.250311030795,9.543327170547142,27.7,29.2,0.2978733207475244,-0.30188995449576783,0.48432017812785755
FRI2,FR,2014,65900,66647.78818341794,11.107177139511085,13852.87387864928,9.534902702898153,29.4,27.7,0.6804909231944828,-0.40775887101556285,0.25225009277492577
FRI2,FR,2015,67400,67400,11.118400296900399,13558.68385345997,9.536247990353768,30.1,29.4,0.9821708746925175,-0.3908528620820768,0.515262856174915
FRI2,FR,2016,66300,65958.99201130157,11.096788494739023,12866.982359089789,9.514782495829389,32.2,30.1,0.40124278096043725,-0.6606062450308802,0.6235622293396169
FRI2,FR,2017,68100,67354.3869366117,11.117723316118292,13543.060773379044,9.462419802164371,30.7,32.2,0.9639735419432263,-1.3186397108058077,0.9484603488337217
FRI2,FR,2018,69100,67590.0385390379,11.121215892282695,14526.831136625475,9.513629575083762,32,30.7,1.0578544500808538,-0.6750948127669472,0.7163902634807893
FRI2,FR,2019,71800,69391.42368393076,11.147518560817158,15794.499243345206,9.583752641700242,33.1,32,1.7648736508720029,0.2061303749898851,0.9175176707866636
FRI2,FR,2020,70200,65883.32457391695,11.095640647103265,16024.836620449285,9.667417009241705,33.8,33.1,0.3703884850550371,1.2575268918951383,1.0877024000454805
FRI2,FR,2021,73300,67962.24525747771,11.126707613166522,16990.16929000143,9.681895086445122,37,33.8,1.2054726320597575,1.4394705363697653,1.1960017732101813
FRI2,FR,2022,73100,65790.65790657907,11.094233130130045,16940.760997061145,9.740390178712948,35.9,37,0.33255424309581416,2.174568859272457,1.6910846219631028
FRI2,FR,2023,79200,67847.71956275914,11.125021054716745,16483.641468936326,9.737477890282108,40.7,35.9,1.1601377183917327,2.1379706036185007,1.520899892704286
FRI3,FR,2000,49400,61213.615692494524,11.022124922391248,14255.846773130947,NA,16.7,NA,-2.0115909859382106,NA,NA
FRI3,FR,2001,50600,61530.23006955591,11.02728387887196,14964.235770261454,9.56492240141566,17.5,16.7,-1.9030334933345179,-0.9860114043872887,-1.2938198601690944
FRI3,FR,2002,52500,62549.1457573808,11.043707858845458,14215.896557314652,9.61341835117534,18.1,17.5,-1.5574314144719108,-0.3069580332590539,-1.1565287100704131
FRI3,FR,2003,54400,63665.94106219133,11.06140502136678,13880.224456608948,9.562116093310733,18.4,18.1,-1.185038354616306,-1.0253060875210158,-1.053560347496402
FRI3,FR,2004,56500,65060.68492204233,11.083075727516384,14164.200570441057,9.53822040515547,19.6,18.4,-0.7290318867681098,-1.359899959332362,-1.0020761662093969
FRI3,FR,2005,57800,65276.80527635352,11.086392049659098,14202.587963259826,9.558472973710542,19.7,19.6,-0.659248081104102,-1.0763180309553129,-0.7961394410613745
FRI3,FR,2006,59500,65881.25871957836,11.09560929035645,14987.994171461674,9.56117947791746,21.9,19.7,-0.4652940241993851,-1.0384208289252919,-0.7789780472990396
FRI3,FR,2007,62100,67158.368300385,11.114808815190331,15489.317573156935,9.615004771033176,19.1,21.9,-0.06128746144961818,-0.2847445544463664,-0.40142738452766624
FRI3,FR,2008,62800,66387.58509873568,11.10326534657861,15705.91000650956,9.647905876478958,19.9,19.1,-0.30419123726606173,0.1759455996287138,-0.8819464098730503
FRI3,FR,2009,62100,65578.27152150038,11.09099969325807,14655.839919880005,9.661792354038713,20.9,19.9,-0.562291605935957,0.3703878045298738,-0.7446552597743694
FRI3,FR,2010,62900,65707.00317566439,11.092960792028947,14478.640684201657,9.59259416435699,23,20.9,-0.5210251277032886,-0.5985439147621261,-0.5730413221510179
FRI3,FR,2011,65600,67948.9968200698,11.12651265596876,15020.448204884337,9.580429786132697,21.8,23,0.18499095037437108,-0.7688728202030666,-0.21265205314197927
FRI3,FR,2012,66800,68451.7404982221,11.133884257686564,15098.066340803587,9.617167765411144,22.8,21.8,0.34010809508174866,-0.2544577236621554,-0.4185887782900011
FRI3,FR,2013,67500,68655.47158680594,11.136856110668331,15017.776500914766,9.622321957702606,23.2,22.8,0.4026433983535636,-0.18228733276756698,-0.24697484066664946
FRI3,FR,2014,69000,69782.96486579422,11.153145202599884,15447.185316569476,9.616989878468571,26.1,23.2,0.7454070916491458,-0.25694854462004596,-0.17832926561730905
FRI3,FR,2015,70000,70000,11.156250521031495,14995.685936151856,9.645182085571756,26.6,26.1,0.8107508455521006,0.1378063445579321,0.31935115349041093
FRI3,FR,2016,70100,69739.44705870649,11.15252139158775,15247.124916303488,9.615517834461768,27.4,26.6,0.7322805301848445,-0.2775605019117851,0.40515812230208675
FRI3,FR,2017,71400,70618.25590710831,11.165043972308364,15775.260493396088,9.632146234183068,30,27.4,0.9957873011838602,-0.04472516322532032,0.5424492724007676
FRI3,FR,2018,72900,71307.00158460005,11.174749800523683,16253.693728735549,9.666198200325125,30.9,30,1.200022475222691,0.43207965278290456,0.988645510221482
FRI3,FR,2019,74200,71710.9141691875,11.180398234936312,16513.013947121046,9.696075468311427,30.4,30.9,1.3188798215220523,0.850429219019636,1.1430980540824982
FRI3,FR,2020,72300,67854.19325775208,11.125116465236218,15880.12912796567,9.71190407307724,33.4,30.4,0.15561156605741636,1.0720656129813118,1.0572910852708224
FRI3,FR,2021,75600,70094.75772803975,11.157603287459404,18302.12255737935,9.67282386625205,33.3,33.4,0.8392164726689826,0.5248540144758694,1.572132898140877
FRI3,FR,2022,77800,70020.70020700207,11.156546194558658,18136.326449725908,9.81477231884561,36.8,33.3,0.8169725643935059,2.512454540659068,1.5549715043785417
FRI3,FR,2023,84100,72045.36887914197,11.185051322875267,17687.857089816112,9.80567219212053,36.6,36.8,1.4167925605431853,2.3850321113431745,2.1556202860602722
FRJ1,FR,2000,53500,66294.09796656795,11.101856152099332,17361.215143816964,NA,19.3,NA,-2.094849022082185,NA,NA
FRJ1,FR,2001,54800,66637.48236781944,11.107022496532512,17862.769356359076,9.761993982528333,19.3,19.3,-1.922826690507073,0.6348500110455251,-1.4915641770217258
FRJ1,FR,2002,55500,66123.38265780256,11.099277710000269,15639.335805363451,9.790473901556709,19.9,19.3,-2.180702690463956,1.225926229993203,-1.4915641770217258
FRJ1,FR,2003,57600,67410.99641879082,11.118563435206728,16132.789749563193,9.657544545509765,24.8,19.9,-1.5385512700465602,-1.5329081993144271,-1.3918857961844389
FRJ1,FR,2004,60400,69551.59945648418,11.149824194304758,16382.987703515058,9.688609110260092,23.8,24.8,-0.49767048162779204,-0.888189881906847,-0.5778456860132591
FRJ1,FR,2005,62100,70133.03819483658,11.1581492629202,16750.98360832216,9.70399874025629,23.5,23.8,-0.22047299077648833,-0.5687913506085891,-0.7439763207420713
FRJ1,FR,2006,64000,70863.87492526077,11.168516061164537,17574.063997783225,9.726212258413996,23.3,23.5,0.12470740283155904,-0.107768890920399,-0.793815511160715
FRJ1,FR,2007,66400,71808.62568672406,11.181759882733287,17875.143876199752,9.774179457666502,26.2,23.3,0.5656832407160147,0.887749064711156,-0.8270416381064774
FRJ1,FR,2008,67800,71673.22085500443,11.179872468050807,18033.040535599786,9.791166416547982,26.6,26.2,0.5028385197477044,1.2402987828856011,-0.3452627973929224
FRJ1,FR,2009,66800,70541.52234518882,11.163956784861236,17140.952923993,9.79996093956144,26,26.6,-0.027101550313715753,1.4228215423451347,-0.2788105435013972
FRJ1,FR,2010,68000,71034.59802774528,11.170922333498659,16821.84824097461,9.74922578710535,25.2,26,0.20482838250569133,0.3698570991667416,-0.37848892433868475
FRJ1,FR,2011,70600,73128.03621184343,11.199967104517913,16812.21452034199,9.730433811020188,26.1,25.2,1.1719240330994458,-0.02015419826379051,-0.5113934321217346
FRJ1,FR,2012,70600,72345.7017840491,11.18921132164316,17321.257219939183,9.729860955997323,26.7,26.1,0.8137917265989455,-0.03204331145202841,-0.3618758608658033
FRJ1,FR,2013,70600,71808.53768931111,11.181758657289045,16585.013052301707,9.759689767238367,29,26.7,0.5656424374404174,0.5870280049549355,-0.2621974800285164
FRJ1,FR,2014,71000,71805.65949958535,11.18171857504394,15820.090822329134,9.716254738375218,31.4,29,0.564307830089525,-0.3144286531462892,0.11990297984775163
FRJ1,FR,2015,71700,71700,11.180246026587712,15613.212355999593,9.669035982286779,31.3,31.4,0.5152767943012837,-1.2944133147725778,0.5186165031969004
FRJ1,FR,2016,72400,72027.61721897789,11.184804896938877,15721.093880059667,9.655872780678743,31.2,31.3,0.6670722305713618,-1.567604240209256,0.5020034397240196
FRJ1,FR,2017,73400,72596.35831346989,11.192670038583294,16201.763291726025,9.662758648807783,32,31.2,0.928955661175025,-1.4246939709128554,0.4853903762511382
FRJ1,FR,2018,74100,72480.77938846177,11.191076693811112,16862.35456631056,9.692875360465543,33.3,32,0.8759025041006557,-0.799647529029722,0.618294884034188
FRJ1,FR,2019,75100,72580.72310115877,11.192454643533068,17411.16978317965,9.732838875797459,34.5,33.3,0.9217837121830686,0.02976085217779425,0.8342647091816433
FRJ1,FR,2020,73500,68980.40393422928,11.14157774229029,16094.89126852738,9.764867220808322,41,34.5,-0.7722502974140991,0.6944815997793053,1.0336214708562184
FRJ1,FR,2021,77100,71485.52673058023,11.177250284843199,18337.654548291182,9.68625718810446,38.4,41,0.41552841585821454,-0.9370020029534545,2.1134705965934972
FRJ1,FR,2022,78300,70470.70470704707,11.16295236637107,17352.475778403386,9.816711850407062,37.6,38.4,-0.06054539301340436,1.7704722866009204,1.6815309462985852
FRJ1,FR,2023,83600,71617.03731624577,11.17908827598702,17429.332838861097,9.761490471356455,38.9,37.6,0.47672749502606504,0.6244000698299192,1.5486264385155362
FRJ2,FR,2000,49500,61337.52989430119,11.024147167772014,13400.536123546533,NA,23.2,NA,-1.9661113091289297,NA,NA
FRJ2,FR,2001,51600,62746.24252152341,11.046853975066059,13975.910327381102,9.503049994358546,26.1,23.2,-1.5949990253910247,-1.5115475461352057,-1.6761544839962959
FRJ2,FR,2002,52900,63025.71067743704,11.051298028112134,13664.497382766333,9.545090435607069,26.5,26.1,-1.5223669440233365,-0.9804661568998883,-1.2690186351887467
FRJ2,FR,2003,53900,63080.77616272266,11.052171345419834,13500.766995447757,9.52255631632943,25.1,26.5,-1.5080937449649396,-1.265131374860306,-1.2128619663877056
FRJ2,FR,2004,56200,64715.22995785449,11.077751846263634,13553.682803231697,9.510501777290251,26.9,25.1,-1.090014797785434,-1.417411920672688,-1.4094103071913497
FRJ2,FR,2005,58700,66293.22611975696,11.101843000814817,14187.565388352214,9.514413582975093,27.9,26.9,-0.6962772164691372,-1.3679955221804982,-1.1567052975866645
FRJ2,FR,2006,62800,69535.17727041212,11.149588051279018,15267.16893479553,9.560121183083778,31.2,27.9,0.08405154069604984,-0.7905882675602608,-1.0163136255840615
FRJ2,FR,2007,63000,68131.67798589781,11.129197552642431,15562.65015596645,9.63345998055208,28.9,31.2,-0.2492037874346995,0.13587371256186337,-0.5530211079754712
FRJ2,FR,2008,64600,68290.41397099242,11.131524683893012,15354.454656129878,9.652629101736673,30.8,28.9,-0.21116995107111822,0.3780301506675539,-0.8759219535814584
FRJ2,FR,2009,64200,67795.89422995692,11.124256915014552,14500.016612038238,9.639160916524906,34.4,30.8,-0.3299518771797718,0.20789153412781067,-0.6091777767765123
FRJ2,FR,2010,64300,67169.48019388267,11.114974259566127,13999.738748546735,9.58190507406582,34.9,34.4,-0.48166441950273803,-0.5154004069642502,-0.1037677575671415
FRJ2,FR,2011,67000,69399.12784976642,11.147629579409683,14744.706997047353,9.54679394760519,36.6,34.9,0.0520429470327774,-0.9589463181048313,-0.033571921565839956
FRJ2,FR,2012,68500,70193.7758103026,11.159014922412144,15156.882082387836,9.598639449708932,36.1,36.6,0.2381210947911738,-0.30400121131850233,0.20509392083858569
FRJ2,FR,2013,70100,71299.97864051996,11.174651306830393,14900.50204968926,9.62620997065526,39.9,36.1,0.4936768079178787,0.044287011432544654,0.13489808483728413
FRJ2,FR,2014,72000,72817.00681648092,11.19570481701868,15342.329399598504,9.609150185975917,41.8,39.9,0.8377681698383864,-0.17122295655285485,0.6683864384471755
FRJ2,FR,2015,73800,73800,11.209114010588564,15309.702711532178,9.638370914735797,39.9,41.8,1.0569234383163455,0.19791173288884392,0.9351306152521212
FRJ2,FR,2016,74200,73818.3590835381,11.20936274772054,15731.653104743813,9.636242070535843,38.8,39.9,1.0609887128352433,0.17101882925604622,0.6683864384471755
FRJ2,FR,2017,74700,73882.12487760492,11.210226195101596,16132.469601166536,9.663430083012619,38.6,38.8,1.0751006011919608,0.5144749635852927,0.5139555992443119
FRJ2,FR,2018,76700,75023.96463016218,11.225562869882282,16661.981448730032,9.688589265485675,44.2,38.6,1.3257579626211362,0.8323016367362304,0.48587726484379185
FRJ2,FR,2019,78600,75963.31339215818,11.238005784198139,17392.766285828166,9.720884843146289,44.6,44.2,1.5291206938195405,1.2402797582969511,1.2720706280583693
FRJ2,FR,2020,73500,68980.40393422928,11.14157774229029,15869.721659944022,9.763809668063125,43.3,44.6,-0.04686620673350537,1.7825332402419711,1.3282272968594104
FRJ2,FR,2021,77500,71856.39846459102,11.182424940633217,17280.691092904686,9.672168274610758,44.2,43.3,0.6207264171451864,0.6248613152867584,1.1457181232560258
FRJ2,FR,2022,78900,71010.71010710107,11.17058599122614,16944.095497293005,9.75734503536067,44.3,44.2,0.4272346816218903,1.7008679195518221,1.2720706280583693
FRJ2,FR,2023,85300,73073.36463009287,11.199219210393998,17048.999537413238,9.737674703878954,46.3,44.3,0.8952062118571813,1.4523798766153952,1.286109795258629
FRK1,FR,2000,48800,60470.13048165451,11.009904811056472,14162.096282568084,NA,18.2,NA,-1.6197352718377116,NA,NA
FRK1,FR,2001,49600,60314.21761758841,11.007323136309424,14003.40578317741,9.558324398844736,19.8,18.2,-1.6681458089043586,-0.5887267561438652,-1.627696323388626
FRK1,FR,2002,50800,60523.7448471418,11.010791043832317,13999.277971370659,9.54705584923895,19.3,19.8,-1.6031169876430293,-0.7658671901564695,-1.2759686387104023
FRK1,FR,2003,52100,60974.18252463544,11.018205816264205,13477.103970347824,9.546761033793913,19.9,19.3,-1.464078126893811,-0.7705016584522396,-1.385883540172347
FRK1,FR,2004,54900,63218.258446373875,11.054348437879474,14241.126556638346,9.508747522390127,21.2,19.9,-0.7863460750960267,-1.3680701250233256,-1.2539856584180138
FRK1,FR,2005,56600,63921.577485148955,11.065412259189904,13515.070822582624,9.563889293960248,21.5,21.2,-0.5788817024985067,-0.5012471806455006,-0.9682069146169573
FRK1,FR,2006,58500,64774.01067387117,11.078659732042675,14185.403234125468,9.511560698991499,21,21.5,-0.33047036551205483,-1.3238472798875887,-0.9022579737397903
FRK1,FR,2007,61100,66076.91309425964,11.098574692428448,15770.732241713515,9.559968773636625,21.9,21,0.04296704330112185,-0.5628773545345392,-1.012172875201735
FRK1,FR,2008,61500,65013.3198021058,11.082347447916929,15509.964657491733,9.665911111454491,26.8,21.9,-0.2613197855538719,1.1025252356737663,-0.8143260525702348
FRK1,FR,2009,60700,64099.85638252935,11.068197402384088,13949.741682564132,9.649237977476288,28.2,26.8,-0.526655806113945,0.8404252944592588,0.2628399817568243
FRK1,FR,2010,60700,63408.82500417851,11.057358326388005,13623.598991378693,9.543216269699148,24.7,28.2,-0.7299058440501516,-0.826224983297587,0.5706017058502694
FRK1,FR,2011,64200,66498.86579037321,11.104940170714633,15014.825219709775,9.519558787923627,24.2,24.7,0.16232995796438862,-1.198118149318638,-0.198802604383344
FRK1,FR,2012,64000,65582.5058665601,11.091064260503636,14482.740065510137,9.616793339970712,26.1,24.2,-0.09786558617643028,0.3303989494389377,-0.30871750584528873
FRK1,FR,2013,65200,66316.09996236664,11.102187981722455,14499.908127413615,9.58071287908129,26.6,26.1,0.11072200565647562,-0.23678216303053234,0.10895911971010182
FRK1,FR,2014,66000,66748.92291510751,11.10869344002905,14657.462399196489,9.581897592348152,25.9,26.6,0.23270976993506245,-0.21815859304022922,0.21887402117204657
FRK1,FR,2015,67900,67900,11.125791313546788,14354.504334715417,9.592704863540622,28.8,25.9,0.5533222873087305,-0.04826940796330365,0.06499315912532329
FRK1,FR,2016,68100,67749.7338758618,11.123575810702672,14032.326518110754,9.571819062855253,31.1,28.8,0.5117780599892505,-0.37659203399205476,0.7024995876046034
FRK1,FR,2017,71400,70618.25590710831,11.165043972308364,15613.746945020232,9.549118983875921,27.8,31.1,1.2893725175378046,-0.7334349271053389,1.2081081343295494
FRK1,FR,2018,73000,71404.81640158851,11.176120602657463,15412.280481066344,9.65590701962052,29.6,27.8,1.4970770801290392,0.9452619470193152,0.48266978468071386
FRK1,FR,2019,74500,72000.8504798446,11.184433210148493,15789.735116115691,9.642919904455765,31.1,29.6,1.652951786470355,0.7411058402143094,0.8783634299437151
FRK1,FR,2020,72000,67572.64058863277,11.120958455087553,14986.935294351302,9.66711533168882,31.2,31.1,0.46269844948945954,1.1214554531745267,1.2081081343295494
FRK1,FR,2021,75500,70002.03979453706,11.156279660528895,16776.67561078056,9.614934120183971,30.2,31.2,1.1250276322075812,0.30117220673736866,1.230091114621938
FRK1,FR,2022,76400,68760.68760687608,11.138387459546786,16763.108807558667,9.727744844230342,33.8,30.2,0.7895202024515712,2.0745451178873062,1.0102613116980483
FRK1,FR,2023,82200,70417.70894013638,11.162200057958499,15971.264425255193,9.726935846546123,34.9,33.8,1.2360445678392902,2.061827757986423,1.80164860222405
FRK2,FR,2000,56500,70011.52402076802,11.156415136349766,16355.231062179324,NA,23.6,NA,-1.842548127963234,NA,NA
FRK2,FR,2001,57800,70285.51972372197,11.160321078256873,16069.494268522481,9.702303067795604,24.8,23.6,-1.7530267840287732,-0.8355957886110401,-1.2118181543443187
FRK2,FR,2002,58500,69697.61955822432,11.15192144348569,15588.505566406111,9.68467798770259,27,24.8,-1.9455402957906194,-1.1257265579656917,-1.052550625487637
FRK2,FR,2003,59800,69985.72197645296,11.156046528461468,15221.053675483465,9.654289098984117,23.9,27,-1.8509963523173212,-1.6259655138850095,-0.7605601559170536
FRK2,FR,2004,63500,73121.30075309183,11.199874995262636,16300.006986003938,9.630434858683243,23.8,23.9,-0.8464798121484102,-2.018636018321849,-1.1720012721301487
FRK2,FR,2005,65300,73746.9789713821,11.208395310263152,16519.544473870843,9.69892081538396,24.1,23.8,-0.6512003974179172,-0.8912718757075639,-1.1852735662015386
FRK2,FR,2006,68400,75735.76632637244,11.23500580243337,17420.794594096322,9.7122994724739,26.3,24.1,-0.041307296473121535,-0.6710425176591595,-1.145456683987368
FRK2,FR,2007,70100,75810.0099493879,11.235985620291443,18269.340852432164,9.76541986326382,28.1,26.3,-0.018850584737086836,0.20338527313471072,-0.8534662144167846
FRK2,FR,2008,72900,77064.56932639857,11.25239891211907,18566.368340802608,9.812979570583956,28.4,28.1,0.3573301106604339,0.9862772885044837,-0.6145649211317616
FRK2,FR,2009,71000,74976.76776210188,11.22493358135995,16915.00758796346,9.82910706929785,28.3,28.4,-0.27215526818950236,1.2517560032073445,-0.5747480389175915
FRK2,FR,2010,72800,76048.80494735083,11.239130583525192,17113.974389558873,9.735956529808469,28.6,28.3,0.053229682201209494,-0.2816178904277488,-0.5880203329889815
FRK2,FR,2011,75300,77996.33324011062,11.264417094824564,17681.65989616832,9.747650624515439,30,28.6,0.6327781058004229,-0.08911852722859266,-0.5482034507748109
FRK2,FR,2012,75300,77161.91705862462,11.253661311949813,17111.905056809344,9.780283217314546,32.3,30,0.3862633954144026,0.4480545922623552,-0.3623913337753488
FRK2,FR,2013,75700,76995.839986980893,11.251506673233251,16879.199419842564,9.74752970240705,34.4,32.3,0.3368806451874069,-0.09110905573420174,-0.05712857013337556
FRK2,FR,2014,76600,77469.20447420054,11.25763577474917,16956.664402072798,9.733837339290773,37.1,34.4,0.47735518829761103,-0.31650240567894544,0.22158960536581795
FRK2,FR,2015,78300,78300,11.268302881978894,16638.28772650576,9.738416215596862,37.5,37.1,0.7218375174793181,-0.24112839895360327,0.5799415452933526
FRK2,FR,2016,79300,78892.12769979208,11.275836726188007,16823.509951303156,9.719461808029187,38.3,37.5,0.8945077400869876,-0.5531415541420933,0.633030721578913
FRK2,FR,2017,80100,79223.00137478118,11.280021957037139,17360.79217892665,9.730532589004383,39.2,38.3,0.9904301831751795,-0.37090271126934243,0.739209074150034
FRK2,FR,2018,82000,80208.14993055149,11.292380408773324,18138.54026119498,9.761969619599864,40.7,39.2,1.2736768966912095,0.14658996534593963,0.8586597207925462
FRK2,FR,2019,83300,80505.64892578596,11.296082633935775,18508.76368139973,9.80579424971426,41.8,40.7,1.3585292011987553,0.867997958085385,1.0577441318633984
FRK2,FR,2020,80800,75831.518882799,11.236269301598549,17748.61662654684,9.825999611408161,43.2,41.8,-0.012348815774512908,1.2006033761829737,1.2037393666486895
FRK2,FR,2021,83300,77234.03860774751,11.254595553446713,19166.13142648807,9.78406285533378,44.6,43.2,0.40767553014422175,0.5102721413807285,1.3895514836481526
FRK2,FR,2022,85500,76950.76950769508,11.250921139317025,19104.066078209595,9.86090001215287,46.8,44.6,0.3234606342537099,1.7751074388829025,1.5753636006476146
FRK2,FR,2023,92600,79327.00544837749,11.281333897548498,18961.2662651701,9.857656475054101,46.9,46.8,1.020498904249915,1.7217147785982516,1.8673540702181974
FRL0,FR,2000,57500,71250.66603883472,11.173959446000675,19298.374585075962,NA,20.5,NA,-1.4748763806420642,NA,NA
FRL0,FR,2001,58700,71379.93093049272,11.175772029412592,19337.2029964549,9.867776152956562,20.9,20.5,-1.4341842658983053,0.30403904980994795,-1.394191045382452
FRL0,FR,2002,59400,70769.89062835084,11.16718891561648,18615.70467909164,9.869786135821156,20.6,20.9,-1.6268733576961338,0.33352352458281165,-1.3376863862744408
FRL0,FR,2003,60900,71273.08475528404,11.174274042220734,17127.345509694976,9.831760841034402,24.3,20.6,-1.4678137619507277,-0.22427020819961085,-1.380064880605449
FRL0,FR,2004,63800,73466.75571727967,11.204588279714734,17839.86434750978,9.748431617821485,24.5,24.3,-0.7872655331822087,-1.4466280814641173,-0.8573967838563448
FRL0,FR,2005,66400,74989.27111331963,11.225100330463155,18836.22886603718,9.789190802265953,23.7,24.5,-0.3267743264345374,-0.8487308721473682,-0.8291444543023393
FRL0,FR,2006,69200,76621.5647629382,11.246633840428489,20180.35201802188,9.843537361748176,24.1,23.7,0.15664842398026638,-0.051520214150556895,-0.9421537725183619
FRL0,FR,2007,70700,76458.88307306312,11.244508399153425,20122.97794034145,9.912464737661397,24.4,24.1,0.10893271629068398,0.9595767021822371,-0.8856491134103504
FRL0,FR,2008,70900,74950.31502389107,11.22458070664254,19251.44088501772,9.909617622224722,25.2,24.4,-0.338439771452433,0.9178123146609518,-0.8432706190793423
FRL0,FR,2009,70100,74026.35802990623,11.212176498359181,17728.03530123339,9.865341188084473,26.6,25.2,-0.6169116273975574,0.26832050632952553,-0.7302613008633196
FRL0,FR,2010,73300,76571.11816814308,11.24597523721516,18305.685498512128,9.782902580814962,27.5,26.6,0.14186292095115688,-0.9409729056511376,-0.5324949939852799
FRL0,FR,2011,74300,76960.5253617559,11.25104791174243,18240.360709997152,9.814966973556354,30.2,27.5,0.2557433926383337,-0.47061975212732765,-0.40535951099225476
FRL0,FR,2012,75900,77776.75305112361,11.261597861545548,18173.930548060747,9.811392039200172,31.1,30.2,0.49258753735842453,-0.5230605284623896,-0.023953062013178834
FRL0,FR,2013,75700,76995.839986980893,11.251506673233251,17795.455352302128,9.807743458748087,33.2,31.1,0.2660424912076782,-0.5765816207021329,0.10318242097984681
FRL0,FR,2014,76400,77266.93501082141,11.255021394175099,17240.945538520795,9.786698386394772,35,33.2,0.3449472339729679,-0.8852921653662337,0.39983188129690617
FRL0,FR,2015,77500,77500,11.258033215341438,17970.505692348426,9.755042388335573,35.3,35,0.412561983000562,-1.3496545699555154,0.6541028472829564
FRL0,FR,2016,77800,77399.84281265856,11.256740028731551,18215.775416376357,9.796487120302547,35.8,35.3,0.3835302167554105,-0.7417010517074885,0.6964813416139645
FRL0,FR,2017,79000,78135.0450512823,11.266193955429847,19075.979395058686,9.810043278746646,36.2,35.8,0.5957688742742039,-0.5428455198009361,0.7671121654989785
FRL0,FR,2018,80000,78251.85359078193,11.267687796182953,19481.143996107,9.856185199267536,37.9,36.2,0.6293052836524664,0.1340111417827269,0.8236168246069906
FRL0,FR,2019,80900,78186.15844052924,11.266847908827424,20170.002209390812,9.87720230217172,38.8,37.9,0.6104499899218151,0.4423114020947241,1.0637616258160378
FRL0,FR,2020,77500,72734.43952248667,11.1945702724308,18504.685292003196,9.911951740486716,40,38.8,-1.0121676807035098,0.9520515374050296,1.190897108809063
FRL0,FR,2021,88600,82148.0890833905,11.316278861884951,21740.20564018516,9.825779238028963,40.8,40,1.7201644452597735,-0.31201445021371726,1.3604110861330974
FRL0,FR,2022,94800,85320.85320853208,11.354174172635288,22492.105220795846,9.986918619700619,41.9,40.8,2.5709061673591105,2.0517420362236813,1.4734204043491195
FRL0,FR,2023,90400,77442.34657163417,11.257289023294495,20881.90904773804,10.020919647544305,42.1,41.9,0.39585502873490297,2.5505037248766613,1.6288082168961506
FRM0,FR,2000,53600,66418.01216837463,11.103723566274127,27732.412177993487,NA,14,NA,-1.7604790387707703,NA,NA
FRM0,FR,2001,55300,67245.4885938032,11.11610521110683,35149.74843917115,10.230357122853757,17.8,14,-1.4615526631166718,0.9500322984520303,-1.0253170772939948
FRM0,FR,2002,56100,66838.23003788691,11.11003050177653,35616.21946655565,10.467372740432864,14.9,17.8,-1.6082125671758367,1.9322360541760146,-0.5561405717678422
FRM0,FR,2003,57000,66708.79853942842,11.108092135339433,24901.300651090405,10.480556416077727,13.8,14.9,-1.6550099726546617,1.9868698199375,-0.9141963259851692
FRM0,FR,2004,59400,68400.0829091914,11.133129315732589,24651.74886446526,10.12267531607215,15.8,13.8,-1.050544758812038,0.5037938770166268,-1.050010577584845
FRM0,FR,2005,61600,69568.35994850134,11.15006514452024,23330.99932991515,10.112603124802646,12.2,15.8,-0.6416680718617542,0.46205424739084683,-0.8030755746763435
FRM0,FR,2006,65000,71971.12297096796,11.184020247700502,22331.02022147199,10.05753819864226,26.7,12.2,0.17809990450813204,0.23386262932017426,-1.2475585799116462
FRM0,FR,2007,65100,70402.73391876108,11.161987375465422,25220.930832915867,10.01373203216813,18.2,26.7,-0.35383318931522556,0.05232783564608832,0.5427201911749887
FRM0,FR,2008,66900,70721.80641887606,11.16650924023864,21099.179716209877,10.135429517359452,11.5,18.2,-0.24466315042948705,0.5566478810421858,-0.5067535711861421
FRM0,FR,2009,68400,72231.13964686998,11.18762652894714,20584.01565836912,9.956989442699456,14.4,11.5,0.26516528210638457,-0.18281609729341422,-1.3339858309296215
FRM0,FR,2010,68200,71243.52331606219,11.17385919317197,17450.41532920124,9.932270114667135,17.6,14.4,-0.06721541862366906,-0.2852541436985834,-0.9759300767122945
FRM0,FR,2011,70800,73335.19778751436,11.20279596071839,21202.305969309993,9.76711872844769,18,17.6,0.6313963702518514,-0.96964917835751685,-0.5808340720586922
FRM0,FR,2012,70800,72550.6471148821,11.192040177843639,24741.17224512144,9.961865226882107,23.1,18,0.3717226972048391,-0.16261062060282674,-0.5314470714769921
FRM0,FR,2013,71300,72520.52035761873,11.191624840210098,30367.537265074432,10.116224027407688,23.1,23.1,0.36169532401293386,0.47705943639108267,0.09823718593968653
FRM0,FR,2014,71900,72715.87208479136,11.194314962729624,28376.578162573664,10.321129463710395,24.1,23.1,0.426642153427994,1.32619710571622,0.09823718593968653
FRM0,FR,2015,74000,74000,11.211820372186306,17596.007604562736,10.253319371301346,23.3,24.1,0.8492700573883145,1.0451889252408193,0.2217046873939372
FRM0,FR,2016,74600,74216.30172010705,11.214739104756921,19177.575212872725,9.775427314644167,36,23.3,0.9197361514029798,-0.9352180102754687,0.12293068623053657
FRM0,FR,2017,76400,75563.51192301225,11.2327287991353,16340.422992878668,9.861496917758897,35.5,36,1.3540560024658739,-0.5785415671936338,1.6909679546995202
FRM0,FR,2018,77500,75806.48316607,11.235939097868373,16740.484974260085,9.701397255036012,27.5,35.5,1.4315612917881573,-1.242002024452643,1.6292342039723948
FRM0,FR,2019,77300,74706.92271264413,11.221328040356354,17066.500279955635,9.725585314607095,26.2,27.5,1.0788108676276342,-1.1417655792890091,0.6414941923383893
FRM0,FR,2020,72900,68417.2985959907,11.133380975086112,15582.50837172619,9.744872773090616,39.3,26.2,-1.044469021746032,-1.0618374532254915,0.4809864404478634
FRM0,FR,2021,78500,72783.577799618,11.195245629062278,18445.183233378735,9.653904305934663,27.8,39.3,0.4491109544251396,-1.438815017006534,2.098410709498547
FRM0,FR,2022,80100,72090.72090720908,11.185680617448625,18232.976787042695,9.822558544022026,32.2,27.8,0.21818571844951948,-0.739904001098959,0.6785344427746647
FRM0,FR,2023,88200,75557.68769489086,11.23265171890911,17288.353345464286,9.8109871449096,32.5,32.2,1.3521950774465645,-0.7878564178354353,1.221791449173368
HR02,HR,2000,13100,19619.29580206976,9.884268840633727,NA,NA,NA,NA,-2.051374747060532,NA,NA
HR02,HR,2001,14600,20542.259367129573,9.930239475832856,NA,NA,NA,NA,-1.4456127663798484,NA,NA
HR02,HR,2002,15900,21345.146999597262,9.96857968600823,NA,NA,NA,NA,-0.9403980449615981,NA,NA
HR02,HR,2003,16000,21026.62496386049,9.953544769077498,NA,NA,NA,NA,-1.1385154087935077,NA,NA
HR02,HR,2004,17300,21730.938324331113,9.986492253373475,NA,NA,NA,NA,-0.7043614481374428,NA,NA
HR02,HR,2005,18100,21767.104013084314,9.988155118879293,NA,NA,NA,NA,-0.6824496190307435,NA,NA
HR02,HR,2006,20000,22915.807323892022,10.039582227563816,NA,NA,NA,NA,-0.004786865786744909,NA,NA
HR02,HR,2007,21000,23113.243888748253,10.048161060737122,NA,NA,NA,NA,0.10825771044068155,NA,NA
HR02,HR,2008,22800,23411.02782626553,10.060962464957516,NA,NA,NA,NA,0.2769437410436826,NA,NA
HR02,HR,2009,21300,21578.798071078334,9.979466540832771,NA,NA,NA,NA,-0.7969403199741049,NA,NA
HR02,HR,2010,21200,21134.06172741048,9.958641317759959,NA,NA,NA,NA,-1.071357419543411,NA,NA
HR02,HR,2011,22100,22114.81692734132,10.004003112056148,NA,NA,NA,NA,-0.47361822709888507,NA,NA
HR02,HR,2012,23000,22947.45033872432,10.040962112965152,NA,NA,NA,NA,0.01339609188188544,NA,NA
HR02,HR,2013,24000,23949.705618201777,10.083711311247937,NA,NA,NA,NA,0.5767087133437987,NA,NA
HR02,HR,2014,22600,22689.62401485869,10.02966300711472,NA,NA,NA,NA,-0.13549392693621082,NA,NA
HR02,HR,2015,23200,23200,10.0519075576544,NA,NA,NA,NA,0.1576258643370554,NA,NA
HR02,HR,2016,24700,24435.606735125937,10.103796639972037,4742.079345505484,NA,16.4,NA,0.8413761136925338,NA,NA
HR02,HR,2017,25100,24302.86599535244,10.09834956456958,4816.604434113749,8.464230998983357,15,16.4,0.7695991810829019,-1.0551707359273044,0.21446816277707414
HR02,HR,2018,26300,24807.108226904864,10.118885513137435,5520.569599812668,8.4798244845358,14.2,15,1.040204466951493,-0.8392813400026582,-0.786383263515947
HR02,HR,2019,27200,25155.836709024654,10.13284522450799,4797.161035511592,8.616236322319446,14.9,14.2,1.2241536852498367,1.0493194578777891,-1.3582983642548172
HR02,HR,2020,24400,22751.00701178577,10.032364687653782,5279.512784091553,8.475779570984797,17,14.9,-0.09989347574776575,-0.8952825425661768,-0.8578726511083055
HR02,HR,2021,27200,24811.858608893956,10.119076987579833,5069.161413577358,8.571589096702404,17.8,17,1.0427275545045356,0.43118552395021426,0.6434044883312274
HR02,HR,2022,31100,26288.206654043817,10.176875701401196,5678.961625791674,8.530930681243595,17.4,17.8,1.8043499078516985,-0.13172395021030248,1.2153195890700978
HR02,HR,2023,34800,26059.997903218555,10.168156770219069,5957.386893109727,8.64452368264236,17.1,17.4,1.6894592390709495,1.4409535868785122,0.9293620387006614
HR03,HR,2000,15700,23513.201839121775,10.065317322780883,NA,NA,NA,NA,-2.3129263244947698,NA,NA
HR03,HR,2001,17100,24059.769532733953,10.08829641062718,NA,NA,NA,NA,-2.0672656469665833,NA,NA
HR03,HR,2002,18700,25104.040810847095,10.130784100642584,NA,NA,NA,NA,-1.6130459326939006,NA,NA
HR03,HR,2003,20400,26808.946828922126,10.196490947687888,NA,NA,NA,NA,-0.9105990526715696,NA,NA
HR03,HR,2004,22400,28137.168697399822,10.244846710730735,NA,NA,NA,NA,-0.3936460042757536,NA,NA
HR03,HR,2005,23900,28742.19811672459,10.266121639544977,NA,NA,NA,NA,-0.1662038420006838,NA,NA
HR03,HR,2006,25300,28988.49626472341,10.2746543497433,NA,NA,NA,NA,-0.07498388660070081,NA,NA
HR03,HR,2007,27400,30157.280121509626,10.314181636407724,7876.85550009498,NA,17.7,NA,0.34758728279401563,NA,NA
HR03,HR,2008,28800,29571.824622651195,10.294577316139021,9017.04261750461,8.971684054999702,18.2,17.7,0.13800496029702658,0.5468674854047834,-1.6179945277967975
HR03,HR,2009,27500,27859.950561251368,10.234945472789917,7171.223637974053,9.106871689839476,19.2,18.2,-0.4994963686234926,1.7597095589195044,-1.4543541204342896
HR03,HR,2010,28500,28411.35656750937,10.254544223356596,6846.881228493973,8.877831579838075,21.1,19.2,-0.28997358968985154,-0.2951343050284009,-1.1270733057092737
HR03,HR,2011,29600,29619.84529634855,10.296199864862457,6373.516093196741,8.831548532467613,19.7,21.1,0.15535101081860864,-0.7103647897387967,-0.505239757731743
HR03,HR,2012,29500,29432.599347494237,10.289858160381778,6214.535287113362,8.759906573236927,20.6,19.7,0.08755426319190857,-1.3531039166344296,-0.9634328983467658
HR03,HR,2013,30300,30236.503342979744,10.316805193415314,7246.440828375126,8.734646228359704,21.6,20.6,0.3756347316888276,-1.5797282606056762,-0.6688801650942509
HR03,HR,2014,29500,29616.98709904121,10.296103364182255,6336.283040619314,8.888265707083814,22.7,21.6,0.15431935879486464,-0.20152405332869658,-0.34159935036923506
HR03,HR,2015,29800,29800,10.302263672493496,6706.565252201761,8.754047604311422,24.7,22.7,0.22017686905134115,-1.4056679253819013,0.018409545828281675
HR03,HR,2016,31500,31162.81830592984,10.346980942169694,7072.340451306712,8.810842213990146,22.8,24.7,0.6982321704342382,-0.8961324767527187,0.6729711752783134
HR03,HR,2017,32800,31758.326878388845,10.365910233821939,7896.586704286737,8.863946743897822,23.7,22.8,0.9005980190494464,-0.4197027482306755,0.05113762730078372
HR03,HR,2018,34200,32258.673055518877,10.381542218022277,7924.96290370574,8.974185882340596,26.7,23.7,1.0677136093396773,0.5693127442725864,0.3456903605532975
HR03,HR,2019,34800,32184.67343654625,10.379245637986468,8395.265769502159,8.977772917814114,27.1,26.7,1.0431617467345013,0.6014939977328578,1.327532804728345
HR03,HR,2020,29500,27506.34044457705,10.222171818700401,8000.167798075341,9.035423227081072,26.5,27.1,-0.6360546401758992,1.1187063945099207,1.4584451306183521
HR03,HR,2021,34400,31379.70353477765,10.353916578657234,7973.5528728872405,8.987217795201424,24.9,26.5,0.7723784189718171,0.6862291489032574,1.262076641783342
HR03,HR,2022,39800,33642.14227752232,10.423534794506399,8213.844503226457,8.983885453242387,25.1,24.9,1.516640253392954,0.6563328900031796,0.7384273382233163
HR03,HR,2023,44800,33548.50304782159,10.42074752285958,8851.299597752823,9.01357636363686,28.8,25.1,1.4868425936341105,0.9227062559552696,0.8038835011683204
HR05,HR,2000,18300,27407.107876173784,10.218557670273995,NA,NA,NA,NA,-1.707754828389946,NA,NA
HR05,HR,2001,20700,29124.984171204254,10.279351647389888,NA,NA,NA,NA,-1.363927794918243,NA,NA
HR05,HR,2002,22600,30339.64290508793,10.320210483060285,NA,NA,NA,NA,-1.1328461495624906,NA,NA
HR05,HR,2003,24300,31934.186663863118,10.37143239718422,NA,NA,NA,NA,-0.8431549726157663,NA,NA
HR05,HR,2004,26300,33036.05074739354,10.40535469105346,NA,NA,NA,NA,-0.6513037034122039,NA,NA
HR05,HR,2005,29200,35115.99100453381,10.466411889881748,NA,NA,NA,NA,-0.3059879905546226,NA,NA
HR05,HR,2006,31100,35634.08038865209,10.481057773195014,NA,NA,NA,NA,-0.22315658436822705,NA,NA
HR05,HR,2007,32400,35660.433428354445,10.481797045811984,NA,NA,NA,NA,-0.21897554665892963,NA,NA
HR05,HR,2008,35000,35937.98131224972,10.489549990486534,NA,NA,NA,NA,-0.1751279141370567,NA,NA
HR05,HR,2009,33100,33533.249584633464,10.420292750500408,NA,NA,NA,NA,-0.5668198629212793,NA,NA
HR05,HR,2010,36700,36585.85214131908,10.507416891142515,NA,NA,NA,NA,-0.07407968960374448,NA,NA
HR05,HR,2011,37800,37825.342979796464,10.540734606157983,NA,NA,NA,NA,0.11435231730355112,NA,NA
HR05,HR,2012,36900,36815.69206517076,10.513679448082485,NA,NA,NA,NA,-0.03866110906718072,NA,NA
HR05,HR,2013,36700,36623.09150783355,10.508434235960516,NA,NA,NA,NA,-0.06832598393444378,NA,NA
HR05,HR,2014,35300,35439.987952412026,10.475596064775733,NA,NA,NA,NA,-0.2540458778900007,NA,NA
HR05,HR,2015,35700,35700,10.48290596776773,NA,NA,NA,NA,-0.2127039164007397,NA,NA
HR05,HR,2016,36400,36010.367820185595,10.491562170980801,6891.261616933278,NA,38.9,NA,-0.1637478057287081,NA,NA
HR05,HR,2017,38100,36890.007745933384,10.515696000564496,6540.088816424989,8.838009455653719,41.4,38.9,-0.027256274400610438,-0.9011880186168844,-1.9403908425458343
HR05,HR,2018,39800,37540.79495934653,10.53318348624411,6704.423290608606,8.785706024852148,43.8,41.4,0.07164612694480875,-1.1363035899247091,-0.6393624998426884
HR05,HR,2019,41400,38288.66322623605,10.552909132037309,10501.116785352917,8.810522780175923,42.8,43.8,0.18320668932519651,-1.0247467471605716,0.6096247091523309
HR05,HR,2020,50800,47366.85066388184,10.765677909939063,8812.076731701361,9.259236890999539,43.1,42.8,1.3865439472562258,0.9923231257589128,0.08921337207107254
HR05,HR,2021,57800,52725.19954389966,10.872848789956214,9913.707252808777,9.08387841552179,43.9,43.1,1.9926606630717476,0.2040477198484072,0.24533677319545227
HR05,HR,2022,63200,53421.6932648093,10.88597218336882,10833.265361079608,9.201673649478893,44.5,43.9,2.066881459936817,0.7335635337198679,0.6616658428604575
HR05,HR,2023,73200,54815.85765849421,10.911734804405906,14183.32296467592,9.290376805268153,48.9,44.5,2.2125848007258457,1.1323039763749694,0.9739126451092132
HR06,HR,2000,13500,20218.358269308534,9.914346295871004,NA,NA,NA,NA,-1.6172516754671147,NA,NA
HR06,HR,2001,14600,20542.259367129573,9.930239475832856,NA,NA,NA,NA,-1.4789704328338198,NA,NA
HR06,HR,2002,16700,22419.116659954358,10.017669296204753,NA,NA,NA,NA,-0.7182728107562436,NA,NA
HR06,HR,2003,16900,22209.372618077643,10.008269668766745,NA,NA,NA,NA,-0.800055824950858,NA,NA
HR06,HR,2004,17600,22107.77540509986,10.003684653913847,NA,NA,NA,NA,-0.8399485055140112,NA,NA
HR06,HR,2005,19000,22849.44620158022,10.036682159773953,NA,NA,NA,NA,-0.5528482445789933,NA,NA
HR06,HR,2006,20000,22915.807323892022,10.039582227563816,NA,NA,NA,NA,-0.5276157248022325,NA,NA
HR06,HR,2007,21300,23443.43308715894,10.062345695729078,NA,NA,NA,NA,-0.32955840259915764,NA,NA
HR06,HR,2008,22900,23513.70777287196,10.065338839557315,NA,NA,NA,NA,-0.3035160593461282,NA,NA
HR06,HR,2009,22200,22490.57827126474,10.020851756995626,NA,NA,NA,NA,-0.6905832839371969,NA,NA
HR06,HR,2010,21700,21632.506579472047,9.981952396628406,NA,NA,NA,NA,-1.029033606788301,NA,NA
HR06,HR,2011,22600,22615.1521519418,10.026375409810681,NA,NA,NA,NA,-0.6425238284365259,NA,NA
HR06,HR,2012,23900,23845.394047630925,10.079346355973469,NA,NA,NA,NA,-0.18164134447589364,NA,NA
HR06,HR,2013,26000,25945.51441971859,10.163754018921473,NA,NA,NA,NA,0.5527614967578016,NA,NA
HR06,HR,2014,25000,25099.14160935696,10.130588925704682,NA,NA,NA,NA,0.264203114289667,NA,NA
HR06,HR,2015,25700,25700,10.154246270883311,NA,NA,NA,NA,0.47003776138721465,NA,NA
HR06,HR,2016,27800,27502.42377475713,10.222029417034697,4805.902776192368,NA,17.2,NA,1.0597962428180032,NA,NA
HR06,HR,2017,29400,28466.30518977537,10.256476392776477,4189.299424128802,8.47760018641896,18,17.2,1.3595078563507093,0.17984948609544638,-1.0558213857714875
HR06,HR,2018,31300,29523.288498179558,10.292934671499825,4660.746416055527,8.340288797057823,18.8,18,1.6767191443520169,-1.0371758326912282,-0.2346269746158853
HR06,HR,2019,32700,30242.494867099493,10.317003329109246,4371.246035525306,8.446930889412238,18,18.8,1.8861324833272735,-0.09198019343973389,0.5865674365397169
HR06,HR,2020,24900,23217.216171863343,10.052649358825288,4384.114389079516,8.382803381434151,17.4,18,-0.4139229866072372,-0.6603583971935747,-0.2346269746158853
HR06,HR,2021,27700,25267.958950969212,10.137292427471174,4843.053569170249,8.385742920686976,18.1,17.4,0.32252804086131,-0.6343045227633451,-0.8505227829825879
HR06,HR,2022,32300,27302.542602109817,10.214735112444618,5898.735431551791,8.48530070349635,20.1,18.1,0.9963309384998619,0.24810110232726026,-0.13197767322143367
HR06,HR,2023,38800,29055.39996105977,10.276959630067868,7298.5086048535095,8.682493273285784,22.3,20.1,1.5377256524497165,1.995868357665191,1.92100835466757
HU11,HU,2000,13600,21902.982670875477,9.994378101548039,NA,NA,NA,NA,-2.598755928540472,NA,NA
HU11,HU,2001,16000,22900.98187959809,10.03893506546149,NA,NA,NA,NA,-2.144723037485015,NA,NA
HU11,HU,2002,19700,24710.560315091003,10.114985974366643,NA,NA,NA,NA,-1.369768664366771,NA,NA
HU11,HU,2003,20200,25091.920898340453,10.130301196746355,NA,NA,NA,NA,-1.2137074321040722,NA,NA
HU11,HU,2004,22600,26493.792715379295,10.184665747381008,NA,NA,NA,NA,-0.6597357983202502,NA,NA
HU11,HU,2005,24500,27585.430389010868,10.225043027869061,NA,NA,NA,NA,-0.24829364017506173,NA,NA
HU11,HU,2006,24700,28578.701346785765,10.260417011220737,NA,NA,NA,NA,0.11216520887277211,NA,NA
HU11,HU,2007,27600,28807.013881640745,10.268374174030551,NA,NA,NA,NA,0.19324823872545027,NA,NA
HU11,HU,2008,29800,29697.543475011214,10.298819610090941,NA,NA,NA,NA,0.5034854752838752,NA,NA
HU11,HU,2009,27000,28777.591848480653,10.267352302460978,NA,NA,NA,NA,0.18283542640003983,NA,NA
HU11,HU,2010,27900,28501.08794475488,10.257697539028323,NA,NA,NA,NA,0.0844539441630628,NA,NA
HU11,HU,2011,28800,29271.564910711568,10.28437184292062,NA,NA,NA,NA,0.35626356154714567,NA,NA
HU11,HU,2012,28900,29561.588347210574,10.294231106609459,NA,NA,NA,NA,0.4567288895936534,NA,NA
HU11,HU,2013,27900,28483.04799240452,10.257064382004659,8099.131467121278,NA,40.4,NA,0.07800211062914864,NA,NA
HU11,HU,2014,28100,28769.760013105086,10.267080114943374,8846.271201239453,8.999512108630057,42.5,40.4,0.18006185130262137,-1.4015996721451809,-1.115464087189392
HU11,HU,2015,28100,28100,10.243524855321837,8983.020276153751,9.087751316022924,44.7,42.5,-0.059964884951266346,-0.878406141792527,-0.7400675193852696
HU11,HU,2016,28100,27862.058024471018,10.235021114830616,8205.953526277475,9.103091438396174,41.9,44.7,-0.14661750983644006,-0.7874505108702247,-0.3467949245428553
HU11,HU,2017,30300,28669.01948168684,10.263572358142136,10369.658443018621,9.012615209602895,41.7,41.9,0.1443180119180775,-1.3239079310348603,-0.847323681615019
HU11,HU,2018,32000,29784.065524944155,10.301728815554974,12087.359886500108,9.246639363653038,46.5,41.7,0.5331301110825483,0.06368299325969852,-0.8830757356916014
HU11,HU,2019,34600,31360.748307335336,10.353312336020705,12267.952463521859,9.39991554809148,47.5,46.5,1.0587632079283507,0.9724979115339436,-0.02502643785360825
HU11,HU,2020,32600,29978.665489590232,10.308241257309943,11830.066914976189,9.414745650391442,49.8,47.5,0.5994915167560236,1.0604294989434135,0.15373383252930709
HU11,HU,2021,35800,31650.885429099366,10.362521402823962,11912.290932278302,9.378399613336502,55.6,49.8,1.15260306723131,0.8449242603657622,0.5648824544100118
HU11,HU,2022,38100,32257.518287726907,10.381506420255295,11282.327422101904,9.38532599752751,55.8,55.6,1.3460592992993166,0.8859926188035009,1.6016920226309215
HU11,HU,2023,45400,32620.098003994884,10.392683880584805,9916.229795112458,9.330992835515206,56.2,55.8,1.4599569750458625,0.5638369729365161,1.6374440767075038
HU12,HU,2000,14100,22708.239386716486,10.030483106190154,NA,NA,NA,NA,-2.1869731401656103,NA,NA
HU12,HU,2001,16900,24189.16211032548,10.093659965150737,NA,NA,NA,NA,-1.4269968589316209,NA,NA
HU12,HU,2002,19800,24835.99463141126,10.12004927632319,NA,NA,NA,NA,-1.109550710149829,NA,NA
HU12,HU,2003,19400,24098.181456822018,10.08989165840848,NA,NA,NA,NA,-1.4723271237096862,NA,NA
HU12,HU,2004,22100,25907.646858844357,10.162293449626475,NA,NA,NA,NA,-0.6013809426268018,NA,NA
HU12,HU,2005,24700,27810.617575859935,10.233173153952311,NA,NA,NA,NA,0.25125552893507624,NA,NA
HU12,HU,2006,24400,28231.591613828852,10.248196899885961,NA,NA,NA,NA,0.4319813635635976,NA,NA
HU12,HU,2007,28400,29641.999791253522,10.296947546474607,NA,NA,NA,NA,1.018419747993364,NA,NA
HU12,HU,2008,28200,28103.04449648712,10.24363319452365,NA,NA,NA,NA,0.3770829737582222,NA,NA
HU12,HU,2009,25400,27072.25307227439,10.206264610481139,NA,NA,NA,NA,-0.07243664470407099,NA,NA
HU12,HU,2010,28100,28705.396818910827,10.264840426540704,NA,NA,NA,NA,0.632192100561177,NA,NA
HU12,HU,2011,27800,28255.19112908963,10.249032476475312,NA,NA,NA,NA,0.4420328032759967,NA,NA
HU12,HU,2012,26200,26799.77905525664,10.196148922258123,NA,NA,NA,NA,-0.19412175606179333,NA,NA
HU12,HU,2013,26400,26951.701326146213,10.20180170332961,3647.011235734759,NA,22.9,NA,-0.12612249797873076,NA,NA
HU12,HU,2014,25400,26005.405848144812,10.166059712628165,3278.1119872718245,8.201663271619607,24.8,22.9,-0.5560752627106854,-0.7995889282077712,-1.4347923342907953
HU12,HU,2015,26900,26900,10.19988156558993,3620.3672787979963,8.09502292201242,26.2,24.8,-0.14922049877945137,-1.2278599805574284,-0.8472696111975812
HU12,HU,2016,25900,25680.686933587167,10.153494507196408,3550.513129893341,8.194330757904769,26.2,26.2,-0.7072264635471496,-0.8290365376406852,-0.4143581310236348
HU12,HU,2017,27300,25830.502701321802,10.159311347817725,4088.36450065137,8.174847415655965,26.9,26.2,-0.637253676411943,-0.9072822628180692,-0.4143581310236348
HU12,HU,2018,29400,27364.110201042444,10.216987587099883,4728.729675612134,8.315900291473131,26,26.9,0.05655374874927926,-0.3408094053520005,-0.1979023909366616
HU12,HU,2019,31400,28460.332278911257,10.256266546871235,4779.447880878368,8.4614118778914,27.1,26,0.5290539374084818,0.24356977639273733,-0.4762026281913413
HU12,HU,2020,30900,28415.36084749503,10.254685152840981,4980.930732213663,8.472080312721767,30,27.1,0.510030801816578,0.28641455164483204,-0.13605789376895402
HU12,HU,2021,34400,30413.14130617369,10.32263007379666,6654.989642548855,8.513372046574995,33,30,1.327363749452528,0.45224347452255936,0.7606873151627925
HU12,HU,2022,38100,32257.518287726907,10.381506420255295,6476.102148723984,8.803122174486733,32.3,33,2.0356076788032227,1.6158892489063048,1.688354772678393
HU12,HU,2023,43400,31183.08928135194,10.347631216643862,5573.263559439536,8.775874088101784,33.3,32.3,1.6281111414599558,1.5064600631095422,1.4718990325914187
HU21,HU,2000,12400,19970.366552857053,9.902004781417023,5466.166539043014,NA,12,NA,-1.9614910071638276,NA,NA
HU21,HU,2001,14000,20038.35914464833,9.905403672836968,5356.086149270165,8.606332834198588,11.3,12,-1.931061192884917,-0.6136236566817956,-1.2677743084480098
HU21,HU,2002,16100,20194.924927561682,9.913186610613119,5473.399869954501,8.585988791310191,11.8,11.3,-1.8613816056869146,-0.722255529452929,-1.4545187399760329
HU21,HU,2003,17200,21365.39799264633,9.969527976158604,5326.335346206395,8.60765525077255,13.7,11.8,-1.3569649951094593,-0.6065622977473276,-1.3211298603131592
HU21,HU,2004,19700,23094.146747476643,10.04733447684671,6344.8935135438805,8.580418728380913,13.3,13.7,-0.6603739384673782,-0.7519982099407728,-0.8142521175942388
HU21,HU,2005,21300,23982.435399425773,10.085076983033758,7115.032978344969,8.755405597272256,12.6,13.3,-0.3224703952847134,0.1823859428209931,-0.9209632213245376
HU21,HU,2006,20900,24181.97806266488,10.09336292655757,6436.89417766358,8.869965145558181,13.4,12.6,-0.2482874657931888,0.7941039942616518,-1.1077076528525611
HU21,HU,2007,24000,25049.577288383258,10.128612231655392,8128.768605788932,8.769801432219422,14.2,13.4,0.06729478590605527,0.2592559395563388,-0.8942854453919629
HU21,HU,2008,26100,26010.26458717425,10.16624653090823,6782.543662279409,9.003164728067587,15.7,14.2,0.40422956707050495,1.505354957489949,-0.6808632379313649
HU21,HU,2009,21800,23235.240825810306,10.05342540625169,5860.048074111838,8.82210748200288,15.1,15.7,-0.6058426729224171,0.5385565769177523,-0.2806965989427434
HU21,HU,2010,24000,24517.064898713874,10.10712468054895,5561.908493260111,8.675913086310759,14.2,15.1,-0.12508034724494146,-0.2420832929351216,-0.44076325453819193
HU21,HU,2011,25100,25510.981918710426,10.146864301916459,4702.967701675804,8.623696582529861,15.9,14.2,0.23070309750752266,-0.5209057780427976,-0.6808632379313649
HU21,HU,2012,23400,23935.680530267386,10.083125533854727,4230.620558435424,8.455949014321169,18,15.9,-0.3399414553321788,-1.4166339569146236,-0.22734104707759356
HU21,HU,2013,24500,25011.99554888569,10.12711081072802,5576.350679934637,8.350103965402177,19,18,0.053852767809710676,-1.9818188589863956,0.3328922475064765
HU21,HU,2014,24500,25083.954459824723,10.129983656154355,6093.535943096971,8.626289841412348,17.6,19,0.0795729635954346,-0.5070584532740552,0.5996700068322243
HU21,HU,2015,26400,26400,10.181119289134408,5663.921327596804,8.714983806842529,19.4,17.6,0.5373833559741452,-0.033455855155556796,0.22618114377617782
HU21,HU,2016,27200,26969.67894183671,10.202468511792867,5583.653983990862,8.641871745375395,19.1,19.4,0.7285200532760533,-0.42385515793440304,0.706381110562523
HU21,HU,2017,28500,26965.90941346782,10.202328732901417,5127.790714163746,8.627598676904578,20.1,19.1,0.7272686318031657,-0.500069613767068,0.6263477827647994
HU21,HU,2018,29500,27457.185405807893,10.22038317610102,6244.3668912540325,8.542430185397095,19.7,20.1,0.8889076151049556,-0.9548471024061259,0.8931255420905471
HU21,HU,2019,30700,27825.866272693493,10.233721308550178,8032.9003896401455,8.739435038918375,21.2,19.7,1.0083221073931492,0.097107334596452,0.7864144383602474
HU21,HU,2020,29800,27403.81078496285,10.21843736244864,8015.675813295683,8.991300935952545,22.2,21.2,0.8714870091638981,1.4420054078112325,1.186581077348869
HU21,HU,2021,32000,28291.29423830111,10.250309412217034,7567.197775317713,8.989154380053694,23.2,22.2,1.1568331515705836,1.4305433602438324,1.4533588366746166
HU21,HU,2022,34100,28870.90219452723,10.270589522412111,8756.81479317698,8.931578102908764,22.6,23.2,1.338398229869579,1.1231010859743966,1.7201365960003645
HU21,HU,2023,40100,28812.02488899108,10.268548109850025,7653.107493688329,9.07758750972417,23,22.6,1.3201217398450984,1.902753163566431,1.5600699404049163
HU22,HU,2000,12800,20614.571925529857,9.933753479731603,6377.313673333589,NA,12.6,NA,-1.9457979837616057,NA,NA
HU22,HU,2001,14000,20038.35914464833,9.905403672836968,6374.03966121948,8.76050223333414,12.7,12.6,-2.190658728146016,0.11266386463876452,-1.2138956607652753
HU22,HU,2002,16600,20822.096509162977,9.9437700339852,5609.497254954663,8.759988717301738,12.3,12.7,-1.8592837813962086,0.10773987862805709,-1.1890782383674077
HU22,HU,2003,18000,22359.13743416476,10.014990350235362,5925.80055427017,8.63221637862839,13.4,12.3,-1.2441452121240473,-1.1174394117625936,-1.2883479279588785
HU22,HU,2004,19600,22976.917576169653,10.042245407339239,5844.283639876625,8.687071071520926,14.3,13.4,-1.0087399553793188,-0.5914504973349657,-1.0153562815823325
HU22,HU,2005,21400,24095.028992850308,10.089760832346185,5554.264455889475,8.673219306921512,13.6,14.3,-0.5983434267474382,-0.7242718520880835,-0.7919994800015216
HU22,HU,2006,22200,25686.120238811498,10.153706056465039,5735.594384835209,8.622321282125583,13.2,13.6,-0.046040716687938014,-1.2123211947645498,-0.9657214367865968
HU22,HU,2007,24400,25467.070243189646,10.145141533606603,5671.714609583404,8.654446665838245,14,13.2,-0.12001354656321532,-0.9042783489555681,-1.0649911263780685
HU22,HU,2008,26400,26309.233145647515,10.177675226731852,7024.414418903432,8.64324675128731,15.1,14,0.16098393415436582,-1.0116717292789246,-0.8664517471951254
HU22,HU,2009,23200,24727.41225499078,10.115667715128913,5411.535415485431,8.857147133987855,17,15.1,-0.3745825162609948,1.0393693787759353,-0.5934601008185791
HU22,HU,2010,26500,27070.92582566324,10.20621558319318,5460.77699370236,8.596288142199683,15.5,17,0.40749047841726793,-1.4619469293501537,-0.12192907525908998
HU22,HU,2011,26500,26933.905212981124,10.201141188770897,6855.621101116025,8.60534636515323,17.2,15.5,0.3636623140788647,-1.3750897325135298,-0.4941904112271077
HU22,HU,2012,24800,25367.729792762013,10.141233164662008,7842.617662960103,8.832824193452304,18.5,17.2,-0.1537706064493454,0.8061423490841249,-0.07229423046335447
HU22,HU,2013,25900,26441.252437393443,10.18268066188283,7423.001471704743,8.967327943198713,17.8,18.5,0.20421648884483673,2.0958675774097935,0.2503322607089277
HU22,HU,2014,26400,27029.240724056024,10.204674548755944,6713.368770030694,8.912338765380325,19.7,17.8,0.39418037578320925,1.5685891182517802,0.07661030392385297
HU22,HU,2015,28300,28300,10.25061708363133,6647.589424572317,8.811856156145232,20.1,19.7,0.790991660258744,0.6050847075359174,0.5481413294833417
HU22,HU,2016,28200,27961.211255874827,10.238573516434984,5989.527769825993,8.802009575388078,19,20.1,0.6869698995567748,0.510668130755042,0.6474110190748137
HU22,HU,2017,29800,28195.933351626,10.24693303913817,5904.086695298022,8.697767851578702,20.8,19,0.7591721180554087,-0.4888815568528224,0.374419372698267
HU22,HU,2018,30700,28574.0878629933,10.260255567348398,6313.206166123629,8.683400050335441,20.3,20.8,0.8742404212280869,-0.6266510671745691,0.8211329758598884
HU22,HU,2019,32000,29004.16028424077,10.275194556756754,6790.225418804988,8.750398935227642,22.1,20.3,1.0032702971801837,0.015785684797581225,0.6970458638705491
HU22,HU,2020,31100,28599.279040682704,10.26113678812247,6319.642208267609,8.82323941864748,25,22.1,0.881851632673313,0.7142361687961605,1.1437594670321707
HU22,HU,2021,32400,28644.935416279874,10.26273193221559,6673.940323487812,8.751417872922463,25.3,25,0.8956290870134198,0.025556041784512817,1.8634647165703377
HU22,HU,2022,35200,29802.22162015714,10.302338220726691,7266.069736953607,8.80596571763032,22.8,25.3,1.2377134378231256,0.5486026602107912,1.9379169837639416
HU22,HU,2023,39800,28596.473580594637,10.261038687827893,6249.154578783847,8.890970810444092,22.9,22.8,0.8810043284484961,1.3636967594071805,1.3174814238172454
HU23,HU,2000,11400,18359.85312117503,9.817921664206482,4181.339311086922,NA,11.4,NA,-2.0329638118689113,NA,NA
HU23,HU,2001,13000,18607.047777173448,9.831295700683246,4193.121049794436,8.338386883549626,12,11.4,-1.9070282740648419,-1.3864805038258368,-1.4268299620567328
HU23,HU,2002,15700,19693.18766228065,9.888028050976963,4766.287318212475,8.3412006162495,10.8,12,-1.3728126647728034,-1.3752457144105452,-1.2403692283788645
HU23,HU,2003,15900,19750.571400178873,9.890937701565383,5162.523403614546,8.469322940821158,11.7,10.8,-1.3454141742489314,-0.8636735469389384,-1.6132906957346014
HU23,HU,2004,17700,20749.563321336882,9.940280480682551,5376.988702938146,8.549180770646817,13.2,11.7,-0.8807818670420243,-0.5448138694387655,-1.333599595217799
HU23,HU,2005,19100,21505.376344086024,9.976058245370963,5100.4643084677255,8.589883775810288,12.9,13.2,-0.543883426149413,-0.3822932108127303,-0.8674477610231277
HU23,HU,2006,18900,21867.913176285463,9.992775689652401,5686.718753939554,8.537086855444473,13,12.9,-0.3864649579143127,-0.5931029590565611,-0.9606781278620616
HU23,HU,2007,20600,21500.88717252896,9.975849477102981,5595.450578270292,8.645888691879495,12.8,13,-0.5458492757379307,-0.158674443370168,-0.9296013389157504
HU23,HU,2008,23600,23518.859933230357,10.065557928611147,5616.189127818025,8.62970914981273,14.3,12.8,0.2988831358925969,-0.2232767945331317,-0.991754916808373
HU23,HU,2009,21000,22382.571437707174,10.016037874180071,6243.295792028397,8.633408621744376,15.3,14.3,-0.1674184700361373,-0.2085053885279712,-0.5256030826137017
HU23,HU,2010,22600,23086.902779622233,10.047020756479244,5132.009685332222,8.739263493729265,16.1,15.3,0.12432934685112858,0.2141563644474201,-0.21483519315058755
HU23,HU,2011,23400,23783.146489953146,10.076732478142375,5382.29566642235,8.54325261297697,17.3,16.1,0.4041073819441503,-0.5684840649212187,0.033779118419904004
HU23,HU,2012,22700,23219.65589902007,10.052754435978429,5658.899299930738,8.59087026593963,17.9,17.3,0.17832007826423618,-0.37835431183205437,0.4067005857756408
HU23,HU,2013,23100,23582.738660377938,10.068270310705087,4943.434492826949,8.64098468230859,18.3,17.9,0.32442406351933617,-0.1782553775584685,0.5931613194535086
HU23,HU,2014,22300,22831.51773282005,10.035897217069747,5303.937678621144,8.505815610076526,17.9,18.3,0.019585433504284176,-0.7179640933350735,0.717468475238755
HU23,HU,2015,23000,23000,10.043249494911286,5982.046332046331,8.576204781913777,18.5,17.9,0.08881756590259787,-0.4369112688277092,0.5931613194535086
HU23,HU,2016,23200,23003.54968568426,10.043403817163181,4762.805543544561,8.696517984403352,18.9,18.5,0.0902707289638219,0.04348030991404455,0.7796220531313776
HU23,HU,2017,25100,23748.923729054113,10.07529249176455,6561.588049782355,8.468592173501882,18.4,18.9,0.39054786614373954,-0.866591385205525,0.9039292089166228
HU23,HU,2018,26600,24758.00446760983,10.116904128542899,7391.146827163085,8.78898793340082,18,18.4,0.7823804939142509,0.4126981834796038,0.7485452641850657
HU23,HU,2019,28300,25650.554251375434,10.15232045860622,8861.075030214606,8.908038188257041,18.3,18,1.1158755147570538,0.8880470121748072,0.6242381083998205
HU23,HU,2020,27300,25104.833370116972,10.130815671128195,9156.01861171272,9.08942337147727,18.4,18.3,0.9133774147172836,1.6122893457215217,0.717468475238755
HU23,HU,2021,30000,26523.088348407287,10.185770891079462,9344.567533498393,9.122166713804415,20.4,18.4,1.4308588192078584,1.743028330208129,0.7485452641850657
HU23,HU,2022,32400,27431.59035491737,10.219450560920924,10124.536236633987,9.142550440969522,22,20.4,1.7480007188816935,1.8244173271832171,1.370081043111294
HU23,HU,2023,36300,26081.708315969478,10.168989516808308,9104.680637960493,9.222717087136479,22.3,22,1.2728383593712909,2.144510059465968,1.8673096662522772
HU31,HU,2000,11200,18037.75043483863,9.80022208710708,4887.091226078892,NA,10.8,NA,-2.1930521359637627,NA,NA
HU31,HU,2001,13400,19179.5723241634,9.861601050178574,4392.565922088315,8.494352564187986,10.8,10.8,-1.6758471478154684,-0.4186590553838072,-1.5967683446605987
HU31,HU,2002,15800,19818.621978600906,9.894377278655622,4432.446538758675,8.387668827823038,11.4,10.8,-1.3996608453314836,-1.0115435653678992,-1.5967683446605987
HU31,HU,2003,16200,20123.223690748284,9.909629834577535,5085.29323867692,8.39670697668187,11.5,11.4,-1.2711363866234475,-0.9613149303395883,-1.3755293571473834
HU31,HU,2004,18200,21335.709177871824,9.968137435185518,5398.016041751474,8.534107974209718,12.5,11.5,-0.7781267076591751,-0.1977222229005449,-1.3386561925618476
HU31,HU,2005,20500,23081.6866520295,10.046794796462741,5107.962855838748,8.593786765368916,12.9,12.5,-0.11532666068255937,0.1339368664645486,-0.9699245467064883
HU31,HU,2006,20500,23719.165085388995,10.074038653731167,5619.833020775951,8.538555945363804,13.4,12.9,0.1142415524398595,-0.173003054937657,-0.8224318883643446
HU31,HU,2007,22600,23588.3519465609,10.068508307585686,4966.45561459652,8.634057230840636,12.8,13.4,0.06764052711303002,0.3577360696191569,-0.6380660654366649
HU31,HU,2008,24000,23917.48467786138,10.082365046927528,5704.538853151747,8.510461708657159,13.5,12.8,0.18440324757025503,-0.32913404857118045,-0.8593050529498804
HU31,HU,2009,20500,21849.653070142715,9.99194032260101,4275.985638960912,8.649017426978563,15.1,13.5,-0.5775535554329804,0.44087590759932804,-0.6011929008511291
HU31,HU,2010,21900,22371.821720076412,10.01555748702346,4342.133402795587,8.360769913617526,15.6,15.1,-0.37854538334996507,-1.1610316702209564,-0.01122226748255443
HU31,HU,2011,22100,22461.86057384464,10.019574064302427,4579.621022044572,8.376121073779165,15.4,15.6,-0.3447000119065686,-1.0757190876264904,0.1731435554451252
HU31,HU,2012,21700,22196.763568666764,10.007701772037485,4250.008703921554,8.42937152740609,15.6,15.4,-0.44474094568757444,-0.7797848601540922,0.0993972262740536
HU31,HU,2013,22600,23072.289771625165,10.04638759945558,4336.177672558547,8.354676309897908,16.7,15.6,-0.11875787412645215,-1.1948962814395236,0.1731435554451252
HU31,HU,2014,22600,23138.66819559342,10.049260444881915,5552.899910091343,8.374748518423559,17.1,16.7,-0.09455006887322824,-1.0833469307932424,0.5787483658860202
HU31,HU,2015,24500,24500,10.106428396532818,5533.539549270879,8.622075576604347,17.9,17.1,0.3871711638824906,0.29114918915613947,0.7262410242281647
HU31,HU,2016,24800,24590.00138814524,10.110095191661852,4687.9545806969645,8.618582952922614,17.2,17.9,0.41806912364510607,0.2717392720435653,1.0212263409124511
HU31,HU,2017,27500,26019.73715334614,10.166610650299338,5051.260576055658,8.452751642792032,17.5,17.2,0.8942921755195635,-0.6498521382015434,0.7631141888136999
HU31,HU,2018,28600,26619.50856291884,10.189399630581054,6351.789035664274,8.527393110140684,17.5,17.5,1.0863217193029517,-0.23503942821064042,0.8737336825703079
HU31,HU,2019,29500,26738.21026203446,10.1938489173028,7984.262873032704,8.756491790105954,17.1,17.5,1.1238132827154617,1.0381542490764217,0.8737336825703079
HU31,HU,2020,28900,26576.178915618333,10.187770564055668,6692.086774436876,8.98522774242833,16.9,17.1,1.0725945187965926,2.309332102694922,0.7262410242281647
HU31,HU,2021,32000,28291.29423830111,10.250309412217034,6814.581632177741,8.80868102891399,18.8,16.9,1.5995731871137975,1.3281908781957494,0.6524946950570918
HU31,HU,2022,32600,27600.921159577352,10.225604426495302,7117.805508172737,8.826819952983982,20,18.8,1.3913985747058175,1.4289961881268478,1.353084822182275
HU31,HU,2023,36900,26512.810932762364,10.185383326583985,5667.367910910989,8.870354741753694,20.4,20,1.0524786506479045,1.6709365511705263,1.795562797208706
HU32,HU,2000,11400,18359.85312117503,9.817921664206482,4440.898144807897,NA,10.7,NA,-2.551659572725079,NA,NA
HU32,HU,2001,13900,19895.228007900838,9.898235183358356,4764.748457856902,8.398611919836089,10.7,10.7,-1.6898852235742103,-0.77803714819468,-1.7375994448941219
HU32,HU,2002,16400,20571.22787652246,9.931648673452854,4868.190226768879,8.469000025158035,11.5,10.7,-1.331354194388534,-0.38573298049760935,-1.7375994448941219
HU32,HU,2003,16800,20868.52827188711,9.94599747874841,4679.694493572778,8.490477530330145,12.7,11.5,-1.177389675397808,-0.2660293068127476,-1.468249573065547
HU32,HU,2004,18800,22039.084205713752,10.000572710938672,4889.315855524729,8.4509881076298,12.6,12.7,-0.5917904425764575,-0.48612139530466464,-1.0642247653226848
HU32,HU,2005,20400,22969.093058604965,10.04190481116855,5232.294358214451,8.494807665835383,13.3,12.6,-0.14829171221593104,-0.24189553879003467,-1.0978934993012566
HU32,HU,2006,20100,23256.35210811311,10.054333582651834,5618.67469968094,8.562605152681051,14.5,13.3,-0.014929401998918658,0.13596996174149198,-0.8622123614512532
HU32,HU,2007,22000,22962.11251435132,10.041600854665763,5696.540404546508,8.633851096516057,14.4,14.5,-0.15155320442951511,0.5330552444060012,-0.45818755370839115
HU32,HU,2008,24300,24216.453236334648,10.094787566926085,5395.478377050732,8.64761432298522,14.9,14.4,0.4191470316657194,0.6097638172552782,-0.49185628768696293
HU32,HU,2009,21600,23022.07347878452,10.044208751146767,5033.232892880615,8.593316544206235,15,14.9,-0.1235701411009058,0.3071381844973002,-0.3235126177941036
HU32,HU,2010,22500,22984.748342544255,10.042586159411378,4424.680879331416,8.52381777887897,15.9,15,-0.1409807582855189,-0.08020929648662481,-0.2898438838155319
HU32,HU,2011,23600,23986.421246277532,10.085243167810285,4372.01739741692,8.39495343717621,15.9,15.9,0.3167344064574921,-0.7984274966541776,0.013174721991614922
HU32,HU,2012,22700,23219.65589902007,10.052754435978429,4556.229786252699,8.382979828569601,17.5,15.9,-0.03187384810287154,-0.8651617344527517,0.013174721991614922
HU32,HU,2013,22900,23378.55910487683,10.059574603737534,4744.667363166843,8.42425075925938,17.8,17.5,0.041307425657385426,-0.6351405108343209,0.5518744656487645
HU32,HU,2014,22700,23241.051683184538,10.05367546309103,4887.981851761034,8.464776605987536,17.7,17.8,-0.02199110919546706,-0.40927197099806556,0.6528806675844803
HU32,HU,2015,23200,23200,10.0519075576544,4944.363327674024,8.494534788029693,17.1,17.7,-0.04096096100996492,-0.2434164079760236,0.619211933605908
HU32,HU,2016,22900,22706.08999147282,10.03038844905111,3561.634464284555,8.506003485044577,17.1,17.1,-0.2718637530522379,-0.1794962666905743,0.41719952973447755
HU32,HU,2017,25000,23654.306503041946,10.071300470495013,4084.2827700701605,8.177974837664168,17.4,17.1,0.16712747812012238,-2.007745583855302,0.41719952973447755
HU32,HU,2018,26500,24664.92926284438,10.113137645747424,5262.583299381371,8.314901415396536,18.5,17.4,0.6160457281756122,-1.2445929621557887,0.5182057316701921
HU32,HU,2019,28700,26013.106254928443,10.166355776722602,6710.27897951585,8.568377306726429,19.4,18.5,1.1870830911061854,0.16814073943516494,0.888561805434483
HU32,HU,2020,27900,25656.587949679983,10.152555657764601,6298.454351742455,8.811395805780405,19.3,19.4,1.0390060468074975,1.522590750133726,1.1915804112416293
HU32,HU,2021,30000,26523.088348407287,10.185770891079462,7225.265092638922,8.748059541285338,20.1,19.3,1.395409755349769,1.169589622824907,1.1579116772630582
HU32,HU,2022,32100,27177.59414792739,10.21014816825861,7632.513122408385,8.885339203330222,20.8,20.1,1.6569810623598018,1.9347101401896776,1.4272615490916332
HU32,HU,2023,37100,26656.511805026657,10.190788745150892,7891.667710583782,8.94017244388805,21.6,20.8,1.4492519723538912,2.240320139219799,1.662942686941636
HU33,HU,2000,11500,18520.90446434323,9.826655344175236,3438.429974292705,NA,10.3,NA,-2.2359821354698974,NA,NA
HU33,HU,2001,13600,19465.834597658373,9.876416135963716,3564.6937578404663,8.142770243362087,10.4,10.3,-1.7596594612619374,-1.6143717191970584,-1.682449013804098
HU33,HU,2002,16000,20069.490611241425,9.906956060862482,3936.2061842332782,8.178833426729529,10.6,10.4,-1.4673237050359145,-1.44873570673239,-1.6571407552576662
HU33,HU,2003,16200,20123.223690748284,9.909629834577535,4157.012018680991,8.277972641005748,11.3,10.6,-1.4417296780840427,-0.9933953125059057,-1.6065242381648028
HU33,HU,2004,18400,21570.1675204858,9.979066505717707,4311.530047461445,8.332551830439458,12.9,11.3,-0.7770645934492153,-0.7427164079498824,-1.4293664283397798
HU33,HU,2005,20100,22631.312278331363,10.027089725383409,5580.561350847984,8.369048119511419,13.7,12.9,-0.3173743917241871,-0.5750911672703566,-1.0244342915968707
HU33,HU,2006,19900,23024.94561947517,10.04433349931725,4573.660318207196,8.627044650825855,13.9,13.7,-0.15231269920693136,0.6098712427652091,-0.8219682232254163
HU33,HU,2007,22300,23275.232230456113,10.055145079773519,4357.609292802953,8.428069108206158,15.5,13.9,-0.04882156230471424,-0.30401134828952603,-0.7713517061325523
HU33,HU,2008,24300,24216.453236334648,10.094787566926085,4743.996547995297,8.379678858617895,16.6,15.5,0.3306461835669802,-0.5262648277537342,-0.36641956938964326
HU33,HU,2009,21500,22915.48980527163,10.039568371590265,4651.063380799161,8.464635213020319,17.5,16.6,-0.1979256868681456,-0.13606544814331997,-0.0880287253788928
HU33,HU,2010,22200,22678.285031310334,10.029163139079238,4583.241092247503,8.444851156480022,17.4,17.5,-0.2975271601822385,-0.22693241910154102,0.13974560153899326
HU33,HU,2011,22900,23274.95959914218,10.055133366338914,4753.886498630389,8.430161688896273,17,17.4,-0.0489336862138089,-0.2944002521824572,0.11443734299256109
HU33,HU,2012,22300,22810.498966878746,10.034976189957145,4246.216128462519,8.466717772715143,18.4,17,-0.24188319150822907,-0.12650037785943544,0.013204308806834144
HU33,HU,2013,23500,23991.09777138015,10.085438114327452,4637.3926193839825,8.35378354263109,18.2,18.4,0.24115089814042667,-0.6452004424460077,0.36751992845687936
HU33,HU,2014,23200,23752.969121140144,10.07546281727594,4815.2158725723075,8.441907551797797,18.9,18.2,0.1456648739671633,-0.24045221675412853,0.3169034113640159
HU33,HU,2015,24300,24300,10.09823162932864,5034.698152732813,8.479536156575591,18.8,18.9,0.36361360540176574,-0.06762631876006735,0.4940612211890385
HU33,HU,2016,24200,23995.08199972237,10.085604171653557,3947.2549558706773,8.524108853550798,20,18.8,0.24274044016335736,0.13709337324677934,0.4687529626426072
HU33,HU,2017,25800,24411.24431113929,10.102799137554383,5420.178830923063,8.280775668426115,19.6,20,0.4073349300503197,-0.9805211776851348,0.7724520651997889
HU33,HU,2018,27400,25502.606105733434,10.146535926149271,6111.112810406389,8.597884088524632,20.8,19.6,0.8259943475559823,0.4759385499247124,0.671219031014062
HU33,HU,2019,28900,26194.38225670495,10.173300249075414,7460.826314200264,8.71786416494485,21.5,20.8,1.0821891027306232,1.0269997591077105,0.9749181335712437
HU33,HU,2020,28200,25932.465239461486,10.16325094688135,6149.065443635876,8.917421453042296,21.6,21.5,0.9859946829282296,1.9435542718345278,1.1520759433962664
HU33,HU,2021,30700,27141.960409870124,10.208836164010458,6890.708570180153,8.724055388869004,22.1,21.6,1.422347718056472,1.0554356748344043,1.1773842019426985
HU33,HU,2022,32700,27685.58656190734,10.228667216025848,7710.83857310321,8.837929199094473,22.8,22.1,1.612175479810744,1.5784511739856277,1.3039254946748577
HU33,HU,2023,37400,26872.063113423097,10.198842479957989,8207.349667393837,8.950382224988385,22.2,22.8,1.3266856889373173,2.094941096932064,1.4810833044998803
IE04,IE,2000,45000,60575.059228946804,11.011638523462983,NA,NA,NA,NA,-1.1500070308554884,NA,NA
IE04,IE,2001,48800,61473.3447546105,11.02635894121739,NA,NA,NA,NA,-1.0151164914191595,NA,NA
IE04,IE,2002,53000,63472.29374498509,11.058358770689349,NA,NA,NA,NA,-0.7218860728700265,NA,NA
IE04,IE,2003,53900,62119.67545638945,11.036818052786476,NA,NA,NA,NA,-0.9192744287062137,NA,NA
IE04,IE,2004,55400,63521.91161969408,11.059140190236663,NA,NA,NA,NA,-0.7147255353077188,NA,NA
IE04,IE,2005,59200,65855.34073464302,11.095215808433018,NA,NA,NA,NA,-0.38414662917930453,NA,NA
IE04,IE,2006,60800,65398.846915067545,11.088259906021777,NA,NA,NA,NA,-0.44788703683436193,NA,NA
IE04,IE,2007,65000,69090.13605442178,11.14316725071555,NA,NA,NA,NA,0.055256383979340115,NA,NA
IE04,IE,2008,64100,68481.44270421572,11.134318078120222,NA,NA,NA,NA,-0.025833003894285448,NA,NA
IE04,IE,2009,55100,61720.0976768152,11.030364889055482,NA,NA,NA,NA,-0.9784079907604601,NA,NA
IE04,IE,2010,61900,71459.90625937983,11.176891819785046,NA,NA,NA,NA,0.3642914528162994,NA,NA
IE04,IE,2011,61700,69924.52231464902,11.15517168665103,NA,NA,NA,NA,0.16525902561503694,NA,NA
IE04,IE,2012,60000,66377.55553588812,11.103114259285384,7402.613333431154,NA,36.7,NA,-0.31176917943824806,NA,NA
IE04,IE,2013,59000,64444.95417854529,11.073566714822183,7336.701433530779,8.909588370014731,38.6,36.7,-0.5825280857516689,-1.2081673395960433,-1.2371441528298923
IE04,IE,2014,63700,69395.2697918142,11.147573985552599,8977.675200573343,8.900644624623194,38.4,38.6,0.09563749606730823,-1.2296607876029504,-0.7989015630986254
IE04,IE,2015,65900,65900,11.095893720490599,7693.582131750071,9.102496241428982,39.2,38.4,-0.3779345824382995,-0.744574613858506,-0.8450323620177068
IE04,IE,2016,65400,65315.742691927415,11.08698836878042,22907.040639507508,8.948141770913262,39.9,39.2,-0.45953876759783285,-1.11551650021883,-0.6605091663413828
IE04,IE,2017,66000,64940.81530241757,11.0812316002811,12329.09067519813,10.03919959379568,41.5,39.9,-0.5122909123561376,1.506494029155333,-0.49905137012460105
IE04,IE,2018,69400,67670.34595733063,11.122403341631271,16953.34782233137,9.419716844468658,41.2,41.5,-0.13501368470445113,0.017764231856446884,-0.13000497877195463
IE04,IE,2019,73400,69213.28819696556,11.144948149138845,21759.800312036314,9.738220604947708,42.5,41.2,0.07157564563396535,0.7831867384428245,-0.19920117715057511
IE04,IE,2020,84400,81316.4791120703,11.306103970101441,12276.312628438804,9.987819524091204,46.4,42.5,1.5483269162587527,1.3830183700842091,0.10064901582344918
IE04,IE,2021,90800,86558.62726406101,11.368577235175225,16079.475890025344,9.415426882052602,48.7,46.4,2.120800644025634,0.007454671364224535,1.0001995947455238
IE04,IE,2022,97600,86249.5581477554,11.365000211955909,11956.379859969324,9.685298948297868,49.6,48.7,2.0880225938588604,0.656006365361206,1.5307037823149534
IE04,IE,2023,102000,87569.43311669915,11.380187279007812,14920.734688688663,9.389020294392044,52,49.6,2.2271892738583783,-0.056005164987901666,1.7382923774508166
IE05,IE,2000,56200,75651.51841481801,11.233892790592307,NA,NA,NA,NA,-1.0207415971708391,NA,NA
IE05,IE,2001,62600,78857.20044341429,11.275393906464341,NA,NA,NA,NA,-0.9096453418337122,NA,NA
IE05,IE,2002,69100,82753.49995808433,11.323621587910852,NA,NA,NA,NA,-0.7805424321958134,NA,NA
IE05,IE,2003,70800,81596.9020837175,11.309546575571197,NA,NA,NA,NA,-0.8182204833012585,NA,NA
IE05,IE,2004,72300,82899.53447840943,11.325384725648144,NA,NA,NA,NA,-0.7758226072913286,NA,NA
IE05,IE,2005,73600,81874.20739982645,11.312939292277889,NA,NA,NA,NA,-0.8091383631313961,NA,NA
IE05,IE,2006,77100,82931.76146631099,11.32577339761894,NA,NA,NA,NA,-0.7747821533275575,NA,NA
IE05,IE,2007,79300,84289.96598639456,11.342018109460714,NA,NA,NA,NA,-0.7312959333373173,NA,NA
IE05,IE,2008,72900,77882.95121899105,11.26296235320821,NA,NA,NA,NA,-0.942923941354719,NA,NA
IE05,IE,2009,77200,86475.34556533817,11.367614629927344,NA,NA,NA,NA,-0.6627754245810946,NA,NA
IE05,IE,2010,76800,88661.07917157304,11.392576280248122,NA,NA,NA,NA,-0.59595442906319,NA,NA
IE05,IE,2011,82400,93383.80289671116,11.444473192655115,NA,NA,NA,NA,-0.45702918546844906,NA,NA
IE05,IE,2012,82500,91269.13886184618,11.421567990403918,18564.39028137934,NA,37.3,NA,-0.518345180096012,NA,NA
IE05,IE,2013,77400,84543.04158337975,11.345016051512145,15090.889739179556,9.829000523700694,39.1,37.3,-0.7232706036893464,-1.0942150687849483,-1.2857655861605752
IE05,IE,2014,83200,90638.71972808383,11.414636770801645,16255.517822772495,9.621846512195964,38.9,39.1,-0.5368996822232867,-1.410428151529055,-0.861462942727585
IE05,IE,2015,160800,160800,11.987916635727004,40065.05360333531,9.696187688445464,40.3,38.9,0.9977396862641325,-1.2969490431790784,-0.9086076808868067
IE05,IE,2016,145700,145512.28914700035,11.888015823518424,65649.84438423057,10.598259752120557,40.9,40.3,0.7303105844603989,0.08003123366931458,-0.5785945137722597
IE05,IE,2017,162900,160285.73958733064,11.984713373862675,27090.974697978178,11.09209050934322,42.6,40.9,0.9891647265187505,0.8338459677454114,-0.4371602992945962
IE05,IE,2018,167400,163227.8950037053,12.002902632173887,44900.158123322064,10.206955914423688,42.5,42.6,1.0378563928336093,-0.5172798775610895,-0.03643002494121663
IE05,IE,2019,180300,170015.74743750528,12.043646343727646,115056.25738199406,10.712196595401696,43.2,42.5,1.1469251175425004,0.25395169116061767,-0.060002394020827486
IE05,IE,2020,192600,185563.43456143053,12.131152067863553,75028.21594173176,11.65317648235474,45.6,43.2,1.3811732351603188,1.6903233486162008,0.10500418953644684
IE05,IE,2021,217400,207244.99523355576,12.241656924255086,49537.85892066931,11.225619534324672,49.4,45.6,1.676988792976176,1.0376731797723202,0.6707410474470991
IE05,IE,2022,239900,212000.7069635914,12.26434488838251,38496.02820496903,10.81049248290609,50.5,49.4,1.7377232528290598,0.4039967971330042,1.5664910724722982
IE05,IE,2023,214400,184067.51431588526,12.123057894920187,43482.17438726354,10.558310351446856,50.4,50.5,1.3595055694803937,0.01904992295729953,1.8257871323480144
IE06,IE,2000,69800,93958.64742623304,11.450610043460989,NA,NA,NA,NA,-1.4367821752300194,NA,NA
IE06,IE,2001,75900,95611.20628842084,11.468045312759873,NA,NA,NA,NA,-1.3554875582759143,NA,NA
IE06,IE,2002,83400,99879.0433647501,11.511715166501927,NA,NA,NA,NA,-1.1518701680570398,NA,NA
IE06,IE,2003,89600,103263.87608334869,11.545042894852408,NA,NA,NA,NA,-0.9964745235299933,NA,NA
IE06,IE,2004,94500,108354.16332240235,11.593160430983122,NA,NA,NA,NA,-0.7721191320837573,NA,NA
IE06,IE,2005,98800,109907.22406389748,11.60739187129688,NA,NA,NA,NA,-0.7057628591074541,NA,NA
IE06,IE,2006,102100,109822.73470441441,11.606622842220276,NA,NA,NA,NA,-0.7093485751143248,NA,NA
IE06,IE,2007,102700,109162.41496598639,11.600592097754424,NA,NA,NA,NA,-0.7374678460527363,NA,NA
IE06,IE,2008,100000,106835.32403153779,11.579043900181688,NA,NA,NA,NA,-0.8379396218364946,NA,NA
IE06,IE,2009,98400,110222.46118690773,11.610255976954821,NA,NA,NA,NA,-0.6924085272421382,NA,NA
IE06,IE,2010,101900,117637.55166124078,11.675363580323175,NA,NA,NA,NA,-0.38883434172790593,NA,NA
IE06,IE,2011,107700,122056.25694145379,11.712237339902032,NA,NA,NA,NA,-0.21690478278425807,NA,NA
IE06,IE,2012,112700,124679.17514824322,11.733499118109014,26069.76341351788,NA,44.6,NA,-0.11776848121819208,NA,NA
IE06,IE,2013,117900,128780.67962119474,11.765866078459789,25697.811246849487,10.168531431839106,46.4,44.6,0.03314743516821514,-1.259118704494995,-1.5946343552080064
IE06,IE,2014,124800,135958.07959212575,11.820101878909808,30926.739378041526,10.154161101764286,47.9,46.4,0.28603017229150884,-1.2950159813266953,-1.1330296734372685
IE06,IE,2015,136400,136400,11.823347024391499,35710.77615738475,10.3393764407248,49.2,47.9,0.30116116077077754,-0.832345586038236,-0.7483591052949863
IE06,IE,2016,140000,139819.63267385072,11.84810853292657,37592.88968612174,10.483207775367267,49.6,49.2,0.41661549170521617,-0.47305298734000484,-0.4149779462383406
IE06,IE,2017,150400,147986.34274975155,11.904875269770415,68116.32208355662,10.534570207403046,50.7,49.6,0.6812991079055173,-0.3447489447788398,-0.3123991280670657
IE06,IE,2018,160800,156792.38659854128,11.962677830863377,45781.46104287255,11.128972141592017,51.7,50.7,0.950812413519865,1.1400750411549891,-0.03030737809605837
IE06,IE,2019,166800,157285.78298710973,11.965819703443021,75791.62276017583,10.731634507433139,51.5,51.7,0.9654618762555548,0.1475203138250819,0.22613966733212978
IE06,IE,2020,178200,171689.5329119778,12.053443083536237,79722.46247275353,11.235743047847155,53.9,51.5,1.374019323736895,1.4067901937963316,0.17485025824649142
IE06,IE,2021,194500,185414.68064823642,12.130350112626479,40299.35967329277,11.286306662870668,56.5,53.9,1.7326101412225454,1.5330987807710303,0.7903231672741426
IE06,IE,2022,208700,184429.12689996464,12.125020532620017,45788.114058192565,10.604090858808364,57,56.5,1.70776015710562,-0.17108542723795805,1.4570854853874322
IE06,IE,2023,213100,182951.4333055744,12.116976004828112,50266.19965724556,10.73177981804148,58,57,1.670251312578546,0.14788330166927396,1.5853090081015262
ITC1,IT,2000,57300,77040.98096160051,11.252092779537366,18334.262597254,NA,8.9,NA,1.4958591068372595,NA,NA
ITC1,IT,2001,59400,77490.05283412694,11.25790485657641,17528.846729451325,9.816526861384895,9.2,8.9,1.6117962574667621,0.9135325033742121,-1.520239409695728
ITC1,IT,2002,60500,76400.4647168763,11.24374405781774,18459.926973240694,9.771603187357023,9.4,9.2,1.3293219117743276,0.4925485699056958,-1.4402877943992303
ITC1,IT,2003,61700,75523.89345867607,11.232204354822498,16917.952012239213,9.823357552103227,9.6,9.4,1.0991322092993823,0.9775435423004997,-1.386986717534898
ITC1,IT,2004,63500,75734.98717872264,11.234995514669802,17771.490356922197,9.73613058636858,10.3,9.6,1.1548092275966269,0.1601315221546858,-1.3336856406705664
ITC1,IT,2005,64400,75240.6766987569,11.22844727724423,18114.655730204562,9.785350786901546,11.2,10.3,1.024187423435021,0.6213786056773117,-1.1471318716454042
ITC1,IT,2006,65900,75323.75498634114,11.229550835303538,17451.93694167748,9.804476598467636,11.8,11.2,1.0462007890684888,0.8006083672251878,-0.907277025755911
ITC1,IT,2007,67200,74960.67910805716,11.224718976477151,17586.90530435689,9.767205920993646,12.9,11.8,0.9498166666950069,0.45134137725679163,-0.7473737951629148
ITC1,IT,2008,67200,73200.2222149603,11.200953735668296,17155.31907472961,9.774909887310478,13.7,12.9,0.47575648392501024,0.5235359631527873,-0.45421787240908923
ITC1,IT,2009,63400,67858.28962859894,11.125176833608544,14522.1836076539,9.750063554637483,13.7,13.7,-1.0358129686683741,0.29069866550756274,-0.24101356495176182
ITC1,IT,2010,66400,70647.31667872494,11.165455406906258,16620.042723182636,9.583432663273975,14.1,13.7,-0.23235097252000705,-1.2708149373213546,-0.24101356495176182
ITC1,IT,2011,67700,70806.27111376068,11.16770285081239,16387.65203694805,9.718364638994741,14,14.1,-0.18751979754999504,-0.006354825390995988,-0.13441141122309785
ITC1,IT,2012,65500,67358.41877397394,11.117783174382577,15574.728894081512,9.704283405645885,15.2,14,-1.1832989323996947,-0.13831137461738857,-0.16106194965526371
ITC1,IT,2013,67400,68540.51415554833,11.135180296940415,14437.751263172158,9.653404937024641,15.9,15.2,-0.8362676035032474,-0.6150982428449642,0.1587445115307277
ITC1,IT,2014,67700,68230.1482519174,11.1306418026331,14047.94539488516,9.57760167062247,16.2,15.9,-0.9267997995845434,-1.3254577125523774,0.34529828055588974
ITC1,IT,2015,68700,68700,11.13750447821044,14555.109102070428,9.550231428828987,16.6,16.2,-0.7899057001453014,-1.5819467976404682,0.4252498958523873
ITC1,IT,2016,70100,69235.93552465233,11.145275306305638,15382.543488665315,9.585697351999821,17,16.6,-0.634896112120784,-1.2495923283402395,0.5318520495810518
ITC1,IT,2017,71600,70218.79627722694,11.159371307411252,15869.853769458208,9.640988605762628,18.1,17,-0.35371432590620716,-0.7314528395479721,0.6384542033097153
ITC1,IT,2018,72300,70154.67018572066,11.158457657594333,16017.505527426889,9.672176599203159,19.3,18.1,-0.37193947256809445,-0.4391872481932048,0.9316101260635412
ITC1,IT,2019,72600,69715.18561908236,11.1521734441671,15745.060252934252,9.681437498599859,19.3,19.3,-0.4972946242301566,-0.35240249739432133,1.2514165872495326
ITC1,IT,2020,68000,64284.36377387029,11.071071704508501,14902.98848868273,9.664281960325786,19.6,19.3,-2.1150819563574803,-0.5131686444131078,1.2514165872495326
ITC1,IT,2021,74300,69349.81052474378,11.146918693579819,19828.401211955676,9.609317041532385,20,19.6,-0.6021144341303994,-1.0282500178125038,1.3313682025460307
ITC1,IT,2022,78300,70642.36737639841,11.165385347972208,21424.070758992908,9.894870593551225,19.9,20,-0.23374848207387094,1.6476989143743976,1.4379703562746942
ITC1,IT,2023,83400,70811.1871487035,11.167772277774363,21218.52174707185,9.97227037071643,20.9,19.9,-0.1861348943400128,2.3730194351398657,1.411319817842528
ITC2,IT,2000,55500,74620.84543401097,11.220175176569061,22079.613162178466,NA,7.6,NA,-1.143316333814647,NA,NA
ITC2,IT,2001,58600,76446.41575891983,11.244345326790778,23704.980277319086,10.002409980408684,8.4,7.6,-0.5695303662719949,0.522647927665454,-1.4463202968298006
ITC2,IT,2002,60000,75769.05591756327,11.235445255003045,23849.610309345746,10.073440443330771,7.7,8.4,-0.780813136758679,0.940494638265407,-1.2504976812178186
ITC2,IT,2003,65100,79685.66392479435,11.285844973125679,23028.964966224186,10.079523156952215,7.8,7.7,0.41564823239277254,0.9762770585634384,-1.4218424698783025
ITC2,IT,2004,68500,81698.3719959449,11.310789354039334,22635.350498739874,10.044508048957363,10.1,7.8,1.0078140073673145,0.7702957500507854,-1.397364642926805
ITC2,IT,2005,71900,84003.17786709039,11.338609908860924,22440.49996176363,10.027268144563065,10.3,10.1,1.6682585565094228,0.6688795823127713,-0.8343746230423573
ITC2,IT,2006,73200,83667.66107739258,11.334607814762343,23009.817515299637,10.018622639324429,11.5,10.3,1.5732510611696615,0.6180211790752567,-0.7854189691393616
ITC2,IT,2007,73900,82434.43729293786,11.319758556902203,23419.320568294705,10.043676252328673,11.4,11.5,1.2207379112548884,0.7654025891323855,-0.49168504572138905
ITC2,IT,2008,77100,83984.18352341426,11.338383768708477,24975.01922748543,10.061316625983437,11.8,11.4,1.6628901146510957,0.8691745737452756,-0.5161628726728866
ITC2,IT,2009,73600,78775.55389061329,11.274357997900195,21886.991437631263,10.125631373385744,10.8,11.8,0.14295380834361715,1.2475151411522267,-0.4182515648668957
ITC2,IT,2010,75100,79903.81750861813,11.288578909193959,23144.559250260667,9.993647741036042,11,10.8,0.48055035909648697,0.4711028194297981,-0.6630298343818729
ITC2,IT,2011,77200,80742.15849309195,11.29901612792489,22158.12338450619,10.049515010305466,12.2,11,0.7283241458974004,0.7997499059627481,-0.6140741804788776
ITC2,IT,2012,77600,79801.72972305921,11.287300458930543,21932.421104047284,10.005959452460557,14.5,12.2,0.45020065855181773,0.5435281973445117,-0.3203402570609051
ITC2,IT,2013,76400,77692.80833062154,11.26051797519463,18384.675580412644,9.995721236779486,16.1,14.5,-0.18560065847098223,0.48330045042076275,0.2426497628235428
ITC2,IT,2014,76000,76595.14427098555,11.246288963001202,16715.332680381107,9.819272747695138,15.2,16.1,-0.5233895200911204,-0.554682658813643,0.6342949940475068
ITC2,IT,2015,76700,76700,11.247656987355347,16493.601462522853,9.72408170176,15.5,15.2,-0.49091338028792014,-1.1146574046659392,0.41399455148402675
ITC2,IT,2016,76500,75557.04804045512,11.232643253097585,15425.570066383345,9.710727794528497,15.8,15.5,-0.8473311087047523,-1.1932136463232816,0.4874280323385201
ITC2,IT,2017,77700,76201.12389302421,11.241131490818255,15313.4630802932,9.643781805392685,18,15.8,-0.6458250506699845,-1.5870328641276612,0.5608615131930135
ITC2,IT,2018,78600,76267.73273302411,11.242005227864775,15015.28513530684,9.636487660348829,18.8,18,-0.6250830175416606,-1.6299417005315198,1.0993737061259632
ITC2,IT,2019,79300,76148.95619274424,11.240446650977153,16825.49994280165,9.616823970267548,18.9,18.8,-0.6620827688568145,-1.7456161292302679,1.2951963217379452
ITC2,IT,2020,74900,70807.33598033655,11.167717889855568,16200.083756977538,9.730650868353884,18.8,18.9,-2.388623240700091,-1.07601335618707,1.3196741486894425
ITC2,IT,2021,80900,75510.08979073717,11.232021565920551,21112.744183312985,9.69277169139091,18.9,18.8,-0.862089617655304,-1.2988429541241364,1.2951963217379452
ITC2,IT,2022,88000,79393.72067845543,11.282174559453658,21131.19648305502,9.957632126866246,19.6,18.9,0.3285146465125388,0.2592358923115863,1.3196741486894425
ITC2,IT,2023,92400,78452.68216475063,11.270250947057301,23995.554432016106,9.95850573385577,20.8,19.6,0.045454698076639245,0.26437500857118446,1.4910189373499272
ITC3,IT,2000,57100,76772.07701409057,11.248596272478636,17913.828916544862,NA,10.7,NA,0.8482773564735867,NA,NA
ITC3,IT,2001,60000,78272.78064053226,11.26795519242991,16992.03360404625,9.793328258724094,11.1,10.7,1.2322036394563436,1.2957882135474077,-1.8032110650645181
ITC3,IT,2002,60500,76400.4647168763,11.24374405781774,17210.928711437373,9.740499901678966,11.1,11.1,0.7520481895737131,0.857909765914826,-1.6979474749719192
ITC3,IT,2003,64000,78339.20877399138,11.268803507270826,17660.67644351578,9.753299851226505,11.7,11.1,1.2490274273789939,0.9640047185339992,-1.6979474749719192
ITC3,IT,2004,66700,79551.55346174489,11.284160561692733,15431.311556442068,9.779095777134224,14.5,11.7,1.5535886754551487,1.177819431379756,-1.5400520898330212
ITC3,IT,2005,67500,78862.51051500141,11.275461242012407,15877.103388962772,9.644153942162378,14.5,14.5,1.381063685540789,0.05932692994366115,-0.8032069591848298
ITC3,IT,2006,67500,77152.55632136611,11.253539991673561,15872.003853358367,9.672633311926484,14.6,14.5,0.9463212421549796,0.29538390614696236,-0.8032069591848298
ITC3,IT,2007,69600,77637.8462190592,11.259810296288421,16395.420411683197,9.67231207230174,16.1,14.6,1.0706739823911104,0.29272124699818286,-0.7768910616616802
ITC3,IT,2008,71400,77775.23610339532,11.261578357484732,15075.258201628789,9.7047573316266,17.6,16.1,1.1057381887049973,0.5616502953513363,-0.3821525988144344
ITC3,IT,2009,68500,73316.9217596061,11.202546717433544,15909.11038181865,9.620810149251612,18.6,17.6,-0.06497785331967074,-0.13416278606038934,0.01258586403281094
ITC3,IT,2010,68900,73307.23071030344,11.202414528443482,15868.409417802466,9.674647204106561,18.4,18.6,-0.06759942661680404,0.31207645595990285,0.2757448392643078
ITC3,IT,2011,69400,72584.27201321996,11.19250353840692,16570.451691815564,9.67208558277619,17.9,18.4,-0.26415427445923584,0.29084394307657274,0.2231130442180077
ITC3,IT,2012,68100,70032.18806881871,11.156710244896837,13353.385971325195,9.71537636966377,18.8,17.9,-0.9740072087977429,0.6496683248936009,0.09153355660225926
ITC3,IT,2013,69000,70167.58867556135,11.158641783619414,12678.502753348183,9.499525262480415,20,18.8,-0.9357009146417358,-1.1394569294178882,0.32837663431060704
ITC3,IT,2014,70100,70648.94228152747,11.165478416755416,12779.207250531128,9.447663141630352,19.3,20,-0.8001167418351727,-1.569326534284828,0.6441674045884032
ITC3,IT,2015,71100,71100,11.171842615791332,12279.363517060367,9.455574695532684,19.7,19.3,-0.6739018865554557,-1.5037500307763936,0.4599561219263555
ITC3,IT,2016,71600,70717.44627054362,11.166447586231694,13849.371102344614,9.415675369499592,19.6,19.7,-0.7808961636446411,-1.8344636081460697,0.5652197120189538
ITC3,IT,2017,72500,71101.43477791834,11.171862795305282,13269.612553300287,9.535995102811569,19.6,19.6,-0.6735016862445615,-0.8371693330807077,0.5389038144958047
ITC3,IT,2018,73200,71027.96483533543,11.170828949396881,14307.597845256616,9.49323192971088,22,19.6,-0.6940049280466997,-1.191620482056953,0.5389038144958047
ITC3,IT,2019,73700,70771.47631028059,11.167211321531642,16246.283102359603,9.568545992998759,22,22,-0.7657497579758428,-0.5673647421098039,1.170485355051397
ITC3,IT,2020,69300,65513.32955190016,11.090008905528252,14142.386186057009,9.695619429432206,21.7,22,-2.2968287999922476,0.48590895771931625,1.170485355051397
ITC3,IT,2021,76000,70936.54912356027,11.169541082142437,19230.953104020387,9.556931679531191,21.9,21.7,-0.7195459235783889,-0.6636323119521256,1.0915376624819477
ITC3,IT,2022,80100,72266.32984482136,11.188113599049764,15912.780597265242,9.864276400746197,22.3,21.9,-0.35121559317714285,1.8838561382136376,1.1441694575282468
ITC3,IT,2023,86300,73273.44665387424,11.201953566499045,17238.389430140014,9.674877876473913,23.5,22.3,-0.07674122824467226,0.3139884302058791,1.2494330476208462
ITC4,IT,2000,62500,84032.4835968592,11.338958712559027,18272.17071325456,NA,9.7,NA,1.373050809237554,NA,NA
ITC4,IT,2001,63900,83360.51138216685,11.330929991591299,18476.81150871045,9.813134455300368,10.3,9.7,1.0394875255249167,0.7897474829966163,-1.6412058315392282
ITC4,IT,2002,65700,82967.11622973178,11.326199618271508,18735.22140019085,9.824271792901941,11,10.3,0.8429582322441146,0.888977263317092,-1.4913141010611248
ITC4,IT,2003,66400,81276.92910301607,11.305617480393543,17089.152534338587,9.838160528622112,11.3,11,-0.012152503824111852,1.0127210379735252,-1.3164404155033385
ITC4,IT,2004,68400,81579.10429960045,11.30932843339966,17665.946520941307,9.746199186485626,11.9,11.3,0.14202369377936078,0.19337766304604828,-1.2414945502642867
ITC4,IT,2005,70200,82017.01093560146,11.314681955165689,18597.496299967792,9.77939414006973,12.6,11.9,0.3644424709272626,0.4891330823155319,-1.091602819786184
ITC4,IT,2006,71300,81495.95949205043,11.308308721215328,18522.101007764748,9.830782243112273,13.1,12.6,0.09965847196945046,0.9469830962432091,-0.9167291342283973
ITC4,IT,2007,73700,82211.34003368768,11.317048528143339,19389.14062921746,9.826719947109403,14.1,13.1,0.462764713877727,0.9107894605304372,-0.7918193588299782
ITC4,IT,2008,75900,82677.03669814712,11.322697172540776,19104.96268985536,9.872468426945986,15.2,14.1,0.6974447309449433,1.318392405379537,-0.5419998080331401
ITC4,IT,2009,73400,78561.48988547575,11.271636907785833,17369.51256891759,9.85770340697961,15.5,15.2,-1.4239180175372539,1.1868412447606862,-0.26719830215661816
ITC4,IT,2010,77500,82457.33497893348,11.320036286783171,17178.54124794019,9.76247179717864,15.9,15.5,0.5868948943696638,0.3383609294310293,-0.1922524369175665
ITC4,IT,2011,79400,83043.10083356865,11.32711503914725,17579.121419770858,9.751416282034489,15.9,15.9,0.8809905408171832,0.23986015857096557,-0.09232461659883114
ITC4,IT,2012,77700,79904.56700363016,11.288588289114973,15660.430784109321,9.774467193868071,16.5,15.9,-0.7196516166570649,0.445235715931278,-0.09232461659883114
ITC4,IT,2013,78300,79624.959323137,11.285082882018912,14332.64841398639,9.658892477730253,17.2,16.5,-0.8652881515935203,-0.5844945574275147,0.057567113879271686
ITC4,IT,2014,79600,80223.33531540066,11.292569715565207,13953.759089574169,9.57029531979513,17.9,17.2,-0.5542382605398318,-1.373864228476992,0.23244079943705825
ITC4,IT,2015,80400,80400,11.294769455167058,13932.5352876028,9.543504219735999,19.3,17.9,-0.4628473194602344,-1.6125635539815042,0.4073144849948448
ITC4,IT,2016,81500,80495.41719342604,11.295955532511911,14665.007073315077,9.541982052195037,19.3,19.3,-0.4135702483705082,-1.62612553406185,0.7570618561104188
ITC4,IT,2017,82500,80908.52923004502,11.301074526785289,15009.28473411251,9.593219463737727,20.4,19.3,-0.20089521009260483,-1.1696181286606866,0.7570618561104188
ITC4,IT,2018,83000,80537.17324225194,11.296474136226212,15218.597766835814,9.616424270868002,21.3,20.4,-0.3920242065310631,-0.9628714180652393,1.0318633619869402
ITC4,IT,2019,83400,80086.03967811941,11.290856831701051,15506.407015545354,9.630273496214448,21.2,21.3,-0.6254021692923027,-0.839479667011335,1.2567009577040953
ITC4,IT,2020,79600,75250.51994705993,11.228578092182731,14474.509049761578,9.649008573340982,21.6,21.2,-3.212850524107178,-0.6725566864876457,1.231719002624411
ITC4,IT,2021,87800,81950.38175063935,11.313869242497177,17046.193412413348,9.580144384751081,21.2,21.6,0.3306773036592062,-1.2861125065750667,1.3316468229431468
ITC4,IT,2022,93100,83994.94767232046,11.338511929258472,19125.28714036145,9.743682197516367,21.8,21.2,1.3544886365776463,0.1709521721950482,1.231719002624411
ITC4,IT,2023,97400,82697.95717366571,11.322950179058152,19156.34098566219,9.858766672457138,23.5,21.8,0.7079562040769406,1.1963145680567824,1.3816107331025143
ITF1,IT,2000,49300,66284.82306120254,11.101716236865316,13876.430053566433,NA,9.2,NA,2.125251024313325,NA,NA
ITF1,IT,2001,50200,65488.22646924532,11.089625656905495,14755.420059927543,9.537947000227312,9.3,9.2,1.7262804890751082,-0.33076581632632074,-1.9491041248473502
ITF1,IT,2002,50600,63898.570490478356,11.065052269074364,14269.86594612997,9.599365755960457,11,9.3,0.9153965010296271,0.4214638503836505,-1.9211032535972006
ITF1,IT,2003,51300,62793.772032902474,11.047611176087878,14068.604821482057,9.56590531632234,10.9,11,0.3398672685956288,0.011655233186815165,-1.4450884423446626
ITF1,IT,2004,52900,63092.611366211466,11.05235894763541,14072.06560230821,9.551700985382398,14.3,10.9,0.49653642440141116,-0.1623131092396362,-1.4730893135948118
ITF1,IT,2005,53900,62973.17506309001,11.050464122048874,13856.676074360934,9.551946948310182,14.7,14.3,0.434010095560644,-0.15930066444193705,-0.5210596910897352
ITF1,IT,2006,55100,62979.34597492256,11.050562109953946,13970.267961640446,9.536522422507446,14.6,14.7,0.4372435456567741,-0.3482134121075469,-0.40905620608913834
ITF1,IT,2007,56800,63359.621627048306,11.056582054675152,14559.901715108434,9.544686633286839,14.3,14.6,0.6358924587366807,-0.2482217812087394,-0.43705707733928756
ITF1,IT,2008,57200,62307.332004400734,11.039834386524944,16016.052795467114,9.586026571391933,16,14.3,0.08324517894653903,0.2580914368205934,-0.5210596910897352
ITF1,IT,2009,57000,61008.241464197796,11.018764239999914,15152.485511200635,9.681346797969843,16.1,16,-0.6120372363366468,1.4255312752464435,-0.045044879837197134
ITF1,IT,2010,58700,62454.781461463164,11.04219807725792,16743.06717511601,9.625919857626378,16.4,16.1,0.16124333619017492,0.7466867046649344,-0.01704400858704743
ITF1,IT,2011,60200,62962.14949849916,11.050289023208936,14073.406783893875,9.725739551579894,17.4,16.4,0.4282321032623713,1.96923402294645,0.0669586051633997
ITF1,IT,2012,60600,62319.392025997266,11.04002792481664,15919.392243450548,9.55204225185089,17.5,17.4,0.0896316447805426,-0.15813342896462992,0.34696731766489275
ITF1,IT,2013,60800,61828.831760494635,11.032125067994276,15230.3061325759,9.675293283007012,17.5,17.5,-0.17115047045358092,1.3513905101241557,0.37496818891504247
ITF1,IT,2014,61500,61981.59700875805,11.034592797527344,13095.631034986896,9.631042546315944,16.5,17.5,-0.08971919288847767,0.809427122630314,0.37496818891504247
ITF1,IT,2015,61700,61700,11.030039209893479,13699.350513304002,9.4800339447831945,17,16.5,-0.23998057832858463,-1.040059221490099,0.0949594764135494
ITF1,IT,2016,61900,61137.01011378002,11.020872691955645,12820.385646597731,9.525103702904403,17,17,-0.5424615660133337,-0.48806482294646997,0.23496383266429594
ITF1,IT,2017,63000,61784.69504839801,11.031410959836185,12905.727503071392,9.458791811660106,18.3,17,-0.1947149408924068,-1.3002234421528525,0.23496383266429594
ITF1,IT,2018,63100,61227.658211880684,11.022354297976783,12775.551613045807,9.46542648430042,19.3,18.3,-0.49357084702138315,-1.218964915675422,0.5989751589162371
ITF1,IT,2019,63300,60784.72795713381,11.015093851486482,13363.43415999014,9.455288593243104,20.6,19.3,-0.7331544097561806,-1.3431293068317682,0.8789838714177302
ITF1,IT,2020,59600,56343.35413121573,10.9392195734037,12560.549922104688,9.500277461962938,21,20.6,-3.236888840866847,-0.7921256057829014,1.2429951976696714
ITF1,IT,2021,64500,60202.72919038996,11.005472965657832,14779.381947291888,9.438316222670776,21.2,21,-1.0506288387147422,-1.5509993704060152,1.3549986826702682
ITF1,IT,2022,68300,61620.35366293757,11.028747511552195,16386.647314687914,9.600988376800503,21.6,21.2,-0.282604636090977,0.441336990422619,1.4110004251705666
ITF1,IT,2023,72700,61726.29862962523,11.030465352949136,18157.87534863473,9.70422209405233,22.2,21.6,-0.2259185131862529,1.705697751148124,1.5230039101711645
ITF2,IT,2000,51200,68839.41056254705,11.139531687862133,19622.050044314572,NA,9.1,NA,1.2411736874652939,NA,NA
ITF2,IT,2001,53200,69401.86550127194,11.147669026555409,19547.09737559384,9.884409215138724,8.8,9.1,1.3669262518058054,1.0567607098054912,-1.8223609642554799
ITF2,IT,2002,53900,68065.86856594433,11.128231170695894,15685.464194065275,9.880582082553845,10.4,8.8,1.0665380890720713,1.0407114674604085,-1.907784134454955
ITF2,IT,2003,54800,67077.94751273013,11.113610617865126,16449.282458261663,9.660489714963099,11,10.4,0.8405954215922995,0.11774481620752277,-1.4521938933910854
ITF2,IT,2004,56100,66909.17764923371,11.111091421299806,18959.042741107503,9.708037135683595,12.7,11,0.8016643361222333,0.3171369357911996,-1.281347552992134
ITF2,IT,2005,58400,68230.6757640901,11.130649533968105,19680.319337745932,9.850036286196222,13.3,12.7,1.103910919975466,0.9126163786453723,-0.7972829218617726
ITF2,IT,2006,60600,69265.8505640709,11.145707286870346,21487.57369697852,9.887374396986075,13.4,13.3,1.3366099770059026,1.0691953252806372,-0.626436581462821
ITF2,IT,2007,61400,68490.85858980223,11.134455564101144,21172.170655279184,9.975230079445712,14.3,13.4,1.1627284360243342,1.4376218451138354,-0.5979621913963292
ITF2,IT,2008,60200,65575.1990675686,11.090952840453967,19487.351590532566,9.960442893368555,15.1,14.3,0.49044733029260157,1.3756111549454908,-0.34169268079790227
ITF2,IT,2009,61300,65610.61757465481,11.09149281510753,17514.059150788198,9.877520897713303,14.6,15.1,0.4987919746442669,1.0278742593733268,-0.11389756026596759
ITF2,IT,2010,62000,65965.86798314677,11.09689273546896,16301.11533250989,9.770759217419632,14.8,14.6,0.5822411044249337,0.5801646380837447,-0.25626951059842695
ITF2,IT,2011,62000,64844.73868616193,11.079751055939251,17550.815520921984,9.698988809761305,15.1,14.8,0.31733752363315626,0.2791923983801177,-0.1993207304654429
ITF2,IT,2012,61600,63347.76483170679,11.056394902280845,12912.555105278292,9.77285569624299,16.4,15.1,-0.04360311388789457,0.5889563106901075,-0.11389756026596759
ITF2,IT,2013,59200,60201.75724048162,11.005456820912114,12951.281684961334,9.465955381010524,16.7,16.4,-0.8307885311542047,-0.698043140128077,0.25626951059842645
ITF2,IT,2014,59100,59562.80297914798,10.994786547126923,11909.26808071625,9.468950034041983,17,16.7,-0.9956844930012801,-0.6854849359960292,0.34169268079790227
ITF2,IT,2015,59900,59900,11.00043178410354,12337.598425196851,9.385072206280965,18,17,-0.9084442965589058,-1.0372301539261042,0.4271158509973781
ITF2,IT,2016,60100,59359.19721871049,10.991362353806256,10886.859269049535,9.420406661436104,18.4,18,-1.048601190597675,-0.8890536219301115,0.7118597516622968
ITF2,IT,2017,60300,59136.779546323814,10.987608337177793,11671.942527201236,9.295311769284316,19.7,18.4,-1.1066149018858913,-1.4136443424628067,0.8257573119282638
ITF2,IT,2018,61400,59578.10165149721,10.995043363582711,11303.719624294356,9.364943166201572,19.6,19.7,-0.9917157104425621,-1.1216421347611614,1.1959243827926584
ITF2,IT,2019,62900,60400.62225124354,11.008754686042746,11147.569656187832,9.332887120827314,19.2,19.6,-0.7798240804095383,-1.2560705166962622,1.167449992726167
ITF2,IT,2020,59200,55965.21081489884,10.932485541222354,10441.378485884545,9.318976785074874,19.2,19.2,-1.9584699378257595,-1.3144040979456866,1.053552432460199
ITF2,IT,2021,64600,60296.06675502622,11.007022152644662,15481.515976205068,9.253531891598094,19.5,19.2,-0.8065982538619255,-1.5888500264214227,1.053552432460199
ITF2,IT,2022,67100,60537.71201732227,11.011021788953087,15761.317536969194,9.647402073628161,20.2,19.5,-0.744788792418533,0.06286123878984706,1.138975602659675
ITF2,IT,2023,72000,61131.96012837711,11.020790087425718,16463.832063764254,9.665313959979077,21.9,20.2,-0.5938317500144964,0.13797549170055223,1.3382963331251176
ITF3,IT,2000,43600,58621.060557168974,10.97884930617166,16993.405171534574,NA,8.9,NA,0.6526156544607014,NA,NA
ITF3,IT,2001,45100,58835.040114800075,10.982492876716444,17342.724894556635,9.740580616687422,8.7,8.9,0.796254645610886,1.1852497851981085,-1.5705993390692414
ITF3,IT,2002,45500,57458.20073748548,10.958813018737848,16444.30655245266,9.760928383003348,9.1,8.7,-0.13726670901065277,1.2836677051274665,-1.6472139409750586
ITF3,IT,2003,46100,56428.71132001567,10.940733373913758,17265.05212661779,9.707734590051052,9.6,9.1,-0.8500131512619425,1.0263803756862735,-1.493984737163425
ITF3,IT,2004,47700,56890.691156300316,10.948887006665451,15869.680356816787,9.756439629027053,10.5,9.6,-0.5285758226121303,1.2619565343501697,-1.3024482323988833
ITF3,IT,2005,49600,57949.341059912134,10.967324477864805,15999.458777405316,9.672165671970216,11,10.5,0.19827706245896234,0.8543409057365037,-0.9576825238227082
ITF3,IT,2006,51200,58521.64272079919,10.97715192584054,16812.4923149531,9.680310174237624,11.2,11,0.5857005239962968,0.8937341717870806,-0.7661460190581666
ITF3,IT,2007,53700,59901.61410867068,11.000458730462865,17518.079069923184,9.72987747924093,11.3,11.2,1.5045151487545783,1.1334809321531727,-0.6895314171523502
ITF3,IT,2008,54500,59366.251647549645,10.991481189808392,14598.796211438037,9.770988716351573,11.9,11.3,1.1505972358807097,1.3323274482440024,-0.6512241161994413
ITF3,IT,2009,55000,58867.601412822434,10.983046157397835,13924.760862411526,9.588694353025767,12.6,11.9,0.8180664035886979,0.45060747098386267,-0.4213803104819915
ITF3,IT,2010,55500,59050.09150104268,10.986141371176258,14046.80456120282,9.541423891392117,12.9,12.6,0.9400877502491394,0.2219700649977733,-0.15322920381163346
ITF3,IT,2011,56200,58778.61797035968,10.981533427793806,13001.376136649737,9.550150215528655,12.5,12.9,0.7584306832053487,0.264177482598947,-0.03830730095290819
ITF3,IT,2012,56600,58205.90080315916,10.971742016950508,11634.501218849467,9.472810487506617,13.8,12.5,0.3724278987986907,-0.10989872024568101,-0.19153650476454165
ITF3,IT,2013,56900,57862.837617962905,10.96583062015444,10233.855779287316,9.361730205788652,14.3,13.8,0.13938532101979495,-0.6471709742175075,0.3064584076232669
ITF3,IT,2014,56800,57244.792034105,10.955091948441977,9829.66321440145,9.233456696954553,14.3,14.3,-0.28396094114596676,-1.2676032971310762,0.4979949123878086
ITF3,IT,2015,57600,57600,10.961277846683982,10849.085365853658,9.19315995155749,14.9,14.3,-0.040096805151247465,-1.462510285953622,0.4979949123878086
ITF3,IT,2016,57400,56692.47787610619,10.945396815590614,10292.607336050618,9.291836057337319,15.2,14.9,-0.6661681976599408,-0.9852344549461074,0.7278387181052585
ITF3,IT,2017,58100,56979.21876685594,10.950441897302518,10282.428137400557,9.23918118215909,15.5,15.2,-0.46727800506968675,-1.239915151034374,0.842760620963983
ITF3,IT,2018,58800,57055.25044149896,10.951775383334196,10872.783688518419,9.238191711254537,15.6,15.5,-0.41470853071785707,-1.244701016310433,0.9576825238227082
ITF3,IT,2019,59400,57039.69732470375,10.95150274870495,11202.315491132033,9.294018036430169,15.7,15.6,-0.42545649418285736,-0.9746806752184751,0.9959898247756165
ITF3,IT,2020,55700,52656.45679712611,10.871544146265633,10366.004593072423,9.323875776195004,16.1,15.7,-3.5776317703295883,-0.830264988709075,1.0342971257285247
ITF3,IT,2021,60500,56469.226604939424,10.9414511068929,12903.019252326478,9.246286941839697,16.5,16.1,-0.8217182576206492,-1.2055460671543443,1.1875263295401588
ITF3,IT,2022,64400,58101.76831468783,10.969951378085758,13879.610345894172,9.465216613532146,16.9,16.5,0.30183627531135154,-0.14662871159555327,1.3407555333517915
ITF3,IT,2023,67900,57650.834621066744,10.962160002974313,14562.68682946366,9.53817616060436,17.8,16.9,-0.005319918571868068,0.20626146565281944,1.4939847371634243
ITF4,IT,2000,44300,59562.2243734538,10.994776832867762,12947.38398237053,NA,8.6,NA,1.5818606416664989,NA,NA
ITF4,IT,2001,45600,59487.31328680451,10.993518346728152,12823.930688235108,9.468649037637745,8.9,8.6,1.5543156448546684,1.075978325996413,-1.4657958953777506
ITF4,IT,2002,45900,57963.3277769359,10.967565809847443,12277.712137036491,9.45906828942724,9.1,8.9,0.986281939009179,0.9827905457766634,-1.3426047665335787
ITF4,IT,2003,47300,57897.57148452801,10.966430719409042,11926.230079468365,9.415540876284714,9.1,9.1,0.9614377539817741,0.5594182871244139,-1.2604773473041315
ITF4,IT,2004,49200,58679.70660146699,10.979849232269418,12600.83692190556,9.386495461754912,9.2,9.1,1.2551341899814663,0.2769061444269345,-1.2604773473041315
ITF4,IT,2005,50500,59000.84120011217,10.985306980415237,12556.165730214787,9.441518513107159,9.4,9.2,1.3745901383186512,0.8120914873431784,-1.2194136376894078
ITF4,IT,2006,51200,58521.64272079919,10.97715192584054,12483.257687647641,9.437967117159124,10.5,9.4,1.1960971496474462,0.7775486001064656,-1.1372862184599597
ITF4,IT,2007,51200,57112.89836804355,10.95278526099351,12173.887555007219,9.432143640524394,11.2,10.5,0.6627740685254017,0.7209061700134808,-0.6855854126979976
ITF4,IT,2008,50800,55335.88226964261,10.921176842723629,12688.941151490504,9.407048572524209,11.9,11.2,-0.029052208353948807,0.4768173337327363,-0.39813944539493107
ITF4,IT,2009,51400,55014.44932034679,10.915351144626484,12220.8182037474,9.448486117628299,11.2,11.9,-0.1565616265841824,0.8798623528860414,-0.11069347809186379
ITF4,IT,2010,52500,55858.19466314849,10.930571520021449,11965.448509100283,9.410896186600935,11.6,11.2,0.17657290587794255,0.5142414061615692,-0.39813944539493107
ITF4,IT,2011,52900,55327.204459644614,10.921020009758415,11972.818719328703,9.389778484729794,11.6,11.6,-0.03248487510396953,0.3088386842158688,-0.23388460693603558
ITF4,IT,2012,53000,54503.758702604864,10.906024945293492,10496.056061379642,9.390394252812836,12.4,11.6,-0.36068793581259806,0.3148279931433247,-0.23388460693603558
ITF4,IT,2013,53200,54100.2277904328,10.898593675369753,10048.957389551348,9.258754852383367,13.2,12.4,-0.5233391561276816,-0.9655713291173958,0.09462506998175538
ITF4,IT,2014,53600,54019.73332795824,10.897104690791627,9946.407282386825,9.215224165772414,14,13.2,-0.5559291657959966,-1.3889754273765018,0.4231347468995456
ITF4,IT,2015,54100,54100,10.898589464834572,10714.627682311704,9.204966687801535,13.3,14,-0.5234313138197572,-1.4887454643044167,0.7516444238173365
ITF4,IT,2016,54100,53433.154235145375,10.88618669811753,10298.487384782828,9.279365159969556,13.3,13.3,-0.7948957018062393,-0.7651038111945948,0.46419845651427005
ITF4,IT,2017,54200,53154.45193052654,10.880957141890253,10127.049780290352,9.239752307587024,14,13.3,-0.9093571210255631,-1.1504008360817906,0.46419845651427005
ITF4,IT,2018,54900,53270.973626501574,10.8831468769451,10662.369135578188,9.222965318921107,14.8,14,-0.86142950131957,-1.3136805900195536,0.7516444238173365
ITF4,IT,2019,55300,53102.61383932858,10.879981430864639,10548.685456687572,9.2744759183908,15.3,14.8,-0.9307129041715929,-0.812659342315095,1.0801541007351276
ITF4,IT,2020,52600,49725.84609567026,10.81428011907606,9903.971068791112,9.26375652987899,15.3,15.3,-2.368744175862721,-0.9169221826257817,1.2854726488087467
ITF4,IT,2021,57200,53389.08697194272,10.885361640241857,12823.301553194095,9.200691073756047,15.8,15.3,-0.8129540783267983,-1.5303325066962155,1.2854726488087467
ITF4,IT,2022,60700,54763.623240707326,10.910781443040904,13734.271537060042,9.459019228769527,16.2,15.8,-0.2565805395018992,0.9823133540492652,1.490791196882366
ITF4,IT,2023,63400,53830.08711304318,10.893587829852843,13904.237872670423,9.527649560141432,17.5,16.2,-0.6329041282508604,1.6498508047549727,1.6550460353412606
ITF5,IT,2000,45400,61041.19608475852,11.019304260863974,18496.750103720093,NA,6.9,NA,0.8957860481144416,NA,NA
ITF5,IT,2001,47400,61835.49670602048,11.032232858908841,18944.249700618384,9.825350325565438,6.7,6.9,1.3090792194646454,1.4041378235139224,-1.8185468340698583
ITF5,IT,2002,47900,60488.962974188005,11.010216197197813,16459.913607336446,9.849255718583898,8.1,6.7,0.6052646287784009,1.6530315255083876,-1.8767200985811332
ITF5,IT,2003,47200,57775.16647081864,10.964314316502664,17407.22503494837,9.708683225574301,9.1,8.1,-0.8620973989991052,0.18944512235942917,-1.4695072470022084
ITF5,IT,2004,48800,58202.63581608922,10.971685921630257,16869.80815133955,9.764640630911298,9.5,9.1,-0.6264466307911802,0.772051974193045,-1.1786409244458331
ITF5,IT,2005,50400,58884.007851201044,10.983324819211246,16902.49964949995,9.733280803296308,10.7,9.5,-0.2543817807917119,0.44554558364862096,-1.062294395423283
ITF5,IT,2006,52600,60121.84388894604,11.004128513538742,17104.08665478121,9.735216798228253,11.4,10.7,0.4106574426857592,0.46570241375311155,-0.7132548083556332
ITF5,IT,2007,54400,60682.454516046266,11.013409882809944,17152.916091778505,9.747072699597947,12.5,11.4,0.7073583322373619,0.5891414712120621,-0.5096483825661703
ITF5,IT,2008,55500,60455.5406686056,11.009663508891581,17996.87573023255,9.749923472645893,12.8,12.5,0.5875966417268877,0.6188226170899589,-0.18969542775415774
ITF5,IT,2009,54600,58439.47340254736,10.975746854916224,16838.600467990167,9.797953451270557,12.4,12.8,-0.4966293071669015,1.118892169486628,-0.102435530987245
ITF5,IT,2010,55000,58518.10869472698,10.97709153565634,15878.98679114691,9.731429176741155,12.5,12.4,-0.45364341143346376,0.4262671644372155,-0.21878206000979517
ITF5,IT,2011,56800,59406.14769958061,10.992152996621266,16906.176110468412,9.672751928681611,12.5,12.5,0.027831760565773984,-0.1846576373893008,-0.18969542775415774
ITF5,IT,2012,57400,59028.59904772678,10.985777335066892,13407.898606086224,9.735434284474035,13.7,12.5,-0.17598131909826265,0.46796679638860594,-0.18969542775415774
ITF5,IT,2013,59900,60913.60234298732,11.017211784143559,13651.159785653237,9.503599260498031,15.1,13.7,0.8288950877213885,-1.9458097654443562,0.15934415931349216
ITF5,IT,2014,58500,58958.10447174546,10.984582376952682,15268.554294545722,9.521579762985624,15.1,15.1,-0.2141809774787486,-1.7586037310402431,0.5665570108924174
ITF5,IT,2015,60900,60900,11.016988453697989,16000,9.633550717538444,15.5,15.1,0.8217558025654716,-0.5928054790313653,0.5665570108924174
ITF5,IT,2016,59600,58865.3603034134,10.9830080863364,14710.735888058722,9.680344001221918,15.9,15.5,-0.26450689519793064,-0.1056119158272935,0.68290353991496755
ITF5,IT,2017,59900,58744.49576823875,10.980952738566057,14718.98370430558,9.596332838724813,16.5,15.9,-0.3302109410105173,-0.980303631902272,0.7992500689375177
ITF5,IT,2018,62000,60160.29808457373,11.004767913474707,15027.217289657607,9.596893348072303,15.9,16.5,0.4310973717777567,-0.9744678254634617,0.9737698624713427
ITF5,IT,2019,60800,58384.06729531966,10.974798311308472,15019.596651784512,9.617618321870447,17,15.9,-0.5269517438650837,-0.7586874177380962,0.7992500689375177
ITF5,IT,2020,55800,52750.992626205334,10.87333786871966,13973.465754841842,9.61711107088195,17.6,17,-3.7703744211423644,-0.7639687187512085,1.1192030237495303
ITF5,IT,2021,63300,59082.678414754795,10.986693071006236,16791.862926034566,9.544915507012004,17.6,17.6,-0.14670765700609617,-1.5156409939274995,1.2937228172833557
ITF5,IT,2022,67500,60898.5925658607,11.016965342853934,17847.688487297542,9.728649698415374,17.5,17.6,0.8210170098519299,0.3973283116192414,1.2937228172833557
ITF5,IT,2023,71400,60622.52712730731,11.0124218377552,19779.171960050957,9.789629282312447,19.7,17.5,0.6757731384913214,1.0322241433047754,1.2646361850277177
ITF6,IT,2000,42600,57276.54081961923,10.955646409091996,15466.141535167233,NA,10.4,NA,2.1164905108770675,NA,NA
ITF6,IT,2001,43500,56747.765964385886,10.94637156830245,16080.033168465667,9.646408496502204,9.9,10.4,1.827441624748733,0.7693023360101656,-1.5107392217929507
ITF6,IT,2002,43100,54427.43850078294,10.904623689890645,16063.328447011581,9.685333605446356,9.6,9.9,0.5263758677219796,0.9513221514212148,-1.7439405781770976
ITF6,IT,2003,43300,53001.370936153544,10.878073058919599,14776.792757431343,9.684294216775202,10.1,9.6,-0.30107017499991207,0.9464618096213936,-1.883861392007586
ITF6,IT,2004,44900,53551.19565865585,10.888393403519364,14499.318554933636,9.600813172133929,11.7,10.1,0.020561665234498847,0.5560915640884309,-1.650660035623439
ITF6,IT,2005,46700,54561.173941489855,10.907077808808774,15347.724940628557,9.581856931092835,11.9,11.7,0.6028580797413132,0.4674492561083107,-0.9044156951941694
ITF6,IT,2006,47900,54749.739967310175,10.910527898211946,14779.980611969168,9.638722529693908,12.3,11.9,0.7103795479431229,0.7333615693007209,-0.8111351526405102
ITF6,IT,2007,49400,55105.02303479201,10.916996153141923,16793.742320169957,9.601028882726581,13.5,12.3,0.9119616478549017,0.55710026010295155,-0.6245740675331926
ITF6,IT,2008,50600,55118.024465431416,10.917232064432612,17266.69543292604,9.72876161506083,13.7,13.5,0.9193137843870616,1.1543982251461986,-0.06489081221124049
ITF6,IT,2009,50700,54265.2253023654,10.901638882762501,15306.677097358504,9.756534805577655,14,13.7,0.43335484501394106,1.2842699492947804,0.02838973034241792
ITF6,IT,2010,51600,54900.62561178023,10.913280022911387,15220.835215396002,9.636044423772743,13.8,14,0.7961490610711928,0.7208383327923523,0.16831054417290636
ITF6,IT,2011,51000,53340.026983778356,10.884442303618487,15723.33498708342,9.630420506085857,13.7,13.8,-0.10257371263826248,0.6945400259405281,0.07503000161924796
ITF6,IT,2012,51100,52549.85037175677,10.869517528951029,13758.963951861464,9.662901192788278,14.3,13.7,-0.5677018578251366,0.8464247286007357,0.02838973034241792
ITF6,IT,2013,51600,52473.15327041979,10.868056951509672,12593.865026352443,9.52944581445647,14,14.3,-0.6132205133048289,0.22236678789157288,0.3082313580033948
ITF6,IT,2014,51700,52104.8547211836,10.861013404229254,10827.512974894333,9.440965071693531,15.2,14,-0.8327315045977242,-0.19138281749166386,0.16831054417290636
ITF6,IT,2015,51800,51800,10.855145428247575,11778.1019058732,9.28984567141587,15.7,15.2,-1.0156060099201365,-0.8980404503073767,0.7279937994948584
ITF6,IT,2016,52100,51457.80657395701,10.848517461024416,10917.3097403169,9.373997315689296,15.1,15.7,-1.222165517152694,-0.5045343774236318,0.9611951558790053
ITF6,IT,2017,53200,52173.74248531388,10.862334629792251,9312.626782173218,9.298104858170253,15.1,15.1,-0.7915557274632088,-0.8594192186844892,0.6813535282180293
ITF6,IT,2018,54300,52688.77719342506,10.872157755369505,9285.109841599242,9.13912647678824,15.2,15.1,-0.4854196361995771,-1.602826659753417,0.6813535282180293
ITF6,IT,2019,55000,52814.534559910884,10.874541707568822,9248.100012985256,9.136167303722136,15.9,15.2,-0.4111241584192592,-1.6166642095990564,0.7279937994948584
ITF6,IT,2020,52200,49347.70277935338,10.806646494220988,8831.449033707078,9.132173405406586,15.8,15.9,-2.527067303638209,-1.6353402943650572,1.0544756984326644
ITF6,IT,2021,57000,53202.4118426702,10.881859009690656,11592.809075895693,9.086074383612088,16.2,15.8,-0.1830816425666405,-1.850906433170306,1.0078354271558354
ITF6,IT,2022,59800,53951.64200649585,10.895843405932037,12662.065007126093,9.358140277622141,16.6,16.2,0.2527397638023756,-0.5786843341030257,1.1943965122631521
ITF6,IT,2023,62900,53405.55961215167,10.885670132116056,13668.855963943048,9.446365795123912,19,16.6,-0.06430863967021136,-0.16612820142124074,1.3809575973704706
ITG1,IT,2000,45500,61175.64805851349,11.021504481773576,15257.90166058776,NA,9.3,NA,1.2668345507864607,NA,NA
ITG1,IT,2001,47700,62226.860609223135,11.038542028102107,14447.076734646029,9.632852789524396,9,9.3,1.7247476312798316,1.2545669345655077,-1.5016957970560336
ITG1,IT,2002,48400,61120.37177350103,11.020600506503529,14042.893489840353,9.578247370974127,9.2,9,1.2425386755110472,0.9520620493291805,-1.6565792200707818
ITG1,IT,2003,49800,60957.69682726204,11.017935407941762,14265.35068384402,9.549871745366346,9.5,9.2,1.1709096117535756,0.7948658296886556,-1.553323604727617
ITG1,IT,2004,50800,60587.98974297812,11.011851963355593,14383.254430141034,9.56558884686061,9.8,9.5,1.0074066755474107,0.8819359430583236,-1.3984401817128687
ITG1,IT,2005,51900,60636.50808486775,11.012652434305766,14611.04963567134,9.57381992209083,10.3,9.8,1.0289206959099175,0.927534723069455,-1.2435567586981204
ITG1,IT,2006,52200,59664.643555189796,10.99649488868367,15655.900883791888,9.589533345810338,10.9,10.3,0.594659133455019,1.0145844621821307,-0.9854177203402074
ITG1,IT,2007,53500,59678.5168494205,10.996727382850008,14372.606097038892,9.658603178179012,11.5,10.9,0.6009078102216797,1.3972197805936832,-0.6756508743107118
ITG1,IT,2008,54500,59366.251647549645,10.991481189808392,13536.419487034955,9.573079319417591,11.9,11.5,0.45990743550654656,0.9234319081360275,-0.3658840282812163
ITG1,IT,2009,53900,57690.249384565985,10.962843450080316,12500.664144011835,9.51313907183825,12.5,11.9,-0.30978060315725026,0.5913729624045986,-0.1593727975948856
ITG1,IT,2010,54900,58411.71213346384,10.975271698939354,12954.603035796355,9.43353705339991,12.4,12.5,0.024249756052992563,0.15039109482487284,0.15039404843460996
ITG1,IT,2011,55500,58046.499952935264,10.96899969164655,12336.144159240092,9.469206450751084,12.1,12.4,-0.14432112410450687,0.34799358993683327,0.09876624076302752
ITG1,IT,2012,56200,57794.55168087535,10.964649788641017,10720.625174637853,9.420288781795149,13,12.1,-0.2612321772985558,0.07699788609617338,-0.05611718225172072
ITG1,IT,2013,56900,57862.837617962905,10.96583062015444,10025.968021468598,9.279924751453985,13.4,13,-0.22949531886667146,-0.7005953641153168,0.4085330867925231
ITG1,IT,2014,56000,56438.52735756831,10.94090731345002,9749.15852059314,9.212933808258079,13.3,13.4,-0.8993516426020961,-1.0717139842334866,0.6150443174788538
ITG1,IT,2015,56800,56800,10.947291604709243,9836.885731201894,9.18493625468716,13.2,13.3,-0.7277629395749736,-1.2268157480277102,0.5634165098072713
ITG1,IT,2016,56600,55902.33881163084,10.931361497474231,9620.30327565935,9.193894449221023,13.1,13.2,-1.1559117079429944,-1.1771888486954376,0.511788702135688
ITG1,IT,2017,57900,56783.076877813415,10.946993618023603,9470.826578759,9.171631068699147,13.6,13.1,-0.7357718393623068,-1.3005242529198893,0.4601608944641055
ITG1,IT,2018,58400,56667.11948611461,10.944949418263796,9941.804260373314,9.155971466294968,14,13.6,-0.7907131901358821,-1.3872758309480273,0.7182999328220186
ITG1,IT,2019,58900,56559.565192340924,10.943049612993892,10323.806402748016,9.204503798306842,14.2,14,-0.8417736930219376,-1.1184148293243896,0.9248111635083494
ITG1,IT,2020,56000,52940.06428436377,10.876915690067543,9442.607052823363,9.242207808507317,14.6,14.2,-2.6192355286856173,-0.9095409193452152,1.028066778851514
ITG1,IT,2021,61100,57029.251992756996,10.951319608033655,12491.897339977846,9.152987391861329,14.8,14.6,-0.619503488656822,-1.4038071041815385,1.234578009537845
ITG1,IT,2022,66100,59635.51064597618,10.996006491833091,14148.612502145686,9.432835500307869,15.2,14.8,0.5815326361273062,0.14650460803968957,1.3378336248810108
ITG1,IT,2023,67800,57565.92912088845,10.960686163356012,14565.175639433786,9.557371841878078,16.8,15.2,-0.36776135874169497,0.8364151098659388,1.5443448555673405
ITG2,IT,2000,43900,59024.4164784339,10.985706475897798,18098.659769322294,NA,7.5,NA,1.4141312277675844,NA,NA
ITG2,IT,2001,45400,59226.40401800274,10.989122735255114,17050.470508041133,9.803593168618589,8.3,7.5,1.5258418846498307,1.049499203599662,-1.6121082830935634
ITG2,IT,2002,44800,56574.22841844724,10.943308832201883,18120.68030344181,9.743933078110445,8.2,8.3,0.027740988575784747,0.8198255509568398,-1.3721180532479194
ITG2,IT,2003,46300,56673.52134743439,10.945062385003343,17362.09551083312,9.804809123232255,9.3,8.2,0.08508163951593317,1.0541802681972854,-1.4021168319786252
ITG2,IT,2004,48700,58083.36811974477,10.9696346388597,17507.35418772122,9.762044690078952,9.8,9.3,0.8885869745230002,0.8895498849400183,-1.0721302659408647
ITG2,IT,2005,49600,57949.341059912134,10.967324477864805,18205.573420293553,9.770376310934157,9.4,9.8,0.8130454025135889,0.9216241539857375,-0.9221363722873375
ITG2,IT,2006,51200,58521.64272079919,10.97715192584054,18783.243710097624,9.809483058069734,10.4,9.4,1.1344000053175143,1.0721735309830964,-1.0421314872101595
ITG2,IT,2007,51500,57447.544256918794,10.958627536617737,19510.413709578315,9.840720459365055,11,10.4,0.5286580308417602,1.1924282606266379,-0.7421436999031047
ITG2,IT,2008,52600,57296.602507543335,10.955996607882858,17674.557722268582,9.878703638393786,11.2,11,0.44262744989235103,1.3386522336748155,-0.562151027518872
ITG2,IT,2009,53200,56941.02536658461,10.949771368512963,17031.30676895719,9.779881467666328,11.8,11.2,0.2390639886548431,0.9582161880746272,-0.5021534700574614
ITG2,IT,2010,53800,57241.349959569314,10.955031817591609,14881.451723787983,9.742808504063273,12.4,11.8,0.41107909658649056,0.8154962744357803,-0.3221607976732281
ITG2,IT,2011,54900,57418.97022371435,10.958130019409646,12839.396428929937,9.607870865710739,13,12.4,0.5123893672793687,0.29602639070853276,-0.1421681252889954
ITG2,IT,2012,55200,56766.178875165824,10.946695985024421,11094.796940587037,9.4602735690464,14,13,0.13849987049617174,-0.2721794225306766,0.03782454709523731
ITG2,IT,2013,55100,56032.37878294826,10.933684995181023,10540.378143452792,9.314231533314313,14,14,-0.2869555970407717,-0.8343979424875513,0.33781233440229197
ITG2,IT,2014,55600,56035.39501929996,10.933738823971408,10989.927213601108,9.262968698439721,13.1,14,-0.28519541173159263,-1.0317446516559892,0.33781233440229197
ITG2,IT,2015,57100,57100,10.952559395644101,10479.040852575488,9.304734424409503,14.7,13.1,0.33023164006810474,-0.8709589948281719,0.06782332582594267
ITG2,IT,2016,55700,55013.43236409608,10.915332659198333,10061.82799398823,9.257132431985855,15,14.7,-0.8870714821417643,-1.054212546405044,0.5478037855172301
ITG2,IT,2017,56100,55017.79987643062,10.915412045973303,9854.311205016724,9.216504136290583,16.2,15,-0.8844755583982277,-1.2106194340498442,0.6378001217093466
ITG2,IT,2018,56900,55211.62840342331,10.9189288695619,9756.108464922765,9.19566432419815,16,16.2,-0.7694764812995523,-1.2908465292971392,0.9977854664778121
ITG2,IT,2019,57500,55215.195221725015,10.918993470139656,10317.154419928289,9.18564887703977,17.5,16,-0.767364061772418,-1.3294030301694006,0.9377879090164013
ITG2,IT,2020,54100,51143.88353185858,10.84239818518483,10025.970469157703,9.241563266510733,18,17.5,-3.272006918604448,-1.1141492155051993,1.3877695899769833
ITG2,IT,2021,58600,54695.81287685041,10.909542438439072,12786.348238901106,9.212934052392988,17.4,18,-1.0764099652183206,-1.2243631981309584,1.5377634836305107
ITG2,IT,2022,62600,56477.80584626488,10.941603023081504,14191.681940020142,9.456133336909254,17.9,17.4,-0.02803845830525996,-0.28811808822207063,1.3577708112462774
ITG2,IT,2023,66100,56122.53561785732,10.935292715267302,14937.964551453188,9.560411293082058,18.6,17.9,-0.23438363217037803,0.11332111309906698,1.5077647048998049
ITH1,IT,2000,59500,79998.92438420995,11.289768468368255,20153.683737756655,NA,7,NA,-0.3817847151954299,NA,NA
ITH1,IT,2001,61300,79968.69088774378,11.289390473149977,21215.726474660874,9.911142366435623,7.6,7,-0.3945184270248409,-0.4963598627438167,-1.629677343502906
ITH1,IT,2002,62200,78547.25463454059,11.271455692526077,20760.492757141088,9.962498000493962,7.8,7.6,-0.9986962503024135,-0.01909154446139235,-1.469836921752088
ITH1,IT,2003,64300,78706.42381511947,11.273480055154728,19492.136426077028,9.94080707289125,8.8,7.8,-0.9305005454230896,-0.22067395559805966,-1.4165567811684818
ITH1,IT,2004,66900,79790.08885443378,11.287154575905339,21430.11539788653,9.877766403019399,9.8,8.8,-0.46984020311268027,-0.8065359558404721,-1.1501560782504516
ITH1,IT,2005,68100,79563.51060846809,11.28431085728939,22906.720887186566,9.972552473328838,10.3,9.8,-0.565637958291721,0.07434866768098163,-0.8837553753324214
ITH1,IT,2006,70400,80467.25874109888,11.295605656959074,23088.007525058463,10.03918563500643,10,10.3,-0.18514445676026295,0.6935971220877292,-0.7505550238734064
ITH1,IT,2007,72500,80872.75647818665,11.300632290808677,20889.300694164955,10.04706860694302,10.4,10,-0.01580975669599825,0.766856713332773,-0.8304752347488157
ITH1,IT,2008,74000,80607.3875581408,11.297345581343363,20794.10971819314,9.946992378363912,10.8,10.4,-0.12653076366795257,-0.1631914535293037,-0.7239149535816035
ITH1,IT,2009,73000,78133.36187520069,11.266172413313756,18616.332222572888,9.942425038959176,11.4,10.8,-1.176676689606707,-0.20563755387824675,-0.6173546724143913
ITH1,IT,2010,74100,78839.85189598672,11.27517388272591,19912.639665360224,9.831794550900074,12.6,11.4,-0.873439738467865,-1.2337706488128855,-0.45751425066357343
ITH1,IT,2011,76000,79487.0990346501,11.283350011180492,20820.694204520543,9.899109968147766,12.8,12.6,-0.5980064562818731,-0.608181722234957,-0.1378334071619375
ITH1,IT,2012,79100,81344.28893162348,11.306445906514979,19124.50591964477,9.943702684769695,13.6,12.8,0.1800363903221026,-0.19376388356868302,-0.08455326657833122
ITH1,IT,2013,80200,81557.11031565246,11.309058793894623,19137.68340850019,9.858725824094085,14.8,13.6,0.2680580195021844,-0.9834876233534248,0.12856729575609258
ITH1,IT,2014,80900,81533.51541477279,11.308769446779317,19130.514721553758,9.859414623643083,16.2,14.8,0.25831064015235566,-0.9770863353854778,0.44824813925772894
ITH1,IT,2015,81800,81800,11.312032522590838,19746.20746207462,9.859039968583238,16.3,16.2,0.3682354885425997,-0.9805681537609509,0.8212091233429707
ITH1,IT,2016,81900,80890.48672566371,11.300851503124118,19875.59766359907,9.890716724652949,16.5,16.3,-0.008425043029503552,-0.686183469874869,0.8478491936347741
ITH1,IT,2017,83200,81595.02584169389,11.309523581271815,21029.42926985575,9.897248010194886,16.8,16.5,0.28371554170596786,-0.6254856375147085,0.9011293342183799
ITH1,IT,2018,83400,80925.30419763627,11.301281837794315,22974.959135344237,9.953678129472358,17.7,16.8,0.006071853797550099,-0.10105811126820086,0.9810495450937892
ITH1,IT,2019,84900,81526.4360752079,11.308682615653652,22902.880288254863,10.04216016856482,17.1,17.7,0.2553855170857537,0.7212406446557675,1.2208101777200158
ITH1,IT,2020,82300,77802.9873321989,11.261935107015418,21767.278403997832,10.039017958412783,17.7,17.1,-1.3194209221443705,0.6920388368609522,1.0609697559691984
ITH1,IT,2021,89500,83537.12034945583,11.333046367136916,27952.00580922172,9.988163130519924,17.6,17.7,1.0761392607037943,0.21942470931663713,1.2208101777200158
ITH1,IT,2022,96500,87062.43233489714,11.374380753320391,28092.25644593427,10.238244240202297,18.1,17.6,2.4685911671166902,2.543527854781114,1.1941701074282134
ITH1,IT,2023,103800,88131.909185077,11.38658993914145,29104.459936550564,10.24324924602602,18.9,18.1,2.8798880470756494,2.590041363109494,1.3273704588872284
ITH2,IT,2000,62100,83494.6757018393,11.332538144756105,19846.04780764351,NA,8.9,NA,1.8307062104512013,NA,NA
ITH2,IT,2001,64600,84273.69382297306,11.341825040996367,20735.70093970245,9.89576016340223,10,8.9,2.0581373883164384,0.44970995092495597,-1.6530613170037298
ITH2,IT,2002,64400,81325.4533515179,11.30621432589125,22433.323230792546,9.939612176772847,10.3,10,1.186049806905962,0.818066622942256,-1.3991302221634485
ITH2,IT,2003,65700,80420.09400705053,11.29501934940172,20822.9008102088,10.018302776628467,10.1,10.3,0.911890752759385,1.479067230528558,-1.3298762872070078
ITH2,IT,2004,67200,80147.89194346711,11.29162885630026,20798.740075999125,9.943808660523688,10.4,10.1,0.8288593696514387,0.8533170634538437,-1.3760455771779685
ITH2,IT,2005,68700,80264.51070193476,11.293082843362226,21994.911374616364,9.942647690585503,12.1,10.4,0.8644667439074514,0.8435649223348539,-1.3067916422215278
ITH2,IT,2006,69600,79552.8580735864,11.28417696113545,22350.32142388006,9.998566404432413,13,12.1,0.6463663977462105,1.3132818122311123,-0.9143526774683656
ITH2,IT,2007,71700,79980.36744118598,11.289536476553621,20761.447068477326,10.014595981319962,14.4,13,0.7776180961400202,1.4479301702492466,-0.7065908725990443
ITH2,IT,2008,72200,78646.66732024009,11.272720534037973,20863.179755598434,9.940853039497838,14.8,14.4,0.3658045564702494,0.8284898630326256,-0.38340584280232226
ITH2,IT,2009,70400,75350.5298084127,11.229906235329361,17514.413800876904,9.945741150092298,15.3,14.8,-0.6826949780199738,0.8695499652407016,-0.29106726286040163
ITH2,IT,2010,71600,76179.93786440823,11.240853424390469,17802.24816075121,9.770779466665964,16,15.3,-0.41460410696152894,-0.6001272168029215,-0.17564403793300093
ITH2,IT,2011,73300,76663.215253155955,11.247177279786767,18562.927037716036,9.787080029470655,16.5,16,-0.2597362324617381,-0.4632025785657148,-0.014051523034640107
ITH2,IT,2012,72800,74865.54025565348,11.22344898694401,17977.496937872736,9.82892170067928,16.7,16.5,-0.8408295762813285,-0.11173276969308567,0.1013717018927606
ITH2,IT,2013,75200,76472.50244061177,11.244686509977948,16766.533375090406,9.79687608464554,16.6,16.7,-0.3207338679209402,-0.38091576877612854,0.14754099186372072
ITH2,IT,2014,75100,75688.09650988178,11.23437618148496,15826.69312879412,9.72714011759232,18.3,16.6,-0.5732283604481482,-0.9666975098909748,0.12445634687824106
ITH2,IT,2015,74700,74700,11.221235371120908,15890.759930915374,9.669453232050355,18.7,18.3,-0.8950398571937634,-1.451267032336643,0.5168953116314032
ITH2,IT,2016,75200,74273.07206068268,11.21550374322089,15988.237824046106,9.673493082862688,18.7,18.7,-1.035404393489026,-1.417332307650216,0.6092338915733235
ITH2,IT,2017,75800,74337.77594712014,11.216374526092979,15714.622194983987,9.67960859487983,20.8,18.7,-1.0140793814354123,-1.3659620402173893,0.6092338915733235
ITH2,IT,2018,76500,74230.0452172563,11.214924269262104,17553.03107921571,9.662346907898069,21.2,20.8,-1.049595404304609,-1.5109601162753168,1.0940114362684068
ITH2,IT,2019,77500,74420.48051623807,11.217486458695651,17541.44124950259,9.772981925047596,21.3,21.2,-0.9868487400036541,-0.5816265784660262,1.1863500162103269
ITH2,IT,2020,76300,72130.83758744564,11.186236937622805,17039.702321989193,9.772321431849356,22.1,21.3,-1.7521329858327526,-0.5871747177119329,1.2094346611958073
ITH2,IT,2021,81200,75790.10248464596,11.235722989023738,20473.880932919415,9.743301330863885,21.8,22.1,-0.5402457560367516,-0.8309434069684394,1.3941118210796488
ITH2,IT,2022,87500,78942.61999278239,11.27647653833902,20333.7445923701,9.926905251936745,21.4,21.8,0.45778711556795537,0.7113285239491345,1.324857886123208
ITH2,IT,2023,92900,78877.20966564213,11.275647614229454,21623.272634438752,9.920037080137066,23.5,21.4,0.4374872024729665,0.6536359184673516,1.2325193061812871
ITH3,IT,2000,56900,76503.17306658061,11.245087496948956,16409.496173920656,NA,8.8,NA,1.7799737946714664,NA,NA
ITH3,IT,2001,58100,75794.1425869154,11.235776294065676,17046.228367980908,9.705615481231375,8.7,8.8,1.5444937822084097,0.5107798527287775,-1.4087083335472734
ITH3,IT,2002,58700,74127.3930393494,11.213540419614993,18190.424907106488,9.743684248152006,8.7,8.7,0.9821492539653403,0.8218301336623125,-1.434879813088136
ITH3,IT,2003,59800,73198.1981981982,11.20092608486774,16985.03067827369,9.808650630618478,9.1,8.7,0.6631331460862807,1.352654038717152,-1.434879813088136
ITH3,IT,2004,62500,74542.3102152782,11.219122165513511,17377.81104259133,9.740087686791092,10.2,9.1,1.123311422830622,0.7924435390284714,-1.3301938949246874
ITH3,IT,2005,64000,74773.34330311244,11.222216727493596,17572.734807520985,9.76294944397091,11.2,10.2,1.2015727927924493,0.9792411836236498,-1.0423076199752044
ITH3,IT,2006,64800,74066.45406851146,11.212717997153305,17617.240021673588,9.774103821175666,11.4,11.2,0.9613502171538898,1.0703807829285485,-0.7805928245665832
ITH3,IT,2007,66700,74402.93595993174,11.217250681869626,17456.756463160942,9.776633248269453,12.2,11.4,1.0759816634739798,1.0910480929510584,-0.7282498654848587
ITH3,IT,2008,66100,72002.00429179874,11.184449234996833,16704.67487986102,9.767482042557877,13,12.2,0.24643415868475185,1.0162759020523848,-0.5188780291579621
ITH3,IT,2009,65000,69570.80166969923,11.150100242061,15413.852629143686,9.723443892156745,13.1,13,-0.6222507347727336,0.6564512961589419,-0.30950619283106506
ITH3,IT,2010,65900,70115.33387240925,11.15789679193233,15991.790733986198,9.643021905447785,13.9,13.1,-0.4250762468055265,-6.564481294083606e-4,-0.28333471329020304
ITH3,IT,2011,67700,70806.27111376068,11.16770285081239,15683.906363322385,9.679830790425921,14.1,13.9,-0.1770813425771766,0.3000996556122768,-0.07396287696330595
ITH3,IT,2012,66600,68489.62886025442,11.134437609287714,13371.838782044302,9.660390393190523,13.8,14.1,-1.0183581987482753,0.1412570791207087,-0.02161991788158191
ITH3,IT,2013,68100,69252.35925805403,11.145512492177621,12964.528419169374,9.500906191084145,14.9,13.8,-0.7382747773435849,-1.1618480614549218,-0.10013435650416797
ITH3,IT,2014,68800,69338.76218215535,11.14675936765417,12439.569471397117,9.469972323934405,15.4,14.9,-0.7067413378473103,-1.4146008781497184,0.18775191844531516
ITH3,IT,2015,69800,69800,11.153389288750464,12941.964503984746,9.428637757285694,15.9,15.4,-0.5390708529534696,-1.752335183943051,0.31860931614962573
ITH3,IT,2016,71000,70124.8419721871,11.15803238930641,13151.145588897072,9.46823037291408,16.2,15.9,-0.42164699370703695,-1.4288339200387323,0.4494667138539363
ITH3,IT,2017,71600,70218.79627722694,11.159371307411252,13725.349262239737,9.484264150837836,17.9,16.2,-0.3877857991903264,-1.2978259696628212,0.5279811524765223
ITH3,IT,2018,71700,69572.47375264413,11.15012427603519,14637.045739383455,9.52699971321168,18.9,17.9,-0.6216429163616849,-0.948644481595426,0.972896304671178
ITH3,IT,2019,72300,69427.10633966466,11.148032651501069,14630.205882304726,9.591310973394242,19.4,18.9,-0.6745400315396983,-0.4231734152832021,1.2346111000797992
ITH3,IT,2020,68100,64378.89960294952,11.072541212487861,13367.889219064562,9.590843566526548,20,19.4,-2.5837160233554437,-0.42699247876402147,1.3654684977841096
ITH3,IT,2021,74600,69629.82321865257,11.15094824906582,16137.167007154972,9.500610783216997,19.7,20,-0.6008046657130428,-1.1642617645374986,1.5224973750292827
ITH3,IT,2022,79200,71454.34861060989,11.176814043795831,17236.799060215966,9.688880400218837,19.7,19.7,0.05334042614474907,0.37404173191577356,1.4439829364066963
ITH3,IT,2023,83600,70980.99814906009,11.170167488500319,17438.192086825624,9.754801857617972,20.5,19.7,-0.11475073709626978,0.9126693130585857,1.4439829364066963
ITH4,IT,2000,53500,71931.80595891147,11.183473809718633,15978.709839882915,NA,8.8,NA,1.348468982227528,NA,NA
ITH4,IT,2001,55200,72010.95818928967,11.184573583490861,17576.258378155137,9.679012480133718,9.3,8.8,1.3860631639964327,0.5341047966990496,-1.5633921652075007
ITH4,IT,2002,56800,71728.0396019599,11.18063701850805,16627.39643717947,9.774304314579695,9.7,9.3,1.2514973621506005,1.431536574527737,-1.444953364812993
ITH4,IT,2003,57000,69770.85781433608,11.152971691745705,16054.768140082342,9.718807001733193,10.5,9.7,0.30579802901207814,0.9088784430927045,-1.3502023244973873
ITH4,IT,2004,59000,70367.94084322262,11.161493052676875,15938.047033940511,9.683761164817486,11.3,10.5,0.597088474242183,0.578826577561798,-1.1607002438661749
ITH4,IT,2005,61100,71385.17618469016,11.175845510311472,16860.610181109067,9.676464425009966,12,11.3,1.0877065584071017,0.5101079279955676,-0.9711981632349626
ITH4,IT,2006,62200,71094.65189909589,11.171767393540211,16709.86892505347,9.732735421951325,13.3,12,0.9483020126313451,1.0400523993018262,-0.8053838426826521
ITH4,IT,2007,64300,71725.76884892969,11.18060536019162,16310.270949294738,9.723754777456548,13.5,13.3,1.250415168219106,0.9554752075429233,-0.49744296165693197
ITH4,IT,2008,63700,69387.71064126445,11.14746505071731,16819.650076525348,9.699550307941497,13.5,13.5,0.1175614398287238,0.7275243003683124,-0.4500674414991291
ITH4,IT,2009,61800,66145.77758749867,11.09961633662901,16625.920605166793,9.73030312929896,13.1,13.5,-1.5180779073425628,1.0171457490950946,-0.4500674414991291
ITH4,IT,2010,64200,68306.59233093586,11.131761561119784,15524.081280185766,9.718718238737805,13.6,13.1,-0.4192397253229289,0.908042498090499,-0.5448184818147352
ITH4,IT,2011,65700,68714.50534969094,11.137715596384725,15863.317636004487,9.650147728251035,13.5,13.6,-0.21570960880171697,0.26226465688785067,-0.42637968142022764
ITH4,IT,2012,64300,66124.37140712251,11.099292662984945,14807.581559060955,9.671764655911224,17.1,13.5,-1.529142224492189,0.46584682039709946,-0.4500674414991291
ITH4,IT,2013,66000,67116.82395053693,11.11419002104858,13048.468899486856,9.602894596092119,17.3,17.1,-1.019897504293128,-0.1827520924265029,0.4026919213413262
ITH4,IT,2014,66400,66919.96815254528,11.111252679197259,12868.925561767215,9.47642608015782,17.2,17.3,-1.1203063031429485,-1.373797114847785,0.4500674414991291
ITH4,IT,2015,68000,68000,11.127262984158243,13211.79570328334,9.462570813171023,17.6,17.2,-0.5730170968735437,-1.504282134435704,0.42637968142022725
ITH4,IT,2016,68900,68050.72692793931,11.128008690284707,12946.631986151526,9.488865323424381,17.4,17.6,-0.5475262074084545,-1.256647809616576,0.5211307217358339
ITH4,IT,2017,69600,68257.37738680161,11.131040800785026,13593.58732500338,9.468590955012003,19.9,17.4,-0.4438778788422722,-1.447586126571632,0.47375520157803014
ITH4,IT,2018,70400,68311.04814764501,11.131826791593612,13935.267200039018,9.517353440303188,21.1,19.9,-0.41700991556397793,-0.9883547126667762,1.0659492035505682
ITH4,IT,2019,72100,69235.05348671954,11.145262566627254,13550.416796771162,9.54217811447488,20.7,21.1,0.042272694710813886,-0.7545628919358066,1.3502023244973873
ITH4,IT,2020,68800,65040.650406504064,11.082767744271692,12664.451401884462,9.514172585744081,21.3,20.7,-2.0940227603896777,-1.0183111090210915,1.2554512841817806
ITH4,IT,2021,75200,70189.84860647016,11.1589589728119,15551.54211177106,9.44655424542058,21.2,21.3,0.5104646053462056,-1.655121678606115,1.3975778446551903
ITH4,IT,2022,78600,70913.02778780223,11.169209444410612,16027.301059028476,9.651915083865232,21.3,21.2,0.86086220731674,0.27890911651154865,1.3738900845762883
ITH4,IT,2023,81900,69537.60464602897,11.149622959268687,17263.899780413292,9.682048863307601,22,21.3,0.19132643438460253,0.5627006020558273,1.3975778446551903
ITH5,IT,2000,56600,76099.81714531568,11.239801141025808,NA,NA,NA,NA,1.3296029594748833,NA,NA
ITH5,IT,2001,58100,75794.1425869154,11.235776294065676,NA,NA,NA,NA,1.1889109114728194,NA,NA
ITH5,IT,2002,58900,74379.9565590746,11.216941783438484,NA,NA,NA,NA,0.5305341087012562,NA,NA
ITH5,IT,2003,60100,73565.41323932628,11.205930265452317,NA,NA,NA,NA,0.145616860311065,NA,NA
ITH5,IT,2004,63200,75377.18408968931,11.230259909923967,NA,NA,NA,NA,0.9960808759085026,NA,NA
ITH5,IT,2005,64300,75123.84334984577,11.226893275377497,19920.007154426505,NA,13.4,NA,0.8783972188876878,NA,NA
ITH5,IT,2006,66200,75666.65523665832,11.23409285673804,20539.622664634935,9.899479890296481,14.2,13.4,1.1300648863557203,1.3570399078576012,-1.6348245888410258
ITH5,IT,2007,67700,75518.42225618257,11.232131908866277,20097.695333378826,9.930111112556013,14.8,14.2,1.06151823729395,1.5766703633826933,-1.394605465582753
ITH5,IT,2008,67900,73962.72452969947,11.211316522703843,20332.722555299366,9.908360427442299,15.9,14.8,0.3338981965431486,1.420714690473774,-1.2144411231390477
ITH5,IT,2009,65300,69891.89767740553,11.154705008447749,17262.85446406807,9.919986815772216,16.4,15.9,-1.6450068301780276,1.5040776377102911,-0.8841398286589222
ITH5,IT,2010,67500,71817.67885261949,11.181885948302353,17391.94357181161,9.756312331268822,16.1,16.4,-0.6948732890408114,0.33050704739114645,-0.734002876622502
ITH5,IT,2011,69700,72898.03687783043,11.196816988660638,15780.80595203792,9.763762364864675,17.3,16.1,-0.17294570580176352,0.3839249051073995,-0.8240850478443535
ITH5,IT,2012,68400,70340.69991053156,11.161105856369876,14691.024791139926,9.666549667369251,17.9,17.3,-1.4212595890942867,-0.3131047090830473,-0.463756362956944
ITH5,IT,2013,69700,70879.43377806703,11.168735596788633,14410.428638213785,9.594992027874273,17.8,17.9,-1.1545553352749174,-0.8261837114624597,-0.28359202051323973
ITH5,IT,2014,71300,71858.3392963325,11.182451950135121,13988.575533764293,9.575707434436927,18.7,17.8,-0.6750881996165871,-0.9644571373602012,-0.31361941092052326
ITH5,IT,2015,72600,72600,11.192720200812888,14095.422645857338,9.545996242158424,20.3,18.7,-0.31615251049256915,-1.1774908399996955,-0.04337289725496637
ITH5,IT,2016,74300,73384.16561314791,11.203463463988808,14334.329399183605,9.553605388615317,20.7,20.3,0.05938765623116198,-1.1229321192171908,0.4370653492615804
ITH5,IT,2017,74700,73258.99555738621,11.201756325583425,15364.497975480002,9.570412596559363,21.2,20.7,-2.868608015142021e-4,-1.0024219186910872,0.5571749108907166
ITH5,IT,2018,75200,72968.61961225717,11.197784759385408,15629.480998648909,9.639814800778606,22.1,21.2,-0.1391164331329872,-0.5047977103598409,0.7073118629271373
ITH5,IT,2019,75000,72019.81985442393,11.184696635872662,15119.612847210488,9.656914217403486,22.9,22.1,-0.5966232451316363,-0.3821923297871733,0.9775583765926952
ITH5,IT,2020,72000,68065.79693703914,11.12823011834845,14302.804516271028,9.62374804406248,23.4,22.9,-2.570459784190026,-0.619998764580761,1.2177774998509676
ITH5,IT,2021,79200,73923.3511919207,11.210784040676486,17833.125187380232,9.568210917037934,23.3,23.4,0.3152848212533164,-1.0182082909133452,1.3679144518873882
ITH5,IT,2022,83100,74972.93395885962,11.224882446836853,18418.985904278998,9.788812972412185,22.8,23.3,0.8081069473900087,0.563541516557758,1.3378870614801048
ITH5,IT,2023,87800,74547.02915654876,11.219185469050734,19178.391318697813,9.821137254237254,23.7,22.8,0.6089641029313582,0.7953114629741895,1.187750109443684
ITI1,IT,2000,53300,71662.90201140153,11.17972848698847,15546.153274575134,NA,9.4,NA,1.430738234635523,NA,NA
ITI1,IT,2001,55200,72010.95818928967,11.184573583490861,15179.341509338317,9.651568509163608,9.5,9.4,1.5882065973366564,0.926092118284958,-1.7315309136188322
ITI1,IT,2002,56600,71475.47608223469,11.177109677990082,15739.870179560103,9.627690671177264,10.2,9.5,1.3456254685637514,0.7608943623916691,-1.7064204400922034
ITI1,IT,2003,56800,69526.04778691735,11.149456749638261,16296.537283703765,9.663952274133067,11.4,10.2,0.4468897366121545,1.0117686432548663,-1.5306471254058027
ITI1,IT,2004,59100,70487.20853956706,11.163186533183207,16155.058297097408,9.698707927644415,12.4,11.4,0.8931154276786771,1.252224080131654,-1.2293214430862578
ITI1,IT,2005,60000,70100.00934666791,11.157678206356024,15110.232979334405,9.689988486862264,13.5,12.4,0.7140917062169666,1.1918990184288472,-0.9782167078199707
ITI1,IT,2006,61200,69951.65106470528,11.155559583313357,16198.845136589274,9.623127474031728,14.7,13.5,0.6452352651646399,0.7293240867003605,-0.702001499027055
ITI1,IT,2007,62900,70164.0880341785,11.158591892654442,16727.540535471624,9.692695230814515,14.7,14.7,0.7437870250539184,1.210625505598468,-0.4006758167075107
ITI1,IT,2008,63300,68951.99503284207,11.141165817289323,14795.615102794609,9.724811773937349,15.5,14.7,0.17742976989967102,1.4328223750963074,-0.4006758167075107
ITI1,IT,2009,62600,67002.0336080488,11.112478250271417,13052.543386907202,9.60208613901535,14.9,15.5,-0.7549323008989297,0.5837505499466389,-0.19979202849448086
ITI1,IT,2010,64200,68306.59233093586,11.131761561119784,14145.623889224136,9.476738289309614,15.3,14.9,-0.1282138474582913,-0.2834629510947693,-0.35045486965425304
ITI1,IT,2011,66200,69237.44679070837,11.145297133837122,13793.18584207536,9.557160589459647,16.2,15.3,0.31169988242702173,0.2729351414025567,-0.2500129755477381
ITI1,IT,2012,65800,67666.9306156868,11.122352870072643,12048.434295564923,9.531929969636266,16.9,16.2,-0.434001600833889,0.09837822477539108,-0.024018713808080055
ITI1,IT,2013,66200,67320.20826553856,11.117215741965117,11459.665625814137,9.396689996498635,17,16.9,-0.6009611550303436,-0.8372734905173668,0.15175460087832074
ITI1,IT,2014,67300,67827.01591364905,11.124715859365553,11706.393646229557,9.34658881233993,17.4,17,-0.35720311914188096,-1.183896295955115,0.1768650744049498
ITI1,IT,2015,67500,67500,11.119882876860622,11326.790211144831,9.36789043701766,19.3,17.4,-0.5142777701089153,-1.036521956802013,0.2773069685114643
ITI1,IT,2016,67800,66964.28571428571,11.111914707211444,11463.765423112642,9.334926013897812,20.3,19.3,-0.7732477674581237,-1.2645848461988756,0.7544059655174103
ITI1,IT,2017,68600,67276.66794158895,11.116568768176492,11564.128837465149,9.346946507253353,20.7,20.3,-0.6219881672178146,-1.181421599668715,1.0055107007836974
ITI1,IT,2018,69400,67340.72075918414,11.117520395942373,11930.37627324713,9.35566324432851,21.4,20.7,-0.5910597293383589,-1.1211152434420257,1.1059525948902118
ITI1,IT,2019,72000,69139.02706024697,11.143874641352406,11820.005609658998,9.386843054682357,21,21.4,0.2654680762261905,-0.9053991177785625,1.2817259095766127
ITI1,IT,2020,65700,62110.03970504821,11.03666292482296,10863.748943180848,9.377548765550417,20.8,21,-3.2189730398459706,-0.9697012421207257,1.1812840154700983
ITI1,IT,2021,71700,66923.03384420094,11.11129848946168,14277.361111575621,9.293186740472258,20.8,20.8,-0.7932751910759633,-1.5533561456130585,1.131063068416841
ITI1,IT,2022,76700,69198.84518224468,11.144739453348661,14678.884617973874,9.566430422708521,21.5,20.8,0.2935749527409047,0.33706806880975304,1.131063068416841
ITI1,IT,2023,80600,68433.83314371105,11.133622617922244,15549.593407430475,9.59416531957985,22.4,21.5,-0.06772845414724757,0.5289507143698673,1.3068363831032417
ITI2,IT,2000,51800,69646.12240507691,11.15118230508211,18006.78159701653,NA,10.6,NA,1.5915458721268378,NA,NA
ITI2,IT,2001,53200,69401.86550127194,11.147669026555409,16525.180873681667,9.798503721313619,10.3,10.6,1.5397001547155431,1.2915568105132098,-1.6458715334864298
ITI2,IT,2002,54700,69076.12264484518,11.142964402208879,19145.30675990019,9.712640610117273,11.5,10.3,1.47027365677557,0.864542458169826,-1.7190921239510095
ITI2,IT,2003,55700,68179.59263611438,11.129900570844393,16499.7977829367,9.859812886760317,12.1,11.5,1.2774897075143474,1.5964595005178674,-1.4262097620926897
ITI2,IT,2004,56600,67505.51613095593,11.119964593980292,14613.4277591662,9.711103404233977,13.8,12.1,1.1308637441054112,0.8568976271646612,-1.2797685811635298
ITI2,IT,2005,57000,66595.00887933452,11.106384911968473,15585.802548972219,9.589696094554686,14,13.8,0.9304673477567016,0.25311489683818955,-0.8648519018642425
ITI2,IT,2006,58600,66979.84889528969,11.112147090378045,16119.809400255319,9.65411568583694,15.1,14,1.0155002511333475,0.5734863539906516,-0.8160381748878561
ITI2,IT,2007,59300,66148.33736767544,11.099655034951727,16677.736002777878,9.687804192185217,15,15.1,0.8311540427137736,0.7410260054112672,-0.5475626765177294
ITI2,IT,2008,59500,64812.69675282943,11.079256800690777,18977.656963343707,9.721829935452089,15.2,15,0.5301357541991123,0.910242803191637,-0.5719695400059227
ITI2,IT,2009,57700,61757.46548217917,11.030970145679419,14819.815740290962,9.851017616879968,15.9,15.2,-0.18243407236879422,1.552718871750597,-0.5231558130295362
ITI2,IT,2010,59200,62986.76426777887,11.05067989231383,16036.743724528385,9.603720465594037,16.8,15.9,0.1084241520759643,0.32286088708885186,-0.3523077686121825
ITI2,IT,2011,59500,62230.03148107475,11.038592983445744,14308.193732591384,9.682637851118505,16.8,16.8,-0.0699432778867998,0.7153327623660416,-0.13264599721844234
ITI2,IT,2012,58200,59851.29729229441,10.999618386478764,12525.908355323138,9.56858764044599,18.8,16.8,-0.6450943583412779,0.1481383506286901,-0.13264599721844234
ITI2,IT,2013,58600,59591.60429547673,10.99526997560512,11763.522148119668,9.435554446702465,20.2,18.8,-0.709264187072402,-0.5134622165422416,0.3554912725454245
ITI2,IT,2014,58400,58857.321387178374,10.982871512549051,10549.016215708285,9.372758679001858,20.1,20.2,-0.8922292457929465,-0.8257580756249855,0.6971873613801309
ITI2,IT,2015,59600,59600,10.995410853053441,10273.310999441654,9.263787884860292,19.8,20.1,-0.7071852478935899,-1.367691537345217,0.6727804978919382
ITI2,IT,2016,59600,58865.3603034134,10.9830080863364,10686.082139345412,9.237304646236241,20.7,19.8,-0.8902138160651836,-1.4993979573833212,0.5995599074273579
ITI2,IT,2017,60400,59234.85049084508,10.989265338385422,11081.211733056794,9.276697439119788,21.2,20.7,-0.7978750734806057,-1.303489752965956,0.8192216788210976
ITI2,IT,2018,61200,59384.03617380504,10.991780717947895,12076.788463074281,9.313006316510908,20.7,21.2,-0.7607554266928521,-1.1229184744802525,0.9412559962620644
ITI2,IT,2019,61600,59152.27870710019,10.987870392875825,11208.902871888526,9.399040580437141,22.3,20.7,-0.8184603900574431,-0.6950529455246272,0.8192216788210976
ITI2,IT,2020,58000,54830.78086594819,10.912007009878813,10613.660650911917,9.32446364079384,23,22.3,-1.9379820809328994,-1.065938918998306,1.2097314946321915
ITI2,IT,2021,62900,58709.32815620975,10.9803539055625,13344.99263152665,9.269897191038773,22.5,23,-0.9293817628465868,-1.3373087409996984,1.3805795390495448
ITI2,IT,2022,66600,60086.61133164923,11.003542322521794,14179.174470079324,9.498896509686103,22.5,22.5,-0.5871885368469579,-0.19844952221766013,1.258545221608578
ITI2,IT,2023,71200,60452.716126950705,11.009616786827593,15741.060737242531,9.559529580484432,23.8,22.5,-0.4975472068385319,0.10309081445069543,1.258545221608578
ITI3,IT,2000,49800,66957.0829299774,11.11180713984728,NA,NA,NA,NA,1.3521731289286274,NA,NA
ITI3,IT,2001,51900,67705.9552540604,11.122929420379654,NA,NA,NA,NA,1.5906040497845242,NA,NA
ITI3,IT,2002,53700,67813.30504621913,11.124513694295763,NA,NA,NA,NA,1.6245664990867388,NA,NA
ITI3,IT,2003,53400,65364.27732079907,11.087731169877305,NA,NA,NA,NA,0.8360509475350987,NA,NA
ITI3,IT,2004,54900,65477.965293100366,11.089468957286641,NA,NA,NA,NA,0.8733043013822501,NA,NA
ITI3,IT,2005,55900,65309.84204131228,11.086898024294976,13528.852944239714,NA,14.3,NA,0.8181906114445473,NA,NA
ITI3,IT,2006,57900,66179.74831121627,11.100129778374027,14246.389516455572,9.512579938874666,15.3,14.3,1.1018428085298293,1.1094821145666898,-1.2486167901257934
ITI3,IT,2007,59900,66817.62914542593,11.109722234069451,14079.628346537615,9.564258786327612,13.9,15.3,1.307478517687857,1.4772710569439929,-0.9106453281368567
ITI3,IT,2008,59400,64703.76785072383,11.077574714507792,13327.003232860781,9.552484233521158,13.8,13.9,0.6183246458709727,1.3934737097296535,-1.3838053749213683
ITI3,IT,2009,58100,62185.59349245423,11.03787863602323,11375.835605734384,9.497547574159482,15.3,13.8,-0.23264944347088706,1.0024995135119472,-1.4176025211202619
ITI3,IT,2010,58100,61816.402093884324,11.031924014281735,12257.43501461061,9.33924670096589,16.1,15.3,-0.3603000580225079,-0.1240989614692413,-0.9106453281368567
ITI3,IT,2011,59600,62334.61976927823,11.040272244965465,12384.536574381433,9.413887971827517,15.4,16.1,-0.18133709052269673,0.40710936497207156,-0.6402681585457072
ITI3,IT,2012,58900,60571.15825629108,11.011574122398912,10529.120430139094,9.424203922925553,16.8,15.4,-0.7965454347522367,0.48052610955828284,-0.8768481819379632
ITI3,IT,2013,59200,60201.75724048162,11.005456820912114,9940.876507721698,9.261900071737884,18.3,16.8,-0.9276834529315876,-0.6745608305370364,-0.4036881351534517
ITI3,IT,2014,60900,61376.898501355536,11.024788797430721,9731.527950671341,9.204410475614283,18.6,18.3,-0.5132593651845304,-1.083703812590752,0.10326905782995342
ITI3,IT,2015,61700,61700,11.030039209893479,9592.879007572095,9.183126197863814,18.5,18.6,-0.4007050491227613,-1.2351801397328672,0.2046604964266347
ITI3,IT,2016,62200,61433.31226295828,11.025707512010229,9951.34618486175,9.168776332163834,19.2,18.5,-0.49356466655163683,-1.3373055196353023,0.17086335022774052
ITI3,IT,2017,62400,61196.26938127042,11.021841508820035,10357.205664226247,9.20546311596208,20.7,19.2,-0.576441078271927,-1.0762123630073879,0.407443373619996
ITI3,IT,2018,62300,60451.39630111199,11.009594954223022,10566.553933549112,9.245437755901255,20.5,20.7,-0.8389733243682613,-0.7917201332120347,0.9144005666034011
ITI3,IT,2019,63400,60880.75438360637,11.01667238377953,11047.14403724361,9.265449002391055,21.5,20.5,-0.6872528169112563,-0.6493037376289844,0.846806274205614
ITI3,IT,2020,59600,56343.35413121573,10.9392195734037,10459.061323631664,9.30992721537183,21.5,21.5,-2.347626770529206,-0.3327603989655851,1.1847777361945506
ITI3,IT,2021,64700,60389.40431966249,11.00856894336296,13013.463057736548,9.255223993977511,21.6,21.5,-0.8609681583828147,-0.722073259697765,1.1847777361945506
ITI3,IT,2022,68500,61800.793937206785,11.03167149024363,13941.861587731466,9.4737397203853,22.6,21.6,-0.36571347470161253,0.8330633555586872,1.2185748823934448
ITI3,IT,2023,72200,61301.77112873372,11.023564014308443,15104.522000346946,9.54265121827733,23.2,22.6,-0.5395153265265992,1.3234939316357202,1.5565463443823817
ITI4,IT,2000,64000,86049.26320318381,11.362675239176344,17165.38720419864,NA,12.7,NA,1.3839915849832634,NA,NA
ITI4,IT,2001,66700,87013.24114539169,11.373815583129389,16628.949795099536,9.750650263411831,12.8,12.7,1.5432888003237981,1.1623986403715132,-1.5681843396940809
ITI4,IT,2002,68200,86124.16022629691,11.36354525763036,16310.618143268495,9.718900418966124,12.8,12.8,1.3964320910936467,0.9002700438774606,-1.547165551924288
ITI4,IT,2003,68300,83602.62436349393,11.3338301904879,16467.66361592316,9.699571594545475,13.5,12.8,0.9715325126423785,0.7406901244882921,-1.547165551924288
ITI4,IT,2004,70200,83725.92283380046,11.335303919802922,15799.775247321099,9.709153956152337,15.6,13.5,0.9926055582357761,0.8198026695402963,-1.400034037535741
ITI4,IT,2005,71800,83886.34451817928,11.337218120188101,16860.75387894471,9.667750994060789,16.5,15.6,1.0199769564841732,0.47797736194509466,-0.9586394943700997
ITI4,IT,2006,73600,84124.86141114883,11.340057419529908,16936.259570437865,9.732743944609863,16.9,16.5,1.0605764640554212,1.014563011634457,-0.7694704044419675
ITI4,IT,2007,74200,82769.08318181311,11.323809879121383,17326.582180694113,9.737212139246488,18.2,16.9,0.8282507877459891,1.0514526912347275,-0.6853952533627979
ITI4,IT,2008,74800,81478.81877498556,11.308098373119623,15756.220933618495,9.759997143449349,19.5,18.2,0.6035899365698207,1.2395670356379016,-0.41215101235549595
ITI4,IT,2009,74300,79524.77790859467,11.283823923889077,14613.093743980922,9.664990546182032,19.1,19.5,0.25648645550590615,0.45518694073875443,-0.1389067713481939
ITI4,IT,2010,74100,78839.85189598672,11.27517388272591,14512.644611579342,9.589673237562604,19.3,19.1,0.13279840101843154,-0.1666372207584963,-0.22298192242736342
ITI4,IT,2011,76000,79487.0990346501,11.283350011180492,15658.917625921284,9.582775590578677,19.5,19.3,0.24970991654890795,-0.2235846028503948,-0.18094434688777866
ITI4,IT,2012,74300,76408.09946421777,11.243843983465084,14920.686018190445,9.658795850037404,20.4,19.5,-0.3151918702141875,0.40404316241645744,-0.1389067713481939
ITI4,IT,2013,74200,75455.58086560364,11.23129942919549,13391.878400475149,9.610503852472192,21,20.4,-0.4945680700206888,0.005341569868197945,0.050262318579937855
ITI4,IT,2014,74100,74680.26566421092,11.220971155016912,12642.032476343627,9.502403712675724,23.3,21,-0.6422533948953608,-0.8871395877675188,0.17637504519869288
ITI4,IT,2015,73400,73400,11.203679214602607,12542.03741481835,9.444782451953452,23.3,23.3,-0.8895130816198754,-1.3628641295735464,0.6598071639039194
ITI4,IT,2016,74800,73878.00252844501,11.210170397245527,12421.822815088175,9.43684127426056,23.1,23.3,-0.7966948236161502,-1.4284269630137942,0.6598071639039194
ITI4,IT,2017,75000,73553.20839095,11.205764346980963,12835.740168958771,9.427210109218468,24.9,23.1,-0.859697504750027,-1.50794243211801,0.6177695883643346
ITI4,IT,2018,75400,73162.68508994934,11.200440803443525,13189.26642016939,9.459988759656433,25.7,24.9,-0.9358195405536145,-1.2373199524089915,0.9961077682205982
ITI4,IT,2019,75900,72884.05769267702,11.196625206737934,13180.750107319547,9.487158627801513,26.3,25.7,-0.9903792500765012,-1.013003911554777,1.164258070378938
ITI4,IT,2020,71400,67498.58196256381,11.119861868677933,12780.987133097578,9.486512718980254,26.5,26.3,-2.0880281238224567,-1.0183365730444796,1.290370796997693
ITI4,IT,2021,76700,71589.91207601411,11.178709450229317,15804.504551125921,9.455713965410105,26.1,26.5,-1.2465589636087624,-1.2726129069306091,1.3324083725372777
ITI4,IT,2022,84200,75965.3554673403,11.23803266622373,17594.2330361849,9.668050276554824,26.7,26.1,-0.3982886451351193,0.48044825594430374,1.2483332214581082
ITI4,IT,2023,87100,73952.69065530066,11.21118085226812,17987.548191421774,9.77532645893264,28.4,26.7,-0.7822461968947184,1.366126772323249,1.3744459480768625
LT01,LT,2000,11200,18037.16945276516,9.800189877357186,NA,NA,NA,NA,-2.369251677060216,NA,NA
LT01,LT,2001,13000,20360.857035459216,9.921369563858057,NA,NA,NA,NA,-1.8591861079804064,NA,NA
LT01,LT,2002,14500,21862.372595139015,9.99252229175763,NA,NA,NA,NA,-1.5596923751969376,NA,NA
LT01,LT,2003,15600,23667.920864182546,10.071875860212431,NA,NA,NA,NA,-1.2256799328382886,NA,NA
LT01,LT,2004,17100,25159.268468521488,10.132981635213685,NA,NA,NA,NA,-0.9684755052640919,NA,NA
LT01,LT,2005,19300,26694.32918395574,10.192206431716349,NA,NA,NA,NA,-0.7191884308042189,NA,NA
LT01,LT,2006,23000,29874.39764122147,10.304757126393605,NA,NA,NA,NA,-0.24544373160110738,NA,NA
LT01,LT,2007,28000,33392.96362552177,10.416100486876214,NA,NA,NA,NA,0.22321909603718404,NA,NA
LT01,LT,2008,30500,33153.25499744557,10.40889618076188,NA,NA,NA,NA,0.19289496660476216,NA,NA
LT01,LT,2009,27100,30396.500476697882,10.322082764869874,NA,NA,NA,NA,-0.17251722135629416,NA,NA
LT01,LT,2010,28200,30973.013937856274,10.340871586212668,NA,NA,NA,NA,-0.09343192969330627,NA,NA
LT01,LT,2011,30200,31404.03053054094,10.35469152450405,NA,NA,NA,NA,-0.03526149789250287,NA,NA
LT01,LT,2012,32000,32462.59193507482,10.387843688006264,NA,NA,NA,NA,0.10428150334196512,NA,NA
LT01,LT,2013,33800,34005.050454239055,10.43426433533865,6660.522230486962,NA,45.8,NA,0.29967377231335257,NA,NA
LT01,LT,2014,35200,35199.29601407972,10.468781361786187,6962.0291858906585,8.803953173446327,47.3,45.8,0.4449617099725988,-1.2616745744387776,-1.542870388710608
LT01,LT,2015,36200,36200,10.496814397813862,7130.118656904821,8.848226260533044,50.5,47.3,0.5629574474379565,-0.9751637650672088,-1.2647086599767243
LT01,LT,2016,35800,35450.10743957143,10.475881562691123,7339.142876933735,8.872083155192001,52.4,50.5,0.4748476431659595,-0.8207752042595577,-0.6712969720111054
LT01,LT,2017,37500,35672.158593660824,10.482125792183862,7460.739325746148,8.900977340530208,53.3,52.4,0.5011306495150111,-0.6337880982742297,-0.3189587822815197
LT01,LT,2018,40400,37097.91461970047,10.521316037304123,8354.313006396405,8.9174097936151,54.7,53.3,0.6660889462135224,-0.5274463962806192,-0.15206174504118977
LT01,LT,2019,43700,39197.04362801378,10.57635660528179,8715.077748473186,9.030533212202526,55.9,54.7,0.8977639029547458,0.20462548646112683,0.10755586844376934
LT01,LT,2020,46100,40523.553766229204,10.609638658520531,8763.72432950162,9.072809879139019,58.6,55.9,1.0378536318157041,0.47821657437830406,0.33008525143087547
LT01,LT,2021,51600,42774.719809005896,10.663702548394252,10160.552670925399,9.078376245348622,60.6,58.6,1.2654175870575681,0.5142390022891512,0.8307763631518665
LT01,LT,2022,58800,42222.27009327675,10.65070308815384,10285.571657148472,9.22626811639765,62.1,60.6,1.2107006846070218,1.4713129824870568,1.201658668130378
LT01,LT,2023,67100,43812.682824905976,10.687678616661957,10747.401016205797,9.238497382180615,62,62.1,1.3663368686499957,1.5504539927047196,1.4798203968642618
LT02,LT,2000,8100,13044.738622089091,9.47614016073453,NA,NA,NA,NA,-2.0747808283089437,NA,NA
LT02,LT,2001,9100,14252.59992482145,9.564694619919324,NA,NA,NA,NA,-1.7080692783801936,NA,NA
LT02,LT,2002,9500,14323.623424401425,9.569665440937598,NA,NA,NA,NA,-1.6874846856130947,NA,NA
LT02,LT,2003,10200,15475.179026580896,9.646992666247165,NA,NA,NA,NA,-1.36726606640402,NA,NA
LT02,LT,2004,11400,16772.845645680994,9.72751652710552,NA,NA,NA,NA,-1.0338099074093188,NA,NA
LT02,LT,2005,12900,17842.323651452283,9.789328647173136,NA,NA,NA,NA,-0.777840659072812,NA,NA
LT02,LT,2006,14500,18833.85938250919,9.843411559890983,NA,NA,NA,NA,-0.5538787159928326,NA,NA
LT02,LT,2007,16900,20155.038759689924,9.91120959863004,NA,NA,NA,NA,-0.27312126914030777,NA,NA
LT02,LT,2008,19700,21413.74175244845,9.971788132892458,NA,NA,NA,NA,-0.02226040457982283,NA,NA
LT02,LT,2009,17700,19853.064886994558,9.896113676564001,NA,NA,NA,NA,-0.33563476681622295,NA,NA
LT02,LT,2010,19500,21417.50963787934,9.9719640738383,NA,NA,NA,NA,-0.021531818153573686,NA,NA
LT02,LT,2011,22200,23085.082045629435,10.04694188900146,NA,NA,NA,NA,0.28895769374527785,NA,NA
LT02,LT,2012,23200,23535.37915292924,10.066260063878802,NA,NA,NA,NA,0.36895589955309543,NA,NA
LT02,LT,2013,23700,23843.777981226795,10.079278580990763,4412.959210025177,NA,31,NA,0.42286668656314097,NA,NA
LT02,LT,2014,24000,23999.520009599808,10.08578910953008,4590.519024931395,8.392300766087281,32.6,31,0.4498273391772091,-1.4374234608696814,-1.6903102392028846
LT02,LT,2015,24100,24100,10.089967119478747,4824.780842420355,8.431748373988933,34.1,32.6,0.4671288338506314,-1.1578030370048065,-1.1099462085752847
LT02,LT,2016,24700,24458.593680374703,10.1047369129184,4911.194489530612,8.48152059148148,34.6,34.1,0.5282918051368101,-0.8049976505119506,-0.5658549298619102
LT02,LT,2017,27700,26349.834481184127,10.17921727240079,5342.020257417957,8.499272468091688,34.7,34.6,0.83672131073677,-0.6791652483414948,-0.38449117029078544
LT02,LT,2018,29500,27088.82379408821,10.206876515682794,5452.28757066651,8.583359185766415,36,34.7,0.9512605904881601,-0.08312495874439177,-0.3482184183765599
LT02,LT,2019,31100,27895.378874856488,10.236216322365435,5930.2080079843345,8.603790537329022,37.6,36,1.0727592262683074,0.06170063367966005,0.12332735650836353
LT02,LT,2020,31900,28041.24436318246,10.241431718308727,6169.150515631295,8.687814568608339,37.8,37.6,1.0943566246089795,0.6572965770315053,0.7036913871359635
LT02,LT,2021,35300,29262.550567013728,10.284063839845984,6546.740538619413,8.727316427620261,38.5,37.8,1.2708998671469371,0.9373015544664441,0.7762368909644118
LT02,LT,2022,39400,28291.793225767073,10.250327049553146,6355.115529152384,8.786722577079853,39.7,38.5,1.1311929481301195,1.3583961043181172,1.0301461543639876
LT02,LT,2023,41700,27227.852068533222,10.211995701489077,6738.763494381575,8.757015362711247,39.4,39.7,0.9724595744656674,1.1478194859765354,1.465419177334688
LU00,LU,2000,87100,137881.9059680228,11.834152843918076,41509.8813287925,NA,18.3,NA,0.7858824398575355,NA,NA
LU00,LU,2001,85600,134443.22286791267,11.808897254088992,44284.43308136233,10.63368678218471,18.1,18.3,0.07943908593005684,0.3160511253979982,-1.4157493421923046
LU00,LU,2002,87200,134980.34116590815,11.812884425823528,43845.94726428692,10.698388496566672,18.6,18.1,0.19096730569813855,0.9649688311972232,-1.433143698426505
LU00,LU,2003,89700,135880.26782197718,11.819529393290956,44768.58422543424,10.688437570821833,14.3,18.6,0.3768387557888882,0.8651672731303225,-1.3896578078410042
LU00,LU,2004,94200,138380.8558459301,11.837764987785304,46693.347777674535,10.709261927447834,23.7,14.3,0.8869204692879294,1.0740225384902915,-1.7636364668763111
LU00,LU,2005,98500,138046.0527237818,11.83534262385847,42433.421691933014,10.751356987636404,26.5,23.7,0.8191626814680129,1.4962096496661768,-0.9461017238688961
LU00,LU,2006,107000,140867.3214144659,11.855573743481864,41984.213450142204,10.655691578167437,24,26.5,1.3850627494204901,0.5367454588030427,-0.7025807365900916
LU00,LU,2007,113000,146002.3773838441,11.891378184008886,45346.15026148955,10.645048956373873,26.5,24,2.3865760469748167,0.4300066222214069,-0.9200101895175956
LU00,LU,2008,114600,138887.20565244264,11.841417412566413,48283.109108965335,10.722080562446902,27.7,26.5,0.9890852268642046,1.2025854258037048,-0.7025807365900916
LU00,LU,2009,110800,133121.87620146098,11.799020350017171,38995.38887257384,10.784837070589685,34.8,27.7,-0.19683532643315532,1.8319939303075536,-0.5982145991848896
LU00,LU,2010,118100,135589.71768406793,11.817388823324738,37144.56548358734,10.57119868408502,35.5,34.8,0.31696324163595163,-0.3106653943409783,0.01928504712922162
LU00,LU,2011,119900,133066.97741523775,11.798607870033463,42061.39664926843,10.52257275367356,37,35.5,-0.2083731184661692,-0.7983530469228007,0.080165293948923
LU00,LU,2012,122900,132082.3660906199,11.79118099250548,40666.85437246212,10.64688565482208,39.1,37,-0.41611597086374097,0.44842755827604147,0.2106229657054254
LU00,LU,2013,127300,133766.26105962213,11.803849235384112,39950.511105937825,10.613168650752913,40.7,39.1,-0.061762893065385974,0.11026710710432829,0.39326370616452894
LU00,LU,2014,131100,134010.7126793965,11.805675021106218,41316.714441083306,10.59539674475308,45.9,40.7,-0.010692448945634666,-0.06797398865721595,0.5324185560381316
LU00,LU,2015,133600,133600,11.802605540084683,36479.9532892176,10.629022405093469,41.1,45.9,-0.09655124227989645,0.2692703420765139,0.9846718181273396
LU00,LU,2016,134600,136108.07749868542,11.821204536611608,37713.45044358284,10.50451816373837,42.6,41.1,0.4236954664719116,-0.9794292856562149,0.5672072685065321
LU00,LU,2017,134600,133251.4948718964,11.799993560515981,37792.19297029464,10.537772085498641,39.9,42.6,-0.16961291375108298,-0.645913260252121,0.6976649402630346
LU00,LU,2018,134600,130844.75551667152,11.781766827037917,33813.80149981749,10.539857825098961,44.1,39.9,-0.6794467690094415,-0.624994597288355,0.46284113110132996
LU00,LU,2019,134700,129753.78568951567,11.773393977400309,37612.65281507078,10.428624326524725,47,44.1,-0.9136501283430033,-1.7405969795791587,0.828122612019537
LU00,LU,2020,136800,126867.5402720975,11.750898831164697,35183.18006554518,10.535095783809961,47.1,47,-1.5428790103972019,-0.6727548913964306,1.0803407774154417
LU00,LU,2021,150600,131881.98926379025,11.789662780964766,37903.21796009658,10.468323408337717,50.5,47.1,-0.45858302311042626,-1.3424400321396766,1.0890379555325418
LU00,LU,2022,153100,126220.1556522886,11.745782928319919,33724.83197311468,10.542791294065012,52.3,50.5,-1.68597982841375,-0.5955737392838035,1.3847420115139473
LU00,LU,2023,160700,123921.37508771659,11.727402571605335,31687.855820899622,10.425989698798599,51.9,52.3,-2.200110796318551,-1.7670206469580438,1.54129121762175
LV00,LV,2000,9100,14616.360686808332,9.5898967752854,3625.7377886183504,NA,18.2,NA,-2.203249937434257,NA,NA
LV00,LV,2001,9800,15363.150386430263,9.63972708895408,4198.5576323080795,8.1958130744745,17.8,18.2,-1.9740136618415962,-2.1028206674964354,-1.312648257765655
LV00,LV,2002,10300,16220.72788547851,9.69404520246267,3960.20378306793,8.342496324409977,18.9,17.8,-1.7241319910032558,-1.473924431027009,-1.3680952916106688
LV00,LV,2003,10500,17593.53898225566,9.77528701034641,4470.407777040703,8.284050763295177,17.9,18.9,-1.3503922311953906,-1.724506507982694,-1.215615948536881
LV00,LV,2004,11700,19035.53299492386,9.854062669208606,5599.17037404141,8.405234908735588,19.8,17.9,-0.987997589953594,-1.2049362569774642,-1.3542335331494157
LV00,LV,2005,13600,20967.916004995295,9.950748739128914,6717.757306381067,8.630373718255711,20.3,19.8,-0.5432090076944068,-0.2396661934037742,-1.0908601223855994
LV00,LV,2006,16000,22379.50037765407,10.015900657115115,7883.107912031229,8.81250964364607,20.9,20.3,-0.2434881765919057,0.5412314077487727,-1.021551330079332
LV00,LV,2007,20300,23883.476869499744,10.080942154458484,9156.807815333234,8.972477510174791,22.2,20.9,0.055724682253393776,1.227084695429608,-0.9383807793118115
LV00,LV,2008,22100,23224.043715846994,10.052943388059179,7775.071643684782,9.122252905154959,24.8,22.2,-0.07307910118736184,1.8692383309686587,-0.7581779193155163
LV00,LV,2009,20300,22726.254981863778,10.031276142245328,5197.875058714725,8.958677951626818,25.8,24.8,-0.17275575114269792,1.1679198593656592,-0.3977721993229258
LV00,LV,2010,20800,23498.57652853721,10.064695125043881,4555.1054936892015,8.556005178497536,26.9,25.8,-0.0190171413123026,-0.5585171514117069,-0.25915461471039103
LV00,LV,2011,22200,23871.48110712058,10.080439766302794,5632.490514117943,8.4240039694015465,27.7,26.9,0.053413527030130886,-1.1244649583112576,-0.10667527163660315
LV00,LV,2012,24400,25178.00020637705,10.133725884522926,6771.128274839173,8.63630698817146,29.2,27.7,0.2985476709327982,-0.21422763023031546,0.00421879605342473
LV00,LV,2013,24700,25162.742840843104,10.133119720804332,6258.3851359195005,8.82042301004688,31,29.2,0.2957591130647158,0.5751595239410608,0.21214517297222682
LV00,LV,2014,26000,26100.486874466696,10.169709247330923,6115.109983293242,8.741677465307252,30.2,31,0.4640832950560952,0.23754240169109794,0.4616568252747894
LV00,LV,2015,26700,26700,10.19241884438834,5910.947438901908,8.718518033780175,31.6,30.2,0.5685551128388613,0.13824763332076995,0.35076275758476155
LV00,LV,2016,27600,27433.206106870228,10.219509460326647,5498.084019028853,8.6845614087026,33.4,31.6,0.693181097385125,-0.007339498978823348,0.5448273760423105
LV00,LV,2017,29300,28354.655776414347,10.252546520590077,6057.108311098414,8.612154950352489,33.9,33.4,0.8451627345402407,-0.31777814260374704,0.7943390283448726
LV00,LV,2018,31100,29011.464659185254,10.275446363920434,6614.435948912233,8.708987788792077,33.9,33.9,0.950509749443861,0.0973872405473456,0.8636478206511399
LV00,LV,2019,32000,28615.885393379,10.261717275946873,6602.486633964109,8.797009804419497,35.7,33.9,0.8873513070694333,0.4747767132982424,0.8636478206511399
LV00,LV,2020,31900,27859.775375102618,10.234939184670376,6582.182078199761,8.7952016197791,37.8,35.7,0.7641630415385492,0.4670242227058391,1.113159472953703
LV00,LV,2021,35700,30183.12788515193,10.315038367943925,7243.508388586087,8.792121592171378,39,37.8,1.1326463421600996,0.45381877647002244,1.404256400640025
LV00,LV,2022,39800,30676.265203249528,10.331244514148251,7226.900992588798,8.887860952065676,39.5,39,1.2072000891481445,0.8642959314689823,1.570597502175067
LV00,LV,2023,42800,29807.504805415494,10.302515479895254,7653.954785323262,8.885565591533515,39.2,39.5,1.0750368268953856,0.8544547014672519,1.6399062944813345
MT00,MT,2000,28200,38912.65351179799,10.569074759793107,10018.61392367809,NA,5.4,NA,-1.2680422331511798,NA,NA
MT00,MT,2001,29000,38235.87579932758,10.551529510913067,8696.945395075183,9.212200034099995,9.5,5.4,-1.4202342156956076,0.19041462153085242,-1.5619968439354606
MT00,MT,2002,29700,38713.209416303864,10.563936149365187,7219.569954142906,9.070727138976883,8.8,9.5,-1.3126158561243106,-0.8256613011987038,-1.0566922045422737
MT00,MT,2003,29700,39536.74121405751,10.584985675878874,9385.655446242303,8.884550666974816,9.2,8.8,-1.130026871856096,-2.162803871267803,-1.1429637283411105
MT00,MT,2004,30300,39522.08280072,10.584614852920447,9285.518504210935,9.146937786352018,11.2,9.2,-1.1332434851741429,-0.2783069561411521,-1.0936657147417754
MT00,MT,2005,31400,40345.89538335025,10.605244943204028,9960.60861489113,9.136211315438288,11.5,11.2,-0.9542927981935533,-0.3553458039134756,-0.8471756467450989
MT00,MT,2006,32400,40649.38649537049,10.612739022497257,9133.499429064952,9.206393454624518,11.9,11.5,-0.8892872349906744,0.14871104578007893,-0.8102021365455974
MT00,MT,2007,34000,41721.88681097531,10.638781133666734,10027.750787579973,9.119704189206741,12.4,11.9,-0.663391292697488,-0.4739020369129948,-0.7609041229462621
MT00,MT,2008,35900,42615.8283970988,10.659981021863995,9436.685981984105,9.213111607312014,13.3,12.4,-0.4794980326747248,0.19696165367952906,-0.6992816059470929
MT00,MT,2009,36000,41795.82738323291,10.64055179016253,9041.623675043373,9.152360136272629,13.9,13.3,-0.6480321647453737,-0.23936296482639982,-0.5883610753485885
MT00,MT,2010,39200,44286.279161724,10.698430182589403,9945.715867923982,9.109594047329434,14.9,13.9,-0.145980164790495,-0.5465143329148,-0.5144140549495856
MT00,MT,2011,39200,43639.440257383634,10.683716613498653,8468.874769843049,9.204897171394675,16.2,14.9,-0.2736094315815242,0.13796455358378865,-0.39116902095124734
MT00,MT,2012,40900,44568.91291081859,10.704791875040018,9317.288180347225,9.04415292992398,17.8,16.2,-0.0907972150918824,-1.0165205747064636,-0.23095047675340774
MT00,MT,2013,42500,45290.82034996484,10.720859649655477,8264.35137238254,9.139626897566398,19.6,17.8,0.04857877726498306,-0.33081466839484824,-0.033758422356066395
MT00,MT,2014,45000,46890.14160822766,10.755562732088192,8251.153662572342,9.019706528334911,21.2,19.6,0.3496022025779169,-1.192097670449184,0.18808263884094253
MT00,MT,2015,49400,49400,10.807705703176014,12221.829206670034,9.018108307439878,21.6,21.2,0.8019036888589219,-1.203576291631238,0.38527469323828345
MT00,MT,2016,49600,48567.93145654835,10.790718745520943,10912.479398913607,9.410978911103419,22.1,21.6,0.6545544673916479,1.6180692312328544,0.434572706837619
MT00,MT,2017,54600,52345.98201445747,10.865630461002688,10204.98741101886,9.297662312303107,23.9,22.1,1.3043578741669601,0.8042153294914176,0.4961952238367881
MT00,MT,2018,55800,52551.27987794541,10.86954473144039,10418.955602646905,9.230631841634057,26.9,23.9,1.338311258482111,0.32279415494923985,0.7180362850337966
MT00,MT,2019,56100,51542.12948926435,10.850154800567886,10716.730362104572,9.251382080211714,29.7,26.9,1.1701180318677542,0.4718249483835836,1.0877713870288113
MT00,MT,2020,53500,48219.48427684294,10.783518456465254,10006.548167976749,9.279561384566733,30.8,29.7,0.5920973159559191,0.6742122159197911,1.4328574822241584
MT00,MT,2021,60300,53038.96560823291,10.878782122562352,12336.376025696594,9.210994974474884,32.1,30.8,1.4184387549913813,0.18175973347287483,1.5684270196223307
MT00,MT,2022,61900,51809.5684488935,10.855330130279713,13240.248981323633,9.42030757731784,31.8,32.1,1.2150101673141818,1.6850688718594686,1.7286455638201705
MT00,MT,2023,67400,53639.3588743693,10.890038384944791,10508.828592791928,9.491016634550107,33.2,31.8,1.5160784578953677,2.1929101124737245,1.6916720536206689
NL11,NL,2000,62700,80933.51060396794,11.301383239826064,15193.555514992353,NA,26,NA,-1.0801790957894375,NA,NA
NL11,NL,2001,70400,87064.06134058867,11.3743994639216,14568.524478013804,9.628626637652923,23.8,26,-0.5326217790629386,-0.11935729966072381,-1.1276341219000343
NL11,NL,2002,72600,86433.71629263645,11.3671331135388,14100.89502391409,9.58661862281964,24.2,23.8,-0.5871130016273167,-0.37880184136935396,-1.5300197817599903
NL11,NL,2003,75300,87643.74505330788,11.38103552503406,13688.074111368862,9.553993551225028,26.6,24.2,-0.4828571704244937,-0.5802966461504945,-1.456858752694544
NL11,NL,2004,77800,89482.88553551711,11.401802662910637,14126.32570381648,9.52428022988882,28.5,26.6,-0.3271219426358114,-0.7638082704752456,-1.0178925783018642
NL11,NL,2005,86000,96994.30440421813,11.482407538279293,14814.464160963222,9.555795406747974,27.3,28.5,0.27734356922340814,-0.5691682559556469,-0.6703776902409935
NL11,NL,2006,94200,103573.39197361187,11.548035741588414,16054.928006878868,9.603359290670689,29.3,27.3,0.7694972426111888,-0.27541026441079725,-0.8898607774373329
NL11,NL,2007,92500,99661.68896933654,11.509536619006026,16171.704216494756,9.683771122357776,28.4,29.3,0.4807877603192108,0.2212190312796735,-0.5240556321101002
NL11,NL,2008,109200,114883.27564621843,11.651671897509063,16750.153636132247,9.691018340740245,27.5,28.4,1.5466770564770893,0.26597837683228315,-0.6886679475073554
NL11,NL,2009,99500,104222.31300212636,11.554281521674298,17563.8991606705,9.72616270951755,28.4,27.5,0.8163350875840485,0.4830325434539066,-0.8532802629046098
NL11,NL,2010,102500,106607.59046044077,11.576909993248721,13804.052748698361,9.7736008904143,33.8,28.4,0.9860286773361175,0.7760141840073588,-0.6886679475073554
NL11,NL,2011,104500,108424.98443660511,11.593813825162908,12778.991158562634,9.532717505472426,33.1,33.8,1.1127925159210497,-0.7116990454679294,0.2990059448761727
NL11,NL,2012,111200,113863.26169095135,11.642753548598822,12591.654495022389,9.455557785736067,33.2,33.1,1.4797973011978698,-1.1882430622422158,0.17097414401164207
NL11,NL,2013,117500,118952.4089128256,11.68647876699999,11691.761836984373,9.440789531829536,33.1,33.2,1.8076978953137364,-1.2794528678429575,0.18926440127800395
NL11,NL,2014,104400,105327.93914385738,11.564833991930048,13297.40347784398,9.366639756282341,31.6,33.1,0.8954693124724002,-1.7374072513335572,0.17097414401164207
NL11,NL,2015,94700,94700,11.45846927917417,20190.240349599415,9.495324067920754,33.7,31.6,0.09782772757217023,-0.9426436237110725,-0.10337971498378248
NL11,NL,2016,87100,86609.78859654356,11.369168120455509,18667.143965157215,9.912954615624308,36.3,33.7,-0.5718522436158544,1.6366728824959182,0.28071568760981214
NL11,NL,2017,87400,85675.35510180074,11.358320491488241,16384.512369932,9.834520250284275,36,36.3,-0.6531998986574257,1.1522565621672127,0.7562623765352137
NL11,NL,2018,87900,84036.82706004953,11.339010399130173,18243.85723888787,9.704091799929115,36.2,36,-0.7980085694466812,0.34672100752464474,0.7013916047361293
NL11,NL,2019,87500,81195.94669834082,11.304620607395732,19507.522880110002,9.811583712701648,37.9,36.2,-1.0559016927648004,1.0105988450595542,0.7379721192688531
NL11,NL,2020,81600,73978.04230165998,11.211523602501297,20455.15436008557,9.8785554588780915,40.6,37.9,-1.7540471642229352,1.4242211993443827,1.048906492797
NL11,NL,2021,90000,79411.29758060246,11.282395924022756,17407.34018552677,9.925990176660402,41.9,40.6,-1.2225672269463543,1.7171814514522614,1.5427434389887649
NL11,NL,2022,111800,92926.60626714322,11.439565280645795,12737.509972445874,9.76464724599195,42.4,41.9,-0.043935597467138356,0.7207158276580315,1.7805167834514655
NL11,NL,2023,102400,80067.55700121979,11.290626019813402,15147.134867988252,9.45230646045086,43.9,42.4,-1.160848763367195,-1.2083234826551787,1.8719680697832737
NL12,NL,2000,48100,62087.748964128514,11.036303969298906,15320.199101852337,NA,19.8,NA,-1.6324617233178849,NA,NA
NL12,NL,2001,52500,64927.03438041059,11.081019370355182,14843.401659584219,9.636927439414594,18.2,19.8,0.05562259657681671,1.543151379681776,-1.3759939704990487
NL12,NL,2002,52800,62860.88457646288,11.048679382420266,13303.574530958515,9.605310712797895,19.3,18.2,-1.1652683101112191,1.1094524841440734,-1.717901992878286
NL12,NL,2003,54400,63317.65910889707,11.05591954409011,12764.555341025383,9.495788039826087,22.5,19.3,-0.891939588917753,-0.3929124785564727,-1.4828402274925603
NL12,NL,2004,55100,63374.12587412588,11.05681094788516,13117.574323961077,9.454427494836613,25.2,22.5,-0.8582875421156951,-0.9602711080009805,-0.7990241827340865
NL12,NL,2005,56900,64174.13861162803,11.069355583158071,13565.022118876812,9.481708161560524,23,25.2,-0.3847056977675061,-0.5860516269291076,-0.22205439496912427
NL12,NL,2006,59500,65420.56074766355,11.08859187255768,14545.246333724506,9.51524985567606,23.1,23,0.3414977520812231,-0.12594720597718417,-0.6921779257405749
NL12,NL,2007,62500,67338.97903333549,11.117494531230001,15107.0239217128,9.5850195067587,24.5,23.1,1.4326234885273454,0.8311101448179405,-0.6708086743418723
NL12,NL,2008,64000,67330.8575215932,11.117373917557929,15031.205185494573,9.622915075027796,22.6,24.5,1.4280701122010613,1.3509383453565815,-0.3716391547600403
NL12,NL,2009,63500,66513.73744356807,11.105163783408397,13503.75557480114,9.61788366486133,24,22.6,0.9671162682291597,1.2819205416272956,-0.7776549313353839
NL12,NL,2010,60800,63236.50243897365,11.05463698364238,12589.415194813751,9.510723116464666,26.4,24,-0.9403584810664212,-0.18804224257506266,-0.47848541175355186
NL12,NL,2011,61900,64224.94293421872,11.070146933448592,12020.07829042403,9.44061167598448,26.8,26.4,-0.35483084513469276,-1.149788051034377,0.03437662181530328
NL12,NL,2012,61700,63177.727035357,11.053707097693682,12144.161762752221,9.394333721414412,26.3,26.8,-0.9754632962354257,-1.7846006939783023,0.11985362741011298
NL12,NL,2013,62900,63677.50230312112,11.06158659712217,14936.681297629324,9.404603819931431,27.2,26.3,-0.677998460414968,-1.643721771315198,0.013007370416601426
NL12,NL,2014,63400,63963.518598855924,11.06606817792469,14029.697184086364,9.611575298644917,26,27.2,-0.5088109746189121,1.195386236736275,0.2053306330049219
NL12,NL,2015,65000,65000,11.082142548877775,13081.258191349934,9.548931589405731,25.4,26,0.09802454328068003,0.33607819264955835,-0.051100383779505654
NL12,NL,2016,64800,64435.29622337569,11.07341683995528,12710.501064783175,9.478935812384266,27.2,25.4,-0.2313861757127523,-0.624081015308386,-0.1793158921717198
NL12,NL,2017,66400,65089.743464068306,11.08352226530914,13120.308366057374,9.450183786284738,29,27.2,0.15011124313513172,-1.018483703322606,0.2053306330049219
NL12,NL,2018,67800,64820.214728911924,11.079372789385392,13365.679823662671,9.481916565732348,31.8,29,-0.006538704694801257,-0.5831928661142647,0.5899771581815636
NL12,NL,2019,70300,65235.14346163839,11.085753612848782,13299.577764420867,9.500445493247415,33.3,31.8,0.23434850155005807,-0.329024384468271,1.1883161973452285
NL12,NL,2020,70300,63733.53399272912,11.062466139347855,13887.402087115228,9.495487566669873,34.3,33.3,-0.6447942085288185,-0.3970341853216472,1.5088549683257624
NL12,NL,2021,75200,66352.55086734783,11.102737484648285,14514.41091844353,9.538737383490284,33.5,34.3,0.8755192614804206,0.19624031822273447,1.7225474823127853
NL12,NL,2022,83700,69570.27678497216,11.150092697420225,14873.104656972213,9.582897291304715,34.1,33.5,2.663261074306431,0.8019988927378365,1.5515934711231676
NL12,NL,2023,85200,66618.70953617115,11.106740741043266,14114.563926933992,9.60730980427679,37.4,34.1,1.0266491672679192,1.1368747969276416,1.6798089795153817
NL13,NL,2000,47200,60926.02393153567,11.0174156847787,16581.592155635517,NA,16.3,NA,-1.196254786916189,NA,NA
NL13,NL,2001,49600,61340.58867177838,11.024197034488486,17844.518540635916,9.716048452766131,16.4,16.3,-0.971680930509642,0.9030755462973651,-1.6279026089202047
NL13,NL,2002,49900,59408.29811298291,10.992189194465524,16583.1149434895,9.789451655489454,16.5,16.4,-2.0316652075078676,1.2960338019382487,-1.610914514543996
NL13,NL,2003,51500,59942.26919316542,11.001137197897902,15828.673422092326,9.7161402845951,19.6,16.5,-1.7353395903452329,0.9035671607499416,-1.5939264201677867
NL13,NL,2004,53400,61418.844313581154,11.02547197769244,15294.486648241364,9.669578347853239,23.2,19.6,-0.9294594076174996,0.6543015052674547,-1.0672954945053064
NL13,NL,2005,54400,61354.53673941239,11.024424395887683,17290.10767789177,9.635247692650793,23.1,23.2,-0.9641515405797776,0.47051505068711225,-0.45572409696178157
NL13,NL,2006,56900,62561.847168774046,11.043910901138382,18392.20012464324,9.757889806413397,23.2,23.1,-0.31882873327486677,1.1270699325485611,-0.47271219133799025
NL13,NL,2007,59400,63998.96567328206,11.066622200856244,18481.034862968187,9.819681947454026,23.2,23.2,0.4332876417713238,1.457869285366521,-0.45572409696178157
NL13,NL,2008,60400,63543.4967860036,11.059479939139027,19605.629159400247,9.82450034270615,23.4,23.2,0.19676168072474506,1.4836641842675953,-0.45572409696178157
NL13,NL,2009,59500,62323.895714839375,11.040100190061334,12561.511827688522,9.883572005994223,24,23.4,-0.4450257469738764,1.799899674032009,-0.4217479082093636
NL13,NL,2010,59100,61468.37654841024,11.026278119082312,11825.011637798307,9.438392801225028,24.6,24,-0.902762910831462,-0.5833320823953386,-0.31981934195210915
NL13,NL,2011,60800,63083.62730857025,11.052216542730163,11154.290361594782,9.37797219752864,23.8,24.6,-0.04377582463266181,-0.906789018229523,-0.2178907756948547
NL13,NL,2012,61700,63177.727035357,11.053707097693682,11878.17687751131,9.31957948867045,25.3,23.8,0.005585982480799126,-1.2193897790103494,-0.3537955307045271
NL13,NL,2013,62600,63373.79402504581,11.056805711521829,12422.906394500431,9.38245811965127,26.9,25.3,0.10820090232446651,-0.8827739880012944,-0.09897411506139157
NL13,NL,2014,63200,63761.7409376608,11.06290861763432,11586.128562957676,9.42729733733062,27.8,26.9,0.310307152499336,-0.6427307731296832,0.1728353949579526
NL13,NL,2015,64000,64000,11.06663836234181,12119.894829097284,9.357563848000812,28.6,27.8,0.4338228519129477,-1.0160435075900645,0.3257282443438343
NL13,NL,2016,64800,64435.29622337569,11.07341683995528,12830.496160825423,9.402603582118434,28.9,28.6,0.6583015948431022,-0.7749268437831516,0.4616329993535067
NL13,NL,2017,65900,64599.6098536461,11.075963650335213,10855.286501527666,9.4595801287891,28.6,28.9,0.7426427736695362,-0.4699073955645552,0.5125972824821333
NL13,NL,2018,68500,65489.449984225175,11.08964433970722,12357.89164005407,9.292407475471936,31.1,28.6,1.1956978883671143,-1.3648530083054742,0.4616329993535067
NL13,NL,2019,70100,65049.55272632791,11.082904608072706,11771.859592863613,9.42205013717773,33.8,31.1,0.9725022725852353,-0.6708212452423293,0.8863353587587326
NL13,NL,2020,69700,63189.57779933456,11.053894658297713,12591.960113786356,9.373467182070511,34.6,33.8,0.011797313552020124,-0.9309062631232404,1.3450139069163758
NL13,NL,2021,74600,65823.14221681049,11.094726760902207,13931.056418886983,9.440813803068492,35.8,34.6,1.3640093568043243,-0.5703714399980728,1.4809186619260488
NL13,NL,2022,79800,66328.65098495553,11.10237722438056,13919.445079378273,9.54187590157865,36.6,35.8,1.617365128171133,-0.029343467531417745,1.6847757944405566
NL13,NL,2023,84500,66071.37272073312,11.098490841571124,13552.942196819056,9.541042068106588,35.4,36.6,1.4886621394832862,-0.03380732925024776,1.8206805494502294
NL21,NL,2000,47700,61571.42672742058,11.027953190081485,14306.632290605978,NA,20.3,NA,-1.9732356810693366,NA,NA
NL21,NL,2001,51100,63195.646796932975,11.053990697967263,14437.336299563123,9.568478505273497,19.7,20.3,-1.2962642785268046,0.24411000568251176,-1.4336429046050583
NL21,NL,2002,52400,62384.66575391392,11.041074783035047,13951.573945253866,9.57757292864147,20.2,19.7,-1.6320761805390755,0.37508224731385503,-1.5328121882318746
NL21,NL,2003,54100,62968.48084175241,11.050389576080647,13559.19831655833,9.543347608501719,22.1,20.2,-1.3898929216751246,-0.11780957417747777,-1.4501711185428612
NL21,NL,2004,56300,64754.32462274568,11.078355766871935,13794.598750478515,9.514820438548897,24.3,22.1,-0.6627760452519814,-0.5286401727701425,-1.13613505372461
NL21,NL,2005,57700,65076.41121073704,11.08331741553984,14498.735896362155,9.532032399637462,24.7,24.3,-0.5337739044799182,-0.2807641903764095,-0.7725143470929513
NL21,NL,2006,60100,66080.26388125344,11.09862540154726,15160.376106614092,9.581816745047076,24.8,24.7,-0.13576850384767802,0.43619905760790867,-0.7064014913417408
NL21,NL,2007,62000,66800.26720106881,11.109462359532737,15689.15005266992,9.626440468032031,25.7,24.8,0.14599082115784337,1.0788422239528692,-0.6898732774039379
NL21,NL,2008,65000,68382.90217036812,11.132878104093894,15797.241274080512,9.660724672983147,26.7,25.7,0.7547967601395345,1.572582067955408,-0.5411193519637141
NL21,NL,2009,64100,67142.21370287739,11.114568241436375,13906.831837259517,9.6675906008639,26.3,26.7,0.2787430049953227,1.671460900514289,-0.3758372125856873
NL21,NL,2010,62400,64900.6209242098,11.08061247004564,12735.675354560894,9.54013549745609,27.6,26.3,-0.6041020923019855,-0.16406840412115337,-0.44195006833689776
NL21,NL,2011,63200,65573.77049180328,11.090931054910854,14770.881816357813,9.452162417382464,28.6,27.6,-0.3358203927206917,-1.4310021100043346,-0.22708328714546286
NL21,NL,2012,62800,64304.07224992576,11.071378240256493,13089.22732850498,9.60041307694961,29.7,28.6,-0.8441907182635093,0.7040118893672788,-0.0618011477674361
NL21,NL,2013,64300,65094.807600805834,11.083600064659349,12413.413206819005,9.479544829545626,30.3,29.7,-0.52642506865044425,-1.0366576026975411,0.12000920554839298
NL21,NL,2014,65400,65981.2952108072,11.097126574944662,12741.584279746887,9.42653287719352,31.6,30.3,-0.174737776628305,-1.8001028429158816,0.21917848917520927
NL21,NL,2015,67800,67800,11.124317473928487,13145.16882183908,9.452626276162942,31.4,31.6,0.5322216260235342,-1.4243219037041202,0.43404527036664414
NL21,NL,2016,69300,68909.96957222122,11.14055614279291,13769.629709045503,9.483809580127465,32,31.4,0.9544246450220051,-0.975239311388481,0.40098884249103833
NL21,NL,2017,70300,68912.78562536147,11.14059700764337,13012.277895945841,9.530220700224271,34.2,32,0.9554871251661081,-0.30685516104128596,0.5001581261178546
NL21,NL,2018,71600,68453.20611489813,11.13390566840564,14267.260727360515,9.473648644262346,33.4,34.2,0.7815132821806288,-1.121570804159491,0.863778832749514
NL21,NL,2019,73700,68390.18596191678,11.132984613227453,14219.67280957701,9.565722731803127,34.3,33.4,0.7575659820575978,0.20442306630892884,0.7315531212470918
NL21,NL,2020,75300,68266.50227101712,11.131174475337083,14174.571205273445,9.562381693920717,37.7,34.3,0.710502661258431,0.15630751206987906,0.8803070466873157
NL21,NL,2021,79700,70323.11574637795,11.16085583948866,15571.319881529056,9.559204878069517,39.9,37.7,1.4822137945671354,0.11055698161328317,1.4422663205726076
NL21,NL,2022,85100,70733.93732856787,11.166680755504125,15256.050220347855,9.653186032046317,40.9,39.9,1.633660760305186,1.4640152394275632,1.8058870272042657
NL21,NL,2023,88700,69355.39361336127,11.146999196523529,15194.35158924361,9.63273143911725,39.4,40.9,1.1219431010819434,1.1694408855426461,1.9711691665822926
NL22,NL,2000,50900,65702.00462108402,11.092884715743667,15502.534222517363,NA,23.6,NA,-1.1762333091714803,NA,NA
NL22,NL,2001,53100,65669.05763047242,11.092383129005496,14970.732146003638,9.648758787769886,23,23.6,-1.1916102615248167,0.6492398181775167,-1.4205639508664287
NL22,NL,2002,54600,65003.86927793321,11.08220207445891,14160.661266729354,9.613852383766412,24.1,23,-1.5037269479437663,0.18325054677250252,-1.529777223969252
NL22,NL,2003,55900,65063.55044462033,11.083119770389265,13674.621024059192,9.558223065785096,26.5,24.1,-1.4755934955973713,-0.5593829640380489,-1.3295528899474096
NL22,NL,2004,58000,66709.6061832904,11.108104242272711,14161.148843373272,9.52329691385748,27.5,26.5,-0.709654118639208,-1.0256358638816114,-0.8926997975361178
NL22,NL,2005,59100,66655.3882591778,11.107291166437838,15067.868193011145,9.558257496963193,25.9,27.5,-0.7345802728236129,-0.5589233188797139,-0.7106776756980796
NL22,NL,2006,62100,68279.27432655304,11.13136154894553,15466.437651218072,9.620319821296313,27.9,25.9,0.003336216550036983,0.26958875858361003,-1.0019130706389412
NL22,NL,2007,63500,68416.40269786886,11.133367880386292,16319.488606495624,9.646427642403298,28.2,27.9,0.06484355042032325,0.6181197769722583,-0.6378688269628645
NL22,NL,2008,64800,68172.49324061313,11.129796437556486,16488.41838586847,9.700115292640836,29.2,28.2,-0.0446448033325352,1.3348326476291208,-0.5832621904114529
NL22,NL,2009,64800,67875.4360054049,11.125429480867979,15453.895711538638,9.710413497422325,29.5,29.2,-0.17852092049851995,1.4723103706975824,-0.40124006857341465
NL22,NL,2010,64100,66668.7468147732,11.107491558596882,13765.07579026737,9.645616400155673,30.9,29.5,-0.7284369272223233,0.6072899537723031,-0.34663343202200303
NL22,NL,2011,64800,67233.86594729197,11.115932357116272,15512.60292474869,9.529889923574435,30,30.9,-0.46967060271761357,-0.9376213037434704,-0.09180246144874969
NL22,NL,2012,64500,66044.78758153203,11.098088390584067,13805.956226613633,9.649408064446447,31.2,30,-1.016706244371288,0.6579074530740012,-0.2556223711029839
NL22,NL,2013,65700,66512.11289849057,11.10513935890634,13481.510369012607,9.532855388652399,32.9,31.2,-0.8005474114406553,-0.8980332983184588,-0.03719582489733808
NL22,NL,2014,67800,68402.62714514876,11.13316651142786,14054.32432344747,9.509074423368682,34,32.9,0.05867025945464167,-1.215501539526123,0.27224178222732687
NL22,NL,2015,69600,69600,11.150519846322512,13035.269078747338,9.550685408435317,34,34,0.5906647950751067,-0.6600082663801267,0.47246611624916923
NL22,NL,2016,70800,70401.52735516975,11.161970237296726,13417.586052014223,9.475413968942984,33.4,34,0.9416950417671879,-1.6648577846275057,0.47246611624916923
NL22,NL,2017,72100,70677.26662288139,11.165879253117655,13394.842534823074,9.504321517446794,34.3,33.4,1.0615322413033341,-1.2789513055741235,0.36325284314634604
NL22,NL,2018,74000,70747.72699025786,11.166875687643211,15475.507522115762,9.502625026390618,35.3,34.3,1.0920795525790814,-1.301598915770062,0.5270727528005802
NL22,NL,2019,76800,71266.84235922943,11.174186454185788,15072.506299548442,9.647013893274512,37.7,35.3,1.3162029199582579,0.6259460376294798,0.7090948746386185
NL22,NL,2020,76500,69354.41465780622,11.146985081363725,15770.077798298937,9.620627588313278,38.1,37.7,0.4823008607539599,0.2736973493162358,1.1459479670499113
NL22,NL,2021,81500,71911.34169799,11.183189273939307,15624.984315519054,9.66586961325493,42.7,38.1,1.5921989139918897,0.8776638374526264,1.2187568157851265
NL22,NL,2022,86900,72230.07231319092,11.187611752196142,16868.311508646748,9.656626470797319,42.4,42.7,1.7277771345944053,0.7542708572164911,2.056058576240103
NL22,NL,2023,90500,70762.83113877334,11.167089157913876,15593.058246393937,9.733192082128154,41.8,42.4,1.0986238288349661,1.776397153445255,2.0014519396886907
NL23,NL,2000,49300,63636.7156742523,11.060945873235834,15667.298056697988,NA,18.6,NA,-1.869760205547987,NA,NA
NL23,NL,2001,52700,65174.37546376453,11.08482165630492,15936.008913568805,9.659330892703364,19.6,18.6,-1.4464930578830424,-0.12944798442305858,-1.9764731041772219
NL23,NL,2002,54900,65361.033394844926,11.087681540223535,15417.378403023247,9.676336539159616,21.9,19.6,-1.3957933633271549,-0.023727181493128982,-1.7648395781247261
NL23,NL,2003,57700,67158.62004748825,11.114812563742266,14673.124882677017,9.643250619889402,23.6,21.9,-0.9148176858059075,-0.22941591904982278,-1.2780824682039862
NL23,NL,2004,59600,68549.87118145013,11.135316805797595,15154.036241411835,9.593772860224,28.2,23.6,-0.5513208310774765,-0.5370095464051369,-0.9183054739147426
NL23,NL,2005,61400,69249.4219816162,11.145470077178883,15350.088817458975,9.626022194029428,25.1,28.2,-0.37132479892260384,-0.3365216982873817,0.05520874592673792
NL23,NL,2006,65900,72457.39417262233,11.19075400151456,15982.003500723526,9.638876539152283,23.4,25.1,0.43146342516101077,-0.25660872990815564,-0.6008551848359988
NL23,NL,2007,67500,72726.09735600233,11.19445557236613,16804.990161842117,9.679218586976026,24.3,23.4,0.4970844492627235,-0.00581004967357922,-0.9606321791252423
NL23,NL,2008,67100,70592.1959327954,11.164674878175894,16601.819919882815,9.729431154728633,25.9,24.3,-0.030864286446136233,0.30635173692099893,-0.7701620056779956
NL23,NL,2009,64900,67980.18204862312,11.126971501219794,17501.240349597327,9.717267602063178,25.8,25.9,-0.6992654348134217,0.23073329115472516,-0.4315483639940027
NL23,NL,2010,65300,67916.83567870031,11.126039230952644,25551.80604355719,9.770027034519789,28.2,25.8,-0.7157926153330094,0.5587284412238297,-0.45271171659925186
NL23,NL,2011,68200,70761.56879020545,11.167071318607459,19366.870173982374,10.148463279769958,29.3,28.2,0.011619535051240535,2.9113931169573597,0.05520874592673792
NL23,NL,2012,65000,66556.76267906328,11.105810436677977,21133.589584861205,9.871319162239697,28.6,29.3,-1.0744063633539311,1.188441936713625,0.28800562458448364
NL23,NL,2013,67200,68030.65428886707,11.12771368094488,13625.751767827569,9.958618977150314,29.3,28.6,-0.6861081576517629,1.731167939616731,0.13986215634773672
NL23,NL,2014,70100,70723.07024889275,11.166527110522054,12554.430067518058,9.519716793629698,29.2,29.3,0.001971876443400235,-0.9974017368651408,0.28800562458448364
NL23,NL,2015,72400,72400,11.189961578373808,16164.964610717896,9.437828875700141,30,29.2,0.41741543848099055,-1.506483026779317,0.26684227197923377
NL23,NL,2016,74900,74478.45196189567,11.218265127120226,15190.85618883895,9.690601500903682,30.1,30,0.9191775089449299,0.06495531659520726,0.4361490928212306
NL23,NL,2017,75200,73716.09500749904,11.207976439782545,16626.960322034683,9.628448959296875,33,30.1,0.7367808382248223,-0.3214349696965555,0.45731244542648053
NL23,NL,2018,76800,73424.66801151085,11.204015234592667,15724.7984516665,9.718780772680082,30.2,33,0.6665570463104907,0.24014037914756856,1.0710496709787183
NL23,NL,2019,81000,75164.24780074978,11.227430968704601,17018.453362784734,9.662994264422368,32.4,30.2,1.0816684987542007,-0.10667351356949802,0.4784757980317296
NL23,NL,2020,80000,72527.49245260781,11.191720975205117,13362.340552840813,9.7420535262465,35,32.4,0.4486058239960581,0.38482257042807144,0.9440695553472204
NL23,NL,2021,83900,74028.97630013942,11.212211867165651,15353.46816177966,9.50019562282737,35,35,0.8118660097730006,-1.1187610663480696,1.49431672308371
NL23,NL,2022,93200,77466.54475937162,11.257601441616341,11990.503261040742,9.639096666373153,35.9,35,1.6165271869950733,-0.2552402417064939,1.49431672308371
NL23,NL,2023,101900,79676.60213304976,11.285731247436674,12960.729974010042,9.391870220538594,37.9,35.9,2.1152091627648075,-1.7921990645528991,1.6847868965309558
NL32,NL,2000,58500,75512.12711853467,11.232048546425,8482.704629905702,NA,28.4,NA,-1.5991075583799823,NA,NA
NL32,NL,2001,61000,75439.03042295325,11.231080064930914,8293.052911851242,9.045784620140557,29.1,28.4,-1.6107426036465256,-0.9667160671047508,-1.6627146408757596
NL32,NL,2002,65300,77742.72278111792,11.261160227990436,7753.864039003486,9.023173444733665,30.8,29.1,-1.2493685753767305,-1.0233560724328465,-1.556104900859432
NL32,NL,2003,66800,77750.36081754272,11.261258470770812,7734.185956389485,8.955946583772722,34.4,30.8,-1.2481883161732523,-1.1917564184784728,-1.2971955322483522
NL32,NL,2004,70000,80511.5936694884,11.29615647377565,7798.199122546575,8.953405515890278,36.7,34.4,-0.828934208425401,-1.1981216823716885,-0.7489168693072421
NL32,NL,2005,72100,81317.31799469914,11.306114286316689,8337.974989595396,8.961648104295596,34.4,36.7,-0.7093040447327985,-1.1774743589666334,-0.3986277235393098
NL32,NL,2006,73900,81253.43595382078,11.305328387960254,8784.302626240933,9.02857565886745,34.2,34.4,-0.7187455911204819,-1.0098237623333102,-0.7489168693072421
NL32,NL,2007,76100,81991.9408709893,11.314376239355285,9066.751198212101,9.08072161514139,34.5,34.2,-0.610047426840614,-0.8792004228542658,-0.7793767950261921
NL32,NL,2008,78000,82059.48260444173,11.31519966088785,9012.661176805148,9.112369286904734,35.3,34.5,-0.6001550883051503,-0.7999243894309345,-0.7336869064477667
NL32,NL,2009,75900,79502.24680262704,11.283540561911334,8726.989722178338,9.106385665128732,37.3,35.3,-0.9804979776005631,-0.8149131002420829,-0.6118472035719648
NL32,NL,2010,82300,85598.0945843344,11.357418302353283,16342.919827525742,9.07417576945875,38.7,37.3,-0.09295303277597444,-0.8955974799585456,-0.30724794638245895
NL32,NL,2011,82400,85494.91595766757,11.356212190673467,16109.16366406852,9.701550044465517,38.6,38.7,-0.10744289559406149,0.6759476361021759,-0.09402846634980402
NL32,NL,2012,83700,85704.63132673227,11.358662144277769,14888.44627725218,9.687143560737063,38.5,38.6,-0.07800989015094915,0.6398600245359929,-0.10925842920927953
NL32,NL,2013,86300,87366.74799299447,11.377870031505157,14861.576769211191,9.608340773507711,39.2,38.5,0.15274788759707073,0.442462489546335,-0.12448839206875505
NL32,NL,2014,90800,91607.0581825886,11.425263602088757,15576.033938150398,9.60653442093413,40.8,39.2,0.7221199844834617,0.4379376553636382,-0.01787865205242758
NL32,NL,2015,92000,92000,11.429543856031177,8694.047703809185,9.653488725924237,41.6,40.8,0.7735416674753217,0.5555561354717568,0.22580075369917618
NL32,NL,2016,94600,94067.57751128612,11.451768712654884,18641.23628778477,9.070393898514267,42.9,41.6,1.0405444077841144,-0.9050709012465156,0.34764045657497916
NL32,NL,2017,97000,95085.92042190701,11.462536187330134,20845.069372523532,9.833131410492186,44.4,42.9,1.1699016087403888,1.005553202319534,0.5456299737481575
NL32,NL,2018,99300,94935.80121800817,11.460956165490169,18841.95917400878,9.944872718326799,45.4,44.4,1.1509197017629365,1.2854602906167547,0.7740794166402868
NL32,NL,2019,103200,95764.81942021454,11.469650667079625,20574.013407374896,9.84384153285161,48.5,45.4,1.2553728277969545,1.0323815903438647,0.9263790452350398
NL32,NL,2020,99000,89752.77191010216,11.404814190665824,19575.59205556846,9.931784073356695,49.9,48.5,0.47644690860855266,1.2526738074948616,1.3985078938787738
NL32,NL,2021,107100,94499.44412091693,11.456349231146193,19209.944412091692,9.882038765896814,49.1,49.9,1.0955733787206519,1.1280639882849934,1.6117273739114277
NL32,NL,2022,116300,96666.94372870086,11.479026779449415,21178.619845302714,9.863183362061992,51.6,49.1,1.3680146206581336,1.0808320264586224,1.489887671035626
NL32,NL,2023,122200,95549.36978075252,11.467398353945491,19855.223808969793,9.960747453920892,50.7,51.6,1.228314215495005,1.3252258088815612,1.8706367425225081
NL34,NL,2000,47900,61829.58784577454,11.03213729660406,138663.6855540995,NA,17,NA,-1.3557206323001303,NA,NA
NL34,NL,2001,48500,59980.21271333168,11.001769998701041,133843.9771305068,11.83980675193626,18.8,17,-1.790621032989911,1.1005512888932092,-1.709134805061515
NL34,NL,2002,50500,60122.62634680635,11.004141527989365,115052.11259958564,11.804430050778882,19.1,18.8,-1.7566575555335597,1.0656715285065497,-1.2916824101969324
NL34,NL,2003,53100,61804.55328460357,11.031732318476104,118872.2981513658,11.653140457742431,21.7,19.1,-1.3615204617970047,0.9165071185568675,-1.2221070110528351
NL34,NL,2004,55300,63604.158998895844,11.06043414025458,114262.03065549133,11.685805071104566,21.3,21.7,-0.950471911087937,0.9487128881713277,-0.6191202184706611
NL34,NL,2005,56600,63835.78638696216,11.064069227234922,120754.14951408863,11.64624960435483,20.4,21.3,-0.8984125942089113,0.9097130618145535,-0.7118874173294568
NL34,NL,2006,59000,64870.808136338645,11.080153003911816,126712.85499165126,11.701511935430283,19.9,20.4,-0.6680713585900907,0.9641991162871025,-0.9206136147617485
NL34,NL,2007,63500,68416.40269786886,11.133367880386292,131663.02633865943,11.749678821238678,20,19.9,0.0940369849088139,1.0116893960645887,-1.0365726133352435
NL34,NL,2008,66100,69540.1512840205,11.149659581055898,136463.32716336488,11.78800110677212,23.1,20,0.32735597073882294,1.0494733638497473,-1.0133808136205442
NL34,NL,2009,63000,65990.00722747699,11.097258603901283,131544.55653508005,11.823811192040264,25.7,23.1,-0.4230962438065335,1.0847804205485092,-0.2944350224648743
NL34,NL,2010,64500,67084.77643608225,11.113712418471986,16271.148739105469,11.787100906175418,26.4,25.7,-0.18745556966664448,1.0485858084789625,0.3085517701172998
NL34,NL,2011,65800,68271.4256069724,11.131246592089314,18579.92515385511,9.697148802459806,24.9,26.4,0.06365729379238301,-1.0120084869840873,0.47089436812019275
NL34,NL,2012,65700,67273.52781560706,11.116522092272904,15514.46164196829,9.829836984041908,22,24.9,-0.1472172756396515,-0.8811841922275937,0.12301737239970745
NL34,NL,2013,67100,67929.4181961753,11.126224477393412,13499.835746250381,9.649527877084077,23.8,22,-0.008266118706572397,-1.0589604755006863,-0.5495448193265638
NL34,NL,2014,68500,69108.84895933172,11.143438061749688,13750.93177586805,9.510432797408086,24.9,23.8,0.23825547691776203,-1.196101669883927,-0.1320924244619813
NL34,NL,2015,70900,70900,11.169025712520218,127213.07609860665,9.528861866316415,25.1,24.9,0.6047049255434841,-1.1779314763203115,0.12301737239970745
NL34,NL,2016,71600,71197.02483940894,11.173206310563652,17022.60281751752,11.753618724122,26.1,25.1,0.6645766918764171,1.015573954658834,0.16940097182910616
NL34,NL,2017,73600,72147.667454148,11.186470234561583,14502.574053860993,9.742297317433902,27.8,26.1,0.8545338582941004,-0.9674941786232146,0.40131896897609637
NL34,NL,2018,76000,72659.82771972427,11.193543934725373,18002.498739667255,9.582081433609616,29.1,27.8,0.9558387239893122,-1.125459490681781,0.7955795641259795
NL34,NL,2019,77300,71730.81919750565,11.18067576962554,20847.009395538236,9.798265846114257,29.7,29.1,0.7715493553424012,-0.91231184658835,1.097072960417067
NL34,NL,2020,78100,70804.96450685838,11.167684397376876,24074.608735919413,9.944965782672519,31.8,29.7,0.5854954952163629,-0.7676726216609832,1.2362237587052607
NL34,NL,2021,81600,71999.57647307958,11.184415515662552,22175.976134327924,10.088912984651373,29.8,31.8,0.8251075301648421,-0.6257474633197202,1.7232515527139405
NL34,NL,2022,91800,76302.8842157759,11.24246601755124,22697.00734526068,10.006764825795324,32.1,29.8,1.6564685097376937,-0.7067416771204206,1.25941555841996
NL34,NL,2023,99300,77643.63681856566,11.259884878259122,23409.07812249384,10.029988359767952,29.8,32.1,1.9059299378045003,-0.6838443669191909,1.7928269518580378
NL35,NL,2000,59100,76286.61047359656,11.242252716599243,NA,NA,NA,NA,-1.2991826976492162,NA,NA
NL35,NL,2001,61100,75562.70096463022,11.232718066935153,NA,NA,NA,NA,-1.4728306966682314,NA,NA
NL35,NL,2002,63100,75123.51925709864,11.226888961255218,NA,NA,NA,NA,-1.578992178531928,NA,NA
NL35,NL,2003,64700,75306.11294753016,11.229316591735067,NA,NA,NA,NA,-1.5347794187520922,NA,NA
NL35,NL,2004,67800,77981.22929701876,11.264223426672642,NA,NA,NA,NA,-0.8990453065879013,NA,NA
NL35,NL,2005,69600,78497.7161224835,11.27082480936616,NA,NA,NA,NA,-0.7788188760557526,NA,NA
NL35,NL,2006,71300,78394.72237493128,11.269511887426347,NA,NA,NA,NA,-0.8027302179244716,NA,NA
NL35,NL,2007,73800,79513.86644256255,11.283686706094072,NA,NA,NA,NA,-0.544574020809216,NA,NA
NL35,NL,2008,75600,79534.57544738198,11.283947117383745,NA,NA,NA,NA,-0.5398313295759922,NA,NA
NL35,NL,2009,75800,79397.50075940882,11.282222170158077,NA,NA,NA,NA,-0.5712466038339197,NA,NA
NL35,NL,2010,78700,81853.82799255307,11.312690350093616,NA,NA,NA,NA,-0.016350654223519796,NA,NA
NL35,NL,2011,78500,81448.43328491389,11.307725378546404,NA,NA,NA,NA,-0.10677425705465231,NA,NA
NL35,NL,2012,78900,80789.6703904322,11.299604394634168,NA,NA,NA,NA,-0.25467613663148775,NA,NA
NL35,NL,2013,81200,82203.70726571437,11.316955680583408,NA,NA,NA,NA,0.06133086851734689,NA,NA
NL35,NL,2014,83600,84343.06237956395,11.342647836572164,NA,NA,NA,NA,0.5292443876406108,NA,NA
NL35,NL,2015,85700,85700,11.358608104585871,NA,NA,NA,NA,0.8199177424074342,NA,NA
NL35,NL,2016,87600,87106.97452419307,11.374892234539399,NA,NA,NA,NA,1.1164893713415915,NA,NA
NL35,NL,2017,89500,87733.916265574,11.38206383410756,NA,NA,NA,NA,1.2471007685770021,NA,NA
NL35,NL,2018,91200,87191.79326366914,11.375865491519328,NA,NA,NA,NA,1.1342146295367066,NA,NA
NL35,NL,2019,93600,86856.46412531087,11.372012197515708,22021.3120581245,NA,52.7,NA,1.0640372431687,NA,NA
NL35,NL,2020,95300,86398.37538416906,11.366724151191391,20425.583288770693,9.99976599333919,55.7,52.7,0.9677297022219246,1.2731056757398944,-0.5767817311204725
NL35,NL,2021,100500,88675.94896500609,11.392743981191622,19451.093178038234,9.924543476910197,51.5,55.7,1.441610922144663,0.2326524263871203,0.7542530330036977
NL35,NL,2022,104700,87025.18493890781,11.373952837801287,18600.14804871056,9.875658551993565,56.1,51.5,1.0993807863798997,-0.44350786960466637,-1.1091956367701419
NL35,NL,2023,110200,86166.45294467207,11.36403620392681,18825.927178847258,9.83092481927771,56.4,56.1,0.9187759723621783,-1.0622502325223484,0.9317243348869197
NL36,NL,2000,55700,71897.87146157917,11.183001939120429,NA,NA,NA,NA,-1.6603719059947901,NA,NA
NL36,NL,2001,57500,71110.56146425921,11.171991148560908,NA,NA,NA,NA,-1.8970178420911255,NA,NA
NL36,NL,2002,59300,70599.4404428835,11.16477749771173,NA,NA,NA,NA,-2.052054953064019,NA,NA
NL36,NL,2003,62000,72163.50854322826,11.186689775273303,NA,NA,NA,NA,-1.5811122530344282,NA,NA
NL36,NL,2004,64800,74530.73242546926,11.21896683508452,NA,NA,NA,NA,-0.8874077463349976,NA,NA
NL36,NL,2005,67300,75903.68240004512,11.237220478676468,NA,NA,NA,NA,-0.4950970805717493,NA,NA
NL36,NL,2006,69800,76745.46454095657,11.248249569774424,NA,NA,NA,NA,-0.25805782593704124,NA,NA
NL36,NL,2007,72600,78220.9580451225,11.267292896318397,NA,NA,NA,NA,0.1512248510901627,NA,NA
NL36,NL,2008,73900,77746.09954446467,11.261203662152413,NA,NA,NA,NA,0.02035391030444199,NA,NA
NL36,NL,2009,71800,75207.65903068012,11.22800835356393,NA,NA,NA,NA,-0.6930857680241961,NA,NA
NL36,NL,2010,75400,78421.5836167535,11.26985446968417,NA,NA,NA,NA,0.20627865705857826,NA,NA
NL36,NL,2011,76700,79580.82589748912,11.284528462131252,NA,NA,NA,NA,0.5216548019538132,NA,NA
NL36,NL,2012,76400,78229.79490277593,11.267405862954814,NA,NA,NA,NA,0.1536527508197959,NA,NA
NL36,NL,2013,77200,78154.26355804372,11.266439890446506,NA,NA,NA,NA,0.13289189198445042,NA,NA
NL36,NL,2014,78700,79399.50968028328,11.282247471904865,NA,NA,NA,NA,0.47263134042922783,NA,NA
NL36,NL,2015,81900,81900,11.313254269841162,NA,NA,NA,NA,1.1390351452532246,NA,NA
NL36,NL,2016,82300,81836.80369110832,11.312482344280076,NA,NA,NA,NA,1.1224447791017318,NA,NA
NL36,NL,2017,83300,81656.25949633871,11.310273757999548,NA,NA,NA,NA,1.0749774364999718,NA,NA
NL36,NL,2018,84400,80690.65078348329,11.298377996040953,NA,NA,NA,NA,0.8193115323077664,NA,NA
NL36,NL,2019,86900,80639.17449240935,11.297739846303509,19873.96813615896,NA,40.8,NA,0.8055963007655117,NA,NA
NL36,NL,2020,86100,78057.71375211916,11.26520375196492,19546.10943207148,9.897166020497227,44.2,40.8,0.10632457635545343,1.296824782158617,-1.4340706346321381
NL36,NL,2021,92100,81264.22785748319,11.305461196953752,19287.007509565006,9.880531539577035,44.7,44.2,0.9715449892522698,0.2478381713416802,0.16456548266270482
NL36,NL,2022,98500,81871.83110298395,11.312910268102838,19178.03887499257,9.867186962168615,45.7,44.7,1.1316417966154273,-0.5936839113492309,0.3996590293237107
NL36,NL,2023,102600,80223.93894848779,11.292577239944665,18185.548792946924,9.861521094773444,45.2,45.7,0.6946406152603287,-0.9509790421509541,0.8698461226457226
NL41,NL,2000,55200,71252.46866569425,11.17398474547024,16122.911242555769,NA,21.9,NA,-1.0652342455586477,NA,NA
NL41,NL,2001,57500,71110.56146425921,11.171991148560908,16093.115652645229,9.687996597928167,22.1,21.9,-1.1060260585882224,0.16279349231688867,-1.5799403007463755
NL41,NL,2002,58400,69527.94809214833,11.149484081542232,15124.106270942502,9.686146860311359,23,22.1,-1.5665524896699377,0.1299082798189353,-1.5458034976302015
NL41,NL,2003,60000,69835.65342893059,11.153899952450312,15052.655185455615,9.624045191628724,25.8,23,-1.476197523928375,-0.9741545626881795,-1.3921878836074213
NL41,NL,2004,62500,71885.35149061464,11.182827788468646,15069.127042479116,9.619309678898853,27.9,25.8,-0.8842930758993862,-1.0583439855519834,-0.9142726399809931
NL41,NL,2005,65000,73309.64867760672,11.202447511921424,16139.005550593143,9.620403363099925,26.5,27.9,-0.4828457787895351,-1.038900126579187,-0.5558362072611723
NL41,NL,2006,66800,73446.94887300715,11.204318640548697,16762.60899624938,9.688994325959992,27.4,26.5,-0.44455984006201693,0.180531412573027,-0.7947938290743861
NL41,NL,2007,68300,73588.03628762903,11.20623774106439,17520.776623377926,9.726906029955035,28.2,27.4,-0.405292328633466,0.8545375152264284,-0.641178215051606
NL41,NL,2008,69800,73432.71648448761,11.204124843966584,17673.047591651815,9.77114269132631,28.8,28.2,-0.4485251922886089,1.6409906835975754,-0.5046310025869121
NL41,NL,2009,68800,72065.2777341336,11.185327622449048,16564.936296494678,9.779796023087876,28.5,28.8,-0.8331429362416605,1.7948323156261148,-0.40222059323839154
NL41,NL,2010,70000,72805.18372908152,11.195542436719618,15161.179218560103,9.715043469057703,29.3,28.5,-0.6241333857620297,0.6436412062938264,-0.4534257979126518
NL41,NL,2011,71000,73666.73583731065,11.207306630799357,16376.23505127781,9.626493441036718,30,29.3,-0.3834213325389676,-0.9306288208217279,-0.31687858544795794
NL41,NL,2012,71800,73519.62400548837,11.205307642836518,15199.515051268356,9.70358648063808,31.6,30,-0.42432345414982353,0.4399552914147537,-0.19739977454135105
NL41,NL,2013,73300,74206.05594306483,11.21460104230838,15217.31437521512,9.62901880180359,32.2,31.6,-0.2341673539417212,-0.8857321691572436,0.07569465038803669
NL41,NL,2014,74800,75464.84528697828,11.23142220146194,14336.83209424768,9.630189162180661,33.2,32.2,0.11001735858516891,-0.864925137203375,0.17810505973655724
NL41,NL,2015,76700,76700,11.247656987355347,14706.150873520652,9.570587175818805,33.2,33.2,0.4422040446896809,-1.9245478474727138,0.3487890753174244
NL41,NL,2016,78700,78257.0650120319,11.267754392020409,15575.073499122216,9.596021112020871,34.4,33.2,0.8534253751600669,-1.4723753938965942,0.3487890753174244
NL41,NL,2017,80900,79303.61816631212,11.281039032891197,16600.262065391937,9.653427062689284,34.4,34.4,1.1252479206454364,-0.4517944913819181,0.5536098940144644
NL41,NL,2018,83000,79352.18027285677,11.28165120223564,16857.54680765327,9.717173761291823,36,34.4,1.137773771445095,0.6815142063156718,0.5536098940144644
NL41,NL,2019,85800,79618.42544820163,11.28500082052608,16889.500598302886,9.732553717271248,38.1,36,1.2063117002432833,0.9549438624985849,0.826704318943852
NL41,NL,2020,86200,78148.37311768493,11.266364518200882,15936.083569134114,9.734447441472634,41.1,38.1,0.8249865906116682,0.9886110822216397,1.1851407516636734
NL41,NL,2021,92500,81617.16695784143,11.309794898210871,16555.65073265107,9.6763412238577,40,41.1,1.7136336048995084,-0.04441938456226448,1.697192798406275
NL41,NL,2022,97100,80708.17055938825,11.298595095222074,16468.547567703994,9.71448275652693,43,40,1.4844697918194198,0.6336726839709004,1.5094403812673207
NL41,NL,2023,103200,80693.08479029182,11.298408160255457,16160.046042556945,9.709207632744105,42.6,43,1.4806448379527437,0.5398898874408091,2.0214924280099225
NL42,NL,2000,51600,66605.56853532289,11.106543464674706,15015.17104168203,NA,18.3,NA,-1.5135653295759037,NA,NA
NL42,NL,2001,54200,67029.43358891911,11.112887109203204,14564.889148043829,9.616816371739963,19.6,18.3,-1.33287749907369,0.5537432605031394,-1.546891571484596
NL42,NL,2002,56400,67146.85397940353,11.114637350212064,13584.479280847623,9.586369058519658,19.6,19.6,-1.283024886852701,0.21617005131561798,-1.3150516818234963
NL42,NL,2003,57200,66576.65626891382,11.106109288613963,13088.08587959163,9.516683190676618,21.7,19.6,-1.525932089743384,-0.5564459714047127,-1.3150516818234963
NL42,NL,2004,60100,69124.95399337503,11.143671073267454,13429.788954166594,9.47945762052574,24,21.7,-0.45604909924136783,-0.9691705717246792,-0.9405410908324892
NL42,NL,2005,61600,69474.99013139344,11.14872211256526,14791.40499090018,9.505230574886482,21.8,24,-0.3121789109920066,-0.6834225698945079,-0.5303628245090046
NL42,NL,2006,64200,70588.23529411765,11.164618770702013,15389.405336765436,9.60180154719708,22.7,21.8,0.14061012188366181,0.3872720034285342,-0.9227072531662505
NL42,NL,2007,66400,71540.93132501563,11.178025030970034,16530.978397860483,9.641434586500006,23.2,22.7,0.5224644442837801,0.8266885184601874,-0.7622027141701047
NL42,NL,2008,66800,70276.58253816293,11.160193914740857,16457.496759997306,9.712991378286716,25.6,23.2,0.014575691626027584,1.6200477113657072,-0.6730335258389124
NL42,NL,2009,65200,68294.42017827777,11.131583346442357,13618.411783446121,9.708536382471122,26.1,25.6,-0.8003472587486673,1.5706546097969214,-0.24502142184918915
NL42,NL,2010,65700,68332.86530000936,11.132146120160824,12041.33468779949,9.519177963759203,25.5,26.1,-0.7843176149379609,-0.5287861069828748,-0.1558522335179969
NL42,NL,2011,66800,69308.98526665283,11.146329834300643,13456.280600161404,9.396100567187306,25.5,25.5,-0.3803188528896722,-1.8933607556094236,-0.2628552595154279
NL42,NL,2012,66100,67683.10789363206,11.12259191363998,13088.55876797126,9.50720123515831,26.1,25.5,-1.056452795379793,-0.6615736104357206,-0.2628552595154279
NL42,NL,2013,68200,69043.01521578473,11.142484998265191,12764.131022075373,9.47949375108304,27.4,26.1,-0.4898324107130348,-0.9687699876701924,-0.1558522335179969
NL42,NL,2014,69900,70521.29258769762,11.163669965721274,12724.940022964296,9.454394252315316,27.1,27.4,0.11358503988713733,-1.2470513022384848,0.07598765614310245
NL42,NL,2015,71600,71600,11.178850352948738,13163.251879699248,9.451319128084574,29.4,27.1,0.5459723248290889,-1.281145593176761,0.022486143144387603
NL42,NL,2016,75000,74577.88914742557,11.219599350133363,13690.291767713765,9.485184277674923,29.3,29.4,1.7066375959291276,-0.9056784002552604,0.4326644094678715
NL42,NL,2017,75500,74010.17517375236,11.21195786508173,15486.615093897546,9.524442230525349,30.9,29.3,1.4889830048510935,-0.47042051612076097,0.4148305718016334
NL42,NL,2018,76900,73520.27304798417,11.20531647095064,14797.827317806905,9.647731387510682,32.2,30.9,1.2998142877727545,0.8965019469689252,0.7001719744614482
NL42,NL,2019,77900,72287.59140343715,11.188407766908865,15448.974372010383,9.60223564612473,33.6,32.2,0.8181988636758443,0.39208491309484456,0.9320118641225489
NL42,NL,2020,78200,70895.62387242414,11.168963988082501,15160.361915835601,9.645297896433748,34.6,33.6,0.26437618380812966,0.8695215238877234,1.181685591449887
NL42,NL,2021,84300,74381.91540049764,11.2169681187003,15885.974165376321,9.626439531987632,38.4,34.6,1.6316914830040654,0.6604364542120974,1.3600239681122714
NL42,NL,2022,87300,72562.54675421827,11.192204182770352,15623.287606072598,9.673191870940737,37.8,38.4,0.9263332559190908,1.178785544104773,2.037709799429332
NL42,NL,2023,91300,71388.35892784537,11.175890094808919,15114.820096825479,9.656517875387474,36.9,37.8,0.46165445067843036,0.9939188483747889,1.930706773431901
PL21,PL,2000,11200,15236.229577330667,9.631431395569159,3189.2115821184366,NA,13.4,NA,-1.8875354649948293,NA,NA
PL21,PL,2001,12900,15578.581262227377,9.653652253803896,2631.252314703536,8.06752901229064,13.8,13.4,-1.777261263915353,-1.501154291457399,-1.420792061202603
PL21,PL,2002,13600,16945.140108897445,9.737736352457688,3001.430020906756,7.87521517712761,14,13.8,-1.3599818454255885,-2.529695618924834,-1.3696524408463278
PL21,PL,2003,12700,17909.269104395527,9.793073684863883,3449.282006556442,8.006844127713045,14.6,14,-1.085362383994393,-1.8257118652156021,-1.3440826306681903
PL21,PL,2004,13400,18528.504860275716,9.827065628505142,3458.8416368198896,8.145921374325063,16.1,14.6,-0.9166724806350963,-1.081892806490179,-1.2673732001337774
PL21,PL,2005,15600,18679.950186799502,9.835206045119723,3593.645721508475,8.148689024951802,17,16.1,-0.8762744937912037,-1.0670907354526027,-1.075599623797745
PL21,PL,2006,17300,19715.77375864702,9.889174292746599,4223.941922491013,8.186922487500942,19,17,-0.6084493122503039,-0.8626088463018168,-0.960535477996126
PL21,PL,2007,18800,20047.34585937,9.905852047880956,4728.220555390531,8.348524075881302,19.7,19,-0.5256835565890208,0.0016758895970739058,-0.7048373762147498
PL21,PL,2008,21200,20189.514785010237,9.912918678576803,4586.140844767373,8.461304206769176,20.2,19.7,-0.4906143866192452,0.6048515552325134,-0.6153430405912683
PL21,PL,2009,18000,20332.090816672313,9.919955745243435,4119.397167774224,8.430794174844936,21.7,20.2,-0.4556919323914103,0.44167645808035144,-0.5514185151459242
PL21,PL,2010,21000,21555.48484444125,9.978385580291345,4374.112061179716,8.323462113136573,23.1,21.7,-0.16572548235388712,-0.13236160390177465,-0.3596449388098921
PL21,PL,2011,22000,22600.72733249779,10.025737367596404,4715.768247902705,8.383458820748428,24.4,23.1,0.0692645643666192,0.1885154314839564,-0.18065626756292852
PL21,PL,2012,22600,23074.645457051553,10.046489694444846,4627.0543791881655,8.458667118783678,25.8,24.4,0.17225096748288454,0.5907477650660223,-0.014452501405034391
PL21,PL,2013,22900,23389.065356606643,10.060023899677942,4396.110962184491,8.439675741418048,26.6,25.8,0.2394164051792647,0.4891772437901032,0.1645361698419292
PL21,PL,2014,23500,23811.45381591213,10.07792199666401,4741.062161154628,8.388475556830173,27.3,26.6,0.3282382825852492,0.21534616045723548,0.26681541055447977
PL21,PL,2015,24900,24900,10.1226230824528,5471.433083300434,8.46401647421769,28.9,27.3,0.5500738422504411,0.6193574235158652,0.3563097461779613
PL21,PL,2016,24400,25423.287314404795,10.143420856382523,4453.258622134427,8.607295850737184,30.7,28.9,0.6532857830361725,1.385650498577982,0.560868227603062
PL21,PL,2017,26800,26770.552392368394,10.195057771055646,4323.167506187264,8.40139138181498,33.6,30.7,0.9095413898914508,0.2844231447727372,0.7909965192063007
PL21,PL,2018,28700,28350.719140192825,10.252407675331275,4820.612835958367,8.37174363158924,33,33.6,1.194148528336396,0.12585974059666769,1.1617587667892963
PL21,PL,2019,29100,28137.96304354132,10.24487494153596,5008.032360198556,8.480656343352186,34,33,1.1567662547784727,0.708351504851562,1.0850493362548832
PL21,PL,2020,28600,27427.47542555742,10.219300542713027,4864.009962584904,8.518798374460047,34.3,34,1.029849626784418,0.9123443963392044,1.2128983871455714
PL21,PL,2021,30400,28436.99428453832,10.255446192134329,4955.8917229861545,8.48961847187271,36.4,34.3,1.2092276044631458,0.7562831555183982,1.2512531024127773
PL21,PL,2022,33500,29060.184944221794,10.27712430132363,4922.199121685083,8.508332394848173,36.2,36.4,1.316808335437196,0.8563697829988866,1.5197361092832227
PL21,PL,2023,38000,29081.113347465733,10.277844216590841,5046.681105466278,8.501510685574612,40.5,36.2,1.3203810183686122,0.819885616865558,1.4941662991050855
PL22,PL,2000,13800,18773.211443496715,9.84018620943127,5180.983372254472,NA,7.9,NA,-1.8967571873100908,NA,NA
PL22,PL,2001,16500,19926.092312151293,9.899785323342805,3599.4934120055414,8.552750157439723,9.1,7.9,-1.5701043641569095,0.6513102248234635,-1.7919202681185056
PL22,PL,2002,16800,20932.231899226255,9.949045446124895,3665.00308824629,8.18854839565502,10.6,9.1,-1.3001178304724217,-1.8935743544234966,-1.6346643081818737
PL22,PL,2003,15500,21857.76937938037,9.992311715324538,3794.925129340483,8.206584456952399,13,10.6,-1.0629826106041003,-1.767546149504531,-1.4380943582610837
PL22,PL,2004,16900,23368.03971184027,10.059124543477305,3783.822964601635,8.24141996087108,14.6,13,-0.6967926204081961,-1.5241306967661303,-1.1235824383878197
PL22,PL,2005,19000,22751.22138135837,10.032374110030672,3801.721143512047,8.238490143824038,15.4,14.6,-0.8434072935539123,-1.5446029926344806,-0.9139078251389772
PL22,PL,2006,20100,22906.766043283533,10.039187606307896,4634.312315418556,8.243209175674684,16.6,15.4,-0.8060636545561447,-1.5116284366443198,-0.8090705185145557
PL22,PL,2007,21800,23246.390411397126,10.053905147840094,5286.330446358841,8.441243099229384,16.6,16.6,-0.7253992591340481,-0.12785292783705934,-0.6518145585779236
PL22,PL,2008,24800,23617.922956049715,10.069761150069773,5332.148074363233,8.57287960670994,17.6,16.6,-0.638495150124378,0.7919661205705868,-0.6518145585779236
PL22,PL,2009,21300,24059.640799728906,10.08829106006265,5164.21406235055,8.581509451798823,20.5,17.6,-0.5369357977331333,0.8522677500310507,-0.5207679252973969
PL22,PL,2010,25800,26482.452808884966,10.184237634495494,4730.604790118412,8.549508203925079,21.7,20.5,-0.011068593450762802,0.6286568541598403,-0.14073268878386985
PL22,PL,2011,26600,27326.333956565515,10.215606130025742,5034.377200437334,8.461808335916569,22.7,21.7,0.16085690930474839,0.015848062123332937,0.01652327115276205
PL22,PL,2012,26800,27362.85390482219,10.216941675683417,4507.27489665893,8.524045103447769,23.3,22.7,0.16817681275460444,0.45073170787010414,0.1475699044332887
PL22,PL,2013,26700,27270.22030661124,10.213550554523952,4497.28334275357,8.413448014098647,24.4,23.3,0.14959064212733558,-0.32207297548714486,0.22619788440160488
PL22,PL,2014,27400,27763.141895999677,10.23146458890792,4904.971368298949,8.411228791846902,25,24.4,0.2477744828178601,-0.33757994189694607,0.37034918101018394
PL22,PL,2015,29000,29000,10.275051108968611,5192.287566829712,8.498004534734505,25.4,25,0.48666494435024005,0.2687714630089604,0.4489771609785001
PL22,PL,2016,28200,29382.651732221933,10.288159702027436,5014.919133610377,8.55492964337359,27.2,25.4,0.5585109609971819,0.666539531009696,0.5013958142907106
PL22,PL,2017,30400,30366.59674358206,10.321098491951012,4903.143709638399,8.520172575362814,28.2,27.2,0.7390429859490419,0.423672154512073,0.7372797541956586
PL22,PL,2018,33000,32598.387861545758,10.39201811403218,5576.931367586393,8.497631851774084,29.7,28.2,1.1277416300959362,0.2661673154774486,0.8683263874761853
PL22,PL,2019,34400,33262.74669064679,10.412193331737866,5956.979579740706,8.626393969981823,31,29.7,1.2383186402017363,1.165901373358693,1.0648963373969753
PL22,PL,2020,32900,31551.186765763607,10.359366482658546,5246.6079923440975,8.692318849679335,30.8,31,0.9487834733591425,1.62655595369015,1.23525696066166
PL22,PL,2021,35600,33301.216991104084,10.413349221580138,4643.4469573014685,8.56533705007889,31.9,30.8,1.244653880030848,0.7392619931539759,1.2090476340055547
PL22,PL,2022,40700,35305.95603671125,10.471806954941158,5139.716784946816,8.443212248151244,33,31.9,1.565050986367987,-0.11409336582690635,1.3531989306141339
PL22,PL,2023,45200,34591.21903435398,10.45135514370264,5616.12527727727,8.544753256726239,36.6,33,1.4529580131473767,0.5954313372316278,1.4973502272227133
PL41,PL,2000,13400,18229.060387163478,9.810772324224976,3995.977408284861,NA,9.8,NA,-1.5499403680284296,NA,NA
PL41,PL,2001,15400,18597.686158007873,9.830792451855855,4185.308621100625,8.293043486170095,10.1,9.8,-1.4497035769134725,-1.6943889637939005,-1.6436199742605364
PL41,PL,2002,15000,18689.4927671663,9.835716760817892,3968.858625936629,8.33933572479254,10.6,10.1,-1.4250485428440636,-1.3451885974741271,-1.5971976336039762
PL41,PL,2003,14000,19742.501374924203,9.890529021014595,4372.923692024098,8.286233832581182,12.7,10.6,-1.1506144744317621,-1.7457568301689412,-1.5198270658430422
PL41,PL,2004,14800,20464.318800901536,9.926438102318347,4262.28855362587,8.383187101460557,13.8,12.7,-0.9708248572955337,-1.0144006025147987,-1.1948706812471197
PL41,PL,2005,17300,20715.585784078932,9.938641632367965,4411.950822237876,8.357561514173865,15.4,13.8,-0.9097242132336081,-1.2077043772718343,-1.0246554321730648
PL41,PL,2006,18500,21083.341880634096,9.956238523327144,4732.978665924897,8.39207223394633,16.4,15.4,-0.8216200854343731,-0.9473765913379619,-0.7770696153380761
PL41,PL,2007,20100,21433.598498581756,9.972714993110081,5191.5369364716025,8.462310022379693,16.2,16.4,-0.7391256832809716,-0.4175456265738393,-0.6223284798162083
PL41,PL,2008,22600,21522.78462930337,9.976867403177078,5973.055660754375,8.554785066515771,17.2,16.2,-0.7183353932197227,0.2800296095500464,-0.6532767069205818
PL41,PL,2009,20000,22591.212018524795,10.025316260901262,5281.153880792774,8.695013911415552,17.5,17.2,-0.4757616134218925,1.337830343858437,-0.4985355713987139
PL41,PL,2010,23100,23711.033328885376,10.07369576009567,4812.880461660293,8.571899890853285,20.3,17.5,-0.23353509796669003,0.40913338819643874,-0.4521132307421534
PL41,PL,2011,24500,25168.991802099812,10.13336803178877,5123.429978802016,8.479051032439575,21.5,20.3,0.0652320799123626,-0.29126167445925927,-0.01883805128092308
PL41,PL,2012,25100,25627.150485486458,10.151407634304345,5168.67086972232,8.541579411473604,22.4,21.5,0.1555527762880217,0.18041421579413797,0.16685131134531833
PL41,PL,2013,25300,25840.32111450428,10.159691384851223,4677.392217600401,8.550370849290328,23.4,22.4,0.19702786518481585,0.24673145162962676,0.30611833331499927
PL41,PL,2014,26600,26952.539212904798,10.20183279130155,5785.464666519595,8.450496015146339,24.6,23.4,0.4080214928746138,-0.5066632794754118,0.4608594688368672
PL41,PL,2015,27900,27900,10.236381967809457,6559.884836852208,8.663103959050243,25.7,24.6,0.5810023375858836,1.097121158327505,0.6465488314631092
PL41,PL,2016,27300,28444.907528002084,10.25572442627428,5357.363419116841,8.788728326426142,25.6,25.7,0.6778461741755069,2.044754636676583,0.8167640805371635
PL41,PL,2017,29100,29068.025172310456,10.277394057716283,4872.656080311907,8.58622723362414,25.2,25.6,0.7863417022979066,0.517210108892026,0.8012899669849771
PL41,PL,2018,30900,30523.944997629205,10.3262667364694,5498.7130092514435,8.491394463770039,26.5,25.2,1.031037469564078,-0.19815036961622365,0.7393935127762296
PL41,PL,2019,32900,31812.336224484865,10.367609425129839,5849.158134523107,8.612269345520765,28.5,26.5,1.2380320763814376,0.7136558908342471,0.940556988954658
PL41,PL,2020,32700,31359.386238312152,10.353268902790427,5403.122671864324,8.674053021241534,29.5,28.5,1.1662319376052064,1.1797141942625342,1.2500392599983938
PL41,PL,2021,33900,31710.99033703451,10.364418598108559,5227.367924567533,8.594732337984683,27.9,29.5,1.222056241086428,0.5813674200670665,1.4047803955202618
PL41,PL,2022,38000,32963.7918770277,10.403165022218994,5308.829353196613,8.561663165477638,28.9,27.9,1.4160518684678873,0.3319137860025309,1.1571945786852729
PL41,PL,2023,43800,33519.80959523682,10.419891874246856,5621.174393380424,8.577126629139334,33.6,28.9,1.4997998846464424,0.4485607085952654,1.3119357142071408
PL42,PL,2000,14100,19181.324735746643,9.861692414652232,3901.9933854385517,NA,11.7,NA,-1.8081215932476673,NA,NA
PL42,PL,2001,15700,18959.978745501532,9.850085654790533,3330.5804490199885,8.269242826009542,11.8,11.7,-1.9088474654886889,-1.0457172882818366,-1.5228657505261218
PL42,PL,2002,16500,20558.44204388293,9.931026940622216,3269.5704078280028,8.11090187679945,11.3,11.8,-1.2064221794612375,-1.8154182548610531,-1.5074426275573412
PL42,PL,2003,15000,21152.680044561646,9.959521892501547,3383.011542135253,8.092413881508108,12.6,11.3,-0.9591370700326579,-1.9052890552878976,-1.584558242401244
PL42,PL,2004,15600,21570.498195544864,9.979081835803768,4153.117469244088,8.126521580579574,15.6,12.6,-0.7893918204042474,-1.7394903211381645,-1.3840576438070962
PL42,PL,2005,18100,21673.53194750455,9.983847069136011,3883.0814622358726,8.331614528625405,16.1,15.6,-0.7480381360391507,-0.7425262310719737,-0.9213639547436774
PL42,PL,2006,19300,21995.053961958813,9.998572887153705,5096.570629530364,8.264384308712192,17.6,16.1,-0.6202444294432847,-1.069334713076673,-0.844248339899774
PL42,PL,2007,20700,22073.407408987183,10.002128878316375,5152.661503463342,8.536323166950655,19.5,17.6,-0.5893847997267001,0.25256971582043897,-0.6129014953680646
PL42,PL,2008,23300,22189.419551449933,10.007370857470493,5905.273368255284,8.54726865695331,19.3,19.5,-0.5438938161223883,0.3057761306913536,-0.3198621589612329
PL42,PL,2009,19800,22365.299898339545,10.01526592504776,4992.468649963171,8.683601021929984,20.1,19.3,-0.475378780264166,0.9684925892073671,-0.35070840489879407
PL42,PL,2010,22400,22992.517167404,10.042924101428918,4847.068034149113,8.515685785843749,20.8,20.1,-0.23535538236643264,0.15225067475814585,-0.22732342114854892
PL42,PL,2011,23300,23936.224856690842,10.083148274809744,5276.244784992654,8.486129272088752,21,20.8,0.1137183468426616,0.008575413750659547,-0.11936156036708465
PL42,PL,2012,23200,23687.24666387593,10.07269206683887,5597.541572805972,8.570969908703452,22.5,21,0.02297720282405923,0.42098875555073856,-0.0885153144295235
PL42,PL,2013,22800,23286.929700027576,10.055647525078143,6161.475586469679,8.630082775476321,23.9,22.5,-0.12493886990034082,0.7083384962168494,0.1428315301021859
PL42,PL,2014,23900,24216.755157459575,10.094800034451362,5919.465717733203,8.726071571099725,24.1,23.9,0.21483473651808677,1.174943434109943,0.35875525166511446
PL42,PL,2015,25500,25500,10.146433731146518,6330.27027027027,8.686001473422335,24.5,24.1,0.6629226782536579,0.9801612689968096,0.38960149760267615
PL42,PL,2016,24300,25319.09351393592,10.139314074429869,4111.331176718842,8.753098210951904,26,24.5,0.6011368188591247,1.3063208884032695,0.4512939894777984
PL42,PL,2017,26100,26071.32154629907,10.168591197867483,4529.706457121454,8.321502142329642,26.7,26,0.8552097754895899,-0.7916828992939358,0.6826408340095078
PL42,PL,2018,26900,26572.625256835785,10.187636839173493,5078.327358221499,8.418412416625047,28.6,26.7,1.020491805599288,-0.32059862091400054,0.7906026947909721
PL42,PL,2019,28300,27364.410794921627,10.216998572007704,5002.343325117074,8.53273722616187,29.6,28.6,1.2752990201426864,0.23513833054080857,1.0836420311978043
PL42,PL,2020,27900,26756.17357947734,10.19452051371454,6057.893204989278,8.517661746650502,29.9,29.6,1.0802297626718984,0.1618558902786271,1.2378732608856107
PL42,PL,2021,29600,27688.65232968205,10.228777945052167,5600.652416245223,8.70911736267466,30,29.9,1.3775228654271232,1.0925284260058559,1.284142629791952
PL42,PL,2022,32100,27845.72945401551,10.23443489262858,5884.155776195606,8.630638372838238,33,30,1.4266150311689256,0.7110392746865346,1.299565752760733
PL42,PL,2023,36100,27627.057680092446,10.226550922203291,5619.283013636033,8.680018555911266,36.8,33,1.3581962986999223,0.9510780949081941,1.7622594418241517
PL43,PL,2000,13000,17684.909330830236,9.780466974729647,3520.616420862793,NA,10.6,NA,-2.0640939215771277,NA,NA
PL43,PL,2001,15200,18356.157766345437,9.817720370288502,3185.5962911683514,8.166391372823796,10.2,10.6,-1.764523221278056,-0.9779248488637099,-1.3962390665905156
PL43,PL,2002,15700,19561.669096300728,9.881327272069944,3199.673856801326,8.066394769060244,10.5,10.2,-1.2530325551341517,-1.6037842938050875,-1.4625892701681642
PL43,PL,2003,14400,20306.57284277918,9.918699897981291,3307.436985656348,8.07080416384406,11.8,10.5,-0.9525030718930894,-1.57618674280773,-1.4128266174849278
PL43,PL,2004,15500,21432.22577121445,9.972650945473479,3303.1296345165633,8.103928843851866,14.2,11.8,-0.5186593151925935,-1.368865763261599,-1.19718845585757
PL43,PL,2005,18100,21673.53194750455,9.983847069136011,3722.8255274576277,8.102625672127912,14.8,14.2,-0.428626432125034,-1.3770220635870165,-0.7990872343916794
PL43,PL,2006,19000,21653.161931462048,9.982906770409306,3712.7722069978595,8.222238209346612,14.3,14.8,-0.4361877817368964,-0.628390276764158,-0.6995619290252065
PL43,PL,2007,20600,21966.772590586275,9.997286253840587,4188.733716312006,8.219534102173313,14.7,14.3,-0.3205561230162252,-0.6453147617051144,-0.7824996834972671
PL43,PL,2008,22600,21522.78462930337,9.976867403177078,4189.337602032236,8.340153751562497,15.3,14.7,-0.4847529512732825,0.10962034583354788,-0.7161494799196189
PL43,PL,2009,19300,21800.519597876424,9.98968908325811,3905.250845121125,8.340297910211506,16.3,15.3,-0.3816482644852754,0.11052260699699425,-0.6166241745531459
PL43,PL,2010,20700,21247.54934666352,9.963996842839247,5474.553216703883,8.270077297117503,18.1,16.3,-0.5882507053922077,-0.32897465871389164,-0.4507486656090247
PL43,PL,2011,21200,21778.882702225143,9.988696095916056,5862.9616571344595,8.607865947099894,19.3,18.1,-0.3896333060897954,1.785179312808622,-0.15217274950960644
PL43,PL,2012,22300,22768.344853639363,10.033126466632678,4600.304472274045,8.676410157139737,18.7,19.3,-0.032349437855610494,2.2141842953270126,0.04687786122333888
PL43,PL,2013,22000,22469.844447395026,10.019929442476064,4228.537441624375,8.433877769911541,20.6,18.7,-0.13847242903945833,0.6962208891910925,-0.05264744414313407
PL43,PL,2014,23500,23811.45381591213,10.07792199666401,3972.81324308704,8.349611453770843,22.7,20.6,0.32787083469789063,0.16881427874483487,0.26251602285069653
PL43,PL,2015,24000,24000,10.085809109330082,4648.907766990291,8.287229748187492,22.4,22.7,0.3912945261297267,-0.22162077766177649,0.6108545916333507
PL43,PL,2016,23400,24381.349309716075,10.101573746447023,4417.2545911922,8.44438758217141,22.5,22.4,0.5180648059991634,0.7619997758716142,0.5610919389501142
PL43,PL,2017,25000,24972.530216761563,10.125531708407037,4081.6783780831743,8.393273648874159,23.7,22.5,0.7107211621361748,0.44208753167348847,0.5776794898445266
PL43,PL,2018,26700,26375.05926979611,10.180174117971903,4533.003084427517,8.314263549987176,24.8,23.7,1.1501244609177546,-0.05242142936178633,0.7767301005774718
PL43,PL,2019,27300,26397.470484147016,10.181023469549427,4425.778739418703,8.419139931379073,25.9,24.8,1.1569544650841335,0.6039796020232133,0.9591931604160054
PL43,PL,2020,26900,25797.170942220087,10.158020111495013,4036.6858848789066,8.395201528267567,28.1,25.9,0.9719744927027146,0.4541537567417453,1.1416562202545384
PL43,PL,2021,29200,27314.481352253908,10.215172292996389,4776.260455072088,8.303179308779068,29.1,28.1,1.4315599554275307,-0.12179555597218807,1.5065823399316054
PL43,PL,2022,32400,28105.96991620257,10.243737285290893,4547.810338789032,8.471413187729578,28.8,29.1,1.6612634392933951,0.9311478254777175,1.6724578488757267
PL43,PL,2023,35700,27320.940697487542,10.215408745650048,5696.700040012474,8.42240115188764,31.1,28.8,1.4334613737004627,0.6243909518141416,1.6226951961924903
PL51,PL,2000,14000,19045.286971663332,9.854574946883368,4784.8807304432175,NA,11.1,NA,-1.937214280487807,NA,NA
PL51,PL,2001,16200,19563.799724657634,9.881436184674609,5136.002981482968,8.473216377859208,12.4,11.1,-1.795102513438582,-1.1336610722247351,-1.5080815908876852
PL51,PL,2002,17000,21181.425136121805,9.960879903771898,4442.391304159727,8.544030425876437,12.6,12.4,-1.37479845337924,-0.6257585337275553,-1.349587251458716
PL51,PL,2003,15600,21998.787246344113,9.998742605654828,4294.384896792589,8.398948092460987,14,12.6,-1.1744824622972645,-1.666338580992648,-1.3252035069311823
PL51,PL,2004,16200,22400.13274152736,10.016822163786616,4625.8089010623735,8.365063610377089,15.8,14,-1.078830952357712,-1.9093696595420195,-1.154517295238446
PL51,PL,2005,19300,23110.451192642973,10.04804022677507,4714.343102016659,8.439406532180735,17.3,15.8,-0.9136690141915603,-1.3761568329827714,-0.9350635944906421
PL51,PL,2006,21400,24388.298175436197,10.101858713270671,5397.737461750479,8.45836486447426,18.2,17.3,-0.6289375258199185,-1.2401811986677849,-0.752185510534139
PL51,PL,2007,23400,24952.5475058116,10.124731200408707,5725.391681993083,8.593735156187405,18.6,18.2,-0.5079285987831724,-0.26925923158180437,-0.6424586601602373
PL51,PL,2008,25700,24475.024998809582,10.10540848880001,5695.529887887083,8.65266624215083,18.5,18.6,-0.610157122734135,0.15341464451035386,-0.5936911711051696
PL51,PL,2009,22300,25189.201400655144,10.134170665813343,5642.025605866609,8.647436915958027,19.8,18.5,-0.45798826769797246,0.11590813101026494,-0.6058830433689366
PL51,PL,2010,27400,28124.775463699534,10.244406155961947,5093.379340037708,8.637998429989539,21.2,19.8,0.1252223951279889,0.04821208598543227,-0.44738870393996716
PL51,PL,2011,29300,30100.059583735696,10.31228243026111,5847.779662440002,8.535696806741523,22.5,21.2,0.4843278598998803,-0.6855300964612919,-0.2767024922472311
PL51,PL,2012,29700,30323.759737806682,10.31968683397526,5767.5613897202475,8.673817323298461,23.7,22.5,0.5235015161528596,0.30511742252734425,-0.11820815281826164
PL51,PL,2013,29400,30027.883034246082,10.309881663462384,6186.975887352336,8.660004634069328,25.1,23.7,0.47162638967384124,0.2060480977340089,0.02809431434694076
PL51,PL,2014,29600,29992.2992745106,10.308695936843911,6426.1891804173,8.730201698214898,27.2,25.1,0.46535319756340543,0.7095254171764742,0.19878052603967725
PL51,PL,2015,30500,30500,10.325481962595504,6253.617548204494,8.76813697908331,27.2,27.2,0.5541611594239894,0.981610208134648,0.45480984357878135
PL51,PL,2016,29000,30216.20213597291,10.316133554069841,5658.731746956445,8.74091538299859,28.8,27.2,0.5047025728538235,0.7863676236405331,0.45480984357878135
PL51,PL,2017,32000,31964.838677454798,10.372391786338563,5993.942030411582,8.640955073113236,29.8,28.8,0.8023417531815702,0.06941814029249381,0.6498797997990515
PL51,PL,2018,33900,33487.43480322428,10.418925566952105,6884.703569907867,8.698504576560502,31.7,29.8,1.0485328573244987,0.48218283470746026,0.7717985224367202
PL51,PL,2019,33500,32392.500410949633,10.385682206189534,7378.885322755081,8.837057355756272,35,31.7,0.8726559011938969,1.475930688978534,1.0034440954482906
PL51,PL,2020,33600,32222.48861184368,10.380419891856379,6530.273630662417,8.906377865909697,36.5,35,0.844815159286724,1.9731210638075152,1.4057758801525977
PL51,PL,2021,36900,34517.27266774552,10.449215134768634,5900.749019986541,8.784204125016192,36.7,36.5,1.208782509221328,1.0968492664035605,1.5886539641091006
PL51,PL,2022,40800,35392.70285744027,10.474260943902726,5708.925522026759,8.68283457437611,36.1,36.7,1.3412895895310821,0.3697922270448071,1.6130377086366348
PL51,PL,2023,45300,34667.7482800052,10.453565089353443,5608.388300534103,8.649786110166561,39.7,36.1,1.2317963307523911,0.13275735422720542,1.5398864750540333
PL52,PL,2000,11900,16188.493925913835,9.692056017385594,3011.084556861751,NA,10.8,NA,-2.141977070421106,NA,NA
PL52,PL,2001,13400,16182.402241383474,9.691679649393135,2554.5135858243075,8.010055610738288,11,10.8,-2.1444857257254064,-1.3252345912922476,-1.4643903161983343
PL52,PL,2002,14500,18066.509674927423,9.80181520914221,2653.613876141048,7.845617107145556,11.7,11,-1.4103846286806763,-1.9894757754086818,-1.430860224339139
PL52,PL,2003,13200,18614.358439214247,9.831688520991662,3165.8579522238856,7.883677716795026,12.7,11.7,-1.2112660964735908,-1.8357318293778182,-1.3135049028319556
PL52,PL,2004,15000,20740.86364956237,9.939861122650488,3409.4509750870448,8.060179372796355,13.1,12.7,-0.4902489633256091,-1.1227621390721656,-1.145854443535979
PL52,PL,2005,17100,20476.09924322253,9.927013594372845,3290.12625981448,8.134306552941666,14.3,13.1,-0.5758832909162487,-0.8233290693278483,-1.0787942598175884
PL52,PL,2006,18000,20513.521829806145,9.92883954913903,3627.0892412246267,8.098681219866352,15.1,14.3,-0.5637125133756972,-0.9672358363530331,-0.8776137086624164
PL52,PL,2007,20300,21646.868135383564,9.982616064092793,4117.924656128469,8.196185743674071,15.7,15.1,-0.20526880352628077,-0.5733711456893585,-0.7434933412256354
PL52,PL,2008,23100,21998.952430836627,9.998750114426585,3941.4253881792906,8.323104591191234,17.5,15.7,-0.0977283862732541,-0.06068875245685718,-0.6429030656480494
PL52,PL,2009,19200,21687.5635377838,9.984494266381006,4300.281216580776,8.279297710517238,16.2,17.5,-0.1927497736744326,-0.23764447545109516,-0.34113223891529165
PL52,PL,2010,21100,21658.130010367164,9.983136183049943,4356.647711214034,8.36643569874805,18,16.2,-0.20180198592525062,0.11434510861440669,-0.5590778360000612
PL52,PL,2011,22200,22806.188490065953,10.034787203116323,4438.109846885411,8.379458167033432,18.1,18,0.1424743820397969,0.16694872373501296,-0.2573070092673034
PL52,PL,2012,22100,22564.14445136457,10.024117396690313,3984.96660211791,8.39798385462503,20,18.1,0.07135551161833928,0.24178232045085088,-0.24054196333770547
PL52,PL,2013,22200,22674.115760553163,10.028979277995981,4454.633658313861,8.290284210290302,20.9,20,0.10376205141642153,-0.19326505421390283,0.07799390932464968
PL52,PL,2014,23300,23608.803145138412,10.06937493608555,4987.040743746083,8.401700104944327,23.1,20.9,0.37301656818610895,0.2567939294027084,0.22887932269102831
PL52,PL,2015,24000,24000,10.085809109330082,6236.545361353153,8.514597975503943,24.8,23.1,0.4825574343270768,0.7128392812290419,0.5977103331421771
PL52,PL,2016,23100,24068.767908309455,10.088670341611115,6247.465545079462,8.738181680066635,24.7,24.8,0.5016287838638793,1.6159945728612763,0.8827161139453371
PL52,PL,2017,24900,24872.640095894516,10.121523687009498,5069.367655728139,8.739931147700617,25.9,24.7,0.7206105273942193,1.623061460648381,0.8659510680157392
PL52,PL,2018,26200,25881.144302196935,10.161269963332751,5287.750759511817,8.530971366070634,25.9,25.9,0.9855366340832823,0.7789787808012141,1.067131619170911
PL52,PL,2019,26700,25817.306297682244,10.158800332764717,5627.03493579309,8.573148247196778,26.3,25.9,0.9690754791809056,0.9493502014202857,1.067131619170911
PL52,PL,2020,26300,25221.76935986574,10.135462764070938,4721.568844247623,8.635337928014163,27.7,26.3,0.8135204993043627,1.2005623343661893,1.1341918028893019
PL52,PL,2021,28400,26566.139397397637,10.187392728889314,4579.935415385897,8.459896405608708,27.8,27.7,1.1596561545778992,0.49187500117070265,1.3689024459036687
PL52,PL,2022,32100,27845.72945401551,10.23443489262858,4858.5012785954395,8.429440175564677,28,27.8,1.4732125035630168,0.3688485696101575,1.3856674918332668
PL52,PL,2023,36200,27703.58692574367,10.229317175696181,5868.655989256097,8.488485290446164,30.1,28,1.4391007087621608,0.607358384332792,1.419197583692462
PL61,PL,2000,12300,16732.64498224707,9.725116879646482,2960.6433031523834,NA,10.3,NA,-1.7736628870752478,NA,NA
PL61,PL,2001,14400,17390.044199695676,9.763653149018225,2736.4685496543793,7.993161855850972,10.1,10.3,-1.5059179700773264,-1.2274310757756564,-1.3334140864976054
PL61,PL,2002,14400,17941.913056479647,9.794894766297636,2731.8548367421968,7.914423517608877,10.4,10.1,-1.288855333716105,-1.5819193581078255,-1.3661271787530136
PL61,PL,2003,13200,18614.358439214247,9.831688520991662,2559.888833607058,7.9127360848508115,12.1,10.4,-1.033217178876516,-1.5895163579088427,-1.3170575403699016
PL61,PL,2004,14000,19358.139406258208,9.870868251163536,2687.925666336714,7.8477191121585,12.5,12.1,-0.7610015811061397,-1.8822296089971575,-1.0389962561989343
PL61,PL,2005,16000,19158.92326851231,9.860523853104013,3235.090991940307,7.896525047368073,13.3,12.5,-0.8328730944880579,-1.6625001541176159,-0.9735700716881184
PL61,PL,2006,17400,19829.73776881261,9.894937997463348,3647.989867971648,8.081812333878014,12.2,13.3,-0.5937681584041052,-0.8283172973376558,-0.8427177026664866
PL61,PL,2007,18800,20047.34585937,9.905852047880956,4373.48317231226,8.201931573770313,12.5,12.2,-0.5179387755703807,-0.28752784235139184,-1.0226397100712303
PL61,PL,2008,20900,19903.81410409028,9.898666655869603,5199.031537538805,8.383315035204687,15.3,12.5,-0.567861931574887,0.5290795832414322,-0.9735700716881184
PL61,PL,2009,18000,20332.090816672313,9.919955745243435,4772.53660750576,8.55622764444318,16.2,15.3,-0.41994814645022727,1.3075503410832197,-0.5155867801124073
PL61,PL,2010,20100,20631.678351108054,9.934582957632953,4561.416600393687,8.47063322607981,17.1,16.2,-0.31832020396926064,0.922195264759927,-0.36837786496307184
PL61,PL,2011,20900,21470.690965872902,9.974444073208854,4848.423734440374,8.425388512245304,19,17.1,-0.041370430280480576,0.7184988031646773,-0.22116894981373583
PL61,PL,2012,20500,20930.54123316623,9.948964674310968,3994.776966141906,8.48640892789837,20.1,19,-0.21839793331308233,0.9932191340096356,0.08960542661263925
PL61,PL,2013,21200,21652.759194762482,9.982888170795714,4079.3147792406558,8.292743028392085,20.7,20.1,0.017298046050392018,0.12131488005886189,0.2695274340173831
PL61,PL,2014,21900,22190.24844972237,10.007408212336351,4725.075312866508,8.31368430702911,20.2,20.7,0.1876600606956706,0.21559471958320747,0.3676667107836065
PL61,PL,2015,22500,22500,10.021270588192511,5264.64718460442,8.460638779031822,21.2,20.2,0.2839740198181141,0.877199212696852,0.2858839801450867
PL61,PL,2016,22300,23235.21750455848,10.05342440254944,3673.6117266921833,8.568769410851562,23.2,21.2,0.507374481163115,1.3640146928942667,0.44944944142212634
PL61,PL,2017,23900,23873.73888722405,10.080534342476302,3706.6518979610114,8.208930578832804,24.7,23.2,0.6957307682109314,-0.25601758523867235,0.7765803639762057
PL61,PL,2018,25500,25189.663347558086,10.13418900473008,4314.805767930484,8.21788429476549,25.3,24.7,1.0685162849694168,-0.215707014145479,1.021928555891765
PL61,PL,2019,26600,25720.61226660478,10.155047983146165,4315.68081779376,8.369807589278558,24.7,25.3,1.2134417158875206,0.46826764064841336,1.1200678326579891
PL61,PL,2020,26700,25605.37041476864,10.150557390293423,4429.384526825047,8.370010370398159,26.9,24.7,1.1822416690166009,0.4691805825821848,1.021928555891765
PL61,PL,2021,28500,26659.68214175467,10.190907670996758,4319.0730074369285,8.396015920390495,28.2,26.9,1.462590097494186,0.5862603045283352,1.3817725707012523
PL61,PL,2022,31800,27585.488991828446,10.22504515227874,4331.904378182709,8.370796076600406,28.2,28.2,1.699772815006134,0.4727179145639195,1.5944076703614039
PL61,PL,2023,35300,27014.82371488264,10.204141020803707,4586.413111886259,8.373762534512235,31.1,28.2,1.5545336665897482,0.4860732201653841,1.5944076703614039
PL62,PL,2000,11900,16188.493925913835,9.692056017385594,2546.769057276523,NA,10.3,NA,-2.060091670347115,NA,NA
PL62,PL,2001,13900,16786.223220539574,9.728313782572917,2501.5579947207484,7.842580798421082,10.5,10.3,-1.7472569979846,-2.3070884477758264,-1.5988722205052073
PL62,PL,2002,14100,17568.12320113632,9.773841357099805,3115.76226267903,7.824669014637428,10.9,10.5,-1.3544417269110534,-2.400412038439125,-1.5610388243409896
PL62,PL,2003,13200,18614.358439214247,9.831688520991662,3175.457835718479,8.044229108405723,11.8,10.9,-0.8553321301194291,-1.2564647596914302,-1.4853720320125539
PL62,PL,2004,13800,19081.59455759738,9.856479513711436,3403.705055913632,8.063207101157232,13.4,11.8,-0.6414336163813623,-1.1575860299934329,-1.3151217492735734
PL62,PL,2005,15800,18919.436727655906,9.847945070897152,3731.370021414245,8.13261983961541,14.5,13.4,-0.7150694184725698,-0.7959332728514408,-1.0124545799598303
PL62,PL,2006,16800,19145.953707819073,9.85984667765208,4066.433885332023,8.224530743166762,14.7,14.5,-0.6123814775437956,-0.3170610597808476,-0.8043709010566321
PL62,PL,2007,18300,19514.17176736548,9.878896237892427,4092.0145486751753,8.310521699103095,15,14.7,-0.44802046671892665,0.13096716953887566,-0.7665375048924145
PL62,PL,2008,20500,19522.879862863676,9.8793423830432,4158.015731651234,8.316792682459912,15.8,15,-0.44417109345095956,0.16364011216238117,-0.7097874106460875
PL62,PL,2009,18000,20332.090816672313,9.919955745243435,3762.7721927281395,8.332793251876707,19.7,15.8,-0.09375600879778269,0.2470059348335633,-0.5584538259892159
PL62,PL,2010,18500,18989.355696293485,9.851633874652203,3986.1194178649366,8.23291125002269,19.7,19.7,-0.6832421475925567,-0.27339712318915027,0.17929739921303242
PL62,PL,2011,19600,20135.19344167985,9.910224480474561,4880.353684925338,8.290573459647836,19.4,19.7,-0.17771807898924566,0.027033281330882505,0.17929739921303242
PL62,PL,2012,20300,20726.340830891437,9.939160674214348,4772.533022068094,8.49297297264003,18.9,19.4,0.07194553489420419,1.08157087117005,0.12254730496670548
PL62,PL,2013,20200,20631.4026289718,9.934569593524907,3883.165570539183,8.470632474814957,20.7,18.9,0.03233335207348337,0.9651728898509515,0.02796381455616079
PL62,PL,2014,21400,21683.62177278807,9.984312497541701,4234.406350230946,8.264405968673035,21.9,20.7,0.46151879690323955,-0.10930401739458111,0.3684643800341218
PL62,PL,2015,21700,21700,9.98506753952855,4768.808495320374,8.350998420219335,22.6,21.9,0.4680333548567055,0.34185811141657924,0.5954647570194289
PL62,PL,2016,21200,22089.085699400886,10.002838905761333,4392.894593467659,8.469851761341888,23.1,22.6,0.6213660135063533,0.9611052333033901,0.7278816435941919
PL62,PL,2017,22500,22475.277195085404,10.02017119274921,4178.599232047621,8.387743649485241,23.4,23.1,0.7709102640450313,0.5333073147041887,0.8224651340047366
PL62,PL,2018,23600,23312.78647068121,10.056757264597264,5162.924849488049,8.337731357405914,23.6,23.4,1.086577590491821,0.27273434606419206,0.8792152282510629
PL62,PL,2019,24000,23206.567458590784,10.052190597706458,4683.10266410363,8.549258529183565,24.2,23.6,1.047176051726447,1.3748286674102193,0.9170486244152813
PL62,PL,2020,23700,22728.362502996883,10.031368873028304,4383.671697209746,8.451716131664496,23.9,24.2,0.8675246754196069,0.8666153655785097,1.0305488129079345
PL62,PL,2021,25800,24134.028044114755,10.091378075649725,4500.718040008244,8.385641939238344,25.3,23.9,1.3852885018391135,0.5223570291746531,0.9737987186616076
PL62,PL,2022,28400,24636.09708704176,10.111968007659769,4339.3441510430675,8.411992227475636,28,25.3,1.5629399539087692,0.6596467342659569,1.238632491811133
PL62,PL,2023,31800,24336.300117089744,10.099724346650586,4791.843259394861,8.375478498403902,31.2,28,1.4573007436447905,0.4694036883114363,1.7493833400280743
PL63,PL,2000,14100,19181.324735746643,9.861692414652232,4991.4600562243795,NA,12.9,NA,-1.8052553619915124,NA,NA
PL63,PL,2001,16000,19322.271332995195,9.869013664676052,3879.599898894801,8.515483742385326,12.9,12.9,-1.7538941497418805,-0.20356879353208915,-1.3715224557551844
PL63,PL,2002,16600,20683.038662330706,9.93706925507818,3679.3014670096027,8.263487308458659,13.1,12.9,-1.2764596116445,-1.5779021557917137,-1.3715224557551844
PL63,PL,2003,15200,21434.715778489135,9.972767119251568,3606.2924591711626,8.210478194397728,14.5,13.1,-1.0260262057776477,-1.8670022546405867,-1.347172771091063
PL63,PL,2004,16000,22123.587892866526,10.004399643788059,4413.094084934262,8.190435503960732,15.8,14.5,-0.804112625251848,-1.9763106988427068,-1.1767249784422134
PL63,PL,2005,18800,22511.734840501966,10.021792000700135,4744.824931780706,8.392331328991128,16.6,15.8,-0.6820989620145352,-0.8752150852398888,-1.0184520281254243
PL63,PL,2006,20100,22906.766043283533,10.039187606307896,5463.44929224622,8.464809815058997,17.5,16.6,-0.5600625080040472,-0.4799332953470654,-0.9210532894689388
PL63,PL,2007,21800,23246.390411397126,10.053905147840094,6564.514840277591,8.605835607782815,18.5,17.5,-0.4568136403969248,0.2891904928723182,-0.8114797084803929
PL63,PL,2008,23800,22665.58735298319,10.028603077576266,6713.228454211987,8.78943388305827,19.5,18.5,-0.6343167985936192,1.2904952773591243,-0.689731285159786
PL63,PL,2009,20800,23494.860499265786,10.064536974054542,7927.507310767223,8.811835254971783,21.1,19.5,-0.38222754088866345,1.4126674537720822,-0.5679828618391791
PL63,PL,2010,22800,23403.097831107643,10.060623678528318,5471.320433348823,8.978093928615449,22.7,21.1,-0.40968072189792243,2.3194058484115043,-0.373185384526208
PL63,PL,2011,24100,24758.06948696349,10.116906754734698,5778.30155909515,8.60727526177821,23.9,22.7,-0.014834621342272107,0.29704205047236126,-0.17838790721323725
PL63,PL,2012,24900,25422.950083211665,10.143407591637269,5784.959775568519,8.661865070577253,25.9,23.9,0.17107831763911122,0.5947629122434946,-0.0322897992285091
PL63,PL,2013,24700,25227.507175029874,10.13569023275168,5050.17062451042,8.663016686374306,26.7,25.9,0.11693825870931931,0.6010435725914707,0.21120704741270463
PL63,PL,2014,25500,25837.960523649337,10.159600027678277,5530.303680041088,8.527177308730403,26.5,26.7,0.2846741027352353,-0.139794643630777,0.3086057860691902
PL63,PL,2015,25700,25700,10.154246270883311,5470.494610657802,8.617998008025078,28.1,26.5,0.24711556584815764,0.3555215601721041,0.2842561014050689
PL63,PL,2016,25700,26777.80672050013,10.195328715984541,5249.063186381228,8.607124313751896,30.6,28.1,0.5353237510232483,0.2962188129951607,0.47905357871804005
PL63,PL,2017,27300,27270.002996703624,10.21354258572975,5431.7796375303615,8.565804898973946,32.8,30.6,0.6631006233916578,0.07087177393783092,0.7834246370195572
PL63,PL,2018,29600,29239.766081871345,10.283284913895715,5813.2693225812245,8.600022100950694,32.8,32.8,1.1523682358979224,0.25748489979462713,1.0512711683248919
PL63,PL,2019,29800,28814.82126108355,10.268645160869871,4970.242679539318,8.667898397710367,34.5,32.8,1.0496650827483665,0.6276673571011453,1.0512711683248919
PL63,PL,2020,29300,28098.777271637493,10.243481340910241,4853.012052278584,8.511223946779733,35.3,34.5,0.8731318003508062,-0.22680078585019212,1.2582434879699238
PL63,PL,2021,31900,29840.135449893824,10.303609593512952,4954.497357970138,8.487354832871858,35,35.3,1.2949532016251408,-0.35697770565816656,1.355642226626409
PL63,PL,2022,36900,32009.57684900848,10.37379041353909,4758.043085800232,8.508051000240187,38.6,35,1.7872969928477185,-0.24410534138701348,1.3191176996302272
PL63,PL,2023,40900,31300.461471351275,10.351388119913212,5685.193337909219,8.467591746265414,42.4,38.6,1.6301368147287019,-0.4647612518029759,1.7574120235844122
PL71,PL,2000,11500,15644.342869580594,9.657864652637315,2587.8645411882826,NA,12,NA,-1.7253610589504156,NA,NA
PL71,PL,2001,13400,16182.402241383474,9.691679649393135,2680.5820378317453,7.858588313133591,12.1,12,-1.5607967369127183,-1.7774541793463428,-1.5571251661829348
PL71,PL,2002,13600,16945.140108897445,9.737736352457688,2473.649861704411,7.8937892282205375,13,12.1,-1.3366568332528135,-1.6128053372682605,-1.5414104321670474
PL71,PL,2003,12800,18050.286971359274,9.80091686232491,2570.3016430152175,7.813450015735387,13.8,13,-1.0291820803384677,-1.9885841565538527,-1.3999778260240603
PL71,PL,2004,13400,18528.504860275716,9.827065628505142,2996.0025827122445,7.851778541824891,14.8,13.8,-0.9019262946985762,-1.809306219499975,-1.2742599538969606
PL71,PL,2005,15600,18679.950186799502,9.835206045119723,3367.195406667956,8.005034206690224,16,14.8,-0.8623100808939066,-1.092467816303431,-1.117112613738086
PL71,PL,2006,16900,19259.91771798466,9.865781413171893,3599.806396282683,8.121835453315478,17.5,16,-0.7135117607020686,-0.5461413937481213,-0.9285358055474366
PL71,PL,2007,18500,19727.44140416729,9.88976591012933,4226.2669263164,8.188635344187704,18.4,17.5,-0.5967886242275245,-0.23369142885693062,-0.6928147953091248
PL71,PL,2008,20900,19903.81410409028,9.898666655869603,4057.4880110715762,8.349074359057886,19.2,18.4,-0.5534721868800734,0.5167463923552691,-0.551382189166138
PL71,PL,2009,18100,20445.046876764936,9.925495925619051,3683.5572224061457,8.308319344626913,20.2,19.2,-0.42290465736154514,0.3261187930908515,-0.42566431703903823
PL71,PL,2010,20900,21452.83967851534,9.973612301538688,3698.853905385075,8.211634200794155,21.3,20.2,-0.18874113401999432,-0.12611652348817073,-0.2685169768801637
PL71,PL,2011,21500,22087.074438577387,10.002747849371707,4261.709281125361,8.215778295346903,21.9,21.3,-0.04694985392731661,-0.10673292599115355,-0.09565490270540147
PL71,PL,2012,22700,23176.745658188946,10.050904712653963,4636.6037454909465,8.357425598489082,23.5,21.9,0.18741070552305725,0.5558084990893393,-0.0013664986100770922
PL71,PL,2013,22500,22980.522730290373,10.042402298328122,4139.548730719685,8.441737425810272,23.5,23.5,0.14603279088597185,0.9501688362462879,0.25006924564412236
PL71,PL,2014,22800,23102.176468204114,10.047682111474291,4030.1717013084444,8.328342058636562,25.4,23.5,0.17172756995571833,0.41977308215709774,0.25006924564412236
PL71,PL,2015,24100,24100,10.089967119478747,4432.018786946311,8.30156425981686,26.8,25.4,0.3775121135669501,0.29452254369315295,0.5486491919459838
PL71,PL,2016,23600,24589.736910653817,10.110084436114931,4304.847131944488,8.396610467350065,27.3,26.8,0.4754152006900203,0.7390918958137328,0.7686554681684085
PL71,PL,2017,25300,25272.2005793627,10.137460279272311,4050.666174861489,8.367496906810796,28.1,27.3,0.608642688539152,0.6029160600514865,0.8472291382478457
PL71,PL,2018,26900,26572.625256835785,10.187636839173493,4542.888249195106,8.306636634194101,29,28.1,0.8528323190142927,0.3182480793997201,0.9729470103749455
PL71,PL,2019,30100,29104.90335431594,10.278661939113343,5117.0631021199315,8.421318266996611,29.1,29,1.2958157671033923,0.8546602153319259,1.1143796165179323
PL71,PL,2020,30000,28770.079117717574,10.267091206549376,4615.144909751404,8.540335940587553,30.4,29.1,1.2395055514432038,1.4113537585302598,1.13009435053382
PL71,PL,2021,32000,29933.67819425086,10.306739486521879,4531.7768179671575,8.43709854617344,30.2,30.4,1.432458174232167,0.9284709298464816,1.3343858927403565
PL71,PL,2022,35000,30361.387255157097,10.320926923982023,4240.266843772949,8.418869375120444,30.4,30.2,1.5015028659688,0.8432057627760936,1.3029564247085816
PL71,PL,2023,40900,31300.461471351275,10.351388119913212,5014.605659507305,8.3523814810978,33.5,30.4,1.6497455552427724,0.5322151326745972,1.3343858927403565
PL72,PL,2000,9700,13195.663116081025,9.487643502777447,2501.249838836827,NA,9.6,NA,-2.0085453210975914,NA,NA
PL72,PL,2001,11500,13887.882520590296,9.538771977805474,2249.9641965453393,7.824545821464889,10.5,9.6,-1.7384730148081706,-1.2566241230671151,-1.7853346906547913
PL72,PL,2002,11900,14826.997595285264,9.604204959833165,2688.16047295745,7.718669582425343,12.6,10.5,-1.3928410288370394,-1.904290176336675,-1.6545154761537146
PL72,PL,2003,11200,15794.001099939362,9.667385469700386,2340.6579634590553,7.896612399622036,14.6,12.6,-1.0591071163151398,-0.8157785030196522,-1.3492706423178689
PL72,PL,2004,12000,16592.690919649893,9.716717571336277,2961.4762611389174,7.758187349793197,15.4,14.6,-0.7985236653984934,-1.662552118229013,-1.0585612767599206
PL72,PL,2005,13400,16045.59823737906,9.683189837821097,2547.289650798551,7.993443159861465,16.2,15.4,-0.9756248269359368,-0.22344544615750386,-0.9422775305367411
PL72,PL,2006,15000,17094.601524838454,9.746517992345076,2477.9400495718705,7.842785190853001,16.1,16.2,-0.6411110215472897,-1.145050265770275,-0.825993784313562
PL72,PL,2007,16900,18021.28430975282,9.79930879997408,2880.8036665342574,7.81518286882616,17.3,16.1,-0.36225789402039793,-1.3138991702116394,-0.840529252591459
PL72,PL,2008,19500,18570.544259797152,9.829331962468538,3544.002569197037,7.965824585082487,19.1,17.3,-0.2036686786656355,-0.39239377192254615,-0.6661036332566902
PL72,PL,2009,16500,18637.749915282955,9.832944368253806,3692.9545127386677,8.173012036667439,21,19.1,-0.18458712457771245,0.8750131578313829,-0.4044652042545365
PL72,PL,2010,18300,18784.065364441663,9.840764202415299,3673.969799762956,8.214182097619563,21.3,21,-0.14328097090038186,1.126858625063839,-0.12829130697448585
PL72,PL,2011,19100,19621.540547759447,9.884383249290673,3607.6652905161063,8.209028045752978,21.5,21.3,0.0871248172894854,1.095330262694159,-0.08468490214079348
PL72,PL,2012,19200,19603.238618380077,9.883450067200341,3480.8117297886392,8.19081610817527,23.6,21.5,0.08219553592160209,0.9839242112481817,-0.05561396558499875
PL72,PL,2013,19400,19814.31737633925,9.894160055187031,2904.8261306572113,8.155020801255032,26,23.6,0.13876814354018993,0.7649571855121877,0.2496308682508472
PL72,PL,2014,20100,20366.392412758887,9.921641390578927,2864.70362787586,7.974128815741713,25.8,26,0.2839308464202131,-0.34159513810923153,0.5984821069203851
PL72,PL,2015,20300,20300,9.918376165029878,3192.9094937787627,7.96022017803037,25.2,25.8,0.2666831777951801,-0.42667704670911216,0.5694111703645903
PL72,PL,2016,20000,20838.76009377442,9.944569997637357,2914.167174013068,8.06868784711379,27.4,25.2,0.4050449963118272,0.2368413005601732,0.48219836069720556
PL72,PL,2017,21500,21476.375986414943,9.974708818672454,3003.263919829196,7.977339354365969,27.9,27.4,0.5642451465476922,-0.32195563354706996,0.8019786628109487
PL72,PL,2018,23700,23411.569464201042,10.060985600706786,3516.8853271745825,8.007454949512644,28.9,27.9,1.0199788544368584,-0.13773253658548126,0.8746560042004358
PL72,PL,2019,25700,24850.36598690763,10.120627759259687,3791.861834918451,8.165331026646593,30.1,28.9,1.3350223855343777,0.8280268888587261,1.0200106869794099
PL72,PL,2020,25000,23975.065931431312,10.08476964975542,3541.036633863252,8.24061242677188,31.9,30.1,1.1456116446959892,1.288538215536476,1.1944363063141794
PL72,PL,2021,26500,24788.827254613996,10.11814831671433,3562.740034192403,8.172174797684836,30.4,31.9,1.32192540256804,0.8698916001294369,1.4560747353163324
PL72,PL,2022,28600,24809.5907284998,10.118985580318416,3596.723111738579,8.17828520032603,30.9,30.4,1.3263480205398053,0.9072701507694184,1.2380427111478711
PL72,PL,2023,33700,25790.35578446303,10.157755894222772,4241.46753552992,8.187778463178788,33.7,30.9,1.5311416915025002,0.9653423314614369,1.3107200525373581
PL81,PL,2000,9100,12379.436531581168,9.423792030790914,1958.6512484682953,NA,11.5,NA,-1.8939776721946298,NA,NA
PL81,PL,2001,11200,13525.589933096637,9.51233872073732,1841.375713170534,7.580011376811981,12.2,11.5,-1.4422120743733715,-1.3998833816250014,-1.680086236956165
PL81,PL,2002,11000,13705.628029255286,9.525561832514052,1751.772335634194,7.5182682414382835,13.8,12.2,-1.3747477004878177,-1.6104269969992067,-1.5729175031408156
PL81,PL,2003,10300,14524.840297265664,9.583615586634927,1920.3296683790538,7.468383317638427,15.3,13.8,-1.078557194077478,-1.7805342023738606,-1.327960397277159
PL81,PL,2004,10800,14933.421827684904,9.61135705567845,2134.7465913665155,7.560252152563435,16,15.3,-0.9370200981739213,-1.4672621839015492,-1.098313110529981
PL81,PL,2005,12500,14967.908803525243,9.613663775172487,2188.628649324209,7.666103226049827,17.3,16,-0.9252512052671374,-1.106310839785652,-0.9911443767146315
PL81,PL,2006,13600,15499.105382520198,9.648537583984872,2423.3676939434076,7.6910304391500635,17.1,17.3,-0.7473248807939455,-1.0213092353876554,-0.7921167282004107
PL81,PL,2007,15300,16315.12721533835,9.69984800644344,2649.0583659827953,7.79291346082774,18.5,17.1,-0.48553888189905164,-0.6738889173322701,-0.8227363664333676
PL81,PL,2008,17600,16761.106613970765,9.726816398942944,3075.4167693014924,7.88195952224293,19.3,18.5,-0.3479460258906512,-0.3702425347552295,-0.6083988988026685
PL81,PL,2009,14900,16830.45295380097,9.730945200298684,3038.276845679644,8.031195705788809,20.8,19.3,-0.32688086338835654,0.13865170001638666,-0.4859203458708402
PL81,PL,2010,16400,16833.80721184936,9.731144477398075,2910.9888725349433,8.019045806614002,21.4,20.8,-0.32586415075920155,0.09722063754744684,-0.25627305912366233
PL81,PL,2011,17200,17669.65955086191,9.779604298057496,3613.8838400083378,7.976248121180757,22.1,21.4,-0.07862193466095242,-0.0487191396638366,-0.16441414442479155
PL81,PL,2012,17700,18071.735601319135,9.80210442774639,3396.0069341396015,8.192538328966648,24,22.1,0.03617382502369577,0.6888288005510582,-0.057245410609441445
PL81,PL,2013,17900,18282.282527653228,9.813687701964458,3327.253482674618,8.130355589284159,25.5,24,0.09527174054171887,0.4767861378747191,0.23364115260365026
PL81,PL,2014,18700,18947.837717342845,9.849445099374437,3557.768488542464,8.109902462678754,26.9,25.5,0.277706137888799,0.4070411339136336,0.4632884393508281
PL81,PL,2015,19300,19300,9.867860374892977,3381.1217510259917,8.1768887982455,27.1,26.9,0.3716609538024371,0.6354640215031842,0.6776259069815272
PL81,PL,2016,19300,20109.403490492317,9.908942819994207,3097.1739782130817,8.125962812419184,26.6,27.1,0.5812637676665068,0.46180680264844154,0.7082455452144847
PL81,PL,2017,21300,21276.59574468085,9.965362956254216,3268.6600782587266,8.038245354763816,26.9,26.6,0.8691195486345684,0.16269094864433073,0.631696449632092
PL81,PL,2018,22100,21831.041567883673,9.991088161089406,4019.185660387703,8.09213541791552,28.8,26.9,1.0003696557642434,0.34645564831550146,0.6776259069815272
PL81,PL,2019,24200,23399.955520745705,10.060489400521153,4616.162847430873,8.298834589049719,31.2,28.8,1.3544550816609748,1.0512982275277196,0.9685124701946195
PL81,PL,2020,23800,22824.262766722604,10.035579405564649,4475.2558777972345,8.437319086471819,33.5,31.2,1.22736417888346,1.5235292955494097,1.3359481289901038
PL81,PL,2021,24800,23198.600600544418,10.05184723689309,4126.412195667852,8.406318808470306,31.3,33.5,1.3103627251848182,1.4178185866820994,1.68807396866911
PL81,PL,2022,27300,23681.882059022537,10.072465564683522,3878.6230633968526,8.325163590645166,29.8,31.3,1.4155575233862743,1.1410799198818196,1.3512579481065825
PL81,PL,2023,31000,23724.06615187994,10.074245261349601,4513.013061326316,8.263235489064487,34,29.8,1.4246375435290726,0.929905571168523,1.1216106613594048
PL82,PL,2000,8600,11699.24771116462,9.367279820527573,2272.3853970519153,NA,10.2,NA,-2.0410500963576728,NA,NA
PL82,PL,2001,10600,12801.004758109317,9.457278943554291,2165.1496652123046,7.72858539443979,10,10.2,-1.647245954927545,-1.8255185445088153,-1.5417961483251923
PL82,PL,2002,11300,14079.417884598612,9.552469285433977,2350.908952865074,7.680244767475577,11.1,10,-1.2307268867890548,-2.0021709527102916,-1.5704286161584418
PL82,PL,2003,10600,14947.893898156897,9.61232569251736,2676.8466856095433,7.762557320808057,13,11.1,-0.9688165458008915,-1.7013740519551637,-1.41295004307557
PL82,PL,2004,11000,15209.966676345737,9.629706194346648,3068.2717043575253,7.892394770908901,13.4,13,-0.8927656536330226,-1.2269056870323616,-1.1409415986597002
PL82,PL,2005,12900,15446.88188523805,9.645162442231857,2969.649244526474,8.028869719308224,14.1,13.4,-0.8251346120909933,-0.728181739745524,-1.0836766629932013
PL82,PL,2006,14000,15954.961423182558,9.677525120858125,3205.184140986181,7.996199125336416,15.1,14.1,-0.6835270447926678,-0.8475707395358073,-0.9834630255768283
PL82,PL,2007,15200,16208.492396937447,9.693290605897282,3512.717187271727,8.072524821990196,16.4,15.1,-0.6145428914889548,-0.5686517645806939,-0.8403006864105811
PL82,PL,2008,17400,16570.63949335746,9.71538770311932,3489.4087403652757,8.164145144405666,18.3,16.4,-0.5178538560075789,-0.23384124160443368,-0.6541896454944599
PL82,PL,2009,15300,17282.277194171467,9.75743681574566,3456.432315792309,8.157487585475952,21,18.3,-0.3338618998770933,-0.25817013205403094,-0.38218120107858994
PL82,PL,2010,16900,17347.033041478913,9.76117676449695,4084.3622808394857,8.147992213475762,21,21,-0.3174972147839137,-0.29286931648629383,0.00435711467027735
PL82,PL,2011,18200,18696.96533870272,9.836116508320838,5190.05412736542,8.3149208827057,20.5,21,0.010412441255721916,0.3171424535134388,0.00435711467027735
PL82,PL,2012,18600,18990.6374115557,9.851701368885761,4907.397175372261,8.554499405270372,21.9,20.5,0.07860624612486157,1.1926404687901715,-0.06722405491284625
PL82,PL,2013,19200,19610.046063181115,9.883797268151485,4739.892861377758,8.498498973383429,23.1,21.9,0.21904648185931044,0.9879966365851215,0.1332032199198996
PL82,PL,2014,20700,20974.34442508005,9.951055275785219,4777.433286179404,8.463769811348808,23.8,23.1,0.513343593428282,0.8610849580755133,0.30499802691939665
PL82,PL,2015,21400,21400,9.971146201009942,4486.747291509197,8.471658711847258,25.3,23.8,0.601254334028612,0.889913571989536,0.4052116643357696
PL82,PL,2016,20200,21047.147694712166,9.954520328490526,3977.5206373650913,8.408883284244903,27.5,25.3,0.5285054312299513,0.6605116970398541,0.6199551730851404
PL82,PL,2017,21500,21476.375986414943,9.974708818672454,4031.9886535407077,8.288413948725218,28.3,27.5,0.6168430813702143,0.2202774764589172,0.934912319250884
PL82,PL,2018,23600,23312.78647068121,10.056757264597264,4923.28757757158,8.302014995645237,28.4,28.3,0.9758578885867679,0.26998013534791804,1.049442190583882
PL82,PL,2019,26200,25333.836142294935,10.139896178125564,5127.1686060126285,8.501731793159069,29.4,28.4,1.339644194056945,0.9998104138261766,1.0637584245005063
PL82,PL,2020,25200,24166.86645888276,10.092737819404597,4511.938172535856,8.54230885714362,29.7,29.4,1.1332959948433687,1.1480922322627283,1.2069207636667536
PL82,PL,2021,26700,24975.912743328063,10.125667149128358,4766.466531373555,8.414482090188587,30.2,29.7,1.2773830257346066,0.6809715589637957,1.2498694654166278
PL82,PL,2022,29700,25763.80575651902,10.156725908301263,4383.356238144481,8.469360540273305,30.6,30.2,1.4132851054286515,0.8815153039385337,1.3214506349997515
PL82,PL,2023,33300,25484.23880185813,10.145815453850853,5391.38806928204,8.385569974356349,32.9,30.6,1.365544838602041,0.5753172634217463,1.3787155706662506
PL84,PL,2000,10100,13739.814172414262,9.528053041115324,2572.102941727257,NA,12.3,NA,-2.005951219784454,NA,NA
PL84,PL,2001,12500,15095.524478902496,9.622153586744526,1965.6710482449946,7.852479108556282,12.5,12.3,-1.4489733525176332,-1.470516768360939,-1.5555827430310987
PL84,PL,2002,12200,15200.78745062859,9.629102511454892,2338.536312199261,7.583588966384512,13.6,12.5,-1.4078429080648591,-2.4337600224253757,-1.5280608945005485
PL84,PL,2003,11200,15794.001099939362,9.667385469700386,2615.9726753310033,7.757280505033093,14.8,13.6,-1.181247405417495,-1.8115460522886768,-1.3766907275825224
PL84,PL,2004,11800,16316.146070989063,9.699910453019896,3178.2352313408032,7.869391267312676,15.6,14.8,-0.9887331567374343,-1.4099324616913513,-1.211559636399221
PL84,PL,2005,13900,16644.31458952007,9.719823971000878,3446.8374131770042,8.064081363029787,16.7,15.6,-0.8708657341771908,-0.7124955091203347,-1.1014722422770205
PL84,PL,2006,15100,17208.565535004047,9.753162535063744,3921.1675620787987,8.145212397773745,18.9,16.7,-0.6735359292827204,-0.4218603773107702,-0.9501020753589943
PL84,PL,2007,17100,18234.553946554628,9.811073641553666,4092.3995173985886,8.274144735905837,19.5,18.9,-0.33076209765247355,0.04001302546037486,-0.6473617415229421
PL84,PL,2008,18700,17808.675777343935,9.787441020759378,3944.7724551325273,8.316886756078521,19.9,19.5,-0.4706427608294506,0.19312746195066102,-0.5647961959312913
PL84,PL,2009,16500,18637.749915282955,9.832944368253806,3561.8643336006153,8.280146552309116,21.5,19.9,-0.2013100245367653,0.061513289902566146,-0.5097524988701911
PL84,PL,2010,18600,19092.000862219393,9.85702472328708,3703.937235033588,8.178039375982392,22.6,21.5,-0.05877923792144898,-0.3042645255052414,-0.28957771062578924
PL84,PL,2011,19000,19518.809968975365,9.87913389340453,4706.26604232956,8.217151650437183,24,22.6,0.07208417351488039,-0.1641529014218753,-0.13820754370776295
PL84,PL,2012,18800,19194.837813830494,9.86239665800251,4079.5465990839025,8.45665010027112,24.7,24,-0.026982942577029136,0.6938007011094455,0.05444539600608829
PL84,PL,2013,19400,19814.31737633925,9.894160055187031,4076.379124154955,8.313741133547556,26.1,24.7,0.16102350417298467,0.18185892061138828,0.15077186586301392
PL84,PL,2014,20000,20265.067077372027,9.916653849067886,4924.206865769929,8.312964403794078,27.8,26.1,0.2941634903306237,0.17907644711040657,0.3434248055768656
PL84,PL,2015,20200,20200,9.913437883389296,4840.06230529595,8.501918498154193,28.1,27.8,0.27512830097133145,0.8559653625990471,0.5773605180865423
PL84,PL,2016,20000,20838.76009377442,9.944569997637357,3870.1981517218533,8.484682872622852,29.2,28.1,0.45939820590598635,0.7942223031898998,0.6186432908823677
PL84,PL,2017,22000,21975.826590750174,9.997698336897152,4333.296016986584,8.261060986708362,30.5,29.2,0.7738630041118496,-0.006856796730014294,0.7700134578003935
PL84,PL,2018,23300,23016.4374901217,10.043963913137356,5042.501256056728,8.374083736273851,32.3,30.5,1.047707345925556,0.3980237994698483,0.9489054732489699
PL84,PL,2019,24100,23303.261489668246,10.056348607855123,5398.711421796531,8.525657518922381,32.9,32.3,1.1210119246028534,0.9410054887575037,1.1966021100239215
PL84,PL,2020,24300,23303.76408535123,10.056370175233722,5239.866296990016,8.593915578483514,31.7,32.9,1.1211395811690779,1.1855258526382615,1.2791676556155722
PL84,PL,2021,25600,23946.942555400692,10.08359593520767,5231.4202968752315,8.564051261147954,33,31.7,1.2822879105821894,1.0785431199193294,1.114036564432271
PL84,PL,2022,28800,24983.08436995784,10.125954249634509,5212.733637471564,8.562438087471408,34.7,33,1.5330053051809787,1.0727642592700812,1.2929285798808474
PL84,PL,2023,32600,24948.53408229955,10.124570345237117,5731.962895517558,8.558859687639067,36,34.7,1.5248140230305274,1.0599453828657335,1.5268642923905247
PL91,PL,2000,21000,28567.930457494997,10.260040054991533,NA,NA,NA,NA,-1.530320475149634,NA,NA
PL91,PL,2001,23500,28379.586020336694,10.253425363586384,NA,NA,NA,NA,-1.5605497999318174,NA,NA
PL91,PL,2002,23900,29778.591809018304,10.301545018653147,NA,NA,NA,NA,-1.3406416300227104,NA,NA
PL91,PL,2003,21600,30459.859264168772,10.324165006089457,NA,NA,NA,NA,-1.2372676545944952,NA,NA
PL91,PL,2004,22500,31111.29547434355,10.345326230758651,NA,NA,NA,NA,-1.140560265824116,NA,NA
PL91,PL,2005,27400,32809.65609732733,10.398478144258256,NA,NA,NA,NA,-0.8976545340883416,NA,NA
PL91,PL,2006,29200,33277.4909683522,10.412636500517102,NA,NA,NA,NA,-0.8329504498740172,NA,NA
PL91,PL,2007,31600,33696.60261468575,10.425152298637919,NA,NA,NA,NA,-0.7757529023046961,NA,NA
PL91,PL,2008,36000,34284.08171039475,10.442436435354947,NA,NA,NA,NA,-0.6967639139458424,NA,NA
PL91,PL,2009,29800,33660.90590760194,10.42409238085863,NA,NA,NA,NA,-0.7805967562095945,NA,NA
PL91,PL,2010,40600,41673.93736591975,10.63763120917561,NA,NA,NA,NA,0.19528166342099187,NA,NA
PL91,PL,2011,41200,42324.99845904132,10.65313317059357,NA,NA,NA,NA,0.26612606080280055,NA,NA
PL91,PL,2012,41700,42575.78387429423,10.659040916971362,NA,NA,NA,NA,0.29312462703160885,NA,NA
PL91,PL,2013,43800,44735.41758163192,10.708520806500148,8651.513037436005,NA,48,NA,0.5192491064877355,NA,NA
PL91,PL,2014,42700,43265.91821018928,10.675120495748475,9886.671208685975,9.06548950225228,51.7,48,0.3666087519048683,-1.9596412332863606,-2.010789820079807
PL91,PL,2015,44700,44700,10.707728780601661,9271.770303310646,9.19894278643227,52.1,51.7,0.5156295259729679,-0.408613134794445,-0.9309752577727981
PL91,PL,2016,45700,47616.56681427455,10.770936021983527,10365.696574876354,9.13472961155814,53.3,52.1,0.8044883874507595,-1.1549150271392175,-0.8142385483342031
PL91,PL,2017,49700,49645.39007092199,10.812660816641419,10648.849645671453,9.246257227134318,56.7,53.3,0.9951718663809308,0.1412873599309728,-0.46402842001841793
PL91,PL,2018,52700,52058.63758495337,10.860126008113017,11671.227751229937,9.273207150812642,57.4,56.7,1.212089119350065,0.4545062449822841,0.5282336102096451
PL91,PL,2019,52300,50570.97825351241,10.83113313842939,11109.638922710023,9.364881925507785,56.1,57.4,1.0795908937561027,1.5199738529829219,0.7325228517271859
PL91,PL,2020,51500,49388.635818748495,10.80747563255691,10502.761032386477,9.315568381899414,57.8,56.1,0.9714754300477101,0.9468392745215103,0.35312854605175154
PL91,PL,2021,53300,49858.282742299096,10.816939914893952,10094.305034168765,9.259393457044265,58.1,57.8,1.0147274651122669,0.293959973600768,0.8492595611657809
PL91,PL,2022,59900,51961.34561668315,10.858255367614014,10538.698406288057,9.219726685798552,57.7,58.1,1.2035402399343054,-0.1670573565952727,0.9368120932447288
PL91,PL,2023,70200,53723.530447160374,10.891606367896221,11121.446046133753,9.262809323605218,62,57.7,1.3559552442921439,0.33366004579675623,0.8200753838061338
PL92,PL,2000,11300,15372.267341413975,9.640320342986405,NA,NA,NA,NA,-1.6274467841148186,NA,NA
PL92,PL,2001,13000,15699.345458058597,9.661374299897806,NA,NA,NA,NA,-1.543942223106439,NA,NA
PL92,PL,2002,12700,15823.770542867467,9.669268553180228,NA,NA,NA,NA,-1.5126319018394407,NA,NA
PL92,PL,2003,12200,17204.179769576804,9.752907643138547,NA,NA,NA,NA,-1.180901124603571,NA,NA
PL92,PL,2004,13300,18390.232435945298,9.819574956775986,NA,NA,NA,NA,-0.9164840944781125,NA,NA
PL92,PL,2005,15600,18679.950186799502,9.835206045119723,NA,NA,NA,NA,-0.8544878067627112,NA,NA
PL92,PL,2006,17200,19601.809748481428,9.883377175062273,NA,NA,NA,NA,-0.6634306541306607,NA,NA
PL92,PL,2007,18800,20047.34585937,9.905852047880956,NA,NA,NA,NA,-0.5742904323499823,NA,NA
PL92,PL,2008,21000,19999.047664396934,9.90343993462226,NA,NA,NA,NA,-0.5838573968696467,NA,NA
PL92,PL,2009,18700,21122.78323732068,9.958107511207812,NA,NA,NA,NA,-0.36703392737273866,NA,NA
PL92,PL,2010,21800,22376.646171848537,10.015773112362966,NA,NA,NA,NA,-0.1383196419769287,NA,NA
PL92,PL,2011,23200,23833.494277906764,10.078847192910354,NA,NA,NA,NA,0.11184584612020082,NA,NA
PL92,PL,2012,23900,24401.9480718377,10.10241824710407,NA,NA,NA,NA,0.2053337610634053,NA,NA
PL92,PL,2013,23400,23899.743639501987,10.081623011481405,3824.7079510068966,NA,20.4,NA,0.12285534481870754,NA,NA
PL92,PL,2014,24000,24318.080492846435,10.098975405861841,3781.0651816767886,8.249237390667687,21.5,20.4,0.19167870573277457,-1.058293533050618,-1.1865076350683323
PL92,PL,2015,25600,25600,10.150347630467653,3922.8976196359445,8.237761043011524,21.6,21.5,0.3954320943135704,-1.1353430706788878,-0.8421386644680247
PL92,PL,2016,25400,26465.225319093515,10.183586898107858,4474.2783190290775,8.274585848401749,21.8,21.6,0.5272662414154964,-0.8881098642986299,-0.8108323944134508
PL92,PL,2017,27600,27569.67335930477,10.22447165626194,3975.0402831501433,8.406100348212924,22.6,21.8,0.6894240626724341,-0.005152001269608648,-0.7482198543043043
PL92,PL,2018,29400,29042.200094831675,10.276505226910336,4393.564171898014,8.287790161162905,23.6,22.6,0.8958004931447374,-0.799459169545608,-0.4977696938677169
PL92,PL,2019,31700,30652.00785155532,10.330453448241748,4947.770872936072,8.387896060928698,26.2,23.6,1.1097708436313383,-0.12737136583795922,-0.18470699332198298
PL92,PL,2020,31700,30400.383601054902,10.322210505770455,4900.250227058327,8.506692425434531,26.3,26.2,1.0770775453891495,0.6701998851669771,0.6292560280969246
PL92,PL,2021,34700,32459.33229189078,10.387743270674967,5066.470823655989,8.497041549541454,28.2,26.3,1.3369947090864447,0.6054061417611554,0.6605622981514984
PL92,PL,2022,41200,35739.69014035635,10.48401711884809,5950.155754687665,8.530399764193412,29.7,28.2,1.7188376786581305,0.8293654615764272,1.2553814291883925
PL92,PL,2023,45100,34514.689788702744,10.449140303373088,6532.862255967367,8.691172675455489,32.2,29.7,1.5805086615585904,1.908757516176752,1.7249754800069932
PT11,PT,2000,21000,28546.57169267577,10.259292127056916,6814.208524455847,NA,6.8,NA,-1.5065117769193757,NA,NA
PT11,PT,2001,21800,28572.177514482682,10.2601887091382,6939.431321662669,8.826765200108971,7.5,6.8,-1.4948343456353501,0.7403988429794033,-1.381197028970615
PT11,PT,2002,22900,28806.84319768539,10.26836824892975,6578.335985875452,8.844975108019876,7.2,7.5,-1.3883008604757612,0.9513105771586166,-1.2674513912906822
PT11,PT,2003,23400,28460.574806309978,10.256275068428995,6183.9115505149775,8.791537102652793,8.1,7.2,-1.545807113668683,0.33237815651191804,-1.3161995217249391
PT11,PT,2004,24400,28981.375902698597,10.274408692411502,6180.153780006075,8.729706287208142,9.4,8.1,-1.3096277917677566,-0.38376190168887947,-1.1699551304221683
PT11,PT,2005,25700,29540.90898641348,10.293531326986805,6498.398717242967,8.729098433638276,9.8,9.4,-1.0605672139532383,-0.390802214642394,-0.958713231873721
PT11,PT,2006,26900,29965.80111174236,10.307812047450394,6472.383018266456,8.7793110743409,10.6,9.8,-0.8745695954628211,0.19077322111070869,-0.893715724628045
PT11,PT,2007,28600,30941.999978362237,10.339869762579713,6918.1992418659775,8.775299637807121,10.8,10.6,-0.4570375330223777,0.14431175408800154,-0.7637207101366932
PT11,PT,2008,29500,31370.29711393267,10.353616772416016,7382.90879529741,8.841910789583396,11.8,10.8,-0.27799116785922023,0.9158188701891301,-0.731221956513855
PT11,PT,2009,29600,31134.953192384564,10.346086363929304,6594.71609648216,8.90692298564376,12.5,11.8,-0.376070116211977,1.668806478966629,-0.568728188399665
PT11,PT,2010,30900,32249.9843446678,10.381272836787144,6587.0246306223125,8.794024015927944,12.8,12.5,0.08221209520183276,0.3611822116549579,-0.45498255071973215
PT11,PT,2011,30900,32334.351847976228,10.383885468774155,5997.320497912115,8.792857027911417,14.8,12.8,0.11624002319152893,0.34766586288832607,-0.406234420285475
PT11,PT,2012,31100,32666.351557166116,10.394100822728873,5601.433792045679,8.699068064780688,16.5,14.8,0.24928873823771952,-0.7386215009773117,-0.081246884057095
PT11,PT,2013,32500,33377.83711615487,10.415647399315255,5561.511867051989,8.630777878245926,16.5,16.5,0.5299196729238532,-1.5295756200172967,0.19499252173702789
PT11,PT,2014,32800,33443.79301554932,10.417621488264711,5554.887236292435,8.623625268816014,18.2,16.5,0.5556309697889743,-1.6124189416941765,0.19499252173702789
PT11,PT,2015,33500,33500,10.419300717813158,5691.900997797071,8.622433402370381,18.7,18.2,0.5775019039415091,-1.6262234386849466,0.4712319275311508
PT11,PT,2016,34400,33773.83313370118,10.427441614006613,5750.711076397897,8.646799565839412,20.2,18.7,0.6835320799554547,-1.3440084040075817,0.5524788115882457
PT11,PT,2017,35100,33940.91766184789,10.432376576190762,6208.920029116517,8.657078791605958,20.5,20.2,0.7478069333098385,-1.2249518254104133,0.7962194637595308
PT11,PT,2018,36200,34368.176208107856,10.444886304953503,6319.208322164662,8.733742251448884,21.7,20.5,0.9107384719365739,-0.33701634859409774,0.8449675941937879
PT11,PT,2019,37700,35147.58255486566,10.467311119763187,6723.4183288246495,8.751349213814253,23.1,21.7,1.2028079204160436,-0.13308808139598044,1.0399601159308158
PT11,PT,2020,36800,33601.782355411895,10.422334390836411,6508.526770248641,8.813351984068062,23.7,23.1,0.6170136329920451,0.5850436006602143,1.2674513912906822
PT11,PT,2021,39100,34995.07741877741,10.462962685402301,7084.784831944044,8.78086840701915,24.9,23.7,1.1461722319471919,0.2088106399417634,1.364947652159196
PT11,PT,2022,41800,35519.148900011045,10.477827235670695,7391.681705391712,8.865704782142664,25.8,24.9,1.3397738752887602,1.1914068774583713,1.5599401738962237
PT11,PT,2023,45600,36049.140670703746,10.49263830527791,7308.428074447572,8.908110553058904,26.3,25.8,1.532678965845073,1.6825611835048528,1.706184565198995
PT15,PT,2000,25500,34663.69419824915,10.453448141497875,12327.273460629767,NA,6,NA,-1.3747964361718938,NA,NA
PT15,PT,2001,26800,35125.42923798789,10.466680626859967,15087.969111147206,9.419569441180675,5.2,6,-1.1182095863441843,0.6539808059279604,-1.682490232384269
PT15,PT,2002,28100,35348.135102836655,10.473000914709257,13059.56950966071,9.621652957624802,6.8,5.2,-0.9956549259854124,1.2406036480472755,-1.813723044066637
PT15,PT,2003,28700,34906.77337355113,10.460436168830913,14229.656887923982,9.47727643978031,9,6.8,-1.2392938551502712,0.8214969107758917,-1.5512574207019012
PT15,PT,2004,29000,34445.077917141774,10.44712139009882,13339.597798933655,9.563083578911542,12.9,9,-1.4974764291365563,1.0705841630021666,-1.19036718857539
PT15,PT,2005,30700,35288.16754408147,10.471302989678783,13541.273221507445,9.49849216901012,14,12.9,-1.028578841855436,0.883083484472843,-0.5506072316238472
PT15,PT,2006,32500,36204.03480043222,10.496925850178293,15049.14782293669,9.513497576130083,12.8,14,-0.5317342295818839,0.9266422799983747,-0.3701621155605916
PT15,PT,2007,34400,37216.95102292521,10.52451960913326,17762.327910023098,9.619076645513191,10.8,12.8,0.0033274380805551076,1.2331249404332514,-0.5670113330841431
PT15,PT,2008,34700,36899.97660520215,10.515966196023056,14198.660033529102,9.784835083971265,12.5,10.8,-0.16252903295770232,1.7143006839304689,-0.8950933622900624
PT15,PT,2009,34400,36183.86452087935,10.496368566978642,10704.575056456126,9.560902875300826,14.9,12.5,-0.5425403281149672,1.0642538567384616,-0.6162236374650311
PT15,PT,2010,36300,37885.90393888159,10.542334394154249,10510.205557394838,9.278426504435428,15.2,14.9,0.34876818060263526,0.24426074485877367,-0.2225252024179278
PT15,PT,2011,36100,37775.73144698841,10.53942215020929,9453.927199934611,9.260102021947562,16.4,15.2,0.2922977988626,0.1910670941021575,-0.1733128980370401
PT15,PT,2012,36700,38548.395567459695,10.55966975860421,6802.232265980708,9.15418551087236,18.1,16.4,0.6849126336751659,-0.11639511680743961,0.023536319486511435
PT15,PT,2013,38200,39231.79624114204,10.577242825592093,5921.204503153229,8.825006111702871,18.6,18.1,1.0256662998873565,-1.0719612020864664,0.3024060443115434
PT15,PT,2014,38100,38847.82054550089,10.567407255007268,6098.162776893656,8.686295170552665,19.4,18.6,0.8349479273699816,-1.474621488102803,0.3844265516130232
PT15,PT,2015,38700,38700,10.563594879017874,6524.228629236217,8.715742820680564,19.6,19.4,0.761023375880979,-1.3891386911101067,0.5156593632953905
PT15,PT,2016,39800,39075.539497712416,10.573251961917652,6223.063705262809,8.78327800746105,21,19.6,0.9482807513455835,-1.193092601308512,0.5484675662159829
PT15,PT,2017,40800,39452.69061548131,10.582857527129057,6933.475841580465,8.736017621582995,22.4,21,1.1345391639541305,-1.330283513121971,0.7781249866601262
PT15,PT,2018,40900,38830.34273236495,10.566957249170533,7619.587640819613,8.844116530884174,22.2,22.4,0.8262220095327653,-1.016486076695293,1.0077824071042696
PT15,PT,2019,42300,39436.14700453096,10.582438111361455,8054.782772664908,8.938477531838398,22.1,22.2,1.1264064082674705,-0.7425680474615961,0.9749742041836778
PT15,PT,2020,37400,34149.637502511,10.438507250082013,8016.998645963476,8.994021327235625,23.9,22.1,-1.6645104360071883,-0.5813314474095377,0.9585701027233822
PT15,PT,2021,40700,36427.10104716728,10.50306831085953,8795.996994415522,8.989319397147275,24.8,23.9,-0.4126277584041858,-0.5949805546717667,1.2538439290087091
PT15,PT,2022,47000,39937.79900240476,10.595078497850043,9164.195488190175,9.082052009975586,25.3,24.8,1.3715120600751767,-0.32578952983360654,1.4014808421513731
PT15,PT,2023,50100,39606.62165794425,10.586751596848389,9110.934583274087,9.123059375535968,25.3,25.3,1.2100478121749028,-0.20675034367856757,1.483501349452853
PT19,PT,2000,22200,30177.804360828668,10.314861978211727,NA,NA,NA,NA,-1.6043307983070296,NA,NA
PT19,PT,2001,23400,30669.218066004352,10.331014761706813,NA,NA,NA,NA,-1.4057562354168796,NA,NA
PT19,PT,2002,24400,30693.75432417133,10.331814470668713,NA,NA,NA,NA,-1.3959249975007106,NA,NA
PT19,PT,2003,25300,30771.476179471898,10.334343441798813,NA,NA,NA,NA,-1.364835040969421,NA,NA
PT19,PT,2004,26600,31594.45077917142,10.3607367759,NA,NA,NA,NA,-1.0403680669676134,NA,NA
PT19,PT,2005,27700,31839.812409480674,10.368472748278924,NA,NA,NA,NA,-0.9452657377534233,NA,NA
PT19,PT,2006,28800,32082.344684690703,10.376061147984501,NA,NA,NA,NA,-0.8519775961133652,NA,NA
PT19,PT,2007,30400,32889.39857839902,10.400905653166083,NA,NA,NA,NA,-0.5465511810217716,NA,NA
PT19,PT,2008,30800,32752.716986750038,10.396741199049771,NA,NA,NA,NA,-0.5977469799423927,NA,NA
PT19,PT,2009,31300,32923.10928789314,10.401930100145398,NA,NA,NA,NA,-0.5339571218502667,NA,NA
PT19,PT,2010,32900,34337.36197215438,10.44398931065477,NA,NA,NA,NA,-0.016901386846803878,NA,NA
PT19,PT,2011,32900,34427.190155288605,10.44660194264178,NA,NA,NA,NA,0.015217056081092747,NA,NA
PT19,PT,2012,33000,34662.04506065858,10.453400565010165,NA,NA,NA,NA,0.09879605442944772,NA,NA
PT19,PT,2013,34500,35431.8578617644,10.475366634016877,NA,NA,NA,NA,0.36883635756047395,NA,NA
PT19,PT,2014,34600,35279.12312006118,10.471046654938291,NA,NA,NA,NA,0.3157286094447521,NA,NA
PT19,PT,2015,36000,36000,10.491274217438248,NA,NA,NA,NA,0.5643965485020688,NA,NA
PT19,PT,2016,37400,36719.22555815186,10.511055754047746,NA,NA,NA,NA,0.8075812594666965,NA,NA
PT19,PT,2017,38300,37035.246337571916,10.519625341905542,NA,NA,NA,NA,0.9129316570330523,NA,NA
PT19,PT,2018,39600,37596.12645969809,10.534656304382212,NA,NA,NA,NA,1.0977150910790254,NA,NA
PT19,PT,2019,41100,38317.39106114001,10.55365914681141,6589.565855913282,NA,26.3,NA,1.331326909760097,NA,NA
PT19,PT,2020,40200,36706.29485564017,10.510703541286501,6654.264377351661,8.793242746102337,28,26.3,0.8032513249306616,-0.9463584444393268,-1.2341267339669366
PT19,PT,2021,42400,37948.62615233151,10.543988580648893,7325.285527746776,8.80301318788285,29.6,28,1.2124416136619691,-0.7814383556899929,-0.33175449837820886
PT19,PT,2022,45200,38408.26627465309,10.55602798297817,7345.8436983707015,8.899087413022743,30.6,29.6,1.3604482439571266,0.8402457086063271,0.5175370174700066
PT19,PT,2023,48800,38578.90492829699,10.560460901616672,7143.892446208703,8.901889949046078,29.2,30.6,1.4149444167830603,0.8875510915229327,1.0483442148751407
PT1A,PT,2000,36700,49888.532434342895,10.817546444394019,NA,NA,NA,NA,-0.3861221665458188,NA,NA
PT1A,PT,2001,38000,49804.71309863954,10.815864899069542,NA,NA,NA,NA,-0.43043677132001473,NA,NA
PT1A,PT,2002,39800,50066.041889427004,10.821098250659947,NA,NA,NA,NA,-0.2925196399781121,NA,NA
PT1A,PT,2003,41700,50718.20382150112,10.834040174870093,NA,NA,NA,NA,0.04854536019885269,NA,NA
PT1A,PT,2004,43900,52142.72139870771,10.861739880193472,NA,NA,NA,NA,0.7785295455190956,NA,NA
PT1A,PT,2005,45400,52185.10770362536,10.862552440132934,NA,NA,NA,NA,0.7999433439153987,NA,NA
PT1A,PT,2006,47100,52468.00120308792,10.867958761864973,NA,NA,NA,NA,0.9424188438915942,NA,NA
PT1A,PT,2007,49300,53337.083878785255,10.88438712580255,NA,NA,NA,NA,1.3753637335614444,NA,NA
PT1A,PT,2008,49400,52531.95516706013,10.86917693326412,NA,NA,NA,NA,0.9745219239065376,NA,NA
PT1A,PT,2009,49500,52066.89807510257,10.860284672173934,NA,NA,NA,NA,0.7401797209194432,NA,NA
PT1A,PT,2010,50400,52601.916212662036,10.870507827960767,NA,NA,NA,NA,1.0095956573465388,NA,NA
PT1A,PT,2011,50100,52425.59959817505,10.867150292961274,NA,NA,NA,NA,0.9211128586064204,NA,NA
PT1A,PT,2012,49600,52098.104091171685,10.860883837274567,NA,NA,NA,NA,0.7559698184223478,NA,NA
PT1A,PT,2013,51000,52377.52901304304,10.86623294270389,NA,NA,NA,NA,0.8969374685626811,NA,NA
PT1A,PT,2014,50500,51491.20570991588,10.849166309155926,NA,NA,NA,NA,0.4471719406906258,NA,NA
PT1A,PT,2015,50700,50700,10.833681189579275,NA,NA,NA,NA,0.03908484132327291,NA,NA
PT1A,PT,2016,50600,49678.95222573488,10.81333662592068,NA,NA,NA,NA,-0.49706561784716924,NA,NA
PT1A,PT,2017,50400,48735.67664265339,10.794166620796265,NA,NA,NA,NA,-1.0022623486412894,NA,NA
PT1A,PT,2018,51200,48609.13320041773,10.791566718167239,NA,NA,NA,NA,-1.070778882676744,NA,NA
PT1A,PT,2019,52800,49225.261509201766,10.804162216021437,11299.162688699878,NA,38.4,NA,-0.7388434294847767,NA,NA
PT1A,PT,2020,50100,45745.90478277543,10.730857553752346,11309.691223662483,9.332483903609871,40.5,38.4,-2.6706778494529493,-0.8055136744890388,-1.3985434696101793
PT1A,PT,2021,52900,47346.281213640024,10.765243557275236,12427.428279552998,9.333415267558214,41.8,40.5,-1.7644863042710421,-0.794394319916998,-0.03252426673511862
PT1A,PT,2022,58300,49539.86557106804,10.810532989496432,13443.573324317798,9.427661266843987,41.5,41.8,-0.5709512504629748,0.330788467025951,0.8131066683780117
PT1A,PT,2023,63300,50041.89922051639,10.8206159179077,13589.355862661761,9.506256451084427,42.4,41.5,-0.30523079618326854,1.2691195273800646,0.6179610679672908
PT1B,PT,2000,29200,39693.32825838726,10.58893839860773,NA,NA,NA,NA,-0.41356227221537645,NA,NA
PT1B,PT,2001,29600,38795.2502031508,10.566053100673171,NA,NA,NA,NA,-1.0764851141560197,NA,NA
PT1B,PT,2002,30000,37738.22252971885,10.538428720031712,NA,NA,NA,NA,-1.8766858794705839,NA,NA
PT1B,PT,2003,30800,37460.92752283536,10.531053736044866,NA,NA,NA,NA,-2.0903184639275176,NA,NA
PT1B,PT,2004,32100,38127.137970353484,10.548681590248316,NA,NA,NA,NA,-1.5796890091883873,NA,NA
PT1B,PT,2005,33400,38391.68716522219,10.555596235068286,NA,NA,NA,NA,-1.3793911582199507,NA,NA
PT1B,PT,2006,36200,40325.724916173735,10.604744879674326,NA,NA,NA,NA,0.044307115358777335,NA,NA
PT1B,PT,2007,38100,41219.937034111936,10.626677326886561,NA,NA,NA,NA,0.6796285465336633,NA,NA
PT1B,PT,2008,39000,41472.59618452116,10.632788155199888,NA,NA,NA,NA,0.8566420896243363,NA,NA
PT1B,PT,2009,39100,41127.59019669717,10.624434469590609,NA,NA,NA,NA,0.6146592663891949,NA,NA
PT1B,PT,2010,40400,42165.02807522909,10.649346437850548,NA,NA,NA,NA,1.3362890587754679,NA,NA
PT1B,PT,2011,39900,41752.12423088193,10.639505608766273,NA,NA,NA,NA,1.0512278634939087,NA,NA
PT1B,PT,2012,38900,40859.1985715036,10.617887254168085,NA,NA,NA,NA,0.42500481368737175,NA,NA
PT1B,PT,2013,40800,41902.023210434425,10.64308939138968,NA,NA,NA,NA,1.1550399863860776,NA,NA
PT1B,PT,2014,40600,41396.890135100686,10.6309610394823,NA,NA,NA,NA,0.803715676014954,NA,NA
PT1B,PT,2015,41100,41100,10.623763400484325,NA,NA,NA,NA,0.5952202780767688,NA,NA
PT1B,PT,2016,41300,40548.235709937755,10.610247549594247,NA,NA,NA,NA,0.20370401689818127,NA,NA
PT1B,PT,2017,41900,40516.36609776144,10.609461272647033,NA,NA,NA,NA,0.18092778082340644,NA,NA
PT1B,PT,2018,43000,40824.07671128833,10.617027301815341,NA,NA,NA,NA,0.40009440792184464,NA,NA
PT1B,PT,2019,44500,41487.19956741437,10.633140214481417,4718.451140760072,NA,28.4,NA,0.866840258776856,NA,NA
PT1B,PT,2020,42500,38806.40625285341,10.566340621591898,4935.925484620515,8.459235876583165,27.9,28.4,-1.0681564402141335,-1.0183576663985527,-0.6931005868254115
PT1B,PT,2021,45300,40544.16897878815,10.61014725089997,5669.955949816348,8.504295469162626,30.7,27.9,0.20079864526427738,-0.639078425590558,-0.9321007891790019
PT1B,PT,2022,48000,40787.53940671125,10.616131907047876,6090.053743087222,8.642936627699793,32.4,30.7,0.3741573348890228,0.527903128048388,0.4063003440011042
PT1B,PT,2023,50400,39843.78705709362,10.592721763834893,6224.894911076354,8.714412185474073,33.8,32.4,-0.3039688015224488,1.1295329639407228,1.218901032003311
PT1C,PT,2000,26700,36294.92686640205,10.499433254739698,NA,NA,NA,NA,-0.527671723519901,NA,NA
PT1C,PT,2001,27400,35911.81944480851,10.48882175273718,NA,NA,NA,NA,-0.7396583029065047,NA,NA
PT1C,PT,2002,27100,34090.194351846025,10.43676506625521,NA,NA,NA,NA,-1.7795976912133056,NA,NA
PT1C,PT,2003,28200,34298.64143324536,10.442861024009407,NA,NA,NA,NA,-1.6578183962472597,NA,NA
PT1C,PT,2004,29600,35157.73470163436,10.46759992144236,NA,NA,NA,NA,-1.1636080343810424,NA,NA
PT1C,PT,2005,30900,35518.05788638819,10.477796518989331,NA,NA,NA,NA,-0.959910024914383,NA,NA
PT1C,PT,2006,33100,36872.416981363276,10.515219043225619,NA,NA,NA,NA,-0.21231812859458554,NA,NA
PT1C,PT,2007,34200,37000.5734006989,10.518688688822467,NA,NA,NA,NA,-0.14300482105479204,NA,NA
PT1C,PT,2008,34000,36155.596673685104,10.495587033686403,NA,NA,NA,NA,-0.6045079003833818,NA,NA
PT1C,PT,2009,33700,35447.564952140536,10.475809839957606,NA,NA,NA,NA,-0.9995980249896508,NA,NA
PT1C,PT,2010,37000,38616.48610850189,10.561434565527668,NA,NA,NA,NA,0.7109319904793195,NA,NA
PT1C,PT,2011,36700,38403.582939182124,10.55590603993098,NA,NA,NA,NA,0.6004883200154031,NA,NA
PT1C,PT,2012,36100,37918.176566356815,10.54318586888252,NA,NA,NA,NA,0.34637673909728833,NA,NA
PT1C,PT,2013,37100,38102.084831056796,10.548024279592953,NA,NA,NA,NA,0.44303394520522354,NA,NA
PT1C,PT,2014,36900,37624.26714249299,10.535404523921093,NA,NA,NA,NA,0.19092836797988658,NA,NA
PT1C,PT,2015,40100,40100,10.599131613294661,NA,NA,NA,NA,1.4640080589946929,NA,NA
PT1C,PT,2016,40000,39271.89899267579,10.578264503741195,NA,NA,NA,NA,1.0471446239337965,NA,NA
PT1C,PT,2017,41900,40516.36609776144,10.609461272647033,NA,NA,NA,NA,1.6703642517201789,NA,NA
PT1C,PT,2018,41600,39494.92072533941,10.583927353388995,NA,NA,NA,NA,1.1602716936109327,NA,NA
PT1C,PT,2019,41800,38969.998694784736,10.570547364839932,9294.82729983529,NA,18.7,NA,0.8929789009341583,NA,NA
PT1C,PT,2020,38000,34697.49264961011,10.454422705387913,9253.048482665308,9.137213320083559,20.5,18.7,-1.4268500293934463,-0.8406384535754955,-1.3174650984805207
PT1C,PT,2021,42100,37680.121722008415,10.536887959099317,11075.753730139348,9.132708341905174,21.4,20.5,0.220563036955021,-0.8866840918231262,-0.14638501094228085
PT1C,PT,2022,45500,38663.188395945035,10.56264322209689,10887.83026165956,9.31251364949503,22.3,21.4,0.7350773915452377,0.9511161861027615,0.43915503282683793
PT1C,PT,2023,48900,38657.960061346785,10.562507985238398,11832.02819795807,9.295400954722234,21.1,22.3,0.732375757127043,0.7762063592958602,1.024695076595959
PT1D,PT,2000,20600,28002.827469958134,10.24006076512903,NA,NA,NA,NA,-1.4559655831260816,NA,NA
PT1D,PT,2001,21200,27785.78730766206,10.232279921021123,NA,NA,NA,NA,-1.5310882599670532,NA,NA
PT1D,PT,2002,22200,27926.284671991947,10.23732362724779,NA,NA,NA,NA,-1.4823921663694906,NA,NA
PT1D,PT,2003,23100,28095.69564212652,10.243371663593086,NA,NA,NA,NA,-1.4239994427023484,NA,NA
PT1D,PT,2004,25100,29812.808817939946,10.302693406250084,NA,NA,NA,NA,-0.8512584853637983,NA,NA
PT1D,PT,2005,26100,30000.689671026917,10.308975649414279,NA,NA,NA,NA,-0.7906045361887191,NA,NA
PT1D,PT,2006,27200,30299.992202207886,10.318902734144553,NA,NA,NA,NA,-0.6947602848680415,NA,NA
PT1D,PT,2007,28600,30941.999978362237,10.339869762579713,NA,NA,NA,NA,-0.4923273252037673,NA,NA
PT1D,PT,2008,28500,30306.89721176546,10.319130596344847,NA,NA,NA,NA,-0.6925603155331509,NA,NA
PT1D,PT,2009,29200,30714.210581676663,10.332480711873526,NA,NA,NA,NA,-0.5636673058876579,NA,NA
PT1D,PT,2010,30300,31623.77105642182,10.361664365398767,NA,NA,NA,NA,-0.2819042808981818,NA,NA
PT1D,PT,2011,30400,31811.142271148135,10.36757189328263,NA,NA,NA,NA,-0.22486814163181507,NA,NA
PT1D,PT,2012,30900,32456.278556798487,10.387649187447385,NA,NA,NA,NA,-0.031025409344293875,NA,NA
PT1D,PT,2013,33100,33994.04333983773,10.43394059236258,NA,NA,NA,NA,0.41590993645252317,NA,NA
PT1D,PT,2014,33500,34157.532500637266,10.438738411705632,NA,NA,NA,NA,0.4622320355783968,NA,NA
PT1D,PT,2015,34800,34800,10.457372665762566,NA,NA,NA,NA,0.6421424702661962,NA,NA
PT1D,PT,2016,36500,35835.60783081666,10.486697310215705,NA,NA,NA,NA,0.9252667377850303,NA,NA
PT1D,PT,2017,37000,35778.17531305904,10.485093358363166,NA,NA,NA,NA,0.909780865684813,NA,NA
PT1D,PT,2018,38200,36266.97047374917,10.498662701734307,NA,NA,NA,NA,1.040790481463968,NA,NA
PT1D,PT,2019,40300,37571.55376554605,10.534002494261859,5863.887187789756,NA,21.5,NA,1.3819899421980835,NA,NA
PT1D,PT,2020,39400,35975.82132617469,10.490602361965415,6087.109233866976,8.676568005282824,20.5,21.5,0.9629693233364611,-1.1354687872655285,-0.055555555555556364
PT1D,PT,2021,40800,36516.60252394165,10.505522299821099,6539.30695725804,8.713928573768586,21.5,20.5,1.1070186905356885,-0.31684708725037297,-1.1666666666666679
PT1D,PT,2022,42900,36453.86334474818,10.503802722073956,6232.125955993614,8.785586468997824,22.7,21.5,1.0904164708266206,1.253276451807222,-0.055555555555556364
PT1D,PT,2023,48500,38341.73952914763,10.554294386701008,6383.513864112439,8.737472798513481,24.2,22.7,1.5779045829564984,0.1990394227086794,1.2777777777777766
PT20,PT,2000,22500,30585.6125278669,10.328284998543868,12753.659367499293,NA,5.8,NA,-1.9450748425887927,NA,NA
PT20,PT,2001,24000,31455.608272824975,10.356332569691101,12942.369696150921,9.453573518622937,6.5,5.8,-1.3228569206512468,1.3538951895602036,-1.2914028167500657
PT20,PT,2002,25400,31951.695075161955,10.371980512394046,12238.915042702662,9.468261680821254,5.1,6.5,-0.9757170438999465,1.3944746179829728,-1.1094991828946321
PT20,PT,2003,26300,31987.74006008344,10.373107985249057,13471.621816876099,9.412375911835463,6.1,5.1,-0.9507047598343128,1.2400773195469423,-1.4733064506054994
PT20,PT,2004,26800,31832.00304066895,10.368227447629158,11110.956826929816,9.508340664300388,6.5,6.1,-1.0589764515202076,1.5052020336657375,-1.2134441165263086
PT20,PT,2005,27900,32069.702751787394,10.375667023912952,13563.966834923254,9.315687001961287,7.7,6.5,-0.8939340786495497,0.9729519539267005,-1.1094991828946321
PT20,PT,2006,28900,32193.74171484588,10.379527355960986,8421.470269449914,9.515172058161683,8.2,7.7,-0.8082950130667154,1.5240753313921176,-0.7976643819996032
PT20,PT,2007,30200,32673.020956172713,10.39430496913473,10155.457257494152,9.038539708316934,7.5,8.2,-0.4804628556262138,0.20726877224899543,-0.667733214960008
PT20,PT,2008,31300,33284.41693783364,10.41284460661635,9838.318914532008,9.225766500818995,7.3,7.5,-0.0691725286765699,0.7245258751173743,-0.8496368488154414
PT20,PT,2009,31500,33133.480593247084,10.408299548430877,9169.880882923828,9.194040133432035,8.3,7.3,-0.17000181775848724,0.6368744836695585,-0.9016093156312796
PT20,PT,2010,33000,34441.730853528716,10.447024214349923,8300.722123602718,9.123679575299601,9.9,8.3,0.689080811157543,0.44248724897191727,-0.6417469815520885
PT20,PT,2011,33100,34636.473986019846,10.452662567253473,6798.848085925792,9.024097792843863,10.8,9.9,0.8141641635940347,0.16736965707621043,-0.22596724702538337
PT20,PT,2012,33400,35082.19106139384,10.46544890352634,6578.381605137666,8.824508477685985,12.1,10.8,1.0978210814474383,-0.38404175975352156,0.007908853645888428
PT20,PT,2013,35400,36356.16719728869,10.501119130119292,5623.904605318025,8.791544037401053,12,12.1,1.8891428735983156,-0.47511361251345063,0.3457298879488362
PT20,PT,2014,34100,34769.309202141216,10.456490357164084,4973.096288667513,8.634781471276591,13,12,0.899081302097444,-0.9082062789429041,0.3197436545409172
PT20,PT,2015,33200,33200,10.410305154904579,5145.067698259188,8.511797920817159,14.2,13,-0.12550868551040611,-1.2479766406576287,0.579605988620108
PT20,PT,2016,34800,34166.55212362794,10.439002436407689,5010.074067289117,8.545793806249453,14.8,14.2,0.5111226565900698,-1.1540551833001838,0.8914407895151367
PT20,PT,2017,35300,34134.313204080645,10.438058409658193,5206.968662118165,8.519205977859674,15.5,14.8,0.49018001028244035,-1.227510178179228,1.0473581899626516
PT20,PT,2018,36300,34463.11592138992,10.447644927392583,5332.243620888972,8.557753134730762,15,15.5,0.7028509439613968,-1.1210147860374629,1.229261823818085
PT20,PT,2019,37600,35054.35289291641,10.464655075705071,5475.146877362655,8.581527370594095,13.7,15,1.080210504947483,-1.055332988036025,1.0993306567784895
PT20,PT,2020,34500,31501.67095819865,10.35779586969884,5724.602198237895,8.60797438124042,15.2,13.7,-1.2903945200673632,-0.9822670345812271,0.7615096224755413
PT20,PT,2021,37100,33205.04788329008,10.410457188024372,6823.791668905608,8.652528340984295,15.9,15.2,-0.1221359253035869,-0.8591764670911176,1.1513031235943276
PT20,PT,2022,40700,34584.43445527391,10.451158988588535,6807.364794499724,8.828170559529877,16.6,15.9,0.7808082060511836,-0.37392441586419767,1.3332067574497615
PT20,PT,2023,44700,35337.64447325565,10.472704090377093,7054.78256042372,8.82576036309467,16.9,16.6,1.2587728894256158,-0.3805831382017346,1.5151103913051953
PT30,PT,2000,21300,28954.379859713994,10.273476762048873,22442.46165339884,NA,3.6,NA,-1.914974745296915,NA,NA
PT30,PT,2001,21900,28703.24254895279,10.264765376165611,17877.24649765304,10.018710052969423,4.3,3.6,-2.0021123043024547,1.8703213814100093,-1.7077241789279447
PT30,PT,2002,24700,31071.13654946852,10.344034582003488,17140.260284728454,9.791284037855746,5,4.3,-1.2092045863361884,1.3930128932560555,-1.5944854668985384
PT30,PT,2003,25400,30893.102567533053,10.33828822008983,13831.132655657968,9.749185377843261,7.4,5,-1.2666838390094888,1.3046586750553688,-1.4812467548691317
PT30,PT,2004,26800,31832.00304066895,10.368227447629158,18554.657404696598,9.534677319762139,9.3,7.4,-0.9672101110345497,0.8544616435136424,-1.0929997421968805
PT30,PT,2005,28600,32874.31894986091,10.400447052911439,17582.808203133918,9.82847610955149,9.9,9.3,-0.6449264016405535,1.4710694493784306,-0.7856375238313484
PT30,PT,2006,29900,33307.71201639764,10.413544241239242,10718.859569638225,9.774676896999617,9.6,9.9,-0.513918886187298,1.3581587922833211,-0.6885757706632857
PT30,PT,2007,31700,34295.85312287003,10.442779725637141,10290.533771164191,9.279760045536404,10.9,9.6,-0.22148450422834012,0.3194561002639205,-0.7371066472473172
PT30,PT,2008,33000,35092.1967715179,10.465734070536723,10493.753527328297,9.23897970028782,11.6,10.9,0.008121394296265677,0.2338686843859739,-0.5268061820498477
PT30,PT,2009,33000,34711.265383401704,10.454819564065769,10645.498879133902,9.258535456961903,12.3,11.6,-0.10105336439012434,0.2749111686776147,-0.41356747002044136
PT30,PT,2010,34000,35485.419667272006,10.476877177499604,9499.557762770875,9.27289244134301,12.7,12.3,0.11958277983181793,0.305042772161812,-0.30032875799103464
PT30,PT,2011,35500,37147.8799547947,10.522661981351824,9879.873935841679,9.159000525217811,13.8,12.7,0.5775553803678287,0.06601304519102673,-0.2356209225456597
PT30,PT,2012,34000,35712.41006249672,10.483253528159846,5434.972892210479,9.198255031130316,14.7,13.8,0.1833636339166348,0.14839811824857763,-0.057674375070877755
PT30,PT,2013,36200,37177.7754955325,10.52346642881129,4871.2773859481085,8.600609811909106,16.2,14.7,0.5856020435400713,-1.1059048949591632,0.08791825468121615
PT30,PT,2014,36000,36706.60209023706,10.510711911330722,5364.104601820337,8.491111478592078,16.6,16.2,0.45802216882855185,-1.3357136259647355,0.33057263760137306
PT30,PT,2015,36700,36700,10.510532034042662,5144.38305709024,8.58748474492365,17.3,16.6,0.4562229065742861,-1.133451021890227,0.39528047304674857
PT30,PT,2016,37800,37111.94454807862,10.521694152252802,5132.570233734189,8.545660729919872,18.8,17.3,0.5678744563043775,-1.2212288311263566,0.508519185076155
PT30,PT,2017,38600,37325.33965092104,10.527427722189726,5987.72038859097,8.54336183291718,20.4,18.8,0.6252257544085127,-1.2260536223984908,0.7511735679963119
PT30,PT,2018,39400,37406.247033133965,10.529593002425667,6329.448542111245,8.697466049157171,20.9,20.4,0.6468844476234885,-0.9026286596258968,1.0100049097778123
PT30,PT,2019,41000,38224.161399190765,10.55122309201353,6798.187541890199,8.752968393193333,20.9,20.9,0.863244190265479,-0.7861435692651506,1.0908897040845311
PT30,PT,2020,36400,33236.545590679154,10.41140532030422,6585.860289900532,8.82441131767932,22.5,20.9,-0.5353139146800332,-0.6362033161298218,1.0908897040845311
PT30,PT,2021,41400,37053.61138458784,10.520121099242251,8090.744412775769,8.792680249516732,24.7,22.5,0.5521396465550907,-0.7027986357753123,1.349721045866032
PT30,PT,2022,49500,42062.150013170976,10.646903565714629,8061.984342694872,8.99847602223162,22.2,24.7,1.820309235315038,-0.2708864418518538,1.7056141408155954
PT30,PT,2023,53700,42452.60644773665,10.65614359027239,7863.1763411637985,8.99491500156345,20.9,22.2,1.9127346192785206,-0.27836010483873364,1.3011901692820005
RO11,RO,2000,3500,7966.857871255577,8.983045449539498,1321.148832930939,NA,8.8,NA,-2.214949964504923,NA,NA
RO11,RO,2001,4100,8830.307337770024,9.085945099081759,1432.372141454445,7.186256965042612,10.2,8.8,-1.842575777526266,-2.199663538636656,-1.2547538083607754
RO11,RO,2002,4900,10341.479886876874,9.24391826034331,1694.043636244124,7.267087189076199,9.4,10.2,-1.2709010657959874,-1.979653047111676,-0.8923944125830452
RO11,RO,2003,5200,10701.129792356924,9.27810460294671,1963.3623050237159,7.434873634174287,8.4,9.4,-1.1471872184763554,-1.5229578109099262,-1.099456924456034
RO11,RO,2004,6100,11729.641380636476,9.369874368344398,2151.41779251432,7.582413744247451,9.4,8.4,-0.8150899573952928,-1.1213707495730878,-1.3582850642972701
RO11,RO,2005,7900,12122.328100784116,9.4028043287003,2380.60509166285,7.6738823421665145,9.1,9.4,-0.6959227175716768,-0.8724038386449197,-1.099456924456034
RO11,RO,2006,9600,12968.591691995945,9.470285689456365,2846.6274283254243,7.775109974546433,9.6,9.1,-0.45172055595563915,-0.5968739682023769,-1.177105366408405
RO11,RO,2007,12600,13902.681231380338,9.53983699486097,4045.9622076301143,7.953890214058882,11,9.6,-0.20002765983253395,-0.11025489915534041,-1.047691296487787
RO11,RO,2008,13900,14596.547234006806,9.588540288906612,4474.757378285823,8.305474677009354,12.1,11,-0.023779736694756116,0.8467172165490227,-0.685331900710056
RO11,RO,2009,12700,14751.14698879145,9.599076120696624,3160.6139738024867,8.40620741209632,12.1,12.1,0.014347427143040058,1.1209000339804092,-0.4006209468846963
RO11,RO,2010,13000,14160.911526981983,9.558240738550268,2872.02368608201,8.058521583215146,12.6,12.1,-0.13342802490519312,0.17453954787521492,-0.4006209468846963
RO11,RO,2011,13400,14127.123021939213,9.555851847158536,2993.1150648339053,7.962772177377146,13,12.6,-0.1420729667853023,-0.08607922552927068,-0.2712068769640782
RO11,RO,2012,13400,14315.627537284732,9.569107054313928,2852.0685836164166,8.004069951762538,13.7,13,-0.09410490265991614,0.026328524789996945,-0.1676756210275836
RO11,RO,2013,13600,14199.947794309579,9.560993567125522,2807.2403020710585,7.955799828796387,14.2,13.7,-0.12346606383767014,-0.10505714940213907,0.013504076861281583
RO11,RO,2014,14600,15070.812172261447,9.62051518348364,3040.057712986161,7.93995718084558,14.2,14.2,0.09193130240804326,-0.14817899898733775,0.14291814678189968
RO11,RO,2015,16000,16000,9.680344001221918,3705.6160208968217,8.019631778754984,17.4,14.2,0.30844037180031403,0.0686860123086767,0.14291814678189968
RO11,RO,2016,17200,16930.466965902826,9.736870056902903,3586.5413155114948,8.217604791357822,17.4,17.4,0.5129973758421242,0.6075455828739222,0.9711681942738554
RO11,RO,2017,19300,18470.313516824255,9.823920047430612,3161.321438295659,8.184943595230095,17.1,17.4,0.8280146727274967,0.5186455965164799,0.9711681942738554
RO11,RO,2018,21000,19280.028644613987,9.866825053879927,3871.992832498136,8.058745395845301,17.7,17.1,0.9832797000132903,0.17514873988672652,0.8935197523214853
RO11,RO,2019,23400,20478.174116988135,9.927114920735011,4117.236235086835,8.261524597283735,18.9,17.7,1.2014572181397567,0.7270901988263263,1.0488166362262266
RO11,RO,2020,23900,20484.426693179284,9.927420202924914,4011.2136727004586,8.322937400518864,20.1,18.9,1.2025619761031678,0.8942487238363923,1.3594104040357098
RO11,RO,2021,24900,20556.42697927846,9.93092891941218,4836.539367503723,8.296849136029168,19.3,20.1,1.2152593512166534,0.8232394947759034,1.670004171845194
RO11,RO,2022,28600,21113.55549321561,9.957670553624402,5007.158019723681,8.48395473725736,18.2,19.3,1.312032220148214,1.3325192324664257,1.4629416599722047
RO11,RO,2023,33600,22146.642410820215,10.005441179821625,5374.170933726429,8.518623771593017,17.2,18.2,1.4849049963994758,1.426884321467229,1.1782307061468447
RO12,RO,2000,4700,10698.351998543203,9.277844989760142,1782.4974716064942,NA,8.3,NA,-1.98384215450674,NA,NA
RO12,RO,2001,5200,11199.414184488813,9.323616750958879,1843.5482691563307,7.485770733833865,8.5,8.3,-1.8051089826514903,-2.173995660879183,-1.2907842004869385
RO12,RO,2002,5900,12451.9859862395,9.429635406138404,2116.6232321652947,7.519447400763115,7.9,8.5,-1.3911190023710776,-2.0814687615220606,-1.2384704795861465
RO12,RO,2003,6200,12759.039367810177,9.453995269410374,2516.2585566475946,7.657577282771216,8,7.9,-1.2959966930141111,-1.7019558567080089,-1.3954116422885232
RO12,RO,2004,7100,13652.533410249014,9.521680381212402,2743.870635760919,7.830528377503647,9.3,8,-1.0316945468234227,-1.226771404231422,-1.369254781838127
RO12,RO,2005,9100,13963.694394574108,9.54421598275013,2975.968739359878,7.917124843332446,9.7,9.3,-0.9436957581157839,-0.9888469535945156,-1.0292155959829774
RO12,RO,2006,11000,14859.844647078688,9.606417863780944,4116.860720768582,7.9983248916504595,10.8,9.7,-0.7008049625501697,-0.7657492012457277,-0.9245881541813934
RO12,RO,2007,14700,16219.79476994373,9.693987674688229,5028.771662336707,8.322846190925262,11.1,10.8,-0.3588554798928242,0.12587554476387997,-0.6368626892270358
RO12,RO,2008,16100,16906.792119964717,9.735470720760384,5465.372496702871,8.522931030952797,11.4,11.1,-0.1968692200567379,0.6756101694821682,-0.5583921078758477
RO12,RO,2009,14900,17306.46378999942,9.758835340183493,4273.567160420085,8.606187558709209,11.8,11.4,-0.10563321713014794,0.9043581147798722,-0.4799215265246592
RO12,RO,2010,16500,17973.464630400205,9.796651761995266,3795.743958716545,8.3602041580366,11.2,11.8,0.04203532001193511,0.22851684446136625,-0.3752940847230747
RO12,RO,2011,17900,18871.306126321782,9.84539785304838,4490.46796649677,8.241635707169525,12.4,11.2,0.23238288893415876,-0.09725087902967877,-0.5322352474254517
RO12,RO,2012,18100,19336.78047946669,9.869764285628843,3892.1746842034354,8.40971219946943,13.1,12.4,0.32753085064342835,0.3645405660680042,-0.21835292202069811
RO12,RO,2013,17800,18585.225789611068,9.830122231681555,4540.111219040799,8.266723325187547,14.3,13.1,0.17273344160138007,-0.02832245709468891,-0.03525489886792551
RO12,RO,2014,18800,19406.25129030926,9.873350524605254,4322.177038691434,8.420706788321413,14.6,14.3,0.34153467856042086,0.39474828283277585,0.2786274265368281
RO12,RO,2015,19800,19800,9.893437216682626,5613.436635307139,8.371514498442487,17.8,14.6,0.4199707730659475,0.25959209102982406,0.35709800788801616
RO12,RO,2016,20700,20375.620127569102,9.92209437335482,4525.642576769333,8.63291840192333,17.5,17.8,0.5318734915594523,0.9778013104797366,1.194117542300692
RO12,RO,2017,22600,21628.450024882288,9.981764857798012,4564.667727028343,8.417514851968015,17.9,17.5,0.7648794907029914,0.38597841334582106,1.1156469609495034
RO12,RO,2018,26200,24054.130975661257,10.088062026923554,5297.659796001359,8.426101003310595,18.1,17.9,1.1799570341374905,0.40956892967598535,1.2202744027510875
RO12,RO,2019,27600,24153.743830293693,10.09219467109446,4948.634349778246,8.575020454104951,18.3,18.1,1.19609450801812,0.8187262570598206,1.2725881236518806
RO12,RO,2020,27700,23741.36482849649,10.074974157180742,5152.174975476272,8.506866928564696,17.1,18.3,1.1288504913543902,0.6314739255941062,1.3249018445526726
RO12,RO,2021,28300,23363.328655163874,10.05892292059071,6227.982284229999,8.547174229838737,16.4,17.1,1.0661723607166145,0.7422185434084408,1.0110195191479194
RO12,RO,2022,31200,23032.96962896248,10.044681930614031,5421.303414843648,8.736807688413876,18.9,16.4,1.0105630233822016,1.263237917837251,0.8279214959951459
RO12,RO,2023,38600,25442.273721954178,10.144167389323252,7578.4394641900535,8.598091547965902,18.1,18.9,1.399041664423974,0.8821142634862185,1.4818430072550486
RO21,RO,2000,2200,5007.7392333606485,8.518739841408399,774.4814388846896,NA,6.8,NA,-2.3883088535996984,NA,NA
RO21,RO,2001,2500,5384.333742542698,8.59124885724565,863.0259041989434,6.652193694282069,7,6.8,-2.1241214368951433,-2.011990064208509,-1.8748769763928177
RO21,RO,2002,3300,6964.67012789667,8.848605523699165,1052.121625245084,6.760444707085949,7,7,-1.1864395211088918,-1.7265701468010068,-1.778943338001194
RO21,RO,2003,3300,6791.10159899574,8.823368445831763,1164.776105609182,6.958563999965787,7.2,7,-1.2783910988537286,-1.2041991246190362,-1.778943338001194
RO21,RO,2004,4200,8076.146524372656,8.996670122454455,1221.954714235706,7.060284163503631,8.5,7.2,-0.6469644861924708,-0.935998763960531,-1.6830096996095705
RO21,RO,2005,5300,8132.7011309058,9.003648389785402,1412.4029489565382,7.108207080317931,9.4,8.5,-0.6215390904958228,-0.8096428564749818,-1.0594410500640172
RO21,RO,2006,6300,8510.63829787234,9.04907222438006,1753.3871418672097,7.253047751956709,9.8,9.4,-0.4560368370200224,-0.42774885414094177,-0.6277396773017109
RO21,RO,2007,8200,9047.77667439038,9.110274335173745,2419.2349408846494,7.4693047058706155,10.3,9.8,-0.23304625632118933,0.1424448126539516,-0.4358724005184636
RO21,RO,2008,9400,9871.046330911078,9.197361138045924,2746.7026937728674,7.791206629037596,11.1,10.3,0.08425549180210698,0.9911871749087158,-0.19603830453940463
RO21,RO,2009,8400,9756.664150066787,9.185705833081347,1411.8442177535903,7.918156450814264,11.2,11.1,0.04178925675615389,1.3259092870430327,0.18769624902708917
RO21,RO,2010,9000,9803.707980218296,9.19051595842495,1590.9168660296184,7.252652084596697,11.6,11.2,0.05931500267723882,-0.4287920900635471,0.23566306822290078
RO21,RO,2011,9200,9699.218791182146,9.179800624256664,1768.7926090551114,7.37206577431991,12.2,11.6,0.020273561825258784,-0.11394011246705826,0.4275303450061481
RO21,RO,2012,9600,10255.971967009957,9.235615445830854,1819.6307164681855,7.478052451026541,12.6,12.2,0.22363549351397036,0.16550954558563982,0.7153312601810187
RO21,RO,2013,9800,10232.315322370137,9.233306160060042,1536.207467498959,7.506388856443776,11.9,12.6,0.2152215847720188,0.2402226986945653,0.907198536964266
RO21,RO,2014,10000,10322.474090590033,9.242078747763395,1578.659452080591,7.3370719745727895,12,11.9,0.24718460697556005,-0.20620647723255928,0.5714308025935838
RO21,RO,2015,10100,10100,9.22029070282935,1568.3026838966205,7.364331317834988,11.6,12,0.16779961960946682,-0.13433315890550446,0.6193976217893955
RO21,RO,2016,10900,10729.191274903536,9.280723462318594,1444.5794990864194,7.357749220480253,11.5,11.6,0.38798706015653034,-0.15168783887288867,0.4275303450061481
RO21,RO,2017,12200,11675.534969184242,9.365250903258982,1697.628869084791,7.275573554104182,12.1,11.5,0.6959637442258686,-0.3683562219434259,0.3795635258103365
RO21,RO,2018,13400,12302.49446846797,9.41755732311337,1851.9045597268318,7.436987773537925,12.7,12.1,0.8865427746930713,0.057236407500537094,0.6673644409852071
RO21,RO,2019,14700,12864.493996569468,9.462226392156046,2301.5177595582873,7.523969880253401,11.7,12.7,1.049295031370637,0.28657768636358333,0.9551653561600777
RO21,RO,2020,15100,12942.043642971012,9.468236487808328,2110.4207636872966,7.741324079742096,11.8,11.7,1.0711928826404378,0.8596644045325021,0.47549716420195975
RO21,RO,2021,16400,13539.17278956493,9.51334245077167,3280.3744436952716,7.654642620659578,12.3,11.8,1.2355369672437027,0.6311158279301095,0.5234639833977722
RO21,RO,2022,17900,13214.428088411169,9.489064548645304,3581.377862933321,8.095712854525663,14,12.3,1.147080157125539,1.7940631894392638,0.7632980793768311
RO21,RO,2023,21500,14171.214637876032,9.558968047986085,3931.84511355315,8.183502883262575,13.6,14,1.401774345099354,2.0255346750380894,1.5787340057056312
RO22,RO,2000,3600,8194.48238186288,9.011216326506194,1120.9867942970488,NA,8.8,NA,-2.2390049298337695,NA,NA
RO22,RO,2001,4000,8614.933988068316,9.061252486491387,1385.6925218484766,7.021964642714679,8.7,8.8,-2.059649994097935,-2.3784606343002546,-1.0442243432902585
RO22,RO,2002,4900,10341.479886876874,9.24391826034331,1584.1356175484145,7.2339553094302795,9.3,8.7,-1.4048833585279197,-1.8283392600671673,-1.0923549242435175
RO22,RO,2003,5000,10289.547877266272,9.23888388979343,1684.573213433908,7.367794185848584,8.2,9.3,-1.4229290919877102,-1.4810238439605412,-0.8035714385239664
RO22,RO,2004,6700,12883.376598403998,9.463693123562052,1944.7862643951855,7.429267524908298,7.6,8.2,-0.61709895459657,-1.3214989069141605,-1.3330078290098097
RO22,RO,2005,8400,12889.564056529945,9.464173275076593,2157.884729072102,7.572907360243111,8.5,7.6,-0.6153778484193686,-0.9487497437870328,-1.6217913147293601
RO22,RO,2006,10000,13508.949679162444,9.511107683976618,2782.9215679515955,7.676883728762175,9.2,8.5,-0.4471411593018504,-0.6789283237043703,-1.1886160861500341
RO22,RO,2007,12500,13792.342491448748,9.531868825211793,3841.525812727402,7.931256578574532,8.8,9.2,-0.3727227156575088,-0.01882406593488161,-0.8517020194772256
RO22,RO,2008,14000,14701.558365186711,9.595708778385225,4306.17432553,8.25362491372476,9.4,8.8,-0.14388799488381754,0.8177302705821692,-1.0442243432902585
RO22,RO,2009,12600,14634.996225100182,9.591170941189512,2920.6585939675147,8.3678051614360065,10,9.4,-0.16015390135740754,1.1140310264331477,-0.7554408575707081
RO22,RO,2010,13200,14378.771704320166,9.573508210681057,3503.794612174151,7.979564415709965,10.3,10,-0.22346607191967224,0.10653604620073957,-0.46665737185115774
RO22,RO,2011,15200,16024.79626369224,9.681892568053902,3352.6133227490513,8.161601835091238,11.4,10.3,0.16503835082437454,0.5789279531813377,-0.32226562899138217
RO22,RO,2012,15300,16345.45532242212,9.701705175755453,3125.4006239049613,8.117495417045111,12.3,11.4,0.23605676994611688,0.46447063445142417,0.20717076149446037
RO22,RO,2013,16700,17436.70060036544,9.766332493806225,4291.534430200726,8.047317753603217,12.4,12.3,0.4677138051623576,0.28235774593961555,0.6403459900737863
RO22,RO,2014,18200,18786.902844873857,9.840915248852099,3817.569909550341,8.364399624008703,12,12.4,0.7350561680097997,1.105193566942425,0.6884765710270446
RO22,RO,2015,17500,17500,9.769956159911606,3493.6556507547934,8.247369349839408,12.9,12,0.48070285951127595,0.8014969172250164,0.49595424721401077
RO22,RO,2016,18400,18111.662335616977,9.804311337698437,2434.0532200176535,8.158703931388079,12.9,12.9,0.6038492141870442,0.5714078166004386,0.9291294757933368
RO22,RO,2017,20200,19331.623473567353,9.86949755592693,2661.7014500617975,7.797313138558084,12.7,12.9,0.8375096306677107,-0.36641082733796215,0.9291294757933368
RO22,RO,2018,22100,20289.934906950908,9.91788022468021,2965.898017398691,7.886720840171805,13.1,12.7,1.0109376164991704,-0.1343954823192716,0.8328683138868194
RO22,RO,2019,23200,20303.146987783104,9.91853117704362,3444.8579127149787,7.994935138222278,13.8,13.1,1.0132709594123954,0.14642347672980643,1.0253906376998534
RO22,RO,2020,22800,19541.62881190325,9.880302279947845,3483.494598952567,8.144637938102255,13.1,13.8,0.8762392330790072,0.5349061928438993,1.3623047043726628
RO22,RO,2021,24600,20308.759184347397,9.918807558879834,3960.3833768062195,8.155791264003224,12.9,13.1,1.0142616518733543,0.5638493678759481,1.0253906376998534
RO22,RO,2022,28300,20892.084631398662,9.947125640447787,4404.292354665607,8.284096111887319,14,12.9,1.115767996510618,0.8968038339018414,0.9291294757933368
RO22,RO,2023,32000,21092.04039125735,9.956651015652193,5252.135298706811,8.390334879532446,13.7,14,1.1499117649003492,1.1724962394178537,1.4585658662791794
RO31,RO,2000,3000,6828.735318219065,8.828894769712239,1087.6490629776315,NA,6.5,NA,-2.1775087557092156,NA,NA
RO31,RO,2001,3500,7538.067239559777,8.927721093866865,1359.8659033655804,6.991773822974405,7.1,6.5,-1.8720174211326812,-2.6255568506616886,-1.545499730515674
RO31,RO,2002,4200,8864.125617323034,9.089767580516051,1652.234998763826,7.215141373402267,7.1,7.1,-1.3711003032153533,-1.9787520600736488,-1.306129401883617
RO31,RO,2003,4400,9054.802131994318,9.111050518283543,1756.0699018660978,7.409884195031891,7.2,7.1,-1.3053106149119866,-1.4148358165485964,-1.306129401883617
RO31,RO,2004,5400,10383.6169599077,9.24798455073536,2037.9579310949366,7.470833580843597,7.7,7.2,-0.8820209632883895,-1.2383448506455526,-1.266234347111607
RO31,RO,2005,7000,10741.30338044162,9.281851718282638,2272.8683468082613,7.61970357131983,7.9,7.7,-0.7773309801199642,-0.8072624358973964,-1.0667590732515595
RO31,RO,2006,8500,11482.607227288077,9.348588754478843,3085.9701356056275,7.728797901721179,8.7,7.9,-0.5710338580964603,-0.4913582886995452,-0.9869689637075403
RO31,RO,2007,10800,11916.583912611719,9.385686315033713,3812.920843066137,8.03462135549638,8.6,8.7,-0.4563581036313947,0.39421383042464103,-0.6678085255314643
RO31,RO,2008,12600,13231.402528668039,9.490348262727398,4105.6934178841975,8.246150799890211,8.6,8.6,-0.13282772492078596,1.0067390505037428,-0.7077035803034738
RO31,RO,2009,12300,14286.543934026366,9.567073389610451,2629.993760965466,8.320129927933936,9.1,8.6,0.10434452253005447,1.220960204518952,-0.7077035803034738
RO31,RO,2010,12300,13398.400906298337,9.502890643467103,2617.073008335528,7.874736752912519,9.9,9.1,-0.09405679355492473,-0.06876356577465326,-0.5082283064434261
RO31,RO,2011,15500,16341.075137317745,9.70143716412687,3312.9822090962675,7.8698117998618855,10.7,9.9,0.5196890083933416,-0.08302473853886798,-0.18906786826734945
RO31,RO,2012,13000,13888.295371992648,9.5388017048186,3341.6482273592655,8.105604032257185,11.2,10.7,0.016951261760012167,0.5997581688466997,0.13009256990872645
RO31,RO,2013,13800,14408.770555990603,9.575592366546674,2921.054701667843,8.114219445494209,11.4,11.2,0.13067833243076085,0.6247057968433741,0.3295678437687742
RO31,RO,2014,15300,15793.385358602749,9.667346483167739,3028.77753858146,7.979700029246915,11.4,11.4,0.4143081019201492,0.23517829972397594,0.4093579533127937
RO31,RO,2015,16300,16300,9.698920386794853,2964.3284522122503,8.015914364481132,12.8,11.4,0.5119091615502374,0.3400440489009913,0.4093579533127937
RO31,RO,2016,17400,17127.332860855186,9.74843087930398,2809.383490009418,7.994405794113369,13.3,12.8,0.6649556960797385,0.27776174188763775,0.9678887201209274
RO31,RO,2017,17900,17130.49802855721,9.748615664366481,3054.161637813581,7.940720339683243,13.1,13.3,0.6655269025455883,0.12230492175513669,1.167363993980975
RO31,RO,2018,19800,18178.312722064617,9.807984553856993,3335.5712053331044,8.024260410970543,12.7,13.1,0.8490476541057337,0.3642116723605363,1.0875738844369556
RO31,RO,2019,21100,18465.362131130325,9.823651938853377,3100.43293509623,8.11239921964562,12.9,12.7,0.8974785796998191,0.6194349739482676,0.9279936653489173
RO31,RO,2020,21600,18513.122032329393,9.826235058677568,3071.620666281316,8.039297037204834,13.1,12.9,0.9054635040528544,0.4077531888609935,1.0077837748929368
RO31,RO,2021,24900,20556.42697927846,9.93092891941218,4001.5367644852445,8.029960605614935,13.9,13.1,1.2290925321622581,0.3807177100379646,1.0875738844369556
RO31,RO,2022,30200,22294.733422905992,10.012105760179418,3761.683162963845,8.294433757440826,13.7,13.9,1.4800258906051937,1.1465518755433526,1.4067343226130322
RO31,RO,2023,31400,20696.564633921273,9.937723005766674,4603.194182420755,8.23262178594312,12.6,13.7,1.2500943707454204,0.9675631226836598,1.3269442130690128
RO32,RO,2000,9400,21396.703997086406,9.970992170320088,6846.128866451432,NA,20.1,NA,-1.730193009819213,NA,NA
RO32,RO,2001,9800,21106.588270767374,9.957340511048022,8712.368748920682,8.831438642525507,20.3,20.1,-1.7838691344475122,-2.419781629050014,-1.5512014467168593
RO32,RO,2002,10400,21949.26343337132,9.996488861374056,9145.031328447598,9.072498990269015,22.1,20.3,-1.6299441287603058,-1.586533099019753,-1.5222305711387125
RO32,RO,2003,11100,22842.796287531124,10.036391085677616,10133.313619455075,9.120965986565144,22.6,22.1,-1.4730550120617343,-1.4190022139249452,-1.2614926909353914
RO32,RO,2004,12700,24420.72877607922,10.103187590629677,10296.019905216886,9.2235836532758,24.2,22.6,-1.2104219172057784,-1.0642942715271833,-1.1890655019900245
RO32,RO,2005,18600,28541.17755374488,10.259103149946482,11273.445452081001,9.239512682570217,25.4,24.2,-0.5973870599335569,-1.0092340330075542,-0.9572984973648505
RO32,RO,2006,21100,28503.883823032753,10.257795631464594,11669.174521151721,9.33020527921824,26.5,25.4,-0.6025280119298612,-0.6957462547438282,-0.7834732438959698
RO32,RO,2007,27500,30343.153481187244,10.320326185576064,18606.711133081342,9.364705987658937,26.3,26.5,-0.3566679484259458,-0.5764912015494288,-0.6241334282161624
RO32,RO,2008,34200,35913.806863527534,10.488877092838525,22572.39897030015,9.831277608230241,27.7,26.3,0.3060470610927301,1.0362589692440445,-0.6531043037943091
RO32,RO,2009,27400,31825.30925140833,10.368017140626105,14527.232764490898,10.024483154384715,27.7,27.7,-0.1691547973948017,1.7040927247076472,-0.4503081747472817
RO32,RO,2010,28500,31045.075270691268,10.343195468363335,13911.855408757343,9.583780288632306,28.3,27.7,-0.26674961332940694,0.18076042013866597,-0.4503081747472817
RO32,RO,2011,31900,33630.986895512004,10.423203149992469,15174.62444145766,9.540496662705047,31,28.3,0.04782769956428429,0.03114635869773926,-0.36339554801284113
RO32,RO,2012,32600,34827.57147130465,10.458164635729725,16908.001204009586,9.627379867117837,31.9,31,0.18529062829877,0.3314666023170054,0.027711272292140373
RO32,RO,2013,34600,36126.33777081702,10.494777456447194,13674.174467700961,9.73554223289614,33.1,31.9,0.3292463401033961,0.7053403361476007,0.1580802123938007
RO32,RO,2014,34700,35818.985094347416,10.486233341722164,15248.604856240061,9.523264257475343,35,33.1,0.29565225767873243,-0.028419125468137175,0.3319054658626818
RO32,RO,2015,37800,37800,10.54006438160768,14737.584140156756,9.632243293013847,33.6,35,0.5073072329591614,0.34827750679256664,0.6071287838550761
RO32,RO,2016,38400,37798.25183085282,10.540018132677178,15797.724712374911,9.598156254085088,35.1,33.6,0.5071253896163055,0.230452342486849,0.4043326548080488
RO32,RO,2017,42500,40672.970179535274,10.613319027450142,16297.039167766587,9.667621203099372,36.1,35.1,0.7953326972254527,0.4705646927617525,0.6216142216441497
RO32,RO,2018,45200,41497.96641602629,10.633399702994689,12686.688009039315,9.698738724145905,37.5,36.1,0.8742866779591391,0.5781254297843224,0.7664685995348837
RO32,RO,2019,49600,43406.72804284664,10.678369732102238,16713.607173422926,9.44830853444856,40.3,37.5,1.0511015865947706,-0.2875108699796752,0.9692647285819109
RO32,RO,2020,49100,42083.06906423024,10.647400778787924,16875.791955505392,9.723978467438645,40.5,40.3,0.9293366520487897,0.665369056510499,1.3748569866759655
RO32,RO,2021,53900,44497.64715594816,10.703191593856468,17751.118880202663,9.733635445336136,41.1,40.5,1.1486971475792678,0.6987493395514104,1.4038278622541127
RO32,RO,2022,63000,46508.88098155886,10.747398562190128,19695.70974764894,9.784203828421283,42.2,41.1,1.3225118242004588,0.8735438723981809,1.4907404889885534
RO32,RO,2023,74200,48907.16865722797,10.797679263025802,19745.192266660673,9.888156111701562,39.4,42.2,1.520207438386816,1.2328650467322722,1.6500803046683608
RO41,RO,2000,2700,6145.8617863971585,8.723534254054412,797.7749850504905,NA,7.8,NA,-2.1419861570956122,NA,NA
RO41,RO,2001,3100,6676.573840752945,8.806360236862597,903.8310369992006,6.681826584066833,8.3,7.8,-1.8855616219239404,-2.3317650434070543,-1.6727142324557378
RO41,RO,2002,3700,7808.872567641722,8.963015874876909,1133.791897689438,6.806642436948742,8.5,8.3,-1.400564670509896,-2.0198021478890555,-1.5150403498881884
RO41,RO,2003,4100,8437.429259358343,9.04043295106959,1237.4460147204315,7.033322955709649,8.5,8.5,-1.160885802792356,-1.4532402139888763,-1.451970796861169
RO41,RO,2004,5200,9999.038553985192,9.210244222752513,1377.1188416634598,7.120804869022932,9.8,8.5,-0.6351597572705525,-1.2345892145161803,-1.451970796861169
RO41,RO,2005,6400,9820.620233546626,9.192239559592952,1512.6499503657355,7.2277487997711045,10.6,9.8,-0.6909011710767113,-0.9672951366890542,-1.0420187021855412
RO41,RO,2006,7900,10672.070246538331,9.275385350455549,2010.9721301875363,7.321618325728555,10.8,10.6,-0.4334865283455958,-0.7326790327050969,-0.789740490077463
RO41,RO,2007,10000,11033.873993158999,9.308725273897585,2676.041873927544,7.606373530993147,11.1,10.8,-0.3302680203191718,-0.020966086816636746,-0.7266709370504432
RO41,RO,2008,11300,11866.257823329273,9.381454174488262,2887.8515493254845,7.892094069080677,12.8,11.1,-0.10510347780234923,0.6931595976433212,-0.6320666075099141
RO41,RO,2009,10000,11615.076369127126,9.360059220226125,2186.1003794267667,7.96826809610343,13,12.8,-0.17134104016720486,0.8835478334691615,-0.09597540678024684
RO41,RO,2010,10600,11546.58939892377,9.354145382206752,2430.0490165092165,7.6898745869076475,12.6,13,-0.18964994654879422,0.18773521658705578,-0.032905853753227444
RO41,RO,2011,11100,11702.318324143675,9.367542248519959,2620.0773695244334,7.7956667075341235,13.1,12.6,-0.14817400988437027,0.4521504772418857,-0.15904495980726682
RO41,RO,2012,11600,12392.632793470366,9.424857445469382,2625.6270036285227,7.870959126671967,13.7,13.1,0.029270582231912635,0.6403352353672772,-0.00137107723971774
RO41,RO,2013,12100,12633.777081701905,9.444129226986211,2101.724073437711,7.87307500502872,14.3,13.7,0.08893492245263307,0.6456236304188329,0.18783758184134103
RO41,RO,2014,12100,12490.193649613939,9.432699107372045,2131.6460339155224,7.6505132742370305,15.1,14.3,0.05354792178392996,0.08935613421414086,0.37704624092240036
RO41,RO,2015,14500,14500,9.581903928408666,2263.639733135656,7.664649746134044,16.7,15.1,0.5154775673191136,0.1246886228650307,0.6293244530304786
RO41,RO,2016,15300,15060.24096385542,9.619813501481886,1908.5263219304763,7.724729298187144,16.8,16.7,0.6328434508772902,0.27485056613711023,1.1338808772466356
RO41,RO,2017,16000,15312.17700876622,9.636403673759553,2206.3854730022863,7.554086664036981,16.1,16.8,0.6842056813089011,-0.15165110828296163,1.1654156537601457
RO41,RO,2018,18100,16617.54849845301,9.718214554428283,2736.661667024701,7.699110922990117,14.7,16.1,0.9374875179524513,0.2108203783011757,0.9446722181655772
RO41,RO,2019,20100,17590.22648510519,9.775098713436385,2805.961568506066,7.914494086867329,15.4,14.7,1.1135976411014255,0.7491458705968854,0.5031853469764391
RO41,RO,2020,19900,17056.070761266434,9.744261475717895,2566.4016933728135,7.939501564384032,16.7,15.4,1.018127305829282,0.8116491898114168,0.7239287825710082
RO41,RO,2021,22300,18409.972756542556,9.820647794407591,3207.6566488622684,7.850260077496173,17.4,16.7,1.2546150069030195,0.5886003381867104,1.1338808772466356
RO41,RO,2022,26900,19858.553942919578,9.896390122406387,3571.032314417397,8.073295933601923,17.6,17.4,1.489108949400401,1.14605285618469,1.3546243128412039
RO41,RO,2023,30000,19773.787866803763,9.892112494514622,4118.459917452772,8.18060999667627,16.5,17.6,1.4758656565761725,1.4142720372701973,1.4176938658682245
RO42,RO,2000,4200,9560.229445506691,9.165367006333451,1484.9328558078373,NA,10.6,NA,-2.1722666096230627,NA,NA
RO42,RO,2001,4800,10337.920785681981,9.243574043285342,1726.1112146632192,7.303124835270356,11.1,10.6,-1.911128910039681,-2.544920958955851,-1.2358035328408432
RO42,RO,2002,5500,11607.78354649445,9.359431147465155,2195.5461911170314,7.453626304482492,10.5,11.1,-1.5242755162137565,-2.1063924966280845,-1.0375923664856173
RO42,RO,2003,6000,12347.457452719527,9.421205446587383,2500.418708452046,7.694186128777054,9.7,10.5,-1.3180076534371958,-1.4054536260776744,-1.275445766111888
RO42,RO,2004,7400,14229.401019132774,9.563065597375257,2787.4062658256657,7.824213480213335,10.9,9.7,-0.8443286229672757,-1.026582278280184,-1.5925836322802498
RO42,RO,2005,9700,14884.377541469104,9.608067454736663,3044.1999503562865,7.93286678859336,10.9,10.9,-0.6940648875496302,-0.7099902310387285,-1.1168768330277072
RO42,RO,2006,12000,16210.739614994933,9.693429240770573,3604.736445587509,8.020993403537927,10.8,10.9,-0.40903707795576233,-0.4532084923347721,-1.1168768330277072
RO42,RO,2007,15300,16881.82720953327,9.733993009301928,5072.649182415302,8.19000393902642,11.4,10.8,-0.27359237101427825,0.039251352960776004,-1.1565190662987523
RO42,RO,2008,17800,18691.981350023103,9.835849906068006,5752.005651685374,8.531618481305019,12.8,11.4,0.06651354201957896,1.0346416353179515,-0.9186656666724815
RO42,RO,2009,15600,18119.519135838316,9.804745041487571,3922.4030279652266,8.657303881960445,14.3,12.8,-0.037347352075973735,1.4008614853633012,-0.3636744008778489
RO42,RO,2010,17000,18518.115073745666,9.826504725144947,3302.023116343821,8.2744597623042,14,14.3,0.03530945676649089,0.28533720521532746,0.23095909818782864
RO42,RO,2011,17900,18871.306126321782,9.84539785304838,3829.7086706077644,8.102290625165388,14.5,14,0.09839467455414692,-0.21632611651185796,0.11203239837469285
RO42,RO,2012,17800,19016.281355497627,9.853050804655103,3810.3597410749226,8.250544014166127,15.1,14.5,0.12394831084434185,0.2156519303053229,0.3102435647299187
RO42,RO,2013,17700,18480.814408770555,9.8244884139633,3582.1008590882775,8.245478883893076,14.2,15.1,0.028576880208918194,0.20089324521235497,0.5480969643561896
RO42,RO,2014,18200,18786.902844873857,9.840915248852099,3472.38876800693,8.183704739423659,13.5,14.2,0.08342700676384425,0.020896858947159914,0.1913168649167829
RO42,RO,2015,21100,21100,9.957028319464158,4236.912107500343,8.152598041864032,16.1,13.5,0.47113508691842065,-0.06974127448986736,-0.08617876798053302
RO42,RO,2016,23100,22738.010866997403,10.031793290611244,3737.9556662086975,8.351590006370884,15.5,16.1,0.7207795349848792,0.5100779170940438,0.9445192970666421
RO42,RO,2017,24800,23733.87436358764,10.074658604690708,4481.437728084234,8.226294127647876,16,15.5,0.863909232092776,0.1449930490190376,0.7066658974403704
RO42,RO,2018,26800,24604.98893693594,10.110704503673313,4732.830909260351,8.407699195372132,15.7,16,0.9842685182465636,0.6735678584479924,0.9048770637955963
RO42,RO,2019,29200,25553.96086393391,10.148547607645591,4638.699239875046,8.462278803356453,16.3,15.7,1.1106287730468387,0.8326009342652123,0.7859503639824605
RO42,RO,2020,28600,24512.744913176884,10.106948461813255,4216.256334756191,8.442189269684928,17,16.3,0.971726883003718,0.7740644139509943,1.023803763608732
RO42,RO,2021,30700,25344.671014612402,10.14032377053467,4829.066553216982,8.346702888836917,16.3,17,1.0831689179162105,0.4958379223045933,1.301299396506048
RO42,RO,2022,34600,25542.97272955455,10.148117517862273,5034.568668810451,8.482408467765936,18.3,16.3,1.1091926790454878,0.8912543867987684,1.023803763608732
RO42,RO,2023,42700,28144.69139708402,10.245114033087047,5946.478227915209,8.524083134911166,19.4,18.3,1.4330695044644481,1.0126852791142409,1.8166484290296356
SE11,SE,2000,77200,90002.9146021568,11.407597333256446,21761.611445613406,NA,38.7,NA,-2.0088248831019664,NA,NA
SE11,SE,2001,71000,88422.83550861811,11.389885535500044,19849.997914291514,9.987902753632941,33.4,38.7,-2.2282470374135595,-0.9918644945819141,-0.8051699332025345
SE11,SE,2002,75800,91949.00348144643,11.428989392360323,21570.525204478436,9.895959181041855,34.8,33.4,-1.7438099050466027,-1.5791040944244963,-1.5398272300392792
SE11,SE,2003,78300,92882.56227758007,11.439091202959176,20045.701856801017,9.979083087926757,36.2,34.8,-1.618663882348439,-1.0481953159116384,-1.345766812006932
SE11,SE,2004,85100,100532.78833772402,11.518239205389275,21726.14359101579,9.905770038522048,36.7,36.2,-0.6381408749425674,-1.5164425743375562,-1.1517063939745835
SE11,SE,2005,86300,102928.02194525614,11.541785206860538,20836.102456733166,9.986271588150526,38,36.7,-0.34644183686037966,-1.002282677584554,-1.0823991018201737
SE11,SE,2006,89500,104598.84298486532,11.557887769221622,22902.696146217946,9.94444245614677,38.4,38,-0.14695565415886444,-1.2694435246933955,-0.9022001422187086
SE11,SE,2007,93900,106573.75039723975,11.576592516462535,24013.458729103986,10.03900991825474,38.9,38.4,0.0847676294909504,-0.665445256610039,-0.846754308495181
SE11,SE,2008,91000,103867.05017577502,11.55086699662513,23430.560194263206,10.086369732530857,40.4,38.9,-0.23393231622567018,-0.3629601823371887,-0.7774470163407712
SE11,SE,2009,85400,105172.41379310345,11.56335631859712,21958.804459148498,10.061796440488884,41.9,40.4,-0.07920866983608457,-0.5199087300048062,-0.5695251398775417
SE11,SE,2010,97500,106741.69604344113,11.57816713924494,23116.38097029007,9.996923452390481,42.3,41.9,0.10427480362964167,-0.9342496838953864,-0.36160326341431226
SE11,SE,2011,106300,108965.2910183078,11.598784679476658,28183.165788189286,10.048296778106934,43.7,42.3,0.35969467441122466,-0.6061304865863493,-0.3061574296907846
SE11,SE,2012,109800,107473.20510938186,11.584996840684267,27127.28735710918,10.246480120810288,44.4,43.7,0.1888843855440826,0.6596579049761716,-0.11209701165843629
SE11,SE,2013,111600,107487.52720898426,11.585130093855385,27755.355551003635,10.208295413816849,45.7,44.4,0.19053518905243613,0.41577384192522837,-0.015066802642263132
SE11,SE,2014,110100,109514.09956731486,11.603808583121252,28614.95721343103,10.23118409338282,47.6,45.7,0.4219331764487784,0.5619628429663877,0.165132156959203
SE11,SE,2015,113300,113300,11.637794447016098,29997.48829289059,10.261684839592426,48.7,47.6,0.842966183629123,0.7567697826389244,0.4284998671459601
SE11,SE,2016,112300,111830.3126867158,11.624737936108067,30234.378109851463,10.308868933568965,50.4,48.7,0.6812159315860998,1.058132538999812,0.580975909885662
SE11,SE,2017,110100,109135.24443915785,11.600343166757703,28672.724176186253,10.316734903944479,51,50.4,0.3790019543032682,1.1083721497253392,0.8166207032106547
SE11,SE,2018,107800,110867.70952248722,11.616092963425071,28776.78845317944,10.263701572716657,52.3,51,0.5741179082145191,0.7696505694028862,0.8997894537959467
SE11,SE,2019,110200,114220.56384742953,11.645886628710167,28264.104290772982,10.26732438467967,53,52.3,0.9432159699474949,0.7927893118675289,1.0799884133974118
SE11,SE,2020,114800,115733.97316342886,11.65904950157079,29257.877484350713,10.249347878912339,53.7,53,1.1062838843247047,0.6779741512654398,1.177018622413586
SE11,SE,2021,125200,118923.23182431275,11.68623345320015,33162.74249968163,10.283904132105336,56.1,53.7,1.4430515750612751,0.8986834376814231,1.27404883142976
SE11,SE,2022,120700,113280.15016424215,11.637619234529089,30182.628490495823,10.4091823108861,57.4,56.1,0.8407955682070896,1.69882971765484,1.606723833770927
SE11,SE,2023,118700,113671.18670037539,11.641065232499361,28983.831584959327,10.315021822316535,58.8,57.4,0.8834862260832694,1.0974307718634453,1.7869227933723921
SE12,SE,2000,60000,69950.45176333429,11.155542438447815,16082.438643960815,NA,28,NA,-2.2238619223574756,NA,NA
SE12,SE,2001,56500,70364.65079206934,11.161446296611125,15984.579739301256,9.68548318819694,23.8,28,-2.138999645849258,-1.291995305097664,-0.8080882918275502
SE12,SE,2002,59300,71933.71908245084,11.183500405715678,15204.641840021268,9.6793797702069,24.3,23.8,-1.821993062492595,-1.3360127507489,-1.4335797100209906
SE12,SE,2003,62000,73546.85646500593,11.20567798500751,15787.08610731159,9.629356044426025,25,24.3,-1.5032117140783272,-1.6967805425706493,-1.359116445950343
SE12,SE,2004,65100,76905.81105506267,11.250336719024471,16759.497238642984,9.666947549834429,25.9,25,-0.8612854126967981,-1.4256730993375784,-1.2548678762514363
SE12,SE,2005,66600,79432.28576540045,11.282660186317498,18583.88143163077,9.726720375891801,28.3,25.9,-0.39666669333589133,-0.9945954430645588,-1.1208340009242708
SE12,SE,2006,70300,82159.76158476013,11.316420942757432,18701.51077028626,9.8300498942981,28.8,28.3,0.08861167360345158,-0.24938981106629138,-0.7634103333851614
SE12,SE,2007,72500,82285.37703727244,11.317948692108946,20096.0945997784,9.836359589434233,29,28.8,0.11057159952259356,-0.2038847083215937,-0.6889470693145138
SE12,SE,2008,71300,81381.54590695338,11.30690381752853,20874.696644452735,9.908280776650278,29.4,29,-0.04818783790203431,0.3148061227210474,-0.6591617636862548
SE12,SE,2009,64100,78940.88669950738,11.27645458172922,18253.076208923005,9.946293017611202,30.3,29.4,-0.48586628416344185,0.5889478828478368,-0.5995911524297368
SE12,SE,2010,76900,84189.09154605767,11.340820637752737,19523.46872972401,9.812088904199141,30.7,30.3,0.4393337956686388,-0.378923280150889,-0.46555727710257067
SE12,SE,2011,82500,84568.54665108555,11.345317687469391,19273.12329858612,9.879372545497903,31.5,30.7,0.5039745553158901,0.10632187738516122,-0.40598666584605275
SE12,SE,2012,86400,84569.07943033328,11.345323987418848,18241.331695764868,9.866466829156206,33.1,31.5,0.504065111023355,0.0132467072775406,-0.2868454433330163
SE12,SE,2013,87100,83890.35501704777,11.337265927766632,17255.6182750729,9.81144527059948,35.1,33.1,0.38823826230672936,-0.383565122973821,-0.0485629983069435
SE12,SE,2014,84200,83751.92718953599,11.3356144606409,18284.71440120214,9.755893066537393,36.6,35.1,0.36450001250609476,-0.7842039334075,0.24929005797564727
SE12,SE,2015,85300,85300,11.35392973347977,19634.83348334833,9.813820711167113,36.8,36.6,0.6277644245197612,-0.3664336031837388,0.47267985018759034
SE12,SE,2016,86700,86337.38299143597,11.366017958150165,20470.30238833289,9.88506048637255,38,36.8,0.8015210148876895,0.1473429296424041,0.5024651558158488
SE12,SE,2017,87500,86733.27782403553,11.370592916392637,21993.527373779034,9.926730450814565,39.2,38,0.8672816345785556,0.4478639488661265,0.6811769895854036
SE12,SE,2018,83700,86081.88577951929,11.363054282445605,21469.590692060527,9.998503478769345,40.1,39.2,0.7589210302396687,0.965486265145221,0.8598888233549585
SE12,SE,2019,82500,85509.95024875621,11.356388025331988,23130.748412624132,9.974392826511341,42.1,40.1,0.6631000029042983,0.7916018405302944,0.9939226986821242
SE12,SE,2020,84200,84885.02212857762,11.349052938933603,24564.784663998507,10.048918111495103,42.8,42.1,0.5576651985894066,1.329073251921201,1.2917757549647149
SE12,SE,2021,92300,87672.63815801972,11.381365136042959,21062.536801140683,10.109069178596426,44.6,42.8,1.0221219199116434,1.7628787575111655,1.396024324663621
SE12,SE,2022,93000,87282.96574378226,11.376910599578858,25351.87371353777,9.955251234328356,45.4,44.6,0.9580922473355404,0.6535539475353259,1.6640920753179533
SE12,SE,2023,90300,86474.37370719374,11.367603391306679,22004.22802998469,10.140607920036867,45.7,45.4,0.8243100899622754,1.9903340685398987,1.7832332978309893
SE21,SE,2000,57300,66802.68143398425,11.109498499946408,15807.842662611367,NA,20,NA,-1.9040408589353903,NA,NA
SE21,SE,2001,52700,65632.16100428415,11.091821114006047,15406.738958883758,9.668261466915052,19.7,20,-2.1674095100340534,-0.41252703128523094,-1.3603440818558874
SE21,SE,2002,55700,67566.7479408518,11.120871246645237,14981.183826329716,9.64256028741778,20.3,19.7,-1.734602630485644,-0.7165083029592186,-1.4071355781909105
SE21,SE,2003,58700,69632.26571767498,11.150983326796469,14820.316741698442,9.614550281073546,21.1,20.3,-1.2859741987729219,-1.0477972754758458,-1.3135525855208643
SE21,SE,2004,61400,72534.82025777032,11.191822004963043,15599.602116416074,9.603754271205927,22.8,21.1,-0.6775342621403438,-1.1754873221101652,-1.1887752619608027
SE21,SE,2005,61400,73230.3655554893,11.201365443924253,16400.476348686374,9.655000687554418,23.5,22.8,-0.5353501940583424,-0.5693691938739737,-0.9236234493956722
SE21,SE,2006,65500,76549.99123473382,11.245699286582019,18049.416218360817,9.70506565904208,23.5,23.5,0.12516286925250023,0.02277536901494161,-0.8144432912806185
SE21,SE,2007,68000,77178.00880737277,11.253869835424425,16494.99134134907,9.800868620764913,25,23.5,0.24689276951150943,1.1558870278682662,-0.8144432912806185
SE21,SE,2008,67200,76701.82166826463,11.247680737637383,17417.050892336636,9.710812058736753,26.3,25,0.15468375505710558,0.09074103910875617,-0.5804858096055034
SE21,SE,2009,57600,70935.960591133,11.169532785504442,15506.271421279074,9.76520494171963,26.3,26.3,-1.0096128671251872,0.7340740713886236,-0.37772265882040346
SE21,SE,2010,69000,75540.27719997373,11.232421265838399,15985.896903702525,9.648999828900122,26.3,26.3,-0.07266131268849371,-0.6403444829677089,-0.37772265882040346
SE21,SE,2011,76000,77905.57024827275,11.263252734415087,15547.092670025195,9.67946216900356,27.5,26.3,0.3866850136194702,-0.2800504784146597,-0.37772265882040346
SE21,SE,2012,77700,76053.44295991778,11.239191568982438,14220.435192551286,9.65162893356909,28.4,27.5,0.028206859369878705,-0.6092486890676045,-0.19055667348031144
SE21,SE,2013,79900,76955.67584227458,11.250984896680404,15425.714907819292,9.562435307147108,29.2,28.4,0.20391116419506372,-1.6641882877675898,-0.050182184475242565
SE21,SE,2014,77200,76789.1778982444,11.24881899642335,15033.932414779832,9.643791195046052,31.2,29.2,0.17164223987338253,-0.7019497156307563,0.07459513908481898
SE21,SE,2015,78400,78400,11.269579206338499,15524.774445257253,9.618065086235745,32.9,31.2,0.48094071309358083,-1.0062258393086845,0.38653844798497256
SE21,SE,2016,80400,80063.7323242382,11.29057825054859,16453.210765697586,9.650192378210296,34,32.9,0.7937974876546664,-0.6262395794990151,0.6516902605501029
SE21,SE,2017,82100,81380.59553546648,11.30689213948745,17024.075829557987,9.708275920472813,33.8,34,1.0368519154131894,0.06074480743015337,0.8232590804451876
SE21,SE,2018,77600,79808.29553752327,11.28738273213935,17515.382219681207,9.742383846405298,36.2,33.8,0.7461886740075585,0.46415705939390167,0.7920647495551718
SE21,SE,2019,77900,80742.12271973465,11.299015684868056,17786.573128441556,9.77083475781319,37.5,36.2,0.9195036131501652,0.8006608463494055,1.166396720235357
SE21,SE,2020,78500,79138.64889659554,11.278956642473686,19291.309175105693,9.786199133011854,37.2,37.5,0.6206515681951377,0.9823833354616918,1.3691598710204564
SE21,SE,2021,88300,83873.17388248257,11.337061102144066,18044.55037859079,9.867409971668677,37.6,37.2,1.486327817943398,1.9429063344638342,1.3223683746854338
SE21,SE,2022,87000,81651.80666353826,11.310219225080186,19455.108992773476,9.800599000090974,40.3,37.6,1.0864208984972659,1.1526980833553475,1.3847570364654642
SE21,SE,2023,84200,80632.80471922163,11.29766085213202,20096.52953344059,9.875864987704349,42.7,40.3,0.8993184754065043,2.0429082245257417,1.8058805034806709
SE22,SE,2000,63500,74030.89478286215,11.212237782124362,16800.447382685674,NA,29.2,NA,-1.9203601291997923,NA,NA
SE22,SE,2001,58300,72606.35648102021,11.192807751815176,17751.041736251165,9.729160794958547,26.3,29.2,-2.2775112283259227,-1.2368721320437663,-1.0453577695843959
SE22,SE,2002,61900,75087.64268471682,11.226411279402548,16441.54572666551,9.78419948254767,26.4,26.3,-1.6598314500977238,-0.6559384296660812,-1.44424428692581
SE22,SE,2003,64400,76393.8315539739,11.243657233072726,16522.19475756106,9.707566686493607,27.1,26.4,-1.342826730559511,-1.464798086124152,-1.4304895794312789
SE22,SE,2004,66800,78914.10412408889,11.276115250352547,17568.01312670094,9.712459892824496,28.3,27.1,-0.7462030319612581,-1.413150261751552,-1.3342066269695576
SE22,SE,2005,68000,81102.03351422267,11.303463313947262,17755.266269242744,9.773835091502793,29.4,28.3,-0.2435074202510678,-0.7653346439715372,-1.1691501370351796
SE22,SE,2006,69900,81692.28072225793,11.310714793180578,19064.782316463006,9.784437442124368,31.5,29.4,-0.11021510226406114,-0.6534267647997406,-1.017848354595333
SE22,SE,2007,75700,85917.28333408997,11.36114029069172,21540.60503305929,9.855598054259682,33,31.5,0.8166759819753638,0.09767395511277335,-0.7289994972101707
SE22,SE,2008,71800,81952.24398484227,11.313891966162458,19762.138565134253,9.977695039130163,33.6,33,-0.05181422462590639,1.3864084176688578,-0.5226788847921977
SE22,SE,2009,64400,79310.3448275862,11.281123850912904,18120.629728692344,9.89152319242622,34.9,33.6,-0.6541379570874644,0.47686402009610795,-0.44015063982500835
SE22,SE,2010,75600,82765.86893214512,11.323771044426627,18943.39102655961,9.804806332232182,35.9,34.9,0.12977703407288374,-0.4384329983786941,-0.26133944239609885
SE22,SE,2011,80400,82415.89273633064,11.319533570313675,18206.465517743032,9.849210391187288,36.3,35.9,0.051886340498226734,0.030252130197744666,-0.12379236745078356
SE22,SE,2012,83600,81828.41481916507,11.312379831699493,17784.149492356613,9.809532058206814,36.6,36.3,-0.07960936837404456,-0.38855293024625676,-0.06877353747265764
SE22,SE,2013,85500,82349.3152004315,11.318725419850889,17034.07349272515,9.786062861611661,37.9,36.6,0.03703140607710106,-0.6362704516310943,-0.02750941498906247
SE22,SE,2014,83700,83254.58795444373,11.329658516888047,17995.0488638192,9.742970940164254,38.9,37.9,0.23799700219496547,-1.0911059603534738,0.15130178243984702
SE22,SE,2015,85500,85500,11.356271654924852,17944.65317919075,9.797851935920347,40.9,38.9,0.7271836555243949,-0.5118366962901715,0.2888488573851623
SE22,SE,2016,84700,84345.74785899222,11.342679676021678,19541.680115436982,9.795047476517858,42.8,40.9,0.47734409648507864,-0.5414377833658318,0.5639430072757928
SE22,SE,2017,85700,84949.05039451251,11.349806948632802,21114.02485459989,9.88030490529023,44.4,42.8,0.6083533232504574,0.3584549270432588,0.8252824496718917
SE22,SE,2018,82700,85053.42836279864,11.351034906979821,22110.67985033614,9.957692783711014,45.3,44.4,0.6309249130184782,1.1752844827506388,1.0453577695843963
SE22,SE,2019,83700,86753.73134328358,11.370828709486783,20979.930478490307,10.003816021924045,45.6,45.3,0.9947626532974958,1.6621155594792807,1.16915013703518
SE22,SE,2020,86800,87506.17483088524,11.379464639351628,20176.20471572814,9.95132156824081,45.4,45.6,1.1535031078477507,1.108036262382761,1.210414259518775
SE22,SE,2021,94500,89762.34350956514,11.404920829033848,22393.34010680033,9.912259204650457,47.5,45.4,1.6214234342648368,0.6957327628230979,1.1829048445297117
SE22,SE,2022,91700,86062.88127639606,11.362833485688022,20786.244725515025,10.01651887697507,49.2,47.5,0.8477992712518588,1.7961942764474008,1.4717537019148739
SE22,SE,2023,89400,85612.50287290278,11.357586613063209,20654.71720157514,9.94204673565334,50,49.2,0.7513544229882515,1.01014034462043,1.7055837293219103
SE23,SE,2000,64400,75080.15155931214,11.226311509336023,17046.51821071118,NA,30.2,NA,-1.7853228378160098,NA,NA
SE23,SE,2001,59500,74100.82694032081,11.213181971010313,18337.62271258186,9.743701251342383,24.9,30.2,-1.9740737445110053,-1.6412428944382962,-0.7245154396693156
SE23,SE,2002,61300,74359.81416111698,11.216670942654163,17956.422797056508,9.816710114321518,26.3,24.9,-1.923916111784471,-1.0088297611411703,-1.5060944847639135
SE23,SE,2003,65500,77698.69513641756,11.260593742603625,18111.747985661408,9.795703145907556,26.6,26.3,-1.292479719325089,-1.190795103068825,-1.2996396426634536
SE23,SE,2004,67100,79268.50878332881,11.280596213787582,18049.334606944558,9.804316066686882,27.9,26.6,-1.0049231824193474,-1.1161887608436336,-1.255399319356212
SE23,SE,2005,67800,80863.49812153378,11.300517803717506,18988.61835901047,9.80086409920035,28.2,27.9,-0.7185293985103062,-1.1460901931508498,-1.0636912516914998
SE23,SE,2006,72500,84730.90632852218,11.347235705801442,20512.338499986938,9.851595044919893,29.6,28.2,-0.046910476467687354,-0.7066515410684078,-1.0194509283842583
SE23,SE,2007,74600,84668.81554455895,11.346502637458032,22044.134037607477,9.928781862118695,31.2,29.6,-0.057449104030621805,-0.03804837534211268,-0.8129960862837982
SE23,SE,2008,74200,84691.59475870886,11.346771640281615,21825.917063656205,10.000801815442246,31,31.2,-0.05358190584016497,0.5857986821620715,-0.5770476953118444
SE23,SE,2009,66300,81650.24630541871,11.310200114994412,19638.753885379316,9.990853398778352,31.8,31,-0.5793360021331839,0.4996240850373819,-0.6065412441833385
SE23,SE,2010,78200,85612.31415997022,11.357584408792404,21041.91729564006,9.885260132104284,33,31.8,0.10186300087814172,-0.41503977778035667,-0.4885670486973614
SE23,SE,2011,84600,86721.20056584045,11.370453660740933,18693.185191998025,9.954271788918538,34.1,33,0.28687201745678914,0.18274898839179082,-0.311605755468396
SE23,SE,2012,87300,85450.00734106592,11.355686774454394,19655.435382119114,9.83591430818717,35.4,34.1,0.07458251370568612,-0.8424803082193556,-0.1493912366751773
SE23,SE,2013,89300,86009.28476489511,11.362210531790627,18956.215133321184,9.88610918882503,36.5,35.4,0.16836837896042478,-0.40768512795835626,0.042316830989534926
SE23,SE,2014,87100,86636.49475307108,11.369476423251076,20591.731729318475,9.849887132111556,38.8,36.5,0.272823201901272,-0.721445724218848,0.20453134978275356
SE23,SE,2015,90900,90900,11.41751528016557,20831.29778774595,9.932644901843044,39.2,38.8,0.9634322373649359,-0.004586176967306258,0.5437071618049371
SE23,SE,2016,92100,91714.79784903405,11.42643901762493,22275.028415762754,9.944211836094627,40,39.2,1.091720338193562,0.0956082492186758,0.6026942595479264
SE23,SE,2017,90800,90004.36144482772,11.407613408636315,24286.74150611887,10.011221528017781,40.6,40,0.8210824317008327,0.6760557113645794,0.7206684550339031
SE23,SE,2018,86600,89064.41228800922,11.397115120518565,23220.766879414175,10.097685863393357,42.2,40.6,0.6701585110104658,1.4250220562992828,0.809149101648386
SE23,SE,2019,87300,90485.07462686568,11.41294019483691,21578.729078431814,10.052802281382403,42.3,42.2,0.8976605794003417,1.0362340985788923,1.0450974926203402
SE23,SE,2020,87900,88615.12405109231,11.392057822376454,21635.719981287348,9.979463343585333,43.4,42.3,0.5974545372628822,0.40096181036118694,1.0598442670560866
SE23,SE,2021,96700,91852.04886111057,11.4279343969934,26288.746495955245,9.982100930648707,45.6,43.4,1.113217987589139,0.4238089638577284,1.2220587858493053
SE23,SE,2022,98200,92163.30361332708,11.431317321786022,25367.239513259337,10.176896236707222,48.8,45.6,1.1618510854215194,2.1111535522982345,1.5464878234357424
SE23,SE,2023,96600,92507.46954723052,11.435044672102212,27475.37474085208,10.141213837578169,48.5,48.8,1.2154356619921238,1.8020675466277711,2.01838460537965
SE31,SE,2000,61000,71116.29262605654,11.172071740399026,13346.35026735764,NA,23.5,NA,-1.9838620079411433,NA,NA
SE31,SE,2001,56600,70489.18999701105,11.163214643667866,12645.381159173703,9.498998238238114,18.7,23.5,-2.141809496506301,-1.0921576051838238,-0.7242144011229527
SE31,SE,2002,59000,71569.80482065093,11.178428543617718,13232.989559335629,9.445047301724008,20.1,18.7,-1.8705019381382593,-1.6281916908586587,-1.5830035513267546
SE31,SE,2003,62300,73902.72835112693,11.210505025755825,14101.384609738365,9.490468199785784,20.9,20.1,-1.2984860790481443,-1.1769085225542806,-1.332523382517312
SE31,SE,2004,64500,76197.00173658282,11.241077393611674,15265.705048691263,9.554028270817252,21.4,20.9,-0.7532929001893484,-0.5454020694295522,-1.1893918574833455
SE31,SE,2005,66300,79074.48267636712,11.278145505962973,15829.093258937177,9.633364091373343,23.4,21.4,-0.09226192926852468,0.24284567529547552,-1.0999346543371162
SE31,SE,2006,69600,81341.67007538129,11.306413711281188,16720.49127685985,9.669604871318972,23.9,23.4,0.4118414097576808,0.6029190048329369,-0.7421058417521987
SE31,SE,2007,70300,79788.44145821038,11.287133929064936,15372.99457107205,9.724390268794345,23.2,23.9,0.06802748589856125,1.147243947855299,-0.6526486386059693
SE31,SE,2008,68900,78642.19513308679,11.272663668127892,16359.72966793176,9.640367649765594,23.5,23.2,-0.19001885177410316,0.312430121123935,-0.7778887230106903
SE31,SE,2009,61600,75862.06896551725,11.23667208834207,14890.228463854432,9.702578086055164,25.3,23.5,-0.8318521532738015,0.9305271642993312,-0.7242144011229527
SE31,SE,2010,74100,81123.68899301527,11.30373029354318,14796.851410809599,9.60846046900255,26.4,25.3,0.3639883597849652,-0.004586367779982548,-0.4021684697965268
SE31,SE,2011,78600,80570.76080939788,11.296891093563916,13978.662755436126,9.602169694606443,27.3,26.4,0.24202576941161386,-0.06708888802301548,-0.20536262287482257
SE31,SE,2012,82600,80849.60602946214,11.30034599213577,12870.46771249782,9.545287357095066,27.3,27.3,0.30363653976164195,-0.6322481558512264,-0.04433965721160936
SE31,SE,2013,84200,81097.22034943078,11.303403965156456,13273.637835619129,9.462690641227265,27.4,27.3,0.35816898683520076,-1.452894801315204,-0.04433965721160936
SE31,SE,2014,81500,81066.2953200378,11.303022559639436,12813.354809949542,9.493535229592448,28.3,27.4,0.35136743036960955,-1.1464357889118812,-0.026448216582363866
SE31,SE,2015,81600,81600,11.309584540952198,14538.66423167232,9.458243250529403,30.6,28.3,0.4683864152380806,-1.4970822271580182,0.13457474908084935
SE31,SE,2016,83600,83250.34853614819,11.329607594454325,14786.619437978752,9.584566878344114,32.6,30.6,0.8254550021645687,-0.24198315548420402,0.5460778835535045
SE31,SE,2017,83700,82966.57547282027,11.326193100524497,15359.344733561073,9.601477958786049,33.3,32.6,0.7645647626981853,-0.07396168768084554,0.903906696138422
SE31,SE,2018,81200,83510.74223771764,11.332730552117807,16839.113821857096,9.639479345216223,33.9,33.3,0.8811463121744203,0.30360429625992996,1.0291467805431422
SE31,SE,2019,82100,85095.35655058043,11.351527748449735,16328.966824334811,9.731459663006497,33.6,33.9,1.2163543428430759,1.2174825110319591,1.1364954243186178
SE31,SE,2020,82300,82969.56438458359,11.326229125368346,16457.685711833557,9.700695915398049,35.3,33.6,0.7652071891935331,0.9118266987938436,1.0828211024308807
SE31,SE,2021,89500,85013.01316514371,11.350559619814963,16978.581020076166,9.708547863606698,35.4,35.3,1.1990898270416,0.989840393286234,1.3869755931280598
SE31,SE,2022,90600,85030.50211168465,11.350765319474537,17501.44434042573,9.73970788865111,38.3,35.4,1.2027580431190112,1.2994334534533856,1.404867033757306
SE31,SE,2023,81800,78334.48249444572,11.26874317449244,17177.805679761426,9.770038690244498,40.5,38.3,-0.2599325201522178,1.6007876939983277,1.9237188120054358
SE32,SE,2000,61000,71116.29262605654,11.172071740399026,16930.6548075017,NA,24,NA,-2.2739223840479026,NA,NA
SE32,SE,2001,61200,76217.99342432998,11.24135284797701,16046.134559140528,9.736881151727236,22.8,24,-1.0589341442180649,-0.5120381851950316,-1.025103318667807
SE32,SE,2002,61400,74481.11891505029,11.218300934865095,15378.685872517526,9.683223262115442,20.9,22.8,-1.463197359915513,-0.9283020616027567,-1.2280649513452204
SE32,SE,2003,62300,73902.72835112693,11.210505025755825,14096.331998727903,9.640737795489558,21.9,20.9,-1.599914831931717,-1.2578932020041196,-1.5494208697511258
SE32,SE,2004,64000,75606.3273045163,11.233295253169619,19117.372136389567,9.553669900589286,23,21.9,-1.2002408189313019,-1.9333431629336655,-1.3802861758532812
SE32,SE,2005,66700,79551.55346174489,11.284160561692733,19491.966656515535,9.858352736594172,25.6,23,-0.30821189746325794,0.4303066061474066,-1.1942380125656515
SE32,SE,2006,68400,79939.22748787471,11.289021968569319,18803.618868437872,9.877757693337859,26.4,25.6,-0.22295702220839733,0.5808451862908174,-0.7544878084312551
SE32,SE,2007,68900,78199.4824533527,11.26701830826793,18220.601614981944,9.841804623295655,27.5,26.4,-0.6088369458124646,0.30193067040503047,-0.6191800533129798
SE32,SE,2008,69700,79555.312057709,11.284207807874758,22054.778791098564,9.810308189751911,28.3,27.5,-0.30738333744822127,0.05758957509189192,-0.43313189002535024
SE32,SE,2009,65000,80049.26108374384,11.290397487698232,17641.955882266597,10.001284582613364,29.1,28.3,-0.19883443491560968,1.5391344917857537,-0.2978241349070743
SE32,SE,2010,80900,88568.23805040398,11.391528585305585,16462.371280609674,9.77803520109382,29.7,29.1,1.5747095884057285,-0.19277583173407736,-0.16251637978879843
SE32,SE,2011,82500,84568.54665108555,11.345317687469391,16256.435432170007,9.708832527075467,29.3,29.7,0.7643054337124113,-0.7296320807045618,-0.06103556345009194
SE32,SE,2012,84100,82317.81921401653,11.318342878587739,17858.098161832277,9.696244135955126,28.9,29.3,0.29124608595336976,-0.8272895272310806,-0.1286894410092296
SE32,SE,2013,85500,82349.3152004315,11.318725419850889,15203.809495094496,9.790212362860816,30.5,28.9,0.2979547422122739,-0.09830859499691963,-0.19634331856836784
SE32,SE,2014,83200,82757.24871935147,11.323666887219781,15678.817642242704,9.62930130011052,31.1,30.5,0.3846136446258842,-1.3466145425831093,0.07427219166818398
SE32,SE,2015,82400,82400,11.319340715897564,18435.813148788926,9.660065885592049,32,31.1,0.3087452374404631,-1.1079509331629651,0.17575300800689106
SE32,SE,2016,82900,82553.27623979286,11.321199136504918,20106.074191422867,9.822050418661512,33,32,0.3413365059915704,0.14868271645358408,0.3279742325149511
SE32,SE,2017,83000,82272.70925022798,11.317794730825666,21540.536650520924,9.908777246972626,33.7,33,0.2816331754805096,0.8214867719712107,0.49710892641279586
SE32,SE,2018,80300,82585.13056266906,11.321584925902892,18112.00248217578,9.977691864537489,36.4,33.7,0.34810212504669374,1.3561083543004688,0.6155032121412877
SE32,SE,2019,81300,84266.16915422885,11.341735748545117,18642.385794878133,9.804330118048824,37.3,36.4,0.7014886887017621,0.01121325804748614,1.0721668856654678
SE32,SE,2020,80800,81457.36090248304,11.307834983212373,19763.76465135144,9.833193073336593,37,37.3,0.10696829720611799,0.23512451768876944,1.2243881101735277
SE32,SE,2021,92600,87957.597978685,11.384610136186286,19415.75010244984,9.891605471948548,40.1,37,1.453380201338014,0.688272631645553,1.173647702004175
SE32,SE,2022,95400,89535.42937587987,11.402389684879843,24056.20956573499,9.873839876621602,42.9,40.1,1.7651815470055683,0.5504517886905212,1.6979652530874938
SE32,SE,2023,87600,83888.76120432084,11.337246928826085,23498.341506770892,10.088148436209027,41,42.9,0.622767903772021,2.213001553629656,2.1715423960014584
SE33,SE,2000,62800,73214.80617895657,11.201152949699868,18035.841984936054,NA,30.2,NA,-2.0006485470099133,NA,NA
SE33,SE,2001,60700,75595.2973996214,11.233149356524182,15941.485839066294,9.800116278410117,23.1,30.2,-1.6275334072751741,-1.0020673892076648,-0.5226841820974255
SE33,SE,2002,62600,75936.77596224996,11.237656377818052,15534.900743474123,9.676680162496009,24.4,23.1,-1.5749763220660975,-1.5873429061432471,-1.7065167332279316
SE33,SE,2003,66400,78766.31079478054,11.274240656444807,16302.925565373822,9.650844432587176,25.3,24.4,-1.1483612866070685,-1.7098436836978648,-1.4897586604857267
SE33,SE,2004,69600,82221.88094366147,11.317176737150321,17235.89498952292,9.699099853228061,25.9,25.3,-0.6476768866348096,-1.481039366165788,-1.3396953793565072
SE33,SE,2005,72100,85992.00906434492,11.362009653062058,18707.635120360985,9.754749406208635,29,25.9,-0.12487319255213325,-1.217175580054734,-1.2396531919370282
SE33,SE,2006,76100,88938.2340910419,11.395697408808454,22616.89384038036,9.836687014719342,29.2,29,0.26796503336749294,-0.8286663028271608,-0.7227685569363843
SE33,SE,2007,75200,85349.79797521223,11.354513361204111,25240.82542786385,10.026452421071225,29.5,29.2,-0.21228863264914333,0.07111124993035318,-0.6894211611298913
SE33,SE,2008,76800,87659.224763731,11.381212130261906,24615.469543742784,10.136218019284591,30.1,29.5,0.09904991865889713,0.5915676557425242,-0.6394000674201514
SE33,SE,2009,65400,80541.87192118226,11.29653247626575,19643.774627920484,10.111130367522971,30,30.1,-0.8884128644888619,0.47261390995471064,-0.5393578800006718
SE33,SE,2010,85500,93604.25653040223,11.446831137183853,21432.60087597691,9.885515754273147,31.5,30,0.8642434940303714,-0.597143578930436,-0.5560315779039186
SE33,SE,2011,90300,92564.11833446092,11.435656854551695,21948.991034639683,9.972668447224532,33.1,31.5,0.7339384241946892,-0.18390684475659494,-0.30592610935522
SE33,SE,2012,90600,88680.07634708559,11.392790524657771,23014.997798695164,9.996476450915603,33.9,33.1,0.23406739942284333,-0.07102058319282398,-0.039146942903274695
SE33,SE,2013,89200,85912.96977635661,11.361090083494139,21866.04746813028,10.04390136060481,35.4,33.9,-0.13559643812511465,0.15384584531087311,0.09424264032269739
SE33,SE,2014,85500,85045.00920077585,11.350935915335333,22308.90468890459,9.9926903688569,37,35.4,-0.25400579240873095,-0.0889723886077782,0.34434810887139594
SE33,SE,2015,85000,85000,11.350406535472453,27096.244897959183,10.012741191147624,37.3,37,-0.26017897437242626,0.006099100755616417,0.6111272753233412
SE33,SE,2016,86000,85640.31069508065,11.357911370617177,23828.5863433026,10.20715043261587,37.6,37.3,-0.17266390966265951,0.9278955171023283,0.6611483690330805
SE33,SE,2017,90800,90004.36144482772,11.407613408636315,22716.58012746108,10.07864124576925,38.2,37.6,0.4069193842502026,0.3185659039203665,0.7111694627428209
SE33,SE,2018,87300,89784.33247971367,11.405165767795731,26353.964702315054,10.030850338946498,39.5,38.2,0.3783770588800594,0.09196409059881726,0.8112116501623006
SE33,SE,2019,90800,94112.76948590382,11.4522490175986,27085.518079536956,10.179374005737033,39.7,39.5,0.9274222509174808,0.7961928749724745,1.0279697229045055
SE33,SE,2020,90500,91236.27675339994,11.421207868391203,25452.556279372162,10.206754475822557,40,39.7,0.5654465207163136,0.926018077787466,1.061317118710999
SE33,SE,2021,109500,104010.33454282944,11.552245543790708,31156.84316002293,10.144571460131923,43,40,2.093497493303904,0.631175710272649,1.1113382124207383
SE33,SE,2022,108500,101830.12670107931,11.531061279406117,35360.811099237195,10.346789184198464,43.8,43,1.8464644495801397,1.5899962476017429,1.6115491495181353
SE33,SE,2023,95800,91741.36213897188,11.426728615860554,32549.82556984497,10.473359454815345,47,43.8,0.6298248265297595,2.190132439634213,1.7449387327441075
SI03,SI,2000,21000,27976.12703826069,10.239106819705903,NA,NA,NA,NA,-2.10908658694641,NA,NA
SI03,SI,2001,22000,28446.19144286841,10.25576956215282,NA,NA,NA,NA,-1.958728037666964,NA,NA
SI03,SI,2002,23700,29519.10022793229,10.292792798166287,NA,NA,NA,NA,-1.624643773065869,NA,NA
SI03,SI,2003,24700,30130.034887408816,10.313277790019754,NA,NA,NA,NA,-1.4397946303211535,NA,NA
SI03,SI,2004,26200,31613.876319758674,10.361351427231254,NA,NA,NA,NA,-1.0059955499635784,NA,NA
SI03,SI,2005,28000,33352.391842957884,10.414884768201077,NA,NA,NA,NA,-0.5229300814821884,NA,NA
SI03,SI,2006,29700,34612.15737460377,10.451960268538313,NA,NA,NA,NA,-0.18837420256394738,NA,NA
SI03,SI,2007,32100,35907.64687458052,10.488705556657022,NA,NA,NA,NA,0.14320196096288912,NA,NA
SI03,SI,2008,33800,36179.52752534172,10.496248699862958,NA,NA,NA,NA,0.21126855162555258,NA,NA
SI03,SI,2009,32400,33758.43960990248,10.426985727555886,NA,NA,NA,NA,-0.41373540964019895,NA,NA
SI03,SI,2010,33500,35076.697555101826,10.465292301664151,7112.417625866729,NA,19.5,NA,-0.06807076715211964,NA,NA
SI03,SI,2011,35000,36154.03685645814,10.49554389096389,7214.623226131626,8.86959749676706,21.2,19.5,0.20490861154242118,-0.7689594406237062,-1.511771958697853
SI03,SI,2012,34700,35620.79761843658,10.480684949025191,6974.8803250463425,8.883865248934034,22.3,21.2,0.07082690435358788,-0.6292728012350023,-1.167692038129135
SI03,SI,2013,35300,35831.01565196208,10.486569156309809,8039.019447934063,8.850070448842922,23.6,22.3,0.12392385845902797,-0.9601365559662836,-0.9450520895258462
SI03,SI,2014,36500,36816.62295743393,10.513704732966247,7777.043901669166,8.9920623955232,24.8,23.6,0.3687854683003403,0.4300178019107001,-0.6819321502674144
SI03,SI,2015,37200,37200,10.524064040261237,7133.613622030693,8.958931583743837,26,24.8,0.4622641031275262,0.10565474152678704,-0.4390522063365545
SI03,SI,2016,38100,37765.772909748724,10.539158492836242,6807.097678282513,8.872573204377932,26.8,26,0.5984709729495501,-0.739826148210043,-0.19617226240569466
SI03,SI,2017,39400,38557.518226745604,10.559906385313617,7191.493550877526,8.825721123026575,28.2,26.8,0.7856924356494921,-1.1985255786281093,-0.03425229978512116
SI03,SI,2018,40500,38788.27349084884,10.565873250313492,8079.538706160818,8.8806541552734,27.9,28.2,0.8395352630223389,-0.6607106112675276,0.24910763480088188
SI03,SI,2019,42300,39586.35534135043,10.586239775780307,8356.970446485147,8.997090059063718,28.5,27.9,1.023315408026005,0.4792405116783627,0.18838764881816675
SI03,SI,2020,41300,38196.178532452876,10.550490751173026,7424.590715894285,9.030851253616715,30.8,28.5,0.7007291653813789,0.8097752556005785,0.30982762078359705
SI03,SI,2021,45100,40620.74990768011,10.612034296502125,8775.922652727393,8.912552839713122,35.3,30.8,1.256075815110674,-0.3484105391777186,0.7753475133177455
SI03,SI,2022,48200,40771.4430722382,10.61573719063056,9624.638026690644,9.079767188416614,35.7,35.3,1.2894893898004602,1.2886805845402705,1.68614730305847
SI03,SI,2023,52800,40606.326281060385,10.611679153181742,9633.998518712984,9.172081550832244,30,35.7,1.2528711304911209,2.1924727798517787,1.7671072843687576
SI04,SI,2000,26800,35702.86688692316,10.48298626949929,NA,NA,NA,NA,-2.1532286653859476,NA,NA
SI04,SI,2001,28400,36721.44713533922,10.511116253961664,NA,NA,NA,NA,-1.8194651023984942,NA,NA
SI04,SI,2002,29400,36618.63066249828,10.508312424369837,NA,NA,NA,NA,-1.8527326698167919,NA,NA
SI04,SI,2003,31400,38302.959330552105,10.55328243930003,NA,NA,NA,NA,-1.3191613686745156,NA,NA
SI04,SI,2004,32700,39457.01357466063,10.58296709436741,NA,NA,NA,NA,-0.9669515672579947,NA,NA
SI04,SI,2005,34200,40737.56432246998,10.614905902094431,NA,NA,NA,NA,-0.5879961405743811,NA,NA
SI04,SI,2006,36500,42536.826403132574,10.658125483318106,NA,NA,NA,NA,-0.0751938160891169,NA,NA
SI04,SI,2007,39400,44073.56033827017,10.69361534282494,NA,NA,NA,NA,0.34589500373477555,NA,NA
SI04,SI,2008,41500,44421.60923969472,10.701481324610638,NA,NA,NA,NA,0.43922524039740085,NA,NA
SI04,SI,2009,40200,41885.471367841965,10.642694300382576,NA,NA,NA,NA,-0.25828551329793326,NA,NA
SI04,SI,2010,41100,43034.39610491598,10.669754984335318,9735.498612847588,NA,28.7,NA,0.0627907498271246,NA,NA
SI04,SI,2011,42400,43798.03322039501,10.68734419171239,9306.552027843944,9.183534135071724,29.7,28.7,0.2714875065618871,0.38766052614380037,-1.3982644341727124
SI04,SI,2012,41600,42703.895703947026,10.662045429339596,8502.62681728012,9.138473950207255,31.3,29.7,-0.028683475758103368,-0.03111948427088566,-1.2155766186526598
SI04,SI,2013,42100,42733.30761891228,10.662733933058893,8051.723193557598,9.048130432063282,32.9,31.3,-0.020514347375175487,-0.8707534001775352,-0.9232761138205748
SI04,SI,2014,43100,43473.875327819245,10.679915469487502,8316.070601342259,8.99364140881626,33.1,32.9,0.1833453747544946,-1.377163078511254,-0.6309756089884908
SI04,SI,2015,44000,44000,10.691944912900398,8882.320694380996,9.025945138761761,35,33.1,0.3260752756406675,-1.0769389137924459,-0.5944380458844797
SI04,SI,2016,44800,44406.99806710611,10.701152350124527,8723.686194900123,9.091818141300328,35.3,35,0.43532194294754795,-0.46472889352465385,-0.2473311963963796
SI04,SI,2017,46400,45407.83872388315,10.723440028241939,9045.675754354637,9.07379715635134,37.5,35.3,0.6997662717076671,-0.6322121891950814,-0.1925248517403643
SI04,SI,2018,48200,46162.83412984973,10.739930297257553,9383.715739244337,9.110042105304576,37.7,37.5,0.8954240741012341,-0.2953591526225583,0.20938834240375243
SI04,SI,2019,49300,46137.28884937532,10.739376770776719,9867.140194461837,9.146731097807612,38.7,37.7,0.888856456877762,0.045620732585166184,0.2459259055077635
SI04,SI,2020,48200,44577.62240349222,10.704987272262594,9502.900590530497,9.196965343174373,41.6,38.7,0.48082347098048,0.5124873879515541,0.4286137210278163
SI04,SI,2021,53200,47916.27261837211,10.77721044634109,10813.124910158138,9.159352356305343,46,41.6,1.337754762320013,0.16292009078850758,0.9584083860359692
SI04,SI,2022,56300,47623.07562172221,10.77107270471965,11929.189223481644,9.288515944729193,45.1,46,1.2649301749119195,1.3633396866696894,1.7622347743242013
SI04,SI,2023,62900,48373.824300732915,10.786714126175921,11971.597480568442,9.386743551632595,38.2,45.1,1.4505163618654378,2.276246687955697,1.5978157403561541
SK01,SK,2000,16000,31256.715309929867,10.349989521996772,9349.672509726426,NA,26.1,NA,-1.8320543214806555,NA,NA
SK01,SK,2001,16000,30148.29191083643,10.313883547510237,9124.626605797239,9.14309659597161,24.4,26.1,-2.0094755505959525,-1.5824937635613738,-1.171447640423522
SK01,SK,2002,18500,33034.534480911396,10.405308792671384,11128.090524312898,9.118732257700819,24.3,24.4,-1.5602208330780158,-1.6615327469930898,-1.3916572689839055
SK01,SK,2003,20700,34064.541609755295,10.436012286776567,9308.118161435646,9.31722786839342,26.1,24.3,-1.4093468644414056,-1.0176042679828772,-1.4046107765462807
SK01,SK,2004,23500,35224.462264857975,10.469496070925958,10336.994656829713,9.138642218952226,27.5,26.1,-1.244810822312651,-1.5969439582484077,-1.171447640423522
SK01,SK,2005,26700,37602.98570523203,10.534838733279456,11532.589020152935,9.24348445367077,28.4,27.5,-0.9237233670288499,-1.2568311441525115,-0.9900985345502653
SK01,SK,2006,30300,40005.80942447088,10.596779958162175,12026.423524717553,9.35293213447029,28.1,28.4,-0.61935024297157,-0.9017780606988304,-0.8735169664888861
SK01,SK,2007,36900,43679.49431219593,10.68463403325003,14949.124714121195,9.394861468401443,29.1,28.1,-0.18764390609683515,-0.7657574598906295,-0.9123774891760122
SK01,SK,2008,41600,44257.67328049364,10.697784042871522,12929.207565558407,9.612408029554436,29.2,29.1,-0.12302604428581403,-0.060026860869528666,-0.7828424135522574
SK01,SK,2009,41700,43237.52644021401,10.674464064756403,11709.568587472955,9.467244183388072,31.9,29.2,-0.23761813711713015,-0.5309447534265511,-0.7698889059898821
SK01,SK,2010,46900,48401.41179384507,10.787284261573626,16034.761981354672,9.3681616145359,33.6,31.9,0.3167692813918544,-0.8523729584875189,-0.4201442018057441
SK01,SK,2011,48200,48949.91266198156,10.798552863727883,19936.154369009662,9.682514268322336,37.9,33.6,0.3721420908244059,0.1674008567582023,-0.19993457324536046
SK01,SK,2012,47900,48002.72583328323,10.77901307647104,19769.76257902297,9.900290164786016,37.4,37.9,0.2761254863410309,0.8738754295995736,0.3570662519367851
SK01,SK,2013,51500,51336.23740268544,10.846152163907064,23242.34358216856,9.891908906938427,37.5,37.4,0.6060403988722248,0.8466862610373124,0.29229871412490765
SK01,SK,2014,51000,50905.31611203162,10.837722639364499,18944.76274130118,10.053731048487794,39,37.5,0.5646185392916931,1.3716443954488102,0.30525222168728333
SK01,SK,2015,53000,53000,10.87804719253426,20796.60377358491,9.849282799821955,37.5,39,0.762769451672473,0.7084052974136692,0.49955483512291565
SK01,SK,2016,52800,53007.258380266845,10.878184133728459,19241.691660055385,9.94254497224165,39,37.5,0.7634423673141886,1.010951880815985,0.30525222168728333
SK01,SK,2017,53500,53082.76943226242,10.879607661769764,19646.735989250534,9.864834644473902,42.7,39,0.7704374449532853,0.7588561645013038,0.49955483512291565
SK01,SK,2018,55400,53832.40049751243,10.89363080460702,21229.01391208294,9.885666496082766,43.8,42.7,0.839345798034102,0.8264356060549835,0.978834614930809
SK01,SK,2019,57200,54278.20426444493,10.901878030579983,20394.448159192714,9.963124105765667,45.5,43.8,0.8798718602640666,1.0777114938030437,1.1213231981169387
SK01,SK,2020,57600,53372.868791697554,10.885057820772573,18567.862090576244,9.923017993733852,45.6,45.5,0.7972189935170212,0.9476055049121659,1.3415328266773223
SK01,SK,2021,63000,57095.21306483479,10.952475557888743,18284.658511479618,9.829187520663455,46.7,45.6,1.1285031633372686,0.6432153292392192,1.354486334239698
SK01,SK,2022,66800,56402.72219126265,10.940272702123924,17227.439315040305,9.8138176545261,47,46.7,1.0685395229896488,0.5933548084454126,1.4969749174258284
SK01,SK,2023,72500,55637.839870459764,10.926618821963457,18056.21004971183,9.754258700661833,51.2,47,1.0014456906055815,0.40014294628162056,1.5358354401129546
SK02,SK,2000,10800,21098.282834202662,9.956946933887165,4992.748303635271,NA,7.9,NA,-1.9977840558577122,NA,NA
SK02,SK,2001,11300,21292.231162028227,9.96609755098875,5873.47706945967,8.515741799383258,9.1,7.9,-1.9419030424243309,-1.0046392814221117,-1.4626835414036314
SK02,SK,2002,12100,21606.371201028534,9.9807435131898,5665.016360337367,8.678202083188841,8.5,9.1,-1.852463040573521,0.660903940224894,-1.2316013104778145
SK02,SK,2003,14100,23203.383415340562,10.052053383889367,5187.149162708172,8.642065061425697,9.5,8.5,-1.4169877280063095,0.2904271058981591,-1.347142425940723
SK02,SK,2004,16200,24282.39526343401,10.097506892014183,5216.9184916692975,8.553939530966684,10,9.5,-1.1394121208183072,-0.6130360450446597,-1.1545739001692088
SK02,SK,2005,17900,25209.492289275404,10.134975880719962,6185.5443052689725,8.559662179298522,11.3,10,-0.9105963985605813,-0.5543674405359463,-1.0582896372834518
SK02,SK,2006,21500,28386.96048271036,10.253685180780469,6293.3968747377385,8.72997028503998,12.4,11.3,-0.18566212170179366,1.191631670537133,-0.8079505537804832
SK02,SK,2007,25400,30066.643781294762,10.311171656228039,6043.74819630984,8.747256247601873,12.6,12.4,0.16539644309896898,1.3688474004385898,-0.5961251754318178
SK02,SK,2008,28000,29788.818554178415,10.301888385779508,6696.906101371685,8.70677966076265,12.1,12.6,0.10870534184523233,0.9538813344790475,-0.557611470277515
SK02,SK,2009,27200,28202.894944216332,10.247179909253598,5244.347915502453,8.809400922813051,13,12.1,-0.22538853157615515,2.005954760679916,-0.6538957331632721
SK02,SK,2010,29300,30237.98220809511,10.316854102144415,5204.1180226065235,8.564906188125708,13.9,13,0.20009801929457896,-0.5006058493840562,-0.4805840599689093
SK02,SK,2011,30400,30872.9739610838,10.337636451083505,5795.010732311012,8.557205518584782,15.3,13.9,0.3270117243868237,-0.5795531321019722,-0.3072723867745465
SK02,SK,2012,31600,31667.769025715028,10.363054692647037,4685.458279293773,8.664752607767134,15.9,15.3,0.482235911181699,0.5230198857433752,-0.03767645069442659
SK02,SK,2013,31600,31499.51654223028,10.35772747683024,4605.4783240250745,8.452219008307775,16.6,15.9,0.44970365512550287,-1.6558750888301632,0.07786466476848183
SK02,SK,2014,32100,32040.40484698461,10.374753036776143,5080.788397065943,8.435001813876138,16.4,16.6,0.5536753909642981,-1.8323858076942832,0.21266263280854195
SK02,SK,2015,32000,32000,10.373491181781864,5815.638921453693,8.533221724803655,17.9,16.4,0.545969491449161,-0.8254350438271786,0.17414892765423856
SK02,SK,2016,31900,32025.218604744554,10.37427895280704,5623.692019853955,8.668305933629568,19.7,17.9,0.5507802536908374,0.5594485910604385,0.4630017163115098
SK02,SK,2017,32200,31948.88178913738,10.371892460418167,5334.943184001173,8.634743670229634,20.7,19.7,0.5362064154719646,0.21536818568710053,0.8096250627002355
SK02,SK,2018,33500,32552.083333333332,10.390596649684802,5221.456884065234,8.582033514007389,20.6,20.7,0.6504292094175712,-0.32501646311097265,1.0021935884717497
SK02,SK,2019,35600,33781.53971703216,10.427669770052216,5562.0109123499205,8.560531738500705,22.2,20.6,0.8768274418286025,-0.5454527174966227,0.9829367358945986
SK02,SK,2020,36500,33821.34914751668,10.428847513659173,5093.240098182738,8.623714996739112,22.4,22.2,0.884019689694605,0.10230219844631583,1.2910463771290208
SK02,SK,2021,38500,34891.51909517681,10.459999072790948,5398.091767057849,8.535669468554243,23.6,22.4,1.074256115827237,-0.8003407689889052,1.3295600822833236
SK02,SK,2022,40400,34111.825995913336,10.437399406548428,6417.660113109657,8.593800793629418,24.8,23.6,0.9362444124777881,-0.20437828402746125,1.5606423132091412
SK02,SK,2023,47400,36375.63599806611,10.501654488803858,6549.065579437878,8.766808861886288,24.2,24.8,1.328637523763927,1.5693008492695453,1.7917245441349579
SK03,SK,2000,9300,18167.965773896736,9.807415199916202,5095.885764069528,NA,8.9,NA,-2.12056527063194,NA,NA
SK03,SK,2001,10200,19219.53609315822,9.86368254556068,5886.757008282735,8.536188780216895,9.1,8.9,-1.8060642366075883,-1.072398493744142,-1.5280111235511777
SK03,SK,2002,11200,19999.285739795007,9.903451838888154,5589.00928687711,8.680460532192477,9.7,9.1,-1.5837775136308896,0.3648887817248882,-1.4893698307071128
SK03,SK,2003,12500,20570.37536820972,9.9316072308135,5299.456874635992,8.628557320903155,10.2,9.7,-1.4264055997355525,-0.1521897462654571,-1.373445952174918
SK03,SK,2004,15000,22483.69931799445,10.020545850878054,5389.951247147972,8.575359617805365,12.1,10.2,-0.929291551531888,-0.6821644689649826,-1.2768427200647556
SK03,SK,2005,15700,22111.11893528625,10.003835880227514,5906.194427821028,8.592291618806101,14,12.1,-1.0226903601644597,-0.5134817625214803,-0.9097504380461384
SK03,SK,2006,17800,23501.762632197417,10.06483070294489,6005.46238709305,8.683756982151612,13.7,14,-0.6817655378713859,0.3977292062404768,-0.5426581560275211
SK03,SK,2007,21500,25450.111862119582,10.144475417337166,6822.919462598165,8.700424731898261,12.3,13.7,-0.23659890091624952,0.5637793462957178,-0.6006200952936187
SK03,SK,2008,25500,27129.102611841052,10.208362327768684,6452.428556174995,8.828042732934849,13.8,12.3,0.1204909735250816,1.8351559428849475,-0.8711091452020732
SK03,SK,2009,25000,25921.778441375307,10.162838760819847,5290.745414209536,8.772211859261033,15.1,13.8,-0.13395872041194049,1.2789486243290853,-0.5812994488715859
SK03,SK,2010,27700,28586.761336663294,10.260698999314686,5503.239065389056,8.573714424983969,17.1,15.1,0.4130218745313483,-0.6985544737684578,-0.33013104538516386
SK03,SK,2011,27300,27724.74306373644,10.230080544862242,5926.146599390369,8.613092118854485,17.1,17.1,0.2418829044017673,-0.3062596720321668,0.05628188305548616
SK03,SK,2012,28500,28561.120798508808,10.259801659328776,5019.34107204144,8.687129466165418,17.6,17.1,0.40800627711498566,0.43132710945708114,0.05628188305548616
SK03,SK,2013,28400,28309.692082257596,10.250959501404534,4308.894795934538,8.52105394352084,18.8,17.6,0.35858386739707393,-1.2231772006057766,0.1528851151656486
SK03,SK,2014,28900,28846.345796817917,10.26973860175856,5465.731626498656,8.368436722357133,17.8,18.8,0.46354788181327145,-2.7436050528520344,0.38473287223003827
SK03,SK,2015,30000,30000,10.308952660644293,6750.45256453235,8.606253266581325,19.4,17.8,0.6827311741224421,-0.3743907872118717,0.1915264080097134
SK03,SK,2016,29600,29716.190304088992,10.299447304346257,5505.033221288141,8.817364828216437,20,19.4,0.6296018794976233,1.7287788013427754,0.5006567507622327
SK03,SK,2017,30100,29865.259063758855,10.304451179622633,5541.207549749523,8.613418083886645,20.3,20,0.6575705695171001,-0.30301229070800034,0.6165806292944279
SK03,SK,2018,31300,30414.334577114427,10.32266930839989,5657.205985512908,8.619967725258347,21.6,20.3,0.7593990860893621,-0.237762398934133,0.6745425685605255
SK03,SK,2019,32800,31124.56468310828,10.345752647584328,6124.258446287472,8.640685407180309,23.2,21.6,0.888421238442361,-0.031365372517691024,0.925710972046948
SK03,SK,2020,32600,30207.561156412157,10.31584754144339,5529.916408095161,8.720012958089482,23.7,23.2,0.7212694615776877,0.7589243269875459,1.2348413147994672
SK03,SK,2021,36500,33078.97264867413,10.406653092085657,6000.231342825486,8.617927978325307,24.5,23.7,1.2288185425773206,-0.2580830942323451,1.3314445469096297
SK03,SK,2022,39100,33014.1682287181,10.404692088572643,6077.03913939506,8.699553304604466,26.6,24.5,1.217857697961245,0.5550978730085558,1.4860097182858898
SK03,SK,2023,42500,32615.285441304,10.3925363360332,5963.5550536909905,8.712272872693035,26.5,26.6,1.1499142629331447,0.6818148020873405,1.891743293148572
SK04,SK,2000,9600,18754.029185957923,9.839163898230781,4903.214980597219,NA,7.8,NA,-1.9303716145490095,NA,NA
SK04,SK,2001,10400,19596.389742043677,9.883100631417783,5765.439183182572,8.497646387436316,8.8,7.8,-1.7034614039627387,-0.10170373966313584,-1.3892678510208942
SK04,SK,2002,11500,20534.980893539516,9.929885095956308,5319.937060828792,8.659636610752548,9.2,8.8,-1.46184415273425,1.0830429183879295,-1.2305338193592918
SK04,SK,2003,12500,20570.37536820972,9.9316072308135,5005.16285827133,8.579216751594428,9.8,9.2,-1.4529502283398252,0.49487680917452015,-1.167040206694651
SK04,SK,2004,14500,21734.242674061305,9.986644299202373,5220.867013487721,8.518225230335087,10.7,9.8,-1.1687126013633837,0.04880358634555984,-1.0717997876976895
SK04,SK,2005,16500,23237.800154918667,10.053535548779786,5740.853063641451,8.560418761622392,11.2,10.7,-0.8232543383790047,0.3573940936036509,-0.9289391592022475
SK04,SK,2006,17600,23237.69788352104,10.053531147690958,5836.3767004376905,8.655363095630284,12.2,11.2,-0.8232770676972868,1.051787743504014,-0.8495721433714463
SK04,SK,2007,22000,26041.9749286805,10.167464935561865,5929.3777546035835,8.671865455269927,12.4,12.2,-0.2348687377323347,1.1724809250601453,-0.6908381117098438
SK04,SK,2008,25500,27129.102611841052,10.208362327768684,6360.204264831686,8.687674554715995,12.7,12.4,-0.023655131145303307,1.2881038148376511,-0.6590913053775231
SK04,SK,2009,24900,25818.091327609807,10.158830739422308,4988.524332217395,8.757815772930325,12.7,12.7,-0.27945983775634914,1.801095106348085,-0.6114710958790426
SK04,SK,2010,26500,27348.345683089436,10.21641131911357,4879.03882799409,8.514895420003768,14.6,12.7,0.01791369267465805,0.02445037797771181,-0.6114710958790426
SK04,SK,2011,27700,28130.96640532965,10.24462625586462,4953.24058959385,8.492703517971114,16.1,14.6,0.16362906055624726,-0.13785436628859912,-0.3098764357219979
SK04,SK,2012,28600,28661.335257450948,10.263304289879978,4111.531718384907,8.507797305927784,16.3,16.1,0.26009132172900346,-0.02746304468341892,-0.071775388229594
SK04,SK,2013,29000,28907.784168502472,10.271866186223846,3558.689367609583,8.321550918934253,17.5,16.3,0.30430903118264685,-1.3896118216124793,-0.04002858189727364
SK04,SK,2014,29900,29844.489249995007,10.303755487036813,4435.378335431956,8.177147600894479,19.7,17.5,0.4690005646228268,-2.4457332649734664,0.15045225609664917
SK04,SK,2015,31400,31400,10.354563171896345,6024.04213097237,8.397368197854298,19.7,19.7,0.7313956412392192,-0.8351075683051877,0.49966712575217437
SK04,SK,2016,30800,30920.90072182233,10.33918763299577,4533.848177839386,8.703513763308587,19.3,19.7,0.65198903731722,1.4039469136499387,0.49966712575217437
SK04,SK,2017,32000,31750.441529577518,10.36566191066753,4594.991219346093,8.419326345248646,20.1,19.3,0.7887148129011831,-0.6745124335502956,0.4361735130875336
SK04,SK,2018,33800,32843.59452736318,10.399512013342754,4597.659864484186,8.432722123873074,23.6,20.1,0.9635328607908787,-0.5765398298191373,0.5631607384168157
SK04,SK,2019,33900,32168.376303578378,10.378739146580635,4921.842718623987,8.43330272792053,23.8,23.6,0.8562518858624224,-0.5722934704352598,1.1187298492324242
SK04,SK,2020,35000,32431.430689399553,10.386883314560142,4414.815527750353,8.501438275670829,26.6,23.8,0.898312247141779,-0.07397103566671853,1.1504766555647445
SK04,SK,2021,38300,34710.26445052655,10.454790727683811,4529.567746737822,8.392721329096121,27.7,26.6,1.2490184625237466,-0.8690933368222503,1.5949319442172314
SK04,SK,2022,40900,34534.002060219194,10.44969968463008,4745.592179682823,8.418381793778112,28.2,27.7,1.2227258921018807,-0.681420592420399,1.7695393790449938
SK04,SK,2023,45900,35224.50827660832,10.469497377169327,4861.5766275383085,8.464971504033208,25.4,28.2,1.3249706030157091,-0.3406777846489751,1.848906394875795
